round,grade,matchup,opposition,batting_team,batsman_name,runs,balls,fours,sixes,how_out
1,1st,CAS vs RIC,RIC,CAS,Daud Malik,15,16,1,0,c: S Mills b: A Anlezark
1,1st,CAS vs RIC,RIC,CAS,Finlay Gordon,,2,0,0,c: D Parikh b: J Sawrey
1,1st,CAS vs RIC,RIC,CAS,Jackson Isakka,37,28,3,1,lbw: S Mills
1,1st,CAS vs RIC,RIC,CAS,Ashley Chandrasinghe,51,34,4,1,c: D Parikh b: J Sawrey
1,1st,CAS vs RIC,RIC,CAS,Harry Hoekstra,8,4,0,1,c: J Sawrey b: D Parikh
1,1st,CAS vs RIC,RIC,CAS,Ruwantha Kellapotha,17,11,0,2,c: J Doherty b: J Sawrey
1,1st,CAS vs RIC,RIC,CAS,Aaron Abeyesekera,20,12,3,0,c: T Goodman b: D Parikh
1,1st,CAS vs RIC,RIC,CAS,Devin Pollock,5,4,0,0,c: D Scholz b: B Rose
1,1st,CAS vs RIC,RIC,CAS,Muhammad Irfan,4,6,0,0,b: S Mills
1,1st,CAS vs RIC,RIC,CAS,Nathan Lambden,,3,0,0,c: D Parikh b: S Mills
1,1st,CAS vs RIC,RIC,CAS,Akshay Ramkumar,1,1,0,0,not out
1,1st,CAS vs RIC,RIC,CAS,Chris Benedek,,,,,did not bat
1,1st,CAS vs RIC,CAS,RIC,Dan Scholz,26,24,2,2,not out
1,1st,CAS vs RIC,CAS,RIC,James Doherty,,1,0,0,b: A Ramkumar
1,1st,CAS vs RIC,CAS,RIC,Jonathan D’Rozario,6,5,1,0,b: A Ramkumar
1,1st,CAS vs RIC,CAS,RIC,Connor Hinds,19,12,3,0,not out
1,1st,CAS vs RIC,CAS,RIC,Austin Anlezark,,,,,did not bat
1,1st,CAS vs RIC,CAS,RIC,Joshua Ash,,,,,did not bat
1,1st,CAS vs RIC,CAS,RIC,Tim Goodman,,,,,did not bat
1,1st,CAS vs RIC,CAS,RIC,Jacob Hinds,,,,,did not bat
1,1st,CAS vs RIC,CAS,RIC,Sam Mills,,,,,did not bat
1,1st,CAS vs RIC,CAS,RIC,Dhruval Parikh,,,,,did not bat
1,1st,CAS vs RIC,CAS,RIC,Brendan Rose,,,,,did not bat
1,1st,CAS vs RIC,CAS,RIC,Joshua Sawrey,,,,,did not bat
1,1st,MEL vs PRA,PRA,MEL,Fergus McKenna,45,31,3,3,c: D Egan b: C Hemp
1,1st,MEL vs PRA,PRA,MEL,Peter Hatzoglou,4,3,1,0,c: C McClure b: M Wilcox
1,1st,MEL vs PRA,PRA,MEL,Dhruv Poojari Redhu,31,17,5,0,c: J McPhee b: W Scott
1,1st,MEL vs PRA,PRA,MEL,Noah Croes,12,9,1,1,c: J McPhee b: C Hemp
1,1st,MEL vs PRA,PRA,MEL,Finlay Bean,15,15,1,0,lbw: M Wilcox
1,1st,MEL vs PRA,PRA,MEL,Yuvraj Singh,1,2,0,0,c&b: C Hemp
1,1st,MEL vs PRA,PRA,MEL,Henry Melville,24,24,3,0,c: C Hemp b: W Scott
1,1st,MEL vs PRA,PRA,MEL,Janak Prakash,6,7,0,0,c: M Delaney b: C McClure
1,1st,MEL vs PRA,PRA,MEL,Douglas Warren,9,7,1,0,not out
1,1st,MEL vs PRA,PRA,MEL,Jack Lyndon,3,6,0,0,not out
1,1st,MEL vs PRA,PRA,MEL,Mark Stafford,,,,,did not bat
1,1st,MEL vs PRA,MEL,PRA,Damon Egan,64,37,6,2,not out
1,1st,MEL vs PRA,MEL,PRA,Charlie Giles,9,7,2,0,c: J Lyndon b: D Warren
1,1st,MEL vs PRA,MEL,PRA,Cameron Hemp,1,5,0,0,c: H Melville b: P Hatzoglou
1,1st,MEL vs PRA,MEL,PRA,Lachlan Bangs,,1,0,0,c: H Melville b: P Hatzoglou
1,1st,MEL vs PRA,MEL,PRA,Max Delaney,29,24,3,0,not out
1,1st,MEL vs PRA,MEL,PRA,Shenuka De Silva,,,,,did not bat
1,1st,MEL vs PRA,MEL,PRA,Damon Malcolm,,,,,did not bat
1,1st,MEL vs PRA,MEL,PRA,Cam McClure,,,,,did not bat
1,1st,MEL vs PRA,MEL,PRA,James McPhee,,,,,did not bat
1,1st,MEL vs PRA,MEL,PRA,Will Scott,,,,,did not bat
1,1st,MEL vs PRA,MEL,PRA,Matt Wilcox,,,,,did not bat
1,1st,FIT vs FOO,FOO,FIT,Miller Childs,13,18,2,0,c: D Kight b: B Roosenboom
1,1st,FIT vs FOO,FOO,FIT,Jack Rudd,,1,0,0,c: D Kight b: B Roosenboom
1,1st,FIT vs FOO,FOO,FIT,Zachary Elliott,40,41,4,1,c: M Jamieson b: A Nadeem
1,1st,FIT vs FOO,FOO,FIT,Mark Phelan,19,19,2,0,st: D Kight b: B Toseland
1,1st,FIT vs FOO,FOO,FIT,Samuel Elliott,5,7,0,0,c: D Brasher b: M Birthisel
1,1st,FIT vs FOO,FOO,FIT,tom kellar,9,12,0,0,c: D Brasher b: M Birthisel
1,1st,FIT vs FOO,FOO,FIT,Zachary Macciocca,11,12,1,0,b: B Roosenboom
1,1st,FIT vs FOO,FOO,FIT,Braden Taeuber,11,6,0,1,not out
1,1st,FIT vs FOO,FOO,FIT,Ejaaz Alavi,6,4,1,0,not out
1,1st,FIT vs FOO,FOO,FIT,Harkirat Bajwa,,,,,did not bat
1,1st,FIT vs FOO,FOO,FIT,Liam Myott,,,,,did not bat
1,1st,FIT vs FOO,FIT,FOO,Aiman Nadeem,5,9,1,0,c: M Phelan b: S Elliott
1,1st,FIT vs FOO,FIT,FOO,Mitchell Jamieson,47,39,5,1,not out
1,1st,FIT vs FOO,FIT,FOO,Dylan Brasher,27,30,1,0,not out
1,1st,FIT vs FOO,FIT,FOO,Max Birthisel,,,,,did not bat
1,1st,FIT vs FOO,FIT,FOO,Travis Dean,,,,,did not bat
1,1st,FIT vs FOO,FIT,FOO,Dylan Kight,,,,,did not bat
1,1st,FIT vs FOO,FIT,FOO,Joshua Pace,,,,,did not bat
1,1st,FIT vs FOO,FIT,FOO,Jack Prestwidge,,,,,did not bat
1,1st,FIT vs FOO,FIT,FOO,Ben Roosenboom,,,,,did not bat
1,1st,FIT vs FOO,FIT,FOO,Bailey Toseland,,,,,did not bat
1,1st,FIT vs FOO,FIT,FOO,Jay Vine,,,,,did not bat
1,1st,FOO vs RIC,RIC,FOO,Aiman Nadeem,12,12,1,0,c: S Mills b: B Rose
1,1st,FOO vs RIC,RIC,FOO,Mitchell Jamieson,5,7,1,0,c: C Hinds b: B Rose
1,1st,FOO vs RIC,RIC,FOO,Aayan Nadeem,,2,0,0,b: J Sawrey
1,1st,FOO vs RIC,RIC,FOO,Dylan Kight,,1,0,0,c: C Hinds b: J Sawrey
1,1st,FOO vs RIC,RIC,FOO,Joshua Pace,13,15,0,1,c: D Parikh b: S Mills
1,1st,FOO vs RIC,RIC,FOO,Jack Prestwidge,30,33,1,1,st: C Hinds b: D Parikh
1,1st,FOO vs RIC,RIC,FOO,Ashton Frost,17,10,3,0,c: C Hinds b: J Sawrey
1,1st,FOO vs RIC,RIC,FOO,Bailey Toseland,22,22,1,1,c: T Goodman b: S Mills
1,1st,FOO vs RIC,RIC,FOO,Max Birthisel,13,20,0,0,not out
1,1st,FOO vs RIC,RIC,FOO,Ben Roosenboom,,,,,did not bat
1,1st,FOO vs RIC,RIC,FOO,Jay Vine,,,,,did not bat
1,1st,FOO vs RIC,FOO,RIC,Dan Scholz,23,14,2,2,c: J Pace b: A Nadeem
1,1st,FOO vs RIC,FOO,RIC,James Doherty,57,49,5,2,not out
1,1st,FOO vs RIC,FOO,RIC,Jonathan D’Rozario,11,14,0,0,"run out (M Birthisel, D Kight)"
1,1st,FOO vs RIC,FOO,RIC,Jacob Hinds,29,22,2,2,not out
1,1st,FOO vs RIC,FOO,RIC,Joshua Ash,,,,,did not bat
1,1st,FOO vs RIC,FOO,RIC,Griffin Box,,,,,did not bat
1,1st,FOO vs RIC,FOO,RIC,Tim Goodman,,,,,did not bat
1,1st,FOO vs RIC,FOO,RIC,Connor Hinds,,,,,did not bat
1,1st,FOO vs RIC,FOO,RIC,Sam Mills,,,,,did not bat
1,1st,FOO vs RIC,FOO,RIC,Dhruval Parikh,,,,,did not bat
1,1st,FOO vs RIC,FOO,RIC,Brendan Rose,,,,,did not bat
1,1st,FOO vs RIC,FOO,RIC,Joshua Sawrey,,,,,did not bat
2,1st,1st NOR vs 1st PRA,1st PRA,1st NOR,Tearan Gleeson,10,41,1,0,lbw: M Wilcox
2,1st,1st NOR vs 1st PRA,1st PRA,1st NOR,Mitch Lawson,4,9,0,0,b: C McClure
2,1st,1st NOR vs 1st PRA,1st PRA,1st NOR,Jack Lalor,85,151,10,1,c: L Bangs b: B Symons
2,1st,1st NOR vs 1st PRA,1st PRA,1st NOR,Joshua Sundberg,71,155,7,0,c: P Walter b: S De Silva
2,1st,1st NOR vs 1st PRA,1st PRA,1st NOR,Will Blair,44,78,6,1,c: A Turner b: L Bangs
2,1st,1st NOR vs 1st PRA,1st PRA,1st NOR,Aaron Crispe,6,7,1,0,c: J McPhee b: S De Silva
2,1st,1st NOR vs 1st PRA,1st PRA,1st NOR,Sam Harbinson,5,22,0,0,c: J McPhee b: L Bangs
2,1st,1st NOR vs 1st PRA,1st PRA,1st NOR,Archie Lalor,3,26,0,0,c: A Turner b: B Symons
2,1st,1st NOR vs 1st PRA,1st PRA,1st NOR,Jackson Smith,9,35,1,0,c: A Turner b: C McClure
2,1st,1st NOR vs 1st PRA,1st PRA,1st NOR,Joe Medew-Ewen,11,28,1,0,not out
2,1st,1st NOR vs 1st PRA,1st PRA,1st NOR,Adam Howard,2,5,0,0,b: C McClure
2,1st,1st NOR vs 1st PRA,1st NOR,1st PRA,Paul Walter,15,22,3,0,c: M Lawson b: J Smith
2,1st,1st NOR vs 1st PRA,1st NOR,1st PRA,Cameron Hemp,35,47,7,1,c: M Lawson b: A Lalor
2,1st,1st NOR vs 1st PRA,1st NOR,1st PRA,Alex Turner,31,78,4,0,c: M Lawson b: A Lalor
2,1st,1st NOR vs 1st PRA,1st NOR,1st PRA,Damon Egan,71,122,12,0,c: M Lawson b: A Lalor
2,1st,1st NOR vs 1st PRA,1st NOR,1st PRA,Lachlan Bangs,12,18,2,0,run out ()
2,1st,1st NOR vs 1st PRA,1st NOR,1st PRA,Max Delaney,36,114,6,0,not out
2,1st,1st NOR vs 1st PRA,1st NOR,1st PRA,Brodie Symons,,1,0,0,c: M Lawson b: A Lalor
2,1st,1st NOR vs 1st PRA,1st NOR,1st PRA,Matt Wilcox,20,67,3,0,b: J Medew-Ewen
2,1st,1st NOR vs 1st PRA,1st NOR,1st PRA,Shenuka De Silva,22,23,2,1,not out
2,1st,1st ST vs 1st CAS,1st CAS,1st ST,James Seymour,,8,0,0,lbw: N Lambden
2,1st,1st ST vs 1st CAS,1st CAS,1st ST,Brandon Faber,,7,0,0,c: D Pollock b: H Hoekstra
2,1st,1st ST vs 1st CAS,1st CAS,1st ST,Jack Cunnington,,7,0,0,lbw: H Hoekstra
2,1st,1st ST vs 1st CAS,1st CAS,1st ST,Harry Dixon,30,34,7,0,c: J Isakka b: H Hoekstra
2,1st,1st ST vs 1st CAS,1st CAS,1st ST,Ed Newman,43,117,6,0,c: D Pollock b: A Adihetty
2,1st,1st ST vs 1st CAS,1st CAS,1st ST,Thomas Russ,72,159,11,0,c: L Wilton b: F Gordon
2,1st,1st ST vs 1st CAS,1st CAS,1st ST,Adam Crosthwaite,78,167,5,1,c: A Chandrasinghe b: A Adihetty
2,1st,1st ST vs 1st CAS,1st CAS,1st ST,Matthew Hennig,67,100,4,1,not out
2,1st,1st ST vs 1st CAS,1st CAS,1st ST,Luke Destito,54,43,7,0,"run out (F Gordon, D Pollock)"
2,1st,1st ST vs 1st CAS,1st CAS,1st ST,Thomas Paddington,,,,,did not bat
2,1st,1st ST vs 1st CAS,1st CAS,1st ST,Will Lovell,,,,,did not bat
2,1st,1st ST vs 1st CAS,1st ST,1st CAS,Ashley Chandrasinghe,124,205,8,0,c: b: M Hennig
2,1st,1st ST vs 1st CAS,1st ST,1st CAS,Finlay Gordon,9,21,1,0,c: T Paddington b: L Destito
2,1st,1st ST vs 1st CAS,1st ST,1st CAS,Jackson Isakka,5,7,1,0,c: B Faber b: W Lovell
2,1st,1st ST vs 1st CAS,1st ST,1st CAS,Yash Pednekar,3,22,0,0,c: H Dixon b: W Lovell
2,1st,1st ST vs 1st CAS,1st ST,1st CAS,Chris Benedek,11,17,2,0,lbw: W Lovell
2,1st,1st ST vs 1st CAS,1st ST,1st CAS,Lenny Wilton,35,50,3,0,c: E Newman b: T Paddington
2,1st,1st ST vs 1st CAS,1st ST,1st CAS,Devin Pollock,58,97,8,0,b: J Seymour
2,1st,1st ST vs 1st CAS,1st ST,1st CAS,Muhammad Irfan,36,22,1,3,c&b: T Russ
2,1st,1st ST vs 1st CAS,1st ST,1st CAS,Harry Hoekstra,24,34,2,0,c: J Seymour b: M Hennig
2,1st,1st ST vs 1st CAS,1st ST,1st CAS,Nathan Lambden,4,10,0,0,b: M Hennig
2,1st,1st ST vs 1st CAS,1st ST,1st CAS,Ashvin Adihetty,2,5,0,0,not out
2,1st,1st FOO vs 1st MEL,1st MEL,1st FOO,Mitchell Jamieson,16,29,3,0,c: R Raman b: W McGillivray
2,1st,1st FOO vs 1st MEL,1st MEL,1st FOO,Aiman Nadeem,53,85,6,0,lbw: J Merlo
2,1st,1st FOO vs 1st MEL,1st MEL,1st FOO,Dylan Brasher,145,169,12,5,not out
2,1st,1st FOO vs 1st MEL,1st MEL,1st FOO,Dylan Kight,5,25,1,0,c&b: J Sullivan
2,1st,1st FOO vs 1st MEL,1st MEL,1st FOO,Travis Dean,19,49,3,0,b: J Merlo
2,1st,1st FOO vs 1st MEL,1st MEL,1st FOO,Jack Prestwidge,13,33,2,0,c: J Harper b: W McGillivray
2,1st,1st FOO vs 1st MEL,1st MEL,1st FOO,Max Birthisel,10,36,1,0,c: J Harper b: G Hannah
2,1st,1st FOO vs 1st MEL,1st MEL,1st FOO,Jay Vine,18,46,3,0,c: J Harper b: W McGillivray
2,1st,1st FOO vs 1st MEL,1st MEL,1st FOO,Liam Mason,8,26,1,0,c: J Harper b: J Merlo
2,1st,1st FOO vs 1st MEL,1st MEL,1st FOO,Ben Roosenboom,,4,0,0,"run out (J Sullivan, J Merlo)"
2,1st,1st FOO vs 1st MEL,1st MEL,1st FOO,Daniel Wilczynski,8,25,2,0,not out
2,1st,1st FOO vs 1st MEL,1st FOO,1st MEL,Christian Howe,66,97,12,0,lbw: M Birthisel
2,1st,1st FOO vs 1st MEL,1st FOO,1st MEL,Farzan Chowna,64,130,8,0,c: A Nadeem b: J Vine
2,1st,1st FOO vs 1st MEL,1st FOO,1st MEL,Blake Thomson,102,165,18,0,c: A Nadeem b: M Jamieson
2,1st,1st FOO vs 1st MEL,1st FOO,1st MEL,Jonathan Merlo,49,93,6,0,not out
2,1st,1st FOO vs 1st MEL,1st FOO,1st MEL,Nikki du Toit,20,20,3,0,not out
2,1st,1st FOO vs 1st MEL,1st FOO,1st MEL,Rishi Desai,,,,,did not bat
2,1st,1st FOO vs 1st MEL,1st FOO,1st MEL,Glenn Hannah,,,,,did not bat
2,1st,1st FOO vs 1st MEL,1st FOO,1st MEL,Jack Harper,,,,,did not bat
2,1st,1st FOO vs 1st MEL,1st FOO,1st MEL,Wilson McGillivray,,,,,did not bat
2,1st,1st FOO vs 1st MEL,1st FOO,1st MEL,Ritin Raman,,,,,did not bat
2,1st,1st FOO vs 1st MEL,1st FOO,1st MEL,Jack Sullivan,,,,,did not bat
2,1st,1st CAR vs 1st RIC,1st RIC,1st CAR,Connor Rutland,4,26,0,0,c: C Hinds b: A Anlezark
2,1st,1st CAR vs 1st RIC,1st RIC,1st CAR,Tom Smyth,37,109,4,0,b: A Anlezark
2,1st,1st CAR vs 1st RIC,1st RIC,1st CAR,Harrison Smyth,2,11,0,0,b: S Mills
2,1st,1st CAR vs 1st RIC,1st RIC,1st CAR,Jai Lemire,24,59,1,0,c: J D’Rozario b: D Parikh
2,1st,1st CAR vs 1st RIC,1st RIC,1st CAR,Jagadeswara Koduru,95,211,5,1,c: J Hinds b: A Anlezark
2,1st,1st CAR vs 1st RIC,1st RIC,1st CAR,Evan Gulbis,33,35,4,1,c: C Hinds b: B Rose
2,1st,1st CAR vs 1st RIC,1st RIC,1st CAR,Aryan J Sharma,7,18,0,1,c: D Scholz b: D Parikh
2,1st,1st CAR vs 1st RIC,1st RIC,1st CAR,Dominic Sullivan,101,155,6,4,c: J Doherty b: A Anlezark
2,1st,1st CAR vs 1st RIC,1st RIC,1st CAR,Cameron Stevenson,18,14,2,1,not out
2,1st,1st CAR vs 1st RIC,1st RIC,1st CAR,Nicholas Brennan,16,7,2,1,not out
2,1st,1st CAR vs 1st RIC,1st RIC,1st CAR,Michael Archer,,,,,did not bat
2,1st,1st CAR vs 1st RIC,1st CAR,1st RIC,Dan Scholz,18,22,2,1,c: A Sharma b: E Gulbis
2,1st,1st CAR vs 1st RIC,1st CAR,1st RIC,James Doherty,13,22,3,0,c: N Brennan b: C Rutland
2,1st,1st CAR vs 1st RIC,1st CAR,1st RIC,Jacob Hinds,23,26,3,0,c: J Lemire b: C Stevenson
2,1st,1st CAR vs 1st RIC,1st CAR,1st RIC,Jonathan D’Rozario,2,8,0,0,c: J Lemire b: C Rutland
2,1st,1st CAR vs 1st RIC,1st CAR,1st RIC,Ranbir Singh,19,34,3,0,c: J Koduru b: C Stevenson
2,1st,1st CAR vs 1st RIC,1st CAR,1st RIC,Sam Mills,2,7,0,0,c: J Lemire b: C Stevenson
2,1st,1st CAR vs 1st RIC,1st CAR,1st RIC,Joshua Sawrey,1,5,0,0,c: J Lemire b: C Rutland
2,1st,1st CAR vs 1st RIC,1st CAR,1st RIC,Austin Anlezark,34,35,5,0,not out
2,1st,1st CAR vs 1st RIC,1st CAR,1st RIC,Connor Hinds,4,6,1,0,c: A Sharma b: M Archer
2,1st,1st CAR vs 1st RIC,1st CAR,1st RIC,Brendan Rose,1,10,0,0,lbw: M Archer
2,1st,1st CAR vs 1st RIC,1st CAR,1st RIC,Dhruval Parikh,,4,0,0,c: E Gulbis b: A Sharma
3,1st,1st FOO vs 1st PRA,1st PRA,1st FOO,Aiman Nadeem,10,31,1,0,c: C McClure b: B Symons
3,1st,1st FOO vs 1st PRA,1st PRA,1st FOO,Aayan Nadeem,9,11,2,0,c: A Turner b: B Symons
3,1st,1st FOO vs 1st PRA,1st PRA,1st FOO,Mitchell Jamieson,163,297,13,1,c: C McClure b: B Symons
3,1st,1st FOO vs 1st PRA,1st PRA,1st FOO,Dylan Kight,18,29,3,0,c: A Turner b: L Bangs
3,1st,1st FOO vs 1st PRA,1st PRA,1st FOO,Travis Dean,32,83,4,0,c: D Malcolm b: S De Silva
3,1st,1st FOO vs 1st PRA,1st PRA,1st FOO,Joshua Pace,2,14,0,0,b: M Wilcox
3,1st,1st FOO vs 1st PRA,1st PRA,1st FOO,Bailey Toseland,8,31,1,0,b: B Symons
3,1st,1st FOO vs 1st PRA,1st PRA,1st FOO,Max Birthisel,38,68,7,0,c: C McClure b: B Symons
3,1st,1st FOO vs 1st PRA,1st PRA,1st FOO,Jay Vine,11,19,1,0,c: L Bangs b: B Symons
3,1st,1st FOO vs 1st PRA,1st PRA,1st FOO,Liam Mason,,9,0,0,c: C Hemp b: B Symons
3,1st,1st FOO vs 1st PRA,1st PRA,1st FOO,Ben Roosenboom,1,15,0,0,not out
3,1st,1st FOO vs 1st PRA,1st FOO,1st PRA,Damon Malcolm,70,160,6,1,c&b: J Vine
3,1st,1st FOO vs 1st PRA,1st FOO,1st PRA,Cameron Hemp,15,75,1,0,b: B Toseland
3,1st,1st FOO vs 1st PRA,1st FOO,1st PRA,Alex Turner,25,57,2,0,c: D Kight b: M Birthisel
3,1st,1st FOO vs 1st PRA,1st FOO,1st PRA,Damon Egan,95,120,5,1,lbw: B Toseland
3,1st,1st FOO vs 1st PRA,1st FOO,1st PRA,Lachlan Bangs,21,21,2,1,c: b: J Vine
3,1st,1st FOO vs 1st PRA,1st FOO,1st PRA,Max Delaney,9,12,1,0,c: M Jamieson b: B Toseland
3,1st,1st FOO vs 1st PRA,1st FOO,1st PRA,Brodie Symons,26,36,1,1,c: D Kight b: M Birthisel
3,1st,1st FOO vs 1st PRA,1st FOO,1st PRA,Shenuka De Silva,21,30,1,0,b: M Birthisel
3,1st,1st FOO vs 1st PRA,1st FOO,1st PRA,Matt Wilcox,2,2,0,0,"run out (M Jamieson, M Birthisel)"
3,1st,1st FOO vs 1st PRA,1st FOO,1st PRA,James McPhee,8,10,0,0,not out
3,1st,1st FOO vs 1st PRA,1st FOO,1st PRA,Cam McClure,1,2,0,0,b: B Toseland
3,1st,1st CAR vs 1st CAS,1st CAS,1st CAR,Tom Smyth,37,107,5,0,c: J Isakka b: M Irfan
3,1st,1st CAR vs 1st CAS,1st CAS,1st CAR,Connor Rutland,14,10,2,0,c: A Chandrasinghe b: N Lambden
3,1st,1st CAR vs 1st CAS,1st CAS,1st CAR,Harrison Smyth,142,278,10,1,not out
3,1st,1st CAR vs 1st CAS,1st CAS,1st CAR,Jai Lemire,19,29,3,0,c: D Pollock b: M Irfan
3,1st,1st CAR vs 1st CAS,1st CAS,1st CAR,Jagadeswara Koduru,100,112,10,2,c: A Adihetty b: F Gordon
3,1st,1st CAR vs 1st CAS,1st CAS,1st CAR,Aryan J Sharma,3,4,0,0,c: D Pollock b: N Lambden
3,1st,1st CAR vs 1st CAS,1st CAS,1st CAR,Dominic Sullivan,5,4,0,0,not out
3,1st,1st CAR vs 1st CAS,1st CAS,1st CAR,Cameron Stevenson,,,,,did not bat
3,1st,1st CAR vs 1st CAS,1st CAS,1st CAR,Evan Gulbis,,,,,did not bat
3,1st,1st CAR vs 1st CAS,1st CAS,1st CAR,Michael Archer,,,,,did not bat
3,1st,1st CAR vs 1st CAS,1st CAS,1st CAR,Nicholas Brennan,,,,,did not bat
3,1st,1st CAR vs 1st CAS,1st CAR,1st CAS,Ashley Chandrasinghe,49,121,5,0,c: M Archer b: E Gulbis
3,1st,1st CAR vs 1st CAS,1st CAR,1st CAS,Lenny Wilton,49,63,8,0,c: J Lemire b: C Stevenson
3,1st,1st CAR vs 1st CAS,1st CAR,1st CAS,Jackson Isakka,47,130,6,0,c&b: A Sharma
3,1st,1st CAR vs 1st CAS,1st CAR,1st CAS,Yash Pednekar,19,64,1,0,b: M Archer
3,1st,1st CAR vs 1st CAS,1st CAR,1st CAS,Finlay Gordon,6,26,0,0,c: D Sullivan b: M Archer
3,1st,1st CAR vs 1st CAS,1st CAR,1st CAS,Chris Benedek,40,110,7,0,not out
3,1st,1st CAR vs 1st CAS,1st CAR,1st CAS,Devin Pollock,23,85,3,0,not out
4,1st,1st CAS vs 1st MEL,1st MEL,1st CAS,Ashley Chandrasinghe,131,230,11,2,c: R Desai b: J Merlo
4,1st,1st CAS vs 1st MEL,1st MEL,1st CAS,Lenny Wilton,9,16,2,0,lbw: G Hannah
4,1st,1st CAS vs 1st MEL,1st MEL,1st CAS,Jackson Isakka,33,32,7,0,b: W McGillivray
4,1st,1st CAS vs 1st MEL,1st MEL,1st CAS,Yash Pednekar,47,87,4,0,"run out (N du Toit, J Harper)"
4,1st,1st CAS vs 1st MEL,1st MEL,1st CAS,Finlay Gordon,18,41,1,1,c: J Harper b: T Wrigglesworth
4,1st,1st CAS vs 1st MEL,1st MEL,1st CAS,Muhammad Irfan,2,4,0,0,c: N du Toit b: G Hannah
4,1st,1st CAS vs 1st MEL,1st MEL,1st CAS,Harry Hoekstra,,3,0,0,c: F Chowna b: G Hannah
4,1st,1st CAS vs 1st MEL,1st MEL,1st CAS,Chris Benedek,26,50,1,1,c: J Harper b: T Wrigglesworth
4,1st,1st CAS vs 1st MEL,1st MEL,1st CAS,Devin Pollock,61,43,7,0,"run out (N du Toit, J Harper)"
4,1st,1st CAS vs 1st MEL,1st MEL,1st CAS,Nathan Lambden,4,8,0,0,not out
4,1st,1st CAS vs 1st MEL,1st MEL,1st CAS,Ashvin Adihetty,,,,,did not bat
4,1st,1st CAS vs 1st MEL,1st CAS,1st MEL,Farzan Chowna,13,31,1,1,c: J Isakka b: H Hoekstra
4,1st,1st CAS vs 1st MEL,1st CAS,1st MEL,Christian Howe,7,31,0,1,c: C Benedek b: M Irfan
4,1st,1st CAS vs 1st MEL,1st CAS,1st MEL,Wilson McGillivray,26,64,3,1,c: D Pollock b: M Irfan
4,1st,1st CAS vs 1st MEL,1st CAS,1st MEL,Blake Thomson,34,86,3,0,c: D Pollock b: N Lambden
4,1st,1st CAS vs 1st MEL,1st CAS,1st MEL,Jonathan Merlo,57,74,8,0,c: H Hoekstra b: N Lambden
4,1st,1st CAS vs 1st MEL,1st CAS,1st MEL,Nikki du Toit,27,123,2,0,c: J Isakka b: M Irfan
4,1st,1st CAS vs 1st MEL,1st CAS,1st MEL,Ritin Raman,9,45,0,0,b: H Hoekstra
4,1st,1st CAS vs 1st MEL,1st CAS,1st MEL,Jack Harper,59,131,7,0,not out
4,1st,1st CAS vs 1st MEL,1st CAS,1st MEL,Thomas Wrigglesworth,,2,0,0,lbw: M Irfan
4,1st,1st CAS vs 1st MEL,1st CAS,1st MEL,Rishi Desai,20,46,4,0,not out
4,1st,1st CAS vs 1st MEL,1st CAS,1st MEL,Glenn Hannah,,,,,did not bat
4,1st,1st ST vs 1st FOO,1st FOO,1st ST,James Seymour,12,11,1,1,c: D Kight b: L Mason
4,1st,1st ST vs 1st FOO,1st FOO,1st ST,Brandon Faber,17,19,2,0,c: A Nadeem b: M Birthisel
4,1st,1st ST vs 1st FOO,1st FOO,1st ST,Blake Macdonald,86,159,8,1,c: B Toseland b: D Wilczynski
4,1st,1st ST vs 1st FOO,1st FOO,1st ST,Marcus Harris,9,26,0,0,c: D Brasher b: A Nadeem
4,1st,1st ST vs 1st FOO,1st FOO,1st ST,Harry Dixon,8,42,0,0,c: B Toseland b: M Birthisel
4,1st,1st ST vs 1st FOO,1st FOO,1st ST,Ed Newman,77,183,5,1,lbw: L Mason
4,1st,1st ST vs 1st FOO,1st FOO,1st ST,Adam Crosthwaite,43,107,1,0,c: D Wilczynski b: M Birthisel
4,1st,1st ST vs 1st FOO,1st FOO,1st ST,Matthew Hennig,10,14,2,0,c: L Mason b: M Birthisel
4,1st,1st ST vs 1st FOO,1st FOO,1st ST,Luke Destito,11,38,0,0,c: D Kight b: J Vine
4,1st,1st ST vs 1st FOO,1st FOO,1st ST,Thomas Paddington,,4,0,0,c: D Brasher b: M Birthisel
4,1st,1st ST vs 1st FOO,1st FOO,1st ST,Will Lovell,0,4,0,0,not out
4,1st,1st ST vs 1st FOO,1st ST,1st FOO,Aiman Nadeem,5,19,1,0,c: B Faber b: M Hennig
4,1st,1st ST vs 1st FOO,1st ST,1st FOO,Mitchell Jamieson,17,11,2,1,c: B Faber b: L Destito
4,1st,1st ST vs 1st FOO,1st ST,1st FOO,Dylan Brasher,6,13,1,0,c: A Crosthwaite b: L Destito
4,1st,1st ST vs 1st FOO,1st ST,1st FOO,Dylan Kight,91,184,8,1,c: B Faber b: W Lovell
4,1st,1st ST vs 1st FOO,1st ST,1st FOO,Travis Dean,34,86,4,0,lbw: W Lovell
4,1st,1st ST vs 1st FOO,1st ST,1st FOO,Jack Prestwidge,18,43,3,0,b: H Dixon
4,1st,1st ST vs 1st FOO,1st ST,1st FOO,Bailey Toseland,21,20,5,0,c: B Faber b: M Hennig
4,1st,1st ST vs 1st FOO,1st ST,1st FOO,Max Birthisel,3,9,0,0,b: M Hennig
4,1st,1st ST vs 1st FOO,1st ST,1st FOO,Jay Vine,20,46,1,0,c: B Macdonald b: T Paddington
4,1st,1st ST vs 1st FOO,1st ST,1st FOO,Liam Mason,7,31,1,0,c: E Newman b: W Lovell
4,1st,1st ST vs 1st FOO,1st ST,1st FOO,Daniel Wilczynski,7,13,1,0,not out
6,1st,CAR vs FOO,FOO,CAR,Jai Lemire,5,7,0,0,b: L Mason
6,1st,CAR vs FOO,FOO,CAR,Connor Rutland,11,11,2,0,b: B Roosenboom
6,1st,CAR vs FOO,FOO,CAR,Harrison Smyth,4,8,0,0,b: B Roosenboom
6,1st,CAR vs FOO,FOO,CAR,Jagadeswara Koduru,42,61,2,1,c: M Jamieson b: A Nadeem
6,1st,CAR vs FOO,FOO,CAR,Evan Gulbis,62,74,3,2,not out
6,1st,CAR vs FOO,FOO,CAR,Tom Smyth,9,6,1,0,b: D Brasher
6,1st,CAR vs FOO,FOO,CAR,Cameron Stevenson,0,1,0,0,not out
6,1st,CAR vs FOO,FOO,CAR,Michael Archer,,,,,did not bat
6,1st,CAR vs FOO,FOO,CAR,Lucas Brasher,,,,,did not bat
6,1st,CAR vs FOO,FOO,CAR,Andrew Lewis Poppa,,,,,did not bat
6,1st,CAR vs FOO,FOO,CAR,Aaron Smillie,,,,,did not bat
6,1st,CAR vs FOO,CAR,FOO,Aiman Nadeem,12,33,1,0,lbw: A Smillie
6,1st,CAR vs FOO,CAR,FOO,Mitchell Jamieson,1,6,0,0,c: J Koduru b: A Smillie
6,1st,CAR vs FOO,CAR,FOO,Dylan Brasher,23,28,3,0,c: H Smyth b: E Gulbis
6,1st,CAR vs FOO,CAR,FOO,Dylan Kight,32,33,2,0,b: C Rutland
6,1st,CAR vs FOO,CAR,FOO,Travis Dean,43,27,1,4,lbw: C Rutland
6,1st,CAR vs FOO,CAR,FOO,Max Hatzoglou,22,25,2,0,c: C Stevenson b: E Gulbis
6,1st,CAR vs FOO,CAR,FOO,Joshua Pace,,2,0,0,b: M Archer
6,1st,CAR vs FOO,CAR,FOO,Max Birthisel,8,12,0,0,not out
6,1st,CAR vs FOO,CAR,FOO,Jay Vine,1,2,0,0,not out
6,1st,CAR vs FOO,CAR,FOO,Liam Mason,,,,,did not bat
6,1st,CAR vs FOO,CAR,FOO,Ben Roosenboom,,,,,did not bat
6,1st,CAR vs FOO,CAR,FOO,Daniel Wilczynski,,,,,did not bat
5,1st,1st ST vs 1st MEL,1st MEL,1st ST,James Seymour,8,34,0,0,b: G Hannah
5,1st,1st ST vs 1st MEL,1st MEL,1st ST,Brandon Faber,16,55,1,0,c: J Harper b: J Merlo
5,1st,1st ST vs 1st MEL,1st MEL,1st ST,Blake Macdonald,25,64,3,0,lbw: J Driscoll
5,1st,1st ST vs 1st MEL,1st MEL,1st ST,Harry Dixon,8,17,1,0,c: W McGillivray b: C Howe
5,1st,1st ST vs 1st MEL,1st MEL,1st ST,Ed Newman,69,163,8,0,c: J Harper b: C Howe
5,1st,1st ST vs 1st MEL,1st MEL,1st ST,Thomas Russ,25,60,5,0,c: J Harper b: G Hannah
5,1st,1st ST vs 1st MEL,1st MEL,1st ST,Adam Crosthwaite,47,87,6,0,c: N du Toit b: G Hannah
5,1st,1st ST vs 1st MEL,1st MEL,1st ST,Matthew Hennig,7,25,1,0,lbw: J Driscoll
5,1st,1st ST vs 1st MEL,1st MEL,1st ST,Luke Destito,6,17,1,0,b: J Driscoll
5,1st,1st ST vs 1st MEL,1st MEL,1st ST,Will Lovell,13,60,1,0,not out
5,1st,1st ST vs 1st MEL,1st MEL,1st ST,Thomas Paddington,20,45,3,0,c: b: J Merlo
5,1st,1st ST vs 1st MEL,1st ST,1st MEL,Farzan Chowna,8,13,1,0,lbw: M Hennig
5,1st,1st ST vs 1st MEL,1st ST,1st MEL,Christian Howe,6,13,1,0,lbw: M Hennig
5,1st,1st ST vs 1st MEL,1st ST,1st MEL,Blake Thomson,3,7,0,0,lbw: L Destito
5,1st,1st ST vs 1st MEL,1st ST,1st MEL,Jonathan Merlo,6,11,1,0,b: L Destito
5,1st,1st ST vs 1st MEL,1st ST,1st MEL,Nikki du Toit,43,94,5,0,c: B Faber b: T Paddington
5,1st,1st ST vs 1st MEL,1st ST,1st MEL,Ritin Raman,30,64,5,0,lbw: T Paddington
5,1st,1st ST vs 1st MEL,1st ST,1st MEL,Jack Harper,44,67,6,0,c: B Faber b: T Paddington
5,1st,1st ST vs 1st MEL,1st ST,1st MEL,Thomas Wrigglesworth,13,39,2,0,lbw: M Hennig
5,1st,1st ST vs 1st MEL,1st ST,1st MEL,Wilson McGillivray,3,33,0,0,c: B Macdonald b: M Hennig
5,1st,1st ST vs 1st MEL,1st ST,1st MEL,Joshua Driscoll,0,10,0,0,not out
5,1st,1st ST vs 1st MEL,1st ST,1st MEL,Glenn Hannah,,,,,did not bat
5,1st,1st ST vs 1st MEL,1st ST,2nd ST,James Seymour,33,91,5,0,c: J Harper b: C Howe
5,1st,1st ST vs 1st MEL,1st ST,2nd ST,Brandon Faber,,8,0,0,c: b: G Hannah
5,1st,1st ST vs 1st MEL,1st ST,2nd ST,Will Lovell,3,13,0,0,c: J Harper b: J Merlo
5,1st,1st ST vs 1st MEL,1st ST,2nd ST,Blake Macdonald,2,23,0,0,c: B Thomson b: G Hannah
5,1st,1st ST vs 1st MEL,1st ST,2nd ST,Harry Dixon,105,105,17,1,not out
5,1st,1st ST vs 1st MEL,1st ST,2nd ST,Ed Newman,13,40,1,0,not out
5,1st,1st ST vs 1st MEL,1st ST,2nd ST,Adam Crosthwaite,,,,,did not bat
5,1st,1st ST vs 1st MEL,1st ST,2nd ST,Luke Destito,,,,,did not bat
5,1st,1st ST vs 1st MEL,1st ST,2nd ST,Matthew Hennig,,,,,did not bat
5,1st,1st ST vs 1st MEL,1st ST,2nd ST,Thomas Paddington,,,,,did not bat
5,1st,1st ST vs 1st MEL,1st ST,2nd ST,Thomas Russ,,,,,did not bat
6,1st,FIT vs CAS,CAS,FIT,Matthew Spoors,124,103,9,6,c: V Mohotty b: F Gordon
6,1st,FIT vs CAS,CAS,FIT,Jack Rudd,26,49,2,0,c: D Pollock b: E Allaway
6,1st,FIT vs CAS,CAS,FIT,Zachary Elliott,62,69,8,0,not out
6,1st,FIT vs CAS,CAS,FIT,Samuel Elliott,10,7,2,0,c: H Hoekstra b: F Gordon
6,1st,FIT vs CAS,CAS,FIT,Liam Winn,25,13,2,1,not out
6,1st,FIT vs CAS,CAS,FIT,Ejaaz Alavi,,,,,did not bat
6,1st,FIT vs CAS,CAS,FIT,Harkirat Bajwa,,,,,did not bat
6,1st,FIT vs CAS,CAS,FIT,Liam Banthorpe,,,,,did not bat
6,1st,FIT vs CAS,CAS,FIT,tom kellar,,,,,did not bat
6,1st,FIT vs CAS,CAS,FIT,Liam Myott,,,,,did not bat
6,1st,FIT vs CAS,CAS,FIT,Zac Parr,,,,,did not bat
6,1st,FIT vs CAS,FIT,CAS,Ashley Chandrasinghe,4,4,1,0,c: L Banthorpe b: S Elliott
6,1st,FIT vs CAS,FIT,CAS,Finlay Gordon,4,9,0,0,c: L Banthorpe b: S Elliott
6,1st,FIT vs CAS,FIT,CAS,Jackson Isakka,71,56,7,2,lbw: M Spoors
6,1st,FIT vs CAS,FIT,CAS,Yash Pednekar,41,58,5,0,c: J Rudd b: E Alavi
6,1st,FIT vs CAS,FIT,CAS,Daud Malik,2,10,0,0,b: M Spoors
6,1st,FIT vs CAS,FIT,CAS,Vinu Mohotty,,2,0,0,lbw: M Spoors
6,1st,FIT vs CAS,FIT,CAS,Devin Pollock,17,23,1,0,b: H Bajwa
6,1st,FIT vs CAS,FIT,CAS,Harry Hoekstra,1,5,0,0,c: S Elliott b: H Bajwa
6,1st,FIT vs CAS,FIT,CAS,Evan Allaway,9,15,0,0,c: J Rudd b: L Myott
6,1st,FIT vs CAS,FIT,CAS,Nathan Lambden,16,30,0,0,not out
6,1st,FIT vs CAS,FIT,CAS,Akshay Ramkumar,25,28,2,0,not out
6,1st,ESS vs RIN,RIN,ESS,Muhammad Arsalan,28,45,2,0,c: M Fotia b: D Walker
6,1st,ESS vs RIN,RIN,ESS,Joshua Trembearth,80,58,11,3,c: R Amin b: D Walker
6,1st,ESS vs RIN,RIN,ESS,Harry Duke,11,6,1,1,c: O Horlock b: M Fotia
6,1st,ESS vs RIN,RIN,ESS,Emerson White,2,6,0,0,c: D Walker b: M Fotia
6,1st,ESS vs RIN,RIN,ESS,Arshit Rajput,10,8,1,0,c: J Beaton b: M Fotia
6,1st,ESS vs RIN,RIN,ESS,Connor Poulton,6,7,0,0,c: A Flynn b: M Fotia
6,1st,ESS vs RIN,RIN,ESS,Liam Molloy,4,6,0,0,c: O Horlock b: T Sugumar
6,1st,ESS vs RIN,RIN,ESS,Ikroop Dhanoa,12,10,0,1,not out
6,1st,ESS vs RIN,RIN,ESS,Muhammad Abdulrafay,14,10,2,0,c: J Beaton b: D King
6,1st,ESS vs RIN,RIN,ESS,Nicholas McGuane,1,1,0,0,not out
6,1st,ESS vs RIN,RIN,ESS,Noman Safdar,,,,,did not bat
6,1st,ESS vs RIN,ESS,RIN,Tom Rogers,7,5,0,1,c: M Abdulrafay b: N Safdar
6,1st,ESS vs RIN,ESS,RIN,Archie Flynn,9,19,0,0,c: C Poulton b: M Abdulrafay
6,1st,ESS vs RIN,ESS,RIN,Rheedyi Adam Amin,29,29,3,0,st: C Poulton b: A Rajput
6,1st,ESS vs RIN,ESS,RIN,David King,28,37,1,0,b: L Molloy
6,1st,ESS vs RIN,ESS,RIN,Oliver Horlock,9,14,0,0,c: A Rajput b: M Arsalan
6,1st,ESS vs RIN,ESS,RIN,Benjamin Gibson,9,13,0,0,c: H Duke b: A Rajput
6,1st,ESS vs RIN,ESS,RIN,Timothy Sugumar,,1,0,0,c: C Poulton b: M Arsalan
6,1st,ESS vs RIN,ESS,RIN,Jackson Freeman,7,11,0,0,c: M Abdulrafay b: N McGuane
6,1st,ESS vs RIN,ESS,RIN,Dylan Walker,37,15,4,3,not out
6,1st,ESS vs RIN,ESS,RIN,Matthew Fotia,4,6,0,0,c: N Safdar b: A Rajput
6,1st,ESS vs RIN,ESS,RIN,Justin Beaton,2,2,0,0,"run out (E White, M Abdulrafay)"
6,1st,KIN vs GEE,GEE,KIN,Zen Malik,21,20,1,1,b: J Garner
6,1st,KIN vs GEE,GEE,KIN,Nic Tindall,22,47,2,0,c: L Field b: L Neate
6,1st,KIN vs GEE,GEE,KIN,Josh Manning,52,62,6,0,c: L Field b: J Garner
6,1st,KIN vs GEE,GEE,KIN,Jonathan Vincent,37,44,3,1,c: A Sehrawat b: J Garner
6,1st,KIN vs GEE,GEE,KIN,Vimesh Wickramasinghe,3,5,0,0,c: Z Attard b: J Garner
6,1st,KIN vs GEE,GEE,KIN,Thaveesh Attanayake,10,7,0,1,not out
6,1st,KIN vs GEE,GEE,KIN,Joel Lewis,17,9,1,1,not out
6,1st,KIN vs GEE,GEE,KIN,William Bowering,,,,,did not bat
6,1st,KIN vs GEE,GEE,KIN,Cory Cater,,,,,did not bat
6,1st,KIN vs GEE,GEE,KIN,Saad Khattak,,,,,did not bat
6,1st,KIN vs GEE,GEE,KIN,Luke Stow,,,,,did not bat
6,1st,KIN vs GEE,KIN,GEE,Liam Blackford,85,72,7,3,c: J Manning b: C Cater
6,1st,KIN vs GEE,KIN,GEE,Nathan Caulfield,,5,0,0,c: J Vincent b: L Stow
6,1st,KIN vs GEE,KIN,GEE,Joshua Larkin,69,88,7,1,not out
6,1st,KIN vs GEE,KIN,GEE,Ashley Armstrong,14,15,0,0,not out
6,1st,KIN vs GEE,KIN,GEE,Zane Attard,,,,,did not bat
6,1st,KIN vs GEE,KIN,GEE,Lachie Field,,,,,did not bat
6,1st,KIN vs GEE,KIN,GEE,Josh Garner,,,,,did not bat
6,1st,KIN vs GEE,KIN,GEE,Oliver Haberfield,,,,,did not bat
6,1st,KIN vs GEE,KIN,GEE,Lachlan Neate,,,,,did not bat
6,1st,KIN vs GEE,KIN,GEE,Arjun Sehrawat,,,,,did not bat
6,1st,KIN vs GEE,KIN,GEE,Eamonn Vines,,,,,did not bat
6,1st,MEL vs RIC,RIC,MEL,Finlay Bean,8,18,0,0,c: C Hinds b: M Perry
6,1st,MEL vs RIC,RIC,MEL,Fergus McKenna,31,54,4,0,c: D Parikh b: M Perry
6,1st,MEL vs RIC,RIC,MEL,Dhruv Poojari Redhu,4,11,0,0,b: M Perry
6,1st,MEL vs RIC,RIC,MEL,Noah Croes,1,3,0,0,c: M Perry b: B Rose
6,1st,MEL vs RIC,RIC,MEL,Henry Melville,30,38,2,0,b: D Parikh
6,1st,MEL vs RIC,RIC,MEL,Peter Hatzoglou,22,21,1,1,c: J D’Rozario b: D Parikh
6,1st,MEL vs RIC,RIC,MEL,Yuvraj Singh,25,19,2,1,c: J Sawrey b: B Rose
6,1st,MEL vs RIC,RIC,MEL,Janak Prakash,9,14,1,0,not out
6,1st,MEL vs RIC,RIC,MEL,Jack Lyndon,,2,0,0,lbw: D Parikh
6,1st,MEL vs RIC,RIC,MEL,Mark Stafford,,2,0,0,c: C Hinds b: B Rose
6,1st,MEL vs RIC,RIC,MEL,Tom Walker,1,2,0,0,c: J Doherty b: S Mills
6,1st,MEL vs RIC,MEL,RIC,Dan Scholz,34,55,2,0,run out (P Hatzoglou)
6,1st,MEL vs RIC,MEL,RIC,James Doherty,29,40,1,0,c: H Melville b: J Prakash
6,1st,MEL vs RIC,MEL,RIC,Jonathan D’Rozario,51,47,5,0,not out
6,1st,MEL vs RIC,MEL,RIC,Mitch Perry,7,9,0,0,c: F Bean b: P Hatzoglou
6,1st,MEL vs RIC,MEL,RIC,Jacob Hinds,20,18,2,0,b: P Hatzoglou
6,1st,MEL vs RIC,MEL,RIC,Sam Mills,,5,0,0,c: N Croes b: J Lyndon
6,1st,MEL vs RIC,MEL,RIC,Connor Hinds,11,6,1,1,c: F Bean b: P Hatzoglou
6,1st,MEL vs RIC,MEL,RIC,Joshua Sawrey,6,8,0,0,not out
6,1st,MEL vs RIC,MEL,RIC,Austin Anlezark,,,,,did not bat
6,1st,MEL vs RIC,MEL,RIC,Dhruval Parikh,,,,,did not bat
6,1st,MEL vs RIC,MEL,RIC,Brendan Rose,,,,,did not bat
7,1st,CAS vs ESS,ESS,CAS,Ruwantha Kellapotha,9,7,1,0,c: N Markovski b: N Safdar
7,1st,CAS vs ESS,ESS,CAS,Finlay Gordon,5,12,0,0,b: A Rajput
7,1st,CAS vs ESS,ESS,CAS,Jackson Isakka,9,7,2,0,c: I Dhanoa b: M Abdulrafay
7,1st,CAS vs ESS,ESS,CAS,Ashley Chandrasinghe,44,40,2,0,not out
7,1st,CAS vs ESS,ESS,CAS,Yash Pednekar,30,27,2,1,c: L Molloy b: M Abdulrafay
7,1st,CAS vs ESS,ESS,CAS,Daud Malik,,1,0,0,c: C Poulton b: M Abdulrafay
7,1st,CAS vs ESS,ESS,CAS,Harry Hoekstra,31,26,2,1,not out
7,1st,CAS vs ESS,ESS,CAS,Evan Allaway,,,,,did not bat
7,1st,CAS vs ESS,ESS,CAS,Nathan Lambden,,,,,did not bat
7,1st,CAS vs ESS,ESS,CAS,Devin Pollock,,,,,did not bat
7,1st,CAS vs ESS,ESS,CAS,Akshay Ramkumar,,,,,did not bat
7,1st,CAS vs ESS,CAS,ESS,Harry Duke,43,35,3,2,c: D Pollock b: F Gordon
7,1st,CAS vs ESS,CAS,ESS,Nicholas Markovski,20,18,1,0,c: N Lambden b: A Ramkumar
7,1st,CAS vs ESS,CAS,ESS,Simrth Singh Gill,,2,0,0,c: R Kellapotha b: A Ramkumar
7,1st,CAS vs ESS,CAS,ESS,Connor Poulton,20,18,3,0,c: J Isakka b: A Ramkumar
7,1st,CAS vs ESS,CAS,ESS,Emerson White,12,18,1,0,b: H Hoekstra
7,1st,CAS vs ESS,CAS,ESS,Arshit Rajput,23,15,0,2,st: D Pollock b: F Gordon
7,1st,CAS vs ESS,CAS,ESS,Ikroop Dhanoa,2,4,0,0,c: Y Pednekar b: A Ramkumar
7,1st,CAS vs ESS,CAS,ESS,Liam Molloy,3,4,0,0,not out
7,1st,CAS vs ESS,CAS,ESS,Muhammad Abdulrafay,,,,,did not bat
7,1st,CAS vs ESS,CAS,ESS,Nicholas McGuane,,,,,did not bat
7,1st,CAS vs ESS,CAS,ESS,Noman Safdar,,,,,did not bat
7,1st,FRA vs ST,ST,FRA,Charlie Maxwell,35,33,2,1,c: J Seymour b: T Russ
7,1st,FRA vs ST,ST,FRA,Luke Kranzbuhler,2,8,0,0,c: B Macdonald b: J Bartlett
7,1st,FRA vs ST,ST,FRA,Joseph Eckland,,2,0,0,c: J Bartlett b: L Destito
7,1st,FRA vs ST,ST,FRA,Jai Elcock,24,27,1,1,b: T Russ
7,1st,FRA vs ST,ST,FRA,Nicholas Taranto,1,4,0,0,b: M Hennig
7,1st,FRA vs ST,ST,FRA,Sam Gove,7,11,0,0,c: J Cunnington b: L Destito
7,1st,FRA vs ST,ST,FRA,Xavier Crone,1,2,0,0,b: T Russ
7,1st,FRA vs ST,ST,FRA,Mitchell Cestnik,8,8,0,0,not out
7,1st,FRA vs ST,ST,FRA,Lachlan Klauer,5,5,1,0,c: E Newman b: W Lovell
7,1st,FRA vs ST,ST,FRA,Jaspreet Singh,,1,0,0,c: M Hennig b: W Lovell
7,1st,FRA vs ST,ST,FRA,Jamie Matheson,8,7,0,0,not out
7,1st,FRA vs ST,FRA,ST,Harry Dixon,17,9,3,0,c: S Gove b: L Klauer
7,1st,FRA vs ST,FRA,ST,Brandon Faber,33,31,1,3,st: J Eckland b: J Matheson
7,1st,FRA vs ST,FRA,ST,Blake Macdonald,30,15,2,3,c: J Eckland b: L Klauer
7,1st,FRA vs ST,FRA,ST,James Seymour,6,14,0,0,c: J Eckland b: M Cestnik
7,1st,FRA vs ST,FRA,ST,Ed Newman,8,7,1,0,not out
7,1st,FRA vs ST,FRA,ST,Thomas Russ,1,3,0,0,c: X Crone b: M Cestnik
7,1st,FRA vs ST,FRA,ST,Jack Cunnington,0,0,0,0,not out
7,1st,FRA vs ST,FRA,ST,Joshua Bartlett,,,,,did not bat
7,1st,FRA vs ST,FRA,ST,Luke Destito,,,,,did not bat
7,1st,FRA vs ST,FRA,ST,Matthew Hennig,,,,,did not bat
7,1st,FRA vs ST,FRA,ST,Will Lovell,,,,,did not bat
7,1st,FOO vs RIN,RIN,FOO,Aiman Nadeem,50,27,4,3,c: M Fotia b: T Sugumar
7,1st,FOO vs RIN,RIN,FOO,Mitchell Jamieson,9,8,1,0,c: O Horlock b: M Fotia
7,1st,FOO vs RIN,RIN,FOO,Dylan Brasher,68,49,6,3,c: D King b: M Fotia
7,1st,FOO vs RIN,RIN,FOO,Dylan Kight,16,16,0,0,not out
7,1st,FOO vs RIN,RIN,FOO,Max Hatzoglou,0,1,0,0,not out
7,1st,FOO vs RIN,RIN,FOO,Max Birthisel,,,,,did not bat
7,1st,FOO vs RIN,RIN,FOO,Declan O'Brien,,,,,did not bat
7,1st,FOO vs RIN,RIN,FOO,Joshua Pace,,,,,did not bat
7,1st,FOO vs RIN,RIN,FOO,Ben Roosenboom,,,,,did not bat
7,1st,FOO vs RIN,RIN,FOO,Bailey Toseland,,,,,did not bat
7,1st,FOO vs RIN,RIN,FOO,Jay Vine,,,,,did not bat
7,1st,FOO vs RIN,FOO,RIN,Tom Rogers,4,5,1,0,c&b: J Vine
7,1st,FOO vs RIN,FOO,RIN,Patrick Gouge,,5,0,0,c: J Pace b: D Brasher
7,1st,FOO vs RIN,FOO,RIN,David King,,1,0,0,st: D Kight b: J Vine
7,1st,FOO vs RIN,FOO,RIN,Oliver Horlock,8,9,0,0,not out
7,1st,FOO vs RIN,FOO,RIN,Benjamin Gibson,,1,0,0,c: M Birthisel b: D Brasher
7,1st,FOO vs RIN,FOO,RIN,daniel ivanovic,5,7,0,0,b: D Brasher
7,1st,FOO vs RIN,FOO,RIN,Jackson Freeman,15,8,0,2,not out
7,1st,FOO vs RIN,FOO,RIN,Justin Beaton,,,,,did not bat
7,1st,FOO vs RIN,FOO,RIN,Matthew Fotia,,,,,did not bat
7,1st,FOO vs RIN,FOO,RIN,Gabe Lawson,,,,,did not bat
7,1st,FOO vs RIN,FOO,RIN,Timothy Sugumar,,,,,did not bat
7,1st,GRE vs MEL,MEL,GRE,Will Luxton,45,30,6,0,c: R Desai b: J Merlo
7,1st,GRE vs MEL,MEL,GRE,Prabhnoor Bhalla,7,5,1,0,c: J Harper b: J Sullivan
7,1st,GRE vs MEL,MEL,GRE,Ryan Stingel,36,36,3,0,b: J Merlo
7,1st,GRE vs MEL,MEL,GRE,Odil Perera,28,30,2,0,b: G Hannah
7,1st,GRE vs MEL,MEL,GRE,Robbie O’Brien,34,17,4,0,not out
7,1st,GRE vs MEL,MEL,GRE,Musa Hussain,3,4,0,0,not out
7,1st,GRE vs MEL,MEL,GRE,Benjamin Cliff,,,,,did not bat
7,1st,GRE vs MEL,MEL,GRE,Harry Fitzgerald,,,,,did not bat
7,1st,GRE vs MEL,MEL,GRE,Yaseen Muntasir,,,,,did not bat
7,1st,GRE vs MEL,MEL,GRE,Armann Singh,,,,,did not bat
7,1st,GRE vs MEL,MEL,GRE,Ivan Zmak,,,,,did not bat
7,1st,GRE vs MEL,GRE,MEL,Farzan Chowna,8,8,1,0,c: A Singh b: B Cliff
7,1st,GRE vs MEL,GRE,MEL,Blake Thomson,8,7,2,0,b: M Hussain
7,1st,GRE vs MEL,GRE,MEL,Christopher Kellaway,6,8,1,0,b: A Singh
7,1st,GRE vs MEL,GRE,MEL,Jonathan Merlo,75,47,9,1,not out
7,1st,GRE vs MEL,GRE,MEL,Charles Lill,8,9,0,0,c&b: A Singh
7,1st,GRE vs MEL,GRE,MEL,Jack Harper,7,7,1,0,c: W Luxton b: B Cliff
7,1st,GRE vs MEL,GRE,MEL,Thomas Wrigglesworth,25,15,3,0,b: Y Muntasir
7,1st,GRE vs MEL,GRE,MEL,Rishi Desai,2,5,0,0,not out
7,1st,GRE vs MEL,GRE,MEL,Glenn Hannah,,,,,did not bat
7,1st,GRE vs MEL,GRE,MEL,David Moody,,,,,did not bat
7,1st,GRE vs MEL,GRE,MEL,Jack Sullivan,,,,,did not bat
7,1st,CAR vs GEE,GEE,CAR,Jai Lemire,39,30,4,1,c: J Garner b: J Larkin
7,1st,CAR vs GEE,GEE,CAR,Connor Rutland,32,26,0,2,c: E Vines b: L Neate
7,1st,CAR vs GEE,GEE,CAR,Jagadeswara Koduru,17,16,1,0,c: L Field b: O Haberfield
7,1st,CAR vs GEE,GEE,CAR,Evan Gulbis,23,14,2,1,b: A Sehrawat
7,1st,CAR vs GEE,GEE,CAR,Tom Smyth,6,7,0,0,not out
7,1st,CAR vs GEE,GEE,CAR,Guntaas Brar,10,5,2,0,not out
7,1st,CAR vs GEE,GEE,CAR,Michael Archer,,,,,did not bat
7,1st,CAR vs GEE,GEE,CAR,Aaron Smillie,,,,,did not bat
7,1st,CAR vs GEE,GEE,CAR,Harrison Smyth,,,,,did not bat
7,1st,CAR vs GEE,GEE,CAR,Cameron Stevenson,,,,,did not bat
7,1st,CAR vs GEE,GEE,CAR,Dominic Sullivan,,,,,did not bat
7,1st,CAR vs GEE,CAR,GEE,Nathan Caulfield,44,36,4,2,c: A Smillie b: D Sullivan
7,1st,CAR vs GEE,CAR,GEE,Liam Blackford,6,8,1,0,b: A Smillie
7,1st,CAR vs GEE,CAR,GEE,Ashley Armstrong,10,12,0,0,c: J Lemire b: C Rutland
7,1st,CAR vs GEE,CAR,GEE,Joshua Larkin,4,4,1,0,b: C Rutland
7,1st,CAR vs GEE,CAR,GEE,Lachie Field,7,5,1,0,c: T Smyth b: C Rutland
7,1st,CAR vs GEE,CAR,GEE,Arjun Sehrawat,1,3,0,0,c: J Lemire b: D Sullivan
7,1st,CAR vs GEE,CAR,GEE,Eamonn Vines,61,25,3,5,not out
7,1st,CAR vs GEE,CAR,GEE,Josh Garner,8,3,0,1,not out
7,1st,CAR vs GEE,CAR,GEE,Oliver Haberfield,,,,,did not bat
7,1st,CAR vs GEE,CAR,GEE,Lachlan Neate,,,,,did not bat
7,1st,CAR vs GEE,CAR,GEE,Patrick Sullivan,,,,,did not bat
7,1st,MEL vs KIN,KIN,MEL,Fergus McKenna,2,6,0,0,c: N Tindall b: L Stow
7,1st,MEL vs KIN,KIN,MEL,Peter Hatzoglou,9,7,1,0,c: J Manning b: C Cater
7,1st,MEL vs KIN,KIN,MEL,Dhruv Poojari Redhu,21,19,1,0,b: S Khattak
7,1st,MEL vs KIN,KIN,MEL,Noah Croes,,4,0,0,c: J Lewis b: C Cater
7,1st,MEL vs KIN,KIN,MEL,Finlay Bean,71,45,8,1,not out
7,1st,MEL vs KIN,KIN,MEL,Michael Forwood,11,11,1,0,lbw: W Bowering
7,1st,MEL vs KIN,KIN,MEL,Yuvraj Singh,28,18,3,1,c: J Manning b: N Tindall
7,1st,MEL vs KIN,KIN,MEL,Ben Sears,5,3,1,0,b: S Khattak
7,1st,MEL vs KIN,KIN,MEL,Janak Prakash,8,7,0,0,not out
7,1st,MEL vs KIN,KIN,MEL,Mark Stafford,,,,,did not bat
7,1st,MEL vs KIN,KIN,MEL,Tom Walker,,,,,did not bat
7,1st,MEL vs KIN,MEL,KIN,Zen Malik,,2,0,0,c: P Hatzoglou b: M Stafford
7,1st,MEL vs KIN,MEL,KIN,Josh Manning,2,4,0,0,c: F Bean b: M Stafford
7,1st,MEL vs KIN,MEL,KIN,Jonathan Vincent,14,14,2,0,b: M Stafford
7,1st,MEL vs KIN,MEL,KIN,Vimesh Wickramasinghe,4,10,0,0,c: F Bean b: B Sears
7,1st,MEL vs KIN,MEL,KIN,Nic Tindall,30,30,2,0,c: N Croes b: Y Singh
7,1st,MEL vs KIN,MEL,KIN,Joel Lewis,3,5,0,0,c: F Bean b: P Hatzoglou
7,1st,MEL vs KIN,MEL,KIN,Saad Khattak,32,30,3,1,c: F McKenna b: P Hatzoglou
7,1st,MEL vs KIN,MEL,KIN,Cory Cater,6,8,0,0,c: N Croes b: Y Singh
7,1st,MEL vs KIN,MEL,KIN,Luke Stow,6,8,0,0,c: N Croes b: J Prakash
7,1st,MEL vs KIN,MEL,KIN,William Bowering,1,3,0,0,not out
7,1st,MEL vs KIN,MEL,KIN,Thaveesh Attanayake,,,,,did not bat
8,1st,KIN vs RIN,RIN,KIN,Zen Malik,32,32,1,2,not out
8,1st,KIN vs RIN,RIN,KIN,Nic Tindall,9,12,1,0,c: B Gibson b: J Freeman
8,1st,KIN vs RIN,RIN,KIN,Josh Manning,9,15,0,0,c: I Holland b: T Sugumar
8,1st,KIN vs RIN,RIN,KIN,Jonathan Vincent,5,7,0,0,not out
8,1st,KIN vs RIN,RIN,KIN,Charlie Aldridge,,,,,did not bat
8,1st,KIN vs RIN,RIN,KIN,William Bowering,,,,,did not bat
8,1st,KIN vs RIN,RIN,KIN,Cory Cater,,,,,did not bat
8,1st,KIN vs RIN,RIN,KIN,Saad Khattak,,,,,did not bat
8,1st,KIN vs RIN,RIN,KIN,Joel Lewis,,,,,did not bat
8,1st,KIN vs RIN,RIN,KIN,Luke Stow,,,,,did not bat
8,1st,KIN vs RIN,RIN,KIN,Vimesh Wickramasinghe,,,,,did not bat
8,1st,KIN vs RIN,KIN,RIN,Tom Rogers,10,8,2,0,c: J Lewis b: C Cater
8,1st,KIN vs RIN,KIN,RIN,Rheedyi Adam Amin,19,11,2,1,c: W Bowering b: N Tindall
8,1st,KIN vs RIN,KIN,RIN,Ian Holland,16,13,0,0,not out
8,1st,KIN vs RIN,KIN,RIN,David King,8,12,0,0,c: Z Malik b: V Wickramasinghe
8,1st,KIN vs RIN,KIN,RIN,Oliver Horlock,4,5,0,0,c: J Vincent b: C Cater
8,1st,KIN vs RIN,KIN,RIN,Benjamin Gibson,4,1,1,0,"run out (Z Malik, S Khattak)"
8,1st,KIN vs RIN,KIN,RIN,Patrick Gouge,0,0,0,0,not out
8,1st,KIN vs RIN,KIN,RIN,Justin Beaton,,,,,did not bat
8,1st,KIN vs RIN,KIN,RIN,Matthew Fotia,,,,,did not bat
8,1st,KIN vs RIN,KIN,RIN,Jackson Freeman,,,,,did not bat
8,1st,KIN vs RIN,KIN,RIN,Timothy Sugumar,,,,,did not bat
8,1st,MEL vs RIC,RIC,MEL,Oliver Gunning,2,3,0,0,b: J Sawrey
8,1st,MEL vs RIC,RIC,MEL,Christopher Kellaway,4,6,0,0,c: C Hinds b: J Sawrey
8,1st,MEL vs RIC,RIC,MEL,Jonathan Merlo,6,6,1,0,c: D Parikh b: B Rose
8,1st,MEL vs RIC,RIC,MEL,Thomas Curran,2,4,0,0,c: D Scholz b: J Sawrey
8,1st,MEL vs RIC,RIC,MEL,Blake Thomson,7,12,0,0,b: D Parikh
8,1st,MEL vs RIC,RIC,MEL,Charles Lill,14,13,2,0,c: J D’Rozario b: D Parikh
8,1st,MEL vs RIC,RIC,MEL,Jack Harper,7,10,1,0,b: J Ash
8,1st,MEL vs RIC,RIC,MEL,Thomas Wrigglesworth,3,8,0,0,"run out (C Hinds, D Parikh)"
8,1st,MEL vs RIC,RIC,MEL,Rishi Desai,11,12,1,0,c: D Scholz b: J Sawrey
8,1st,MEL vs RIC,RIC,MEL,Jack Sullivan,8,12,1,0,not out
8,1st,MEL vs RIC,RIC,MEL,Glenn Hannah,1,6,0,0,not out
8,1st,MEL vs RIC,MEL,RIC,Dan Scholz,28,23,3,0,not out
8,1st,MEL vs RIC,MEL,RIC,James Doherty,13,12,2,0,b: T Curran
8,1st,MEL vs RIC,MEL,RIC,Jonathan D’Rozario,2,6,0,0,b: T Wrigglesworth
8,1st,MEL vs RIC,MEL,RIC,Jacob Hinds,5,4,1,0,not out
8,1st,MEL vs RIC,MEL,RIC,Joshua Ash,,,,,did not bat
8,1st,MEL vs RIC,MEL,RIC,Tim Goodman,,,,,did not bat
8,1st,MEL vs RIC,MEL,RIC,Connor Hinds,,,,,did not bat
8,1st,MEL vs RIC,MEL,RIC,Sam Mills,,,,,did not bat
8,1st,MEL vs RIC,MEL,RIC,Dhruval Parikh,,,,,did not bat
8,1st,MEL vs RIC,MEL,RIC,Brendan Rose,,,,,did not bat
8,1st,MEL vs RIC,MEL,RIC,Joshua Sawrey,,,,,did not bat
8,1st,PRA vs CAS,CAS,PRA,Damon Egan,28,13,3,2,c: D Malik b: N Lambden
8,1st,PRA vs CAS,CAS,PRA,Cameron Hemp,,2,0,0,c: D Pollock b: N Lambden
8,1st,PRA vs CAS,CAS,PRA,Paul Walter,25,19,3,1,not out
8,1st,PRA vs CAS,CAS,PRA,Lachlan Bangs,46,24,4,4,not out
8,1st,PRA vs CAS,CAS,PRA,James Boyce,,,,,did not bat
8,1st,PRA vs CAS,CAS,PRA,Shenuka De Silva,,,,,did not bat
8,1st,PRA vs CAS,CAS,PRA,Max Delaney,,,,,did not bat
8,1st,PRA vs CAS,CAS,PRA,Charlie Giles,,,,,did not bat
8,1st,PRA vs CAS,CAS,PRA,James McPhee,,,,,did not bat
8,1st,PRA vs CAS,CAS,PRA,Pranav Menon,,,,,did not bat
8,1st,PRA vs CAS,CAS,PRA,Brodie Symons,,,,,did not bat
8,1st,PRA vs CAS,PRA,CAS,Finlay Gordon,6,4,0,1,b: B Symons
8,1st,PRA vs CAS,PRA,CAS,Daud Malik,14,9,1,1,c: J McPhee b: P Walter
8,1st,PRA vs CAS,PRA,CAS,Jackson Isakka,,3,0,0,c: D Egan b: L Bangs
8,1st,PRA vs CAS,PRA,CAS,Harry Hoekstra,22,14,2,1,"run out (D Egan, P Menon)"
8,1st,PRA vs CAS,PRA,CAS,Evan Allaway,,1,0,0,c: M Delaney b: P Walter
8,1st,PRA vs CAS,PRA,CAS,Ashley Chandrasinghe,33,11,0,3,not out
8,1st,PRA vs CAS,PRA,CAS,Vinu Mohotty,,0,0,0,"run out (D Egan, P Menon)"
8,1st,PRA vs CAS,PRA,CAS,Devin Pollock,0,0,0,0,not out
8,1st,PRA vs CAS,PRA,CAS,Chris Benedek,,,,,did not bat
8,1st,PRA vs CAS,PRA,CAS,Nathan Lambden,,,,,did not bat
8,1st,PRA vs CAS,PRA,CAS,Akshay Ramkumar,,,,,did not bat
8,1st,FIT vs CAM,CAM,FIT,Liam Winn,,1,0,0,c: A Kodoth b: W Walker
8,1st,FIT vs CAM,CAM,FIT,Matthew Spoors,29,12,1,3,c: P Dooley b: W Walker
8,1st,FIT vs CAM,CAM,FIT,Jack Rudd,11,14,1,0,not out
8,1st,FIT vs CAM,CAM,FIT,Nicholas Fletcher,2,2,0,0,c: A Kodoth b: P Dooley
8,1st,FIT vs CAM,CAM,FIT,Liam Banthorpe,6,5,1,0,not out
8,1st,FIT vs CAM,CAM,FIT,Ejaaz Alavi,,,,,did not bat
8,1st,FIT vs CAM,CAM,FIT,Harkirat Bajwa,,,,,did not bat
8,1st,FIT vs CAM,CAM,FIT,Miller Childs,,,,,did not bat
8,1st,FIT vs CAM,CAM,FIT,Zachary Elliott,,,,,did not bat
8,1st,FIT vs CAM,CAM,FIT,tom kellar,,,,,did not bat
8,1st,FIT vs CAM,CAM,FIT,Braden Taeuber,,,,,did not bat
8,1st,FIT vs CAM,FIT,CAM,Hamish McKenzie,,4,0,0,lbw: N Fletcher
8,1st,FIT vs CAM,FIT,CAM,Liam Fitzpatrick,,1,0,0,c: B Taeuber b: H Bajwa
8,1st,FIT vs CAM,FIT,CAM,Akshay Kodoth,16,7,1,1,"run out (B Taeuber, L Banthorpe)"
8,1st,FIT vs CAM,FIT,CAM,Tom Scott,,1,0,0,lbw: N Fletcher
8,1st,FIT vs CAM,FIT,CAM,Coby Fitzsimmons,4,2,1,0,c: L Banthorpe b: N Fletcher
8,1st,FIT vs CAM,FIT,CAM,Patrick Dooley,22,10,0,3,not out
8,1st,FIT vs CAM,FIT,CAM,Shorye Chopra,8,4,2,0,not out
8,1st,FIT vs CAM,FIT,CAM,Patrick Forrest,,,,,did not bat
8,1st,FIT vs CAM,FIT,CAM,Tom Nelson,,,,,did not bat
8,1st,FIT vs CAM,FIT,CAM,Charles Simondson,,,,,did not bat
8,1st,FIT vs CAM,FIT,CAM,William Walker,,,,,did not bat
9,1st,FOO vs ST,ST,FOO,Aiman Nadeem,10,8,2,0,c&b: J Bartlett
9,1st,FOO vs ST,ST,FOO,Mitchell Jamieson,50,27,3,4,c: H Gray b: M Hennig
9,1st,FOO vs ST,ST,FOO,Dylan Brasher,40,26,3,3,c: B Faber b: T Russ
9,1st,FOO vs ST,ST,FOO,Jack Prestwidge,5,7,0,0,b: J Seymour
9,1st,FOO vs ST,ST,FOO,Dylan Kight,16,19,0,0,not out
9,1st,FOO vs ST,ST,FOO,Max Hatzoglou,11,13,0,0,b: W Lovell
9,1st,FOO vs ST,ST,FOO,Joshua Pace,5,2,1,0,run out ()
9,1st,FOO vs ST,ST,FOO,Max Birthisel,,,,,did not bat
9,1st,FOO vs ST,ST,FOO,Liam Mason,,,,,did not bat
9,1st,FOO vs ST,ST,FOO,Bailey Toseland,,,,,did not bat
9,1st,FOO vs ST,ST,FOO,Jay Vine,,,,,did not bat
9,1st,FOO vs ST,FOO,ST,Brandon Faber,24,10,3,1,c: M Jamieson b: J Vine
9,1st,FOO vs ST,FOO,ST,James Seymour,53,42,6,0,c: D Kight b: L Mason
9,1st,FOO vs ST,FOO,ST,Ed Newman,10,13,0,0,b: B Toseland
9,1st,FOO vs ST,FOO,ST,Thomas Russ,33,24,3,1,not out
9,1st,FOO vs ST,FOO,ST,Jack Cunnington,4,5,0,0,b: M Birthisel
9,1st,FOO vs ST,FOO,ST,Henry Gray,13,8,0,1,"run out (M Jamieson, D Kight)"
9,1st,FOO vs ST,FOO,ST,Joshua Bartlett,,,,,did not bat
9,1st,FOO vs ST,FOO,ST,Adam Crosthwaite,,,,,did not bat
9,1st,FOO vs ST,FOO,ST,Luke Destito,,,,,did not bat
9,1st,FOO vs ST,FOO,ST,Matthew Hennig,,,,,did not bat
9,1st,FOO vs ST,FOO,ST,Will Lovell,,,,,did not bat
9,1st,CAM vs CAS,CAS,CAM,Akshay Kodoth,9,4,2,0,c: J Isakka b: A Ramkumar
9,1st,CAM vs CAS,CAS,CAM,Tom Scott,1,3,0,0,c: F Gordon b: N Lambden
9,1st,CAM vs CAS,CAS,CAM,Liam Fitzpatrick,33,24,3,2,c: J Isakka b: M Irfan
9,1st,CAM vs CAS,CAS,CAM,Coby Fitzsimmons,3,6,0,0,c: J Isakka b: H Hoekstra
9,1st,CAM vs CAS,CAS,CAM,Hamish McKenzie,9,13,1,0,run out (F Gordon)
9,1st,CAM vs CAS,CAS,CAM,Shorye Chopra,23,28,3,0,c: V Mohotty b: F Gordon
9,1st,CAM vs CAS,CAS,CAM,Patrick Forrest,18,25,1,0,c: V Mohotty b: A Ramkumar
9,1st,CAM vs CAS,CAS,CAM,Charles Simondson,,1,0,0,c: D Pollock b: F Gordon
9,1st,CAM vs CAS,CAS,CAM,Jakey Pietz,4,9,0,0,c: F Gordon b: H Hoekstra
9,1st,CAM vs CAS,CAS,CAM,Tom Nelson,,1,0,0,b: A Ramkumar
9,1st,CAM vs CAS,CAS,CAM,William Walker,0,1,0,0,not out
9,1st,CAM vs CAS,CAM,CAS,Finlay Gordon,36,40,2,2,c: H McKenzie b: C Simondson
9,1st,CAM vs CAS,CAM,CAS,Daud Malik,50,48,7,1,not out
9,1st,CAM vs CAS,CAM,CAS,Jackson Isakka,17,14,1,1,not out
9,1st,CAM vs CAS,CAM,CAS,Ashley Chandrasinghe,,,,,did not bat
9,1st,CAM vs CAS,CAM,CAS,Harry Hoekstra,,,,,did not bat
9,1st,CAM vs CAS,CAM,CAS,Muhammad Irfan,,,,,did not bat
9,1st,CAM vs CAS,CAM,CAS,Nathan Lambden,,,,,did not bat
9,1st,CAM vs CAS,CAM,CAS,Vinu Mohotty,,,,,did not bat
9,1st,CAM vs CAS,CAM,CAS,Devin Pollock,,,,,did not bat
9,1st,CAM vs CAS,CAM,CAS,Akshay Ramkumar,,,,,did not bat
9,1st,RIN vs MEL,MEL,RIN,Tom Rogers,1,4,0,0,c: C Lill b: J Sullivan
9,1st,RIN vs MEL,MEL,RIN,Rheedyi Adam Amin,23,26,3,0,b: T Wrigglesworth
9,1st,RIN vs MEL,MEL,RIN,Ian Holland,15,10,1,1,b: J Sullivan
9,1st,RIN vs MEL,MEL,RIN,David King,39,39,3,0,c&b: J Merlo
9,1st,RIN vs MEL,MEL,RIN,Oliver Horlock,33,31,3,0,not out
9,1st,RIN vs MEL,MEL,RIN,Benjamin Gibson,14,11,1,0,not out
9,1st,RIN vs MEL,MEL,RIN,Justin Beaton,,,,,did not bat
9,1st,RIN vs MEL,MEL,RIN,Matthew Fotia,,,,,did not bat
9,1st,RIN vs MEL,MEL,RIN,Jackson Freeman,,,,,did not bat
9,1st,RIN vs MEL,MEL,RIN,Patrick Gouge,,,,,did not bat
9,1st,RIN vs MEL,MEL,RIN,Timothy Sugumar,,,,,did not bat
9,1st,RIN vs MEL,RIN,MEL,Oliver Gunning,19,14,3,0,b: M Fotia
9,1st,RIN vs MEL,RIN,MEL,Christopher Kellaway,11,19,0,0,b: T Rogers
9,1st,RIN vs MEL,RIN,MEL,Jonathan Merlo,,1,0,0,b: M Fotia
9,1st,RIN vs MEL,RIN,MEL,Blake Thomson,,1,0,0,b: M Fotia
9,1st,RIN vs MEL,RIN,MEL,Charles Lill,,4,0,0,c: I Holland b: J Freeman
9,1st,RIN vs MEL,RIN,MEL,Jack Harper,22,25,1,0,c: J Beaton b: D King
9,1st,RIN vs MEL,RIN,MEL,Benjamin Wickham,21,28,2,0,c: M Fotia b: D King
9,1st,RIN vs MEL,RIN,MEL,Thomas Wrigglesworth,35,23,3,1,c: B Gibson b: J Freeman
9,1st,RIN vs MEL,RIN,MEL,Rishi Desai,1,2,0,0,not out
9,1st,RIN vs MEL,RIN,MEL,Jack Sullivan,1,3,0,0,not out
9,1st,RIN vs MEL,RIN,MEL,Glenn Hannah,,,,,did not bat
9,1st,GRE vs NOR,NOR,GRE,Will Luxton,22,17,3,0,c: M Hay b: M Pearce
9,1st,GRE vs NOR,NOR,GRE,Prabhnoor Bhalla,36,24,4,2,c: M Hay b: A Crispe
9,1st,GRE vs NOR,NOR,GRE,Ryan Stingel,3,5,0,0,c: J Smith b: J Medew-Ewen
9,1st,GRE vs NOR,NOR,GRE,Odil Perera,17,21,1,0,st: M Lawson b: M Pearce
9,1st,GRE vs NOR,NOR,GRE,Robbie O’Brien,33,28,3,0,st: M Lawson b: J Medew-Ewen
9,1st,GRE vs NOR,NOR,GRE,Musa Hussain,5,10,0,0,c: M Pearce b: J Smith
9,1st,GRE vs NOR,NOR,GRE,Yaseen Muntasir,2,5,0,0,c: J Medew-Ewen b: J Smith
9,1st,GRE vs NOR,NOR,GRE,Armann Singh,18,9,1,2,c: J Lalor b: J Medew-Ewen
9,1st,GRE vs NOR,NOR,GRE,Harry Fitzgerald,1,1,0,0,not out
9,1st,GRE vs NOR,NOR,GRE,Benjamin Cliff,,,,,did not bat
9,1st,GRE vs NOR,NOR,GRE,Tobias Sutherland,,,,,did not bat
9,1st,GRE vs NOR,GRE,NOR,Tearan Gleeson,10,7,2,0,c: O Perera b: M Hussain
9,1st,GRE vs NOR,GRE,NOR,Michael Hay,51,48,7,0,c: I Zmak b: M Hussain
9,1st,GRE vs NOR,GRE,NOR,Jack Lalor,60,38,5,1,not out
9,1st,GRE vs NOR,GRE,NOR,Joshua Sundberg,4,7,0,0,run out ()
9,1st,GRE vs NOR,GRE,NOR,Will Blair,14,12,2,0,not out
9,1st,GRE vs NOR,GRE,NOR,Aaron Crispe,,,,,did not bat
9,1st,GRE vs NOR,GRE,NOR,Mitch Lawson,,,,,did not bat
9,1st,GRE vs NOR,GRE,NOR,Joe Medew-Ewen,,,,,did not bat
9,1st,GRE vs NOR,GRE,NOR,Matthew Pearce,,,,,did not bat
9,1st,GRE vs NOR,GRE,NOR,Michael Rogneda,,,,,did not bat
9,1st,GRE vs NOR,GRE,NOR,Jackson Smith,,,,,did not bat
9,1st,KIN vs RIC,RIC,KIN,Zen Malik,2,4,0,0,lbw: B Rose
9,1st,KIN vs RIC,RIC,KIN,Jonathan Vincent,4,12,0,0,c: C Hinds b: B Rose
9,1st,KIN vs RIC,RIC,KIN,Josh Manning,52,40,3,3,c: D Scholz b: J Sawrey
9,1st,KIN vs RIC,RIC,KIN,Vimesh Wickramasinghe,28,33,2,1,b: J Ash
9,1st,KIN vs RIC,RIC,KIN,Charlie Aldridge,2,4,0,0,c: D Parikh b: S Mills
9,1st,KIN vs RIC,RIC,KIN,Joel Lewis,8,9,1,0,st: C Hinds b: J Ash
9,1st,KIN vs RIC,RIC,KIN,Nic Tindall,23,11,2,2,not out
9,1st,KIN vs RIC,RIC,KIN,Saad Khattak,1,1,0,0,"run out (J Hinds, C Hinds)"
9,1st,KIN vs RIC,RIC,KIN,Cory Cater,5,6,0,0,not out
9,1st,KIN vs RIC,RIC,KIN,William Bowering,,,,,did not bat
9,1st,KIN vs RIC,RIC,KIN,Luke Stow,,,,,did not bat
9,1st,KIN vs RIC,KIN,RIC,Dan Scholz,13,8,2,0,c: J Manning b: C Cater
9,1st,KIN vs RIC,KIN,RIC,James Doherty,9,6,2,0,c: J Vincent b: L Stow
9,1st,KIN vs RIC,KIN,RIC,Jonathan D’Rozario,52,42,7,1,not out
9,1st,KIN vs RIC,KIN,RIC,Jacob Hinds,25,19,1,2,lbw: W Bowering
9,1st,KIN vs RIC,KIN,RIC,Tim Goodman,9,9,1,0,c: Z Malik b: V Wickramasinghe
9,1st,KIN vs RIC,KIN,RIC,Connor Hinds,26,9,1,3,not out
9,1st,KIN vs RIC,KIN,RIC,Joshua Ash,,,,,did not bat
9,1st,KIN vs RIC,KIN,RIC,Sam Mills,,,,,did not bat
9,1st,KIN vs RIC,KIN,RIC,Dhruval Parikh,,,,,did not bat
9,1st,KIN vs RIC,KIN,RIC,Brendan Rose,,,,,did not bat
9,1st,KIN vs RIC,KIN,RIC,Joshua Sawrey,,,,,did not bat
9,1st,FIT vs PRA,PRA,FIT,Matthew Spoors,13,8,1,1,c: L Bangs b: B Symons
9,1st,FIT vs PRA,PRA,FIT,Liam Winn,18,13,3,0,c: S De Silva b: P Walter
9,1st,FIT vs PRA,PRA,FIT,Jack Rudd,75,47,8,3,not out
9,1st,FIT vs PRA,PRA,FIT,Nicholas Fletcher,,2,0,0,c: S De Silva b: P Walter
9,1st,FIT vs PRA,PRA,FIT,Liam Banthorpe,47,49,3,0,c: L Bangs b: M Wilcox
9,1st,FIT vs PRA,PRA,FIT,tom kellar,1,1,0,0,"run out (P Menon, M Wilcox)"
9,1st,FIT vs PRA,PRA,FIT,Zachary Elliott,0,0,0,0,not out
9,1st,FIT vs PRA,PRA,FIT,Ejaaz Alavi,,,,,did not bat
9,1st,FIT vs PRA,PRA,FIT,Harkirat Bajwa,,,,,did not bat
9,1st,FIT vs PRA,PRA,FIT,Miller Childs,,,,,did not bat
9,1st,FIT vs PRA,PRA,FIT,Braden Taeuber,,,,,did not bat
9,1st,FIT vs PRA,FIT,PRA,Cameron Hemp,89,65,10,3,not out
9,1st,FIT vs PRA,FIT,PRA,Damon Egan,1,3,0,0,lbw: H Bajwa
9,1st,FIT vs PRA,FIT,PRA,Paul Walter,,2,0,0,c&b: H Bajwa
9,1st,FIT vs PRA,FIT,PRA,Lachlan Bangs,28,18,3,1,c: M Spoors b: B Taeuber
9,1st,FIT vs PRA,FIT,PRA,Brodie Symons,4,12,0,0,c: L Winn b: E Alavi
9,1st,FIT vs PRA,FIT,PRA,Max Delaney,25,21,1,1,not out
9,1st,FIT vs PRA,FIT,PRA,Shenuka De Silva,,,,,did not bat
9,1st,FIT vs PRA,FIT,PRA,Charlie Giles,,,,,did not bat
9,1st,FIT vs PRA,FIT,PRA,James McPhee,,,,,did not bat
9,1st,FIT vs PRA,FIT,PRA,Pranav Menon,,,,,did not bat
9,1st,FIT vs PRA,FIT,PRA,Matt Wilcox,,,,,did not bat
9,1st,GEE vs MEL,MEL,GEE,Nathan Caulfield,19,33,2,0,c: N Croes b: D Warren
9,1st,GEE vs MEL,MEL,GEE,Liam Blackford,8,10,1,0,c: T Walker b: M Stafford
9,1st,GEE vs MEL,MEL,GEE,Tom O’Connell,29,25,3,1,c: Y Singh b: P Hatzoglou
9,1st,GEE vs MEL,MEL,GEE,Joshua Larkin,18,21,1,1,c&b: D Warren
9,1st,GEE vs MEL,MEL,GEE,Arjun Sehrawat,18,7,1,2,b: M Stafford
9,1st,GEE vs MEL,MEL,GEE,Lachie Field,5,7,0,0,c: P Hatzoglou b: B Sears
9,1st,GEE vs MEL,MEL,GEE,Eamonn Vines,11,9,0,1,c: H Melville b: D Warren
9,1st,GEE vs MEL,MEL,GEE,Josh Garner,1,3,0,0,c: F Bean b: B Sears
9,1st,GEE vs MEL,MEL,GEE,Oliver Haberfield,0,1,0,0,not out
9,1st,GEE vs MEL,MEL,GEE,Kieren Helwig,,2,0,0,c: N Croes b: D Warren
9,1st,GEE vs MEL,MEL,GEE,Patrick Sullivan,,1,0,0,st: F Bean b: D Warren
9,1st,GEE vs MEL,GEE,MEL,Fergus McKenna,20,19,2,0,c: J Larkin b: P Sullivan
9,1st,GEE vs MEL,GEE,MEL,Peter Hatzoglou,34,16,3,3,c: N Caulfield b: P Sullivan
9,1st,GEE vs MEL,GEE,MEL,Dhruv Poojari Redhu,54,33,4,2,not out
9,1st,GEE vs MEL,GEE,MEL,Noah Croes,6,6,1,0,c: O Haberfield b: A Sehrawat
9,1st,GEE vs MEL,GEE,MEL,Finlay Bean,27,23,4,0,not out
9,1st,GEE vs MEL,GEE,MEL,Henry Melville,,,,,did not bat
9,1st,GEE vs MEL,GEE,MEL,Ben Sears,,,,,did not bat
9,1st,GEE vs MEL,GEE,MEL,Yuvraj Singh,,,,,did not bat
9,1st,GEE vs MEL,GEE,MEL,Mark Stafford,,,,,did not bat
9,1st,GEE vs MEL,GEE,MEL,Tom Walker,,,,,did not bat
9,1st,GEE vs MEL,GEE,MEL,Douglas Warren,,,,,did not bat
9,1st,DAN vs ESS,ESS,DAN,Shobit Singh,13,9,2,0,c: A Rajput b: M Abdulrafay
9,1st,DAN vs ESS,ESS,DAN,Matthew Wilson,1,5,0,0,c: J Trembearth b: N McGuane
9,1st,DAN vs ESS,ESS,DAN,Brett Forsyth,31,35,3,0,c: M Arsalan b: N McGuane
9,1st,DAN vs ESS,ESS,DAN,Ryan Hammel,10,20,0,0,c: N McGuane b: N Safdar
9,1st,DAN vs ESS,ESS,DAN,James Nanopoulos,15,17,1,0,c: J Trembearth b: M Abdulrafay
9,1st,DAN vs ESS,ESS,DAN,Gehan Seneviratne,25,18,0,2,c: L Molloy b: M Abdulrafay
9,1st,DAN vs ESS,ESS,DAN,Joshua Slater,21,15,1,1,not out
9,1st,DAN vs ESS,ESS,DAN,Vishwa Ramkumar,2,2,0,0,not out
9,1st,DAN vs ESS,ESS,DAN,Noah Hurley,,,,,did not bat
9,1st,DAN vs ESS,ESS,DAN,Barathan Mahadeva,,,,,did not bat
9,1st,DAN vs ESS,ESS,DAN,Nathan Whitford,,,,,did not bat
9,1st,DAN vs ESS,DAN,ESS,Harry Duke,66,52,2,4,not out
9,1st,DAN vs ESS,DAN,ESS,Joshua Trembearth,7,7,1,0,c: V Ramkumar b: N Hurley
9,1st,DAN vs ESS,DAN,ESS,Nicholas Markovski,4,5,0,0,c: J Nanopoulos b: N Hurley
9,1st,DAN vs ESS,DAN,ESS,Arshit Rajput,15,21,0,0,c: M Wilson b: V Ramkumar
9,1st,DAN vs ESS,DAN,ESS,Connor Poulton,15,18,0,0,c: B Forsyth b: M Wilson
9,1st,DAN vs ESS,DAN,ESS,Emerson White,1,1,0,0,run out ()
9,1st,DAN vs ESS,DAN,ESS,Muhammad Arsalan,5,10,0,0,not out
9,1st,DAN vs ESS,DAN,ESS,Muhammad Abdulrafay,,,,,did not bat
9,1st,DAN vs ESS,DAN,ESS,Nicholas McGuane,,,,,did not bat
9,1st,DAN vs ESS,DAN,ESS,Liam Molloy,,,,,did not bat
9,1st,DAN vs ESS,DAN,ESS,Noman Safdar,,,,,did not bat
9,1st,CAR vs FRA,FRA,CAR,Jai Lemire,1,2,0,0,c: X Crone b: A Lenehan
9,1st,CAR vs FRA,FRA,CAR,Connor Rutland,8,12,1,0,c: M Cestnik b: X Crone
9,1st,CAR vs FRA,FRA,CAR,Jagadeswara Koduru,14,15,3,0,c: M Cestnik b: J Singh
9,1st,CAR vs FRA,FRA,CAR,Evan Gulbis,33,30,0,4,c: C Maxwell b: A Lenehan
9,1st,CAR vs FRA,FRA,CAR,Tom Smyth,13,18,2,0,c: L Klauer b: L Curtis
9,1st,CAR vs FRA,FRA,CAR,Harrison Smyth,3,7,0,0,c: L Klauer b: L Curtis
9,1st,CAR vs FRA,FRA,CAR,Guntaas Brar,,7,0,0,c: L Klauer b: J Singh
9,1st,CAR vs FRA,FRA,CAR,Dominic Sullivan,23,16,1,1,b: X Crone
9,1st,CAR vs FRA,FRA,CAR,Cameron Stevenson,,3,0,0,b: L Curtis
9,1st,CAR vs FRA,FRA,CAR,Michael Archer,8,10,0,0,not out
9,1st,CAR vs FRA,FRA,CAR,Aaron Smillie,,,,,did not bat
9,1st,CAR vs FRA,CAR,FRA,Charlie Maxwell,17,20,2,1,c: G Brar b: E Gulbis
9,1st,CAR vs FRA,CAR,FRA,Nicholas Taranto,19,10,2,1,b: M Archer
9,1st,CAR vs FRA,CAR,FRA,Joseph Eckland,37,38,2,1,not out
9,1st,CAR vs FRA,CAR,FRA,Jai Elcock,12,10,2,0,b: T Smyth
9,1st,CAR vs FRA,CAR,FRA,Sam Gove,,2,0,0,st: J Lemire b: T Smyth
9,1st,CAR vs FRA,CAR,FRA,Xavier Crone,3,6,0,0,c: H Smyth b: C Stevenson
9,1st,CAR vs FRA,CAR,FRA,Lachlan Curtis,1,3,0,0,lbw: T Smyth
9,1st,CAR vs FRA,CAR,FRA,Mitchell Cestnik,1,6,0,0,c: C Stevenson b: E Gulbis
9,1st,CAR vs FRA,CAR,FRA,Lachlan Klauer,12,21,0,0,not out
9,1st,CAR vs FRA,CAR,FRA,Aidan Lenehan,,,,,did not bat
9,1st,CAR vs FRA,CAR,FRA,Jaspreet Singh,,,,,did not bat
10,1st,CAR vs CAS,CAS,CAR,Connor Rutland,15,15,2,0,c: J Isakka b: M Irfan
10,1st,CAR vs CAS,CAS,CAR,Aryan J Sharma,16,14,1,1,c: D Pollock b: M Irfan
10,1st,CAR vs CAS,CAS,CAR,Jai Lemire,92,51,7,5,c: A Chandrasinghe b: M Irfan
10,1st,CAR vs CAS,CAS,CAR,Jagadeswara Koduru,10,12,1,0,c: H Hoekstra b: R Kellapotha
10,1st,CAR vs CAS,CAS,CAR,Evan Gulbis,13,12,2,0,c: M Irfan b: A Ramkumar
10,1st,CAR vs CAS,CAS,CAR,Tom Smyth,2,6,0,0,c: M Irfan b: R Kellapotha
10,1st,CAR vs CAS,CAS,CAR,Guntaas Brar,3,6,0,0,not out
10,1st,CAR vs CAS,CAS,CAR,Dominic Sullivan,,1,0,0,b: M Irfan
10,1st,CAR vs CAS,CAS,CAR,Cameron Stevenson,10,3,1,1,not out
10,1st,CAR vs CAS,CAS,CAR,Michael Archer,,,,,did not bat
10,1st,CAR vs CAS,CAS,CAR,Harrison Smyth,,,,,did not bat
10,1st,CAR vs CAS,CAR,CAS,Finlay Gordon,4,9,0,0,c: A Sharma b: C Stevenson
10,1st,CAR vs CAS,CAR,CAS,Daud Malik,4,10,0,0,c: M Archer b: A Sharma
10,1st,CAR vs CAS,CAR,CAS,Jackson Isakka,9,10,1,0,b: M Archer
10,1st,CAR vs CAS,CAR,CAS,Ashley Chandrasinghe,22,22,2,0,c: A Sharma b: C Rutland
10,1st,CAR vs CAS,CAR,CAS,Ruwantha Kellapotha,32,24,2,2,c: J Lemire b: T Smyth
10,1st,CAR vs CAS,CAR,CAS,Muhammad Irfan,,1,0,0,c: C Stevenson b: C Rutland
10,1st,CAR vs CAS,CAR,CAS,Harry Hoekstra,1,3,0,0,c: J Koduru b: M Archer
10,1st,CAR vs CAS,CAR,CAS,Yash Pednekar,17,11,0,2,c: T Smyth b: C Stevenson
10,1st,CAR vs CAS,CAR,CAS,Devin Pollock,29,12,3,2,not out
10,1st,CAR vs CAS,CAR,CAS,Nathan Lambden,2,3,0,0,b: M Archer
10,1st,CAR vs CAS,CAR,CAS,Akshay Ramkumar,,1,0,0,lbw: M Archer
10,1st,PRA vs GRE,GRE,PRA,Cameron Hemp,87,47,10,4,b: M Hussain
10,1st,PRA vs GRE,GRE,PRA,Damon Egan,7,5,1,0,lbw: M Hussain
10,1st,PRA vs GRE,GRE,PRA,Paul Walter,65,32,7,4,c: W Luxton b: I Zmak
10,1st,PRA vs GRE,GRE,PRA,Lachlan Bangs,42,15,5,3,not out
10,1st,PRA vs GRE,GRE,PRA,Brodie Symons,52,23,2,6,not out
10,1st,PRA vs GRE,GRE,PRA,Shenuka De Silva,,,,,did not bat
10,1st,PRA vs GRE,GRE,PRA,Damon Malcolm,,,,,did not bat
10,1st,PRA vs GRE,GRE,PRA,Cam McClure,,,,,did not bat
10,1st,PRA vs GRE,GRE,PRA,James McPhee,,,,,did not bat
10,1st,PRA vs GRE,GRE,PRA,Alex Turner,,,,,did not bat
10,1st,PRA vs GRE,GRE,PRA,Matt Wilcox,,,,,did not bat
10,1st,PRA vs GRE,PRA,GRE,Will Luxton,6,4,1,0,c: A Turner b: C McClure
10,1st,PRA vs GRE,PRA,GRE,Prabhnoor Bhalla,35,19,4,2,c: P Walter b: S De Silva
10,1st,PRA vs GRE,PRA,GRE,Ryan Stingel,25,24,2,0,c: P Walter b: S De Silva
10,1st,PRA vs GRE,PRA,GRE,Odil Perera,10,9,2,0,st: J McPhee b: S De Silva
10,1st,PRA vs GRE,PRA,GRE,Robbie O’Brien,37,27,1,1,not out
10,1st,PRA vs GRE,PRA,GRE,Musa Hussain,4,5,0,0,c: P Walter b: M Wilcox
10,1st,PRA vs GRE,PRA,GRE,Harry Fitzgerald,12,14,1,0,b: M Wilcox
10,1st,PRA vs GRE,PRA,GRE,Yaseen Muntasir,23,9,2,2,c: C McClure b: B Symons
10,1st,PRA vs GRE,PRA,GRE,Armann Singh,10,8,0,1,c: P Walter b: B Symons
10,1st,PRA vs GRE,PRA,GRE,Benjamin Cliff,,1,0,0,b: B Symons
10,1st,PRA vs GRE,PRA,GRE,Ivan Zmak,1,1,0,0,not out
10,1st,ESS vs CAM,CAM,ESS,Harry Duke,94,63,10,3,not out
10,1st,ESS vs CAM,CAM,ESS,Joshua Trembearth,13,16,2,0,c: A Kodoth b: T Nelson
10,1st,ESS vs CAM,CAM,ESS,Simrth Singh Gill,1,1,0,0,run out (L Fitzpatrick)
10,1st,ESS vs CAM,CAM,ESS,Arshit Rajput,13,15,0,0,c&b: L Fitzpatrick
10,1st,ESS vs CAM,CAM,ESS,Emerson White,35,26,5,0,not out
10,1st,ESS vs CAM,CAM,ESS,Muhammad Abdulrafay,,,,,did not bat
10,1st,ESS vs CAM,CAM,ESS,Muhammad Arsalan,,,,,did not bat
10,1st,ESS vs CAM,CAM,ESS,Nicholas McGuane,,,,,did not bat
10,1st,ESS vs CAM,CAM,ESS,Liam Molloy,,,,,did not bat
10,1st,ESS vs CAM,CAM,ESS,Connor Poulton,,,,,did not bat
10,1st,ESS vs CAM,CAM,ESS,Noman Safdar,,,,,did not bat
10,1st,ESS vs CAM,ESS,CAM,Akshay Kodoth,31,21,3,1,lbw: L Molloy
10,1st,ESS vs CAM,ESS,CAM,Liam Fitzpatrick,24,21,3,1,c: C Poulton b: N McGuane
10,1st,ESS vs CAM,ESS,CAM,Jobe Fraser,5,8,0,0,run out ()
10,1st,ESS vs CAM,ESS,CAM,Shorye Chopra,35,27,3,1,c: C Poulton b: N McGuane
10,1st,ESS vs CAM,ESS,CAM,James Wiseman,57,36,7,1,b: L Molloy
10,1st,ESS vs CAM,ESS,CAM,Hamish McKenzie,4,4,0,0,not out
10,1st,ESS vs CAM,ESS,CAM,Charles Simondson,11,3,1,1,not out
10,1st,ESS vs CAM,ESS,CAM,Patrick Forrest,,,,,did not bat
10,1st,ESS vs CAM,ESS,CAM,Tom Nelson,,,,,did not bat
10,1st,ESS vs CAM,ESS,CAM,Jakey Pietz,,,,,did not bat
10,1st,ESS vs CAM,ESS,CAM,William Walker,,,,,did not bat
10,1st,NOR vs FIT,FIT,NOR,Tearan Gleeson,10,10,2,0,c: L Banthorpe b: H Bajwa
10,1st,NOR vs FIT,FIT,NOR,Michael Hay,44,38,4,0,c: L Banthorpe b: B Taeuber
10,1st,NOR vs FIT,FIT,NOR,Jack Lalor,1,4,0,0,c: J Rudd b: B Taeuber
10,1st,NOR vs FIT,FIT,NOR,Joshua Sundberg,22,27,0,2,b: H Bajwa
10,1st,NOR vs FIT,FIT,NOR,Will Blair,21,20,1,0,c: L Banthorpe b: N Fletcher
10,1st,NOR vs FIT,FIT,NOR,Aaron Crispe,4,7,0,0,c: L Banthorpe b: M Childs
10,1st,NOR vs FIT,FIT,NOR,Mitch Lawson,10,8,1,0,c: E Alavi b: B Taeuber
10,1st,NOR vs FIT,FIT,NOR,Jackson Smith,5,3,1,0,not out
10,1st,NOR vs FIT,FIT,NOR,Joe Medew-Ewen,1,5,0,0,not out
10,1st,NOR vs FIT,FIT,NOR,Matthew Pearce,,,,,did not bat
10,1st,NOR vs FIT,FIT,NOR,Michael Rogneda,,,,,did not bat
10,1st,NOR vs FIT,NOR,FIT,Jack Rudd,29,29,3,0,c: W Blair b: J Lalor
10,1st,NOR vs FIT,NOR,FIT,Liam Winn,13,10,0,1,c: A Crispe b: J Smith
10,1st,NOR vs FIT,NOR,FIT,Nicholas Fletcher,6,11,0,0,c: J Medew-Ewen b: A Crispe
10,1st,NOR vs FIT,NOR,FIT,Liam Banthorpe,19,28,0,0,run out (A Crispe)
10,1st,NOR vs FIT,NOR,FIT,Glenn Maxwell,48,22,2,5,c: M Rogneda b: J Medew-Ewen
10,1st,NOR vs FIT,NOR,FIT,tom kellar,0,0,0,0,not out
10,1st,NOR vs FIT,NOR,FIT,Zachary Elliott,6,1,0,1,not out
10,1st,NOR vs FIT,NOR,FIT,Ejaaz Alavi,,,,,did not bat
10,1st,NOR vs FIT,NOR,FIT,Harkirat Bajwa,,,,,did not bat
10,1st,NOR vs FIT,NOR,FIT,Miller Childs,,,,,did not bat
10,1st,NOR vs FIT,NOR,FIT,Braden Taeuber,,,,,did not bat
10,1st,RIC vs DAN,DAN,RIC,Dan Scholz,1,7,0,0,c: B Mahadeva b: N Hurley
10,1st,RIC vs DAN,DAN,RIC,James Doherty,2,5,0,0,c: S Singh b: J Nanopoulos
10,1st,RIC vs DAN,DAN,RIC,Jonathan D’Rozario,31,26,3,0,c: J Nanopoulos b: V Ramkumar
10,1st,RIC vs DAN,DAN,RIC,Jacob Hinds,13,15,1,0,c: J Nanopoulos b: N Whitford
10,1st,RIC vs DAN,DAN,RIC,Tim Goodman,34,34,3,0,c: N Hurley b: J Nanopoulos
10,1st,RIC vs DAN,DAN,RIC,Connor Hinds,2,5,0,0,b: N Whitford
10,1st,RIC vs DAN,DAN,RIC,Sam Mills,,3,0,0,c: B Mahadeva b: N Whitford
10,1st,RIC vs DAN,DAN,RIC,Joshua Sawrey,32,19,3,2,not out
10,1st,RIC vs DAN,DAN,RIC,Brendan Rose,7,6,1,0,not out
10,1st,RIC vs DAN,DAN,RIC,Joshua Ash,,,,,did not bat
10,1st,RIC vs DAN,DAN,RIC,Dhruval Parikh,,,,,did not bat
10,1st,RIC vs DAN,RIC,DAN,Matthew Wilson,20,20,2,1,c: B Rose b: S Mills
10,1st,RIC vs DAN,RIC,DAN,Shobit Singh,,3,0,0,c: C Hinds b: B Rose
10,1st,RIC vs DAN,RIC,DAN,Joshua Slater,7,20,0,0,b: D Parikh
10,1st,RIC vs DAN,RIC,DAN,Vishesh Bansal,11,19,0,0,b: J Ash
10,1st,RIC vs DAN,RIC,DAN,Ryan Hammel,3,6,0,0,c: C Hinds b: J Sawrey
10,1st,RIC vs DAN,RIC,DAN,James Nanopoulos,6,12,0,0,c: S Mills b: J Sawrey
10,1st,RIC vs DAN,RIC,DAN,Gehan Seneviratne,16,11,0,2,b: S Mills
10,1st,RIC vs DAN,RIC,DAN,Vishwa Ramkumar,12,13,0,0,not out
10,1st,RIC vs DAN,RIC,DAN,Barathan Mahadeva,10,16,0,0,not out
10,1st,RIC vs DAN,RIC,DAN,Noah Hurley,,,,,did not bat
10,1st,RIC vs DAN,RIC,DAN,Nathan Whitford,,,,,did not bat
10,1st,RIN vs FRA,FRA,RIN,Tom Rogers,89,56,7,5,c: X Crone b: M Cestnik
10,1st,RIN vs FRA,FRA,RIN,Rheedyi Adam Amin,56,49,6,1,c: J Eckland b: A Lenehan
10,1st,RIN vs FRA,FRA,RIN,Archie Flynn,12,9,0,1,not out
10,1st,RIN vs FRA,FRA,RIN,Ian Holland,9,7,0,0,not out
10,1st,RIN vs FRA,FRA,RIN,Justin Beaton,,,,,did not bat
10,1st,RIN vs FRA,FRA,RIN,Matthew Fotia,,,,,did not bat
10,1st,RIN vs FRA,FRA,RIN,Jackson Freeman,,,,,did not bat
10,1st,RIN vs FRA,FRA,RIN,Benjamin Gibson,,,,,did not bat
10,1st,RIN vs FRA,FRA,RIN,Oliver Horlock,,,,,did not bat
10,1st,RIN vs FRA,FRA,RIN,David King,,,,,did not bat
10,1st,RIN vs FRA,FRA,RIN,Dylan Walker,,,,,did not bat
10,1st,RIN vs FRA,RIN,FRA,Charlie Maxwell,13,17,1,0,c: O Horlock b: M Fotia
10,1st,RIN vs FRA,RIN,FRA,Nicholas Taranto,13,13,1,0,b: D Walker
10,1st,RIN vs FRA,RIN,FRA,Joseph Eckland,16,17,2,0,c: O Horlock b: J Beaton
10,1st,RIN vs FRA,RIN,FRA,Jai Elcock,14,15,1,0,c: B Gibson b: J Freeman
10,1st,RIN vs FRA,RIN,FRA,Sam Gove,3,5,0,0,st: B Gibson b: D King
10,1st,RIN vs FRA,RIN,FRA,Xavier Crone,30,18,2,2,c: J Beaton b: D King
10,1st,RIN vs FRA,RIN,FRA,Lachlan Curtis,5,7,0,0,b: R Amin
10,1st,RIN vs FRA,RIN,FRA,Mitchell Cestnik,9,10,0,0,c: T Rogers b: R Amin
10,1st,RIN vs FRA,RIN,FRA,Lachlan Klauer,1,2,0,0,c: T Rogers b: J Freeman
10,1st,RIN vs FRA,RIN,FRA,Jaspreet Singh,6,9,1,0,c: J Beaton b: R Amin
10,1st,RIN vs FRA,RIN,FRA,Aidan Lenehan,1,3,0,0,not out
10,1st,ST vs MEL,MEL,ST,James Seymour,31,20,2,2,c: F Bean b: P Hatzoglou
10,1st,ST vs MEL,MEL,ST,Brandon Faber,14,15,1,0,c: P Hatzoglou b: M Stafford
10,1st,ST vs MEL,MEL,ST,Blake Macdonald,25,22,2,1,c: N Croes b: M Stafford
10,1st,ST vs MEL,MEL,ST,Peter Handscomb,8,11,0,0,c: N Croes b: B Sears
10,1st,ST vs MEL,MEL,ST,Harry Dixon,24,19,0,1,c: F McKenna b: Y Singh
10,1st,ST vs MEL,MEL,ST,Ed Newman,19,15,1,1,c: N Croes b: D Warren
10,1st,ST vs MEL,MEL,ST,Thomas Russ,11,9,1,0,not out
10,1st,ST vs MEL,MEL,ST,Matthew Hennig,6,9,0,0,not out
10,1st,ST vs MEL,MEL,ST,Luke Destito,,,,,did not bat
10,1st,ST vs MEL,MEL,ST,Will Lovell,,,,,did not bat
10,1st,ST vs MEL,MEL,ST,Thomas Paddington,,,,,did not bat
10,1st,ST vs MEL,ST,MEL,Peter Hatzoglou,1,3,0,0,c: T Paddington b: W Lovell
10,1st,ST vs MEL,ST,MEL,Fergus McKenna,4,4,0,0,b: L Destito
10,1st,ST vs MEL,ST,MEL,Dhruv Poojari Redhu,18,11,1,1,c: B Faber b: T Paddington
10,1st,ST vs MEL,ST,MEL,Noah Croes,14,22,1,0,c: B Faber b: M Hennig
10,1st,ST vs MEL,ST,MEL,Finlay Bean,7,13,0,0,c&b: T Russ
10,1st,ST vs MEL,ST,MEL,Yuvraj Singh,26,19,2,1,c: B Macdonald b: M Hennig
10,1st,ST vs MEL,ST,MEL,Henry Melville,8,11,0,0,c: P Handscomb b: M Hennig
10,1st,ST vs MEL,ST,MEL,Ben Sears,42,24,3,2,run out (L Destito)
10,1st,ST vs MEL,ST,MEL,Douglas Warren,16,13,1,0,not out
10,1st,ST vs MEL,ST,MEL,Mark Stafford,,,,,did not bat
10,1st,ST vs MEL,ST,MEL,Tom Walker,,,,,did not bat
10,1st,KIN vs MEL,MEL,KIN,Zen Malik,,1,0,0,c&b: D Moody
10,1st,KIN vs MEL,MEL,KIN,Saad Khattak,5,9,0,0,c: O Gunning b: J Sullivan
10,1st,KIN vs MEL,MEL,KIN,Josh Manning,13,15,2,0,c: D Moody b: T Wrigglesworth
10,1st,KIN vs MEL,MEL,KIN,Jonathan Vincent,16,23,1,0,lbw: J Merlo
10,1st,KIN vs MEL,MEL,KIN,Charlie Aldridge,17,18,1,1,st: S Harper b: C Kellaway
10,1st,KIN vs MEL,MEL,KIN,Nic Tindall,10,12,0,0,b: J Rosham
10,1st,KIN vs MEL,MEL,KIN,Vimesh Wickramasinghe,21,18,3,0,c: B Thomson b: J Merlo
10,1st,KIN vs MEL,MEL,KIN,Joel Lewis,1,3,0,0,b: D Moody
10,1st,KIN vs MEL,MEL,KIN,Cory Cater,12,7,1,1,run out (T Wrigglesworth)
10,1st,KIN vs MEL,MEL,KIN,Luke Stow,8,9,0,0,not out
10,1st,KIN vs MEL,MEL,KIN,William Bowering,4,5,1,0,not out
10,1st,KIN vs MEL,KIN,MEL,Sam Harper,64,37,7,2,not out
10,1st,KIN vs MEL,KIN,MEL,Oliver Gunning,7,7,1,0,c: V Wickramasinghe b: C Cater
10,1st,KIN vs MEL,KIN,MEL,Campbell Kellaway,40,27,3,2,c: L Stow b: N Tindall
10,1st,KIN vs MEL,KIN,MEL,Jonathan Merlo,3,3,0,0,not out
10,1st,KIN vs MEL,KIN,MEL,Jack Harper,,,,,did not bat
10,1st,KIN vs MEL,KIN,MEL,Christopher Kellaway,,,,,did not bat
10,1st,KIN vs MEL,KIN,MEL,David Moody,,,,,did not bat
10,1st,KIN vs MEL,KIN,MEL,James Rosham,,,,,did not bat
10,1st,KIN vs MEL,KIN,MEL,Jack Sullivan,,,,,did not bat
10,1st,KIN vs MEL,KIN,MEL,Blake Thomson,,,,,did not bat
10,1st,KIN vs MEL,KIN,MEL,Thomas Wrigglesworth,,,,,did not bat
10,1st,GEE vs FOO,FOO,GEE,Ashley Armstrong,83,61,6,4,st: D Kight b: B Toseland
10,1st,GEE vs FOO,FOO,GEE,Liam Blackford,8,4,2,0,c&b: J Vine
10,1st,GEE vs FOO,FOO,GEE,Tom O’Connell,3,5,0,0,c: T Dean b: M Birthisel
10,1st,GEE vs FOO,FOO,GEE,Joshua Larkin,48,43,4,0,b: B Toseland
10,1st,GEE vs FOO,FOO,GEE,Arjun Sehrawat,4,2,1,0,"run out (A Nadeem, M Birthisel)"
10,1st,GEE vs FOO,FOO,GEE,Lachie Field,6,4,0,0,not out
10,1st,GEE vs FOO,FOO,GEE,Eamonn Vines,1,1,0,0,not out
10,1st,GEE vs FOO,FOO,GEE,Zane Attard,,,,,did not bat
10,1st,GEE vs FOO,FOO,GEE,Josh Garner,,,,,did not bat
10,1st,GEE vs FOO,FOO,GEE,Oliver Haberfield,,,,,did not bat
10,1st,GEE vs FOO,FOO,GEE,Kieren Helwig,,,,,did not bat
10,1st,GEE vs FOO,GEE,FOO,Aiman Nadeem,34,18,6,1,b: Z Attard
10,1st,GEE vs FOO,GEE,FOO,Mitchell Jamieson,16,11,3,0,c: Z Attard b: J Garner
10,1st,GEE vs FOO,GEE,FOO,Dylan Brasher,34,23,5,0,c: L Field b: O Haberfield
10,1st,GEE vs FOO,GEE,FOO,Dylan Kight,61,35,7,2,not out
10,1st,GEE vs FOO,GEE,FOO,Joshua Pace,1,1,0,0,"run out (O Haberfield, L Blackford)"
10,1st,GEE vs FOO,GEE,FOO,Jack Prestwidge,19,26,0,1,c: J Garner b: Z Attard
10,1st,GEE vs FOO,GEE,FOO,Travis Dean,1,1,0,0,not out
10,1st,GEE vs FOO,GEE,FOO,Max Birthisel,,,,,did not bat
10,1st,GEE vs FOO,GEE,FOO,Liam Mason,,,,,did not bat
10,1st,GEE vs FOO,GEE,FOO,Bailey Toseland,,,,,did not bat
10,1st,GEE vs FOO,GEE,FOO,Jay Vine,,,,,did not bat
11,1st,ST vs GRE,GRE,ST,James Seymour,45,40,2,0,c&b: Y Muntasir
11,1st,ST vs GRE,GRE,ST,Brandon Faber,4,3,1,0,c: P Bhalla b: B Cliff
11,1st,ST vs GRE,GRE,ST,Blake Macdonald,23,19,2,1,c: B Cliff b: Y Muntasir
11,1st,ST vs GRE,GRE,ST,Peter Handscomb,51,37,3,2,c&b: Y Muntasir
11,1st,ST vs GRE,GRE,ST,Ed Newman,9,8,0,0,not out
11,1st,ST vs GRE,GRE,ST,Adam Crosthwaite,5,7,0,0,b: A Singh
11,1st,ST vs GRE,GRE,ST,Thomas Russ,10,6,1,0,not out
11,1st,ST vs GRE,GRE,ST,Luke Destito,,,,,did not bat
11,1st,ST vs GRE,GRE,ST,Matthew Hennig,,,,,did not bat
11,1st,ST vs GRE,GRE,ST,Will Lovell,,,,,did not bat
11,1st,ST vs GRE,GRE,ST,Thomas Paddington,,,,,did not bat
11,1st,ST vs GRE,ST,GRE,Will Luxton,45,31,1,3,c: L Destito b: M Hennig
11,1st,ST vs GRE,ST,GRE,Prabhnoor Bhalla,20,9,3,1,b: T Paddington
11,1st,ST vs GRE,ST,GRE,Ryan Stingel,21,22,1,0,lbw: J Seymour
11,1st,ST vs GRE,ST,GRE,Odil Perera,10,11,1,0,b: T Russ
11,1st,ST vs GRE,ST,GRE,Robbie O’Brien,20,20,1,0,c: L Destito b: M Hennig
11,1st,ST vs GRE,ST,GRE,Musa Hussain,10,12,0,0,c: B Macdonald b: L Destito
11,1st,ST vs GRE,ST,GRE,Yaseen Muntasir,6,10,0,0,b: L Destito
11,1st,ST vs GRE,ST,GRE,Armann Singh,6,4,1,0,not out
11,1st,ST vs GRE,ST,GRE,Harry Fitzgerald,1,1,0,0,not out
11,1st,ST vs GRE,ST,GRE,Benjamin Cliff,,,,,did not bat
11,1st,ST vs GRE,ST,GRE,Ivan Zmak,,,,,did not bat
11,1st,MEL vs MEL,MEL,MEL,Sam Harper,16,5,1,2,c: D Redhu b: T Walker
11,1st,MEL vs MEL,MEL,MEL,Oliver Gunning,1,3,0,0,c: Y Singh b: M Stafford
11,1st,MEL vs MEL,MEL,MEL,Campbell Kellaway,34,23,4,0,c: N Croes b: Y Singh
11,1st,MEL vs MEL,MEL,MEL,Thomas Curran,11,0,2,0,c: J Prakash b: P Hatzoglou
11,1st,MEL vs MEL,MEL,MEL,Jonathan Merlo,38,33,2,1,c: Y Singh b: P Hatzoglou
11,1st,MEL vs MEL,MEL,MEL,Jack Harper,7,11,0,0,b: D Warren
11,1st,MEL vs MEL,MEL,MEL,Blake Thomson,19,17,1,0,c: H Melville b: M Stafford
11,1st,MEL vs MEL,MEL,MEL,Thomas Wrigglesworth,19,13,2,0,c: D Warren b: Y Singh
11,1st,MEL vs MEL,MEL,MEL,James Rosham,3,3,0,0,lbw: P Hatzoglou
11,1st,MEL vs MEL,MEL,MEL,Jack Sullivan,4,4,0,0,not out
11,1st,MEL vs MEL,MEL,MEL,David Moody,0,1,0,0,not out
11,1st,MEL vs MEL,MEL,MEL,Fergus McKenna,24,11,4,1,c: T Curran b: J Sullivan
11,1st,MEL vs MEL,MEL,MEL,Peter Hatzoglou,20,13,4,0,c: S Harper b: T Wrigglesworth
11,1st,MEL vs MEL,MEL,MEL,Dhruv Poojari Redhu,37,26,4,1,c: J Merlo b: D Moody
11,1st,MEL vs MEL,MEL,MEL,Noah Croes,13,14,1,0,c: S Harper b: D Moody
11,1st,MEL vs MEL,MEL,MEL,Finlay Bean,9,11,0,0,c: B Thomson b: T Curran
11,1st,MEL vs MEL,MEL,MEL,Yuvraj Singh,41,24,2,3,not out
11,1st,MEL vs MEL,MEL,MEL,Henry Melville,17,9,2,0,not out
11,1st,MEL vs MEL,MEL,MEL,Mark Stafford,,,,,did not bat
11,1st,MEL vs MEL,MEL,MEL,Tom Walker,,,,,did not bat
11,1st,MEL vs MEL,MEL,MEL,Douglas Warren,,,,,did not bat
11,1st,MEL vs MEL,MEL,MEL,Janak Prakash,,,,,did not bat
11,1st,ESS vs GEE,GEE,ESS,Harry Duke,2,4,0,0,c: J Garner b: O Haberfield
11,1st,ESS vs GEE,GEE,ESS,Joshua Trembearth,12,18,1,0,c: L Field b: T O’Connell
11,1st,ESS vs GEE,GEE,ESS,Simrth Singh Gill,1,5,0,0,c: L Blackford b: J Garner
11,1st,ESS vs GEE,GEE,ESS,Arshit Rajput,24,11,3,1,c: O Haberfield b: T O’Connell
11,1st,ESS vs GEE,GEE,ESS,Emerson White,28,21,0,3,c&b: J Larkin
11,1st,ESS vs GEE,GEE,ESS,Muhammad Arsalan,44,37,2,2,c: J Larkin b: J Garner
11,1st,ESS vs GEE,GEE,ESS,Liam Molloy,8,9,1,0,"run out (E Vines, L Blackford)"
11,1st,ESS vs GEE,GEE,ESS,Connor Poulton,10,7,1,0,c: E Vines b: J Garner
11,1st,ESS vs GEE,GEE,ESS,Muhammad Abdulrafay,8,6,0,1,b: Z Attard
11,1st,ESS vs GEE,GEE,ESS,Noman Safdar,1,1,0,0,not out
11,1st,ESS vs GEE,GEE,ESS,Nicholas McGuane,,1,0,0,c: A Sehrawat b: Z Attard
11,1st,ESS vs GEE,ESS,GEE,Ashley Armstrong,8,8,0,1,lbw: N Safdar
11,1st,ESS vs GEE,ESS,GEE,Liam Blackford,12,9,2,0,c: A Rajput b: N Safdar
11,1st,ESS vs GEE,ESS,GEE,Tom O’Connell,22,29,1,0,c: S Gill b: N McGuane
11,1st,ESS vs GEE,ESS,GEE,Joshua Larkin,54,41,3,2,not out
11,1st,ESS vs GEE,ESS,GEE,Arjun Sehrawat,19,9,2,1,c: J Trembearth b: N Safdar
11,1st,ESS vs GEE,ESS,GEE,Lachie Field,23,11,3,1,not out
11,1st,ESS vs GEE,ESS,GEE,Zane Attard,,,,,did not bat
11,1st,ESS vs GEE,ESS,GEE,Josh Garner,,,,,did not bat
11,1st,ESS vs GEE,ESS,GEE,Oliver Haberfield,,,,,did not bat
11,1st,ESS vs GEE,ESS,GEE,Lachlan Neate,,,,,did not bat
11,1st,ESS vs GEE,ESS,GEE,Eamonn Vines,,,,,did not bat
11,1st,CAS vs NOR,NOR,CAS,Daud Malik,6,4,0,1,c: M Lawson b: M Rogneda
11,1st,CAS vs NOR,NOR,CAS,Finlay Gordon,79,47,6,3,hit wicket b: J Smith
11,1st,CAS vs NOR,NOR,CAS,Jackson Isakka,21,14,1,2,c: J Medew-Ewen b: A Crispe
11,1st,CAS vs NOR,NOR,CAS,Ashley Chandrasinghe,50,38,4,1,not out
11,1st,CAS vs NOR,NOR,CAS,Ruwantha Kellapotha,19,10,1,2,c: M Pearce b: J Lalor
11,1st,CAS vs NOR,NOR,CAS,Harry Hoekstra,8,5,0,1,c: M Hay b: A Crispe
11,1st,CAS vs NOR,NOR,CAS,Yash Pednekar,3,3,0,0,c: J Sundberg b: A Crispe
11,1st,CAS vs NOR,NOR,CAS,Muhammad Irfan,,,,,did not bat
11,1st,CAS vs NOR,NOR,CAS,Nathan Lambden,,,,,did not bat
11,1st,CAS vs NOR,NOR,CAS,Devin Pollock,,,,,did not bat
11,1st,CAS vs NOR,NOR,CAS,Akshay Ramkumar,,,,,did not bat
11,1st,CAS vs NOR,CAS,NOR,Tearan Gleeson,17,17,3,0,lbw: R Kellapotha
11,1st,CAS vs NOR,CAS,NOR,Michael Hay,5,9,0,0,c: D Malik b: M Irfan
11,1st,CAS vs NOR,CAS,NOR,Jack Lalor,6,9,0,0,c: H Hoekstra b: F Gordon
11,1st,CAS vs NOR,CAS,NOR,Joshua Sundberg,17,12,2,1,c: A Chandrasinghe b: A Ramkumar
11,1st,CAS vs NOR,CAS,NOR,Will Blair,11,7,2,0,c: M Irfan b: R Kellapotha
11,1st,CAS vs NOR,CAS,NOR,Aaron Crispe,8,9,1,0,b: M Irfan
11,1st,CAS vs NOR,CAS,NOR,Mitch Lawson,55,30,7,2,not out
11,1st,CAS vs NOR,CAS,NOR,Jackson Smith,13,12,0,1,c: N Lambden b: H Hoekstra
11,1st,CAS vs NOR,CAS,NOR,Joe Medew-Ewen,35,15,3,3,not out
11,1st,CAS vs NOR,CAS,NOR,Matthew Pearce,,,,,did not bat
11,1st,CAS vs NOR,CAS,NOR,Michael Rogneda,,,,,did not bat
11,1st,DAN vs RIN,RIN,DAN,Shobit Singh,4,3,1,0,c: T Sugumar b: D King
11,1st,DAN vs RIN,RIN,DAN,Matthew Wilson,37,45,3,0,c: D Walker b: D King
11,1st,DAN vs RIN,RIN,DAN,Vishesh Bansal,11,17,2,0,c: B Gibson b: D Walker
11,1st,DAN vs RIN,RIN,DAN,Ryan Hammel,7,17,0,0,b: T Rogers
11,1st,DAN vs RIN,RIN,DAN,Joshua Slater,4,5,0,0,lbw: D Walker
11,1st,DAN vs RIN,RIN,DAN,James Nanopoulos,38,33,4,0,st: B Gibson b: D King
11,1st,DAN vs RIN,RIN,DAN,Gehan Seneviratne,1,1,0,0,not out
11,1st,DAN vs RIN,RIN,DAN,Noah Hurley,,,,,did not bat
11,1st,DAN vs RIN,RIN,DAN,Barathan Mahadeva,,,,,did not bat
11,1st,DAN vs RIN,RIN,DAN,Vishwa Ramkumar,,,,,did not bat
11,1st,DAN vs RIN,RIN,DAN,Nathan Whitford,,,,,did not bat
11,1st,DAN vs RIN,DAN,RIN,Tom Rogers,51,33,7,1,c: B Mahadeva b: M Wilson
11,1st,DAN vs RIN,DAN,RIN,Rheedyi Adam Amin,10,8,2,0,c: M Wilson b: J Nanopoulos
11,1st,DAN vs RIN,DAN,RIN,Archie Flynn,9,10,1,0,c: M Wilson b: N Hurley
11,1st,DAN vs RIN,DAN,RIN,David King,9,11,1,0,c: N Hurley b: V Ramkumar
11,1st,DAN vs RIN,DAN,RIN,Oliver Horlock,9,11,1,0,not out
11,1st,DAN vs RIN,DAN,RIN,Benjamin Gibson,17,14,3,0,not out
11,1st,DAN vs RIN,DAN,RIN,Justin Beaton,,,,,did not bat
11,1st,DAN vs RIN,DAN,RIN,Matthew Fotia,,,,,did not bat
11,1st,DAN vs RIN,DAN,RIN,Jackson Freeman,,,,,did not bat
11,1st,DAN vs RIN,DAN,RIN,Timothy Sugumar,,,,,did not bat
11,1st,DAN vs RIN,DAN,RIN,Dylan Walker,,,,,did not bat
11,1st,RIC vs FRA,FRA,RIC,Dan Scholz,1,2,0,0,c: C Maxwell b: A Lenehan
11,1st,RIC vs FRA,FRA,RIC,James Doherty,11,10,2,0,c: N Taranto b: X Crone
11,1st,RIC vs FRA,FRA,RIC,Jonathan D’Rozario,4,7,1,0,c: J Eckland b: X Crone
11,1st,RIC vs FRA,FRA,RIC,Jacob Hinds,26,23,3,0,c: S Gove b: M Cestnik
11,1st,RIC vs FRA,FRA,RIC,Tim Goodman,59,43,5,1,c: N Taranto b: J Singh
11,1st,RIC vs FRA,FRA,RIC,Connor Hinds,8,14,0,0,b: A Lenehan
11,1st,RIC vs FRA,FRA,RIC,Brendan Rose,5,3,1,0,lbw: A Lenehan
11,1st,RIC vs FRA,FRA,RIC,Sam Mills,8,8,0,0,b: J Singh
11,1st,RIC vs FRA,FRA,RIC,Joshua Sawrey,18,9,2,1,c: C Maxwell b: J Singh
11,1st,RIC vs FRA,FRA,RIC,Dhruval Parikh,1,1,0,0,not out
11,1st,RIC vs FRA,FRA,RIC,Joshua Ash,,,,,did not bat
11,1st,RIC vs FRA,RIC,FRA,Charlie Maxwell,50,45,4,2,c: S Mills b: J Ash
11,1st,RIC vs FRA,RIC,FRA,Nicholas Taranto,34,32,3,0,st: C Hinds b: J Ash
11,1st,RIC vs FRA,RIC,FRA,Joseph Eckland,4,5,0,0,c: J Doherty b: D Parikh
11,1st,RIC vs FRA,RIC,FRA,Jai Elcock,22,13,1,2,c: J Hinds b: B Rose
11,1st,RIC vs FRA,RIC,FRA,Sam Gove,8,11,1,0,c: S Mills b: J Ash
11,1st,RIC vs FRA,RIC,FRA,Xavier Crone,4,5,0,0,c: J D’Rozario b: J Ash
11,1st,RIC vs FRA,RIC,FRA,Lachlan Curtis,10,4,0,1,not out
11,1st,RIC vs FRA,RIC,FRA,Mitchell Cestnik,2,3,0,0,c: C Hinds b: S Mills
11,1st,RIC vs FRA,RIC,FRA,Lachlan Klauer,,1,0,0,c: C Hinds b: S Mills
11,1st,RIC vs FRA,RIC,FRA,Aidan Lenehan,1,2,0,0,not out
11,1st,RIC vs FRA,RIC,FRA,Jaspreet Singh,,,,,did not bat
11,1st,PRA vs KIN,KIN,PRA,Damon Egan,20,20,4,0,c: J Vincent b: S Khattak
11,1st,PRA vs KIN,KIN,PRA,Cameron Hemp,22,32,1,1,c: J Lewis b: C Cater
11,1st,PRA vs KIN,KIN,PRA,Paul Walter,38,21,3,3,c: L Stow b: V Wickramasinghe
11,1st,PRA vs KIN,KIN,PRA,Lachlan Bangs,9,8,0,0,c&b: V Wickramasinghe
11,1st,PRA vs KIN,KIN,PRA,Brodie Symons,30,19,3,1,not out
11,1st,PRA vs KIN,KIN,PRA,Alex Turner,4,4,1,0,c: Z Malik b: C Cater
11,1st,PRA vs KIN,KIN,PRA,Damon Malcolm,1,3,0,0,st: J Lewis b: W Bowering
11,1st,PRA vs KIN,KIN,PRA,Shenuka De Silva,6,11,0,0,c: J Manning b: C Cater
11,1st,PRA vs KIN,KIN,PRA,James McPhee,2,2,0,0,not out
11,1st,PRA vs KIN,KIN,PRA,Cam McClure,,,,,did not bat
11,1st,PRA vs KIN,KIN,PRA,Matt Wilcox,,,,,did not bat
11,1st,PRA vs KIN,PRA,KIN,Saad Khattak,8,9,1,0,b: C McClure
11,1st,PRA vs KIN,PRA,KIN,Zen Malik,1,4,0,0,b: B Symons
11,1st,PRA vs KIN,PRA,KIN,Josh Manning,11,19,1,0,c: A Turner b: M Wilcox
11,1st,PRA vs KIN,PRA,KIN,Jonathan Vincent,,2,0,0,b: B Symons
11,1st,PRA vs KIN,PRA,KIN,Charlie Aldridge,3,6,0,0,c: M Wilcox b: B Symons
11,1st,PRA vs KIN,PRA,KIN,Nic Tindall,22,31,2,0,c: B Symons b: S De Silva
11,1st,PRA vs KIN,PRA,KIN,Vimesh Wickramasinghe,28,20,3,1,b: S De Silva
11,1st,PRA vs KIN,PRA,KIN,Joel Lewis,3,6,0,0,c: C Hemp b: C McClure
11,1st,PRA vs KIN,PRA,KIN,Cory Cater,5,7,0,0,c: L Bangs b: B Symons
11,1st,PRA vs KIN,PRA,KIN,Luke Stow,1,3,0,0,c: P Walter b: M Wilcox
11,1st,PRA vs KIN,PRA,KIN,William Bowering,4,2,1,0,not out
11,1st,FIT vs CAR,CAR,FIT,Matthew Spoors,22,9,4,1,c: J Koduru b: A Sharma
11,1st,FIT vs CAR,CAR,FIT,Liam Winn,11,17,1,0,b: T Smyth
11,1st,FIT vs CAR,CAR,FIT,Jack Rudd,31,27,1,1,"run out (D Sullivan, M Archer)"
11,1st,FIT vs CAR,CAR,FIT,Nicholas Fletcher,33,25,4,1,c: M Archer b: C Stevenson
11,1st,FIT vs CAR,CAR,FIT,Glenn Maxwell,74,32,6,6,c: J Koduru b: C Stevenson
11,1st,FIT vs CAR,CAR,FIT,Samuel Elliott,2,5,0,0,c: C Stevenson b: T Smyth
11,1st,FIT vs CAR,CAR,FIT,Liam Banthorpe,1,1,0,0,not out
11,1st,FIT vs CAR,CAR,FIT,Zachary Elliott,,1,0,0,c: J Koduru b: M Archer
11,1st,FIT vs CAR,CAR,FIT,Miller Childs,,2,0,0,c: J Koduru b: M Archer
11,1st,FIT vs CAR,CAR,FIT,Braden Taeuber,0,2,0,0,not out
11,1st,FIT vs CAR,CAR,FIT,Harkirat Bajwa,,,,,did not bat
11,1st,FIT vs CAR,FIT,CAR,Connor Rutland,50,34,3,3,c: Z Elliott b: H Bajwa
11,1st,FIT vs CAR,FIT,CAR,Aryan J Sharma,26,16,3,1,c: J Rudd b: M Childs
11,1st,FIT vs CAR,FIT,CAR,Jai Lemire,10,8,1,0,"run out (J Rudd, L Banthorpe)"
11,1st,FIT vs CAR,FIT,CAR,Jagadeswara Koduru,2,3,0,0,c: N Fletcher b: S Elliott
11,1st,FIT vs CAR,FIT,CAR,Evan Gulbis,3,8,0,0,c: Z Elliott b: S Elliott
11,1st,FIT vs CAR,FIT,CAR,Tom Smyth,6,5,1,0,c: S Elliott b: M Spoors
11,1st,FIT vs CAR,FIT,CAR,Harrison Smyth,14,11,2,0,c: L Banthorpe b: B Taeuber
11,1st,FIT vs CAR,FIT,CAR,Guntaas Brar,26,17,3,1,c: B Taeuber b: S Elliott
11,1st,FIT vs CAR,FIT,CAR,Dominic Sullivan,30,14,4,1,not out
11,1st,FIT vs CAR,FIT,CAR,Cameron Stevenson,6,2,0,1,c: J Rudd b: S Elliott
11,1st,FIT vs CAR,FIT,CAR,Michael Archer,4,2,1,0,not out
11,1st,CAM vs FOO,FOO,CAM,Akshay Kodoth,47,32,5,1,c: M Jamieson b: J Vine
11,1st,CAM vs FOO,FOO,CAM,Liam Fitzpatrick,19,26,1,0,c: T Dean b: J Vine
11,1st,CAM vs FOO,FOO,CAM,Hamish McKenzie,52,34,4,2,c: J Vine b: A Nadeem
11,1st,CAM vs FOO,FOO,CAM,James Wiseman,44,28,5,0,not out
11,1st,CAM vs FOO,FOO,CAM,Shorye Chopra,,,,,did not bat
11,1st,CAM vs FOO,FOO,CAM,Patrick Forrest,,,,,did not bat
11,1st,CAM vs FOO,FOO,CAM,Jobe Fraser,,,,,did not bat
11,1st,CAM vs FOO,FOO,CAM,Tom Nelson,,,,,did not bat
11,1st,CAM vs FOO,FOO,CAM,Jakey Pietz,,,,,did not bat
11,1st,CAM vs FOO,FOO,CAM,Charles Simondson,,,,,did not bat
11,1st,CAM vs FOO,FOO,CAM,William Walker,,,,,did not bat
11,1st,CAM vs FOO,CAM,FOO,Aiman Nadeem,15,9,3,0,c: P Forrest b: C Simondson
11,1st,CAM vs FOO,CAM,FOO,Mitchell Jamieson,27,20,3,1,c: A Kodoth b: T Nelson
11,1st,CAM vs FOO,CAM,FOO,Dylan Brasher,9,7,2,0,b: H McKenzie
11,1st,CAM vs FOO,CAM,FOO,Dylan Kight,16,16,2,0,c: J Wiseman b: T Nelson
11,1st,CAM vs FOO,CAM,FOO,Joshua Pace,60,32,4,4,not out
11,1st,CAM vs FOO,CAM,FOO,Jack Prestwidge,13,9,1,1,b: L Fitzpatrick
11,1st,CAM vs FOO,CAM,FOO,Travis Dean,28,22,5,0,not out
11,1st,CAM vs FOO,CAM,FOO,Max Birthisel,,,,,did not bat
11,1st,CAM vs FOO,CAM,FOO,Liam Mason,,,,,did not bat
11,1st,CAM vs FOO,CAM,FOO,Bailey Toseland,,,,,did not bat
11,1st,CAM vs FOO,CAM,FOO,Jay Vine,,,,,did not bat
12,1st,DAN vs FRA,FRA,DAN,Dhanusha Gamage,1,7,0,0,c: C Maxwell b: A Lenehan
12,1st,DAN vs FRA,FRA,DAN,Brett Forsyth,6,12,1,0,c: J Eckland b: A Lenehan
12,1st,DAN vs FRA,FRA,DAN,Shobit Singh,23,61,2,0,c: C Maxwell b: J Elcock
12,1st,DAN vs FRA,FRA,DAN,Ryan Hammel,,1,0,0,c: J Eckland b: A Lenehan
12,1st,DAN vs FRA,FRA,DAN,Matthew Wilson,19,35,2,0,b: J Singh
12,1st,DAN vs FRA,FRA,DAN,Joshua Slater,52,93,4,0,not out
12,1st,DAN vs FRA,FRA,DAN,James Nanopoulos,2,10,0,0,b: A Lenehan
12,1st,DAN vs FRA,FRA,DAN,Gehan Seneviratne,5,17,0,0,c: N Taranto b: J Singh
12,1st,DAN vs FRA,FRA,DAN,Vishwa Ramkumar,2,10,0,0,lbw: J Matheson
12,1st,DAN vs FRA,FRA,DAN,Nathan Whitford,10,14,0,1,c: J Eckland b: L Klauer
12,1st,DAN vs FRA,FRA,DAN,Noah Hurley,6,13,0,0,b: A Lenehan
12,1st,DAN vs FRA,DAN,FRA,Charlie Maxwell,6,16,1,0,lbw: J Nanopoulos
12,1st,DAN vs FRA,DAN,FRA,Nicholas Taranto,13,26,2,0,c: R Hammel b: M Wilson
12,1st,DAN vs FRA,DAN,FRA,Joseph Eckland,20,18,4,0,c: S Singh b: M Wilson
12,1st,DAN vs FRA,DAN,FRA,Jai Elcock,35,48,5,0,b: V Ramkumar
12,1st,DAN vs FRA,DAN,FRA,Sam Gove,1,5,0,0,c: J Nanopoulos b: N Whitford
12,1st,DAN vs FRA,DAN,FRA,Cooper Remy,17,15,2,0,st: B Forsyth b: V Ramkumar
12,1st,DAN vs FRA,DAN,FRA,Xavier Crone,23,25,2,1,not out
12,1st,DAN vs FRA,DAN,FRA,Lachlan Klauer,12,14,1,1,not out
12,1st,DAN vs FRA,DAN,FRA,Aidan Lenehan,,,,,did not bat
12,1st,DAN vs FRA,DAN,FRA,Jamie Matheson,,,,,did not bat
12,1st,DAN vs FRA,DAN,FRA,Jaspreet Singh,,,,,did not bat
12,1st,MEL vs FIT,FIT,MEL,Finlay Bean,18,41,2,0,lbw: H Bajwa
12,1st,MEL vs FIT,FIT,MEL,Fergus McKenna,2,19,0,0,c: t kellar b: M Childs
12,1st,MEL vs FIT,FIT,MEL,Dhruv Poojari Redhu,35,57,2,1,c: L Banthorpe b: L Myott
12,1st,MEL vs FIT,FIT,MEL,Noah Croes,47,53,4,1,c: H Bajwa b: E Alavi
12,1st,MEL vs FIT,FIT,MEL,Henry Melville,,8,0,0,c: E Alavi b: L Myott
12,1st,MEL vs FIT,FIT,MEL,Yuvraj Singh,,1,0,0,c: Z Elliott b: L Myott
12,1st,MEL vs FIT,FIT,MEL,Peter Hatzoglou,,10,0,0,c: L Banthorpe b: L Myott
12,1st,MEL vs FIT,FIT,MEL,Ben Sears,5,14,0,0,"run out (E Alavi, L Banthorpe)"
12,1st,MEL vs FIT,FIT,MEL,Douglas Warren,17,56,1,0,c: L Myott b: M Childs
12,1st,MEL vs FIT,FIT,MEL,Mark Stafford,12,31,0,0,not out
12,1st,MEL vs FIT,FIT,MEL,Tom Walker,3,4,0,0,c: J Rudd b: B Taeuber
12,1st,MEL vs FIT,MEL,FIT,Jack Rudd,72,139,6,1,not out
12,1st,MEL vs FIT,MEL,FIT,Liam Banthorpe,,2,0,0,c: N Croes b: M Stafford
12,1st,MEL vs FIT,MEL,FIT,Zachary Elliott,,12,0,0,c: H Melville b: M Stafford
12,1st,MEL vs FIT,MEL,FIT,Mark Phelan,28,54,2,1,c: H Melville b: T Walker
12,1st,MEL vs FIT,MEL,FIT,Samuel Elliott,2,7,0,0,c&b: M Stafford
12,1st,MEL vs FIT,MEL,FIT,tom kellar,9,18,1,0,c: H Melville b: B Sears
12,1st,MEL vs FIT,MEL,FIT,Miller Childs,17,15,2,1,c: H Melville b: Y Singh
12,1st,MEL vs FIT,MEL,FIT,Ejaaz Alavi,8,7,1,0,not out
12,1st,MEL vs FIT,MEL,FIT,Harkirat Bajwa,,,,,did not bat
12,1st,MEL vs FIT,MEL,FIT,Liam Myott,,,,,did not bat
12,1st,MEL vs FIT,MEL,FIT,Braden Taeuber,,,,,did not bat
12,1st,RIC vs FOO,FOO,RIC,Dan Scholz,9,5,2,0,c: J Prestwidge b: B Roosenboom
12,1st,RIC vs FOO,FOO,RIC,James Doherty,1,2,0,0,b: L Mason
12,1st,RIC vs FOO,FOO,RIC,Jonathan D’Rozario,22,23,2,0,lbw: J Vine
12,1st,RIC vs FOO,FOO,RIC,Jacob Hinds,14,15,1,0,b: L Mason
12,1st,RIC vs FOO,FOO,RIC,Tim Goodman,15,25,1,0,c: D Kight b: B Roosenboom
12,1st,RIC vs FOO,FOO,RIC,Connor Hinds,22,15,1,1,c: J Pace b: D Brasher
12,1st,RIC vs FOO,FOO,RIC,Sam Mills,17,17,0,0,not out
12,1st,RIC vs FOO,FOO,RIC,Joshua Sawrey,3,6,0,0,lbw: D Brasher
12,1st,RIC vs FOO,FOO,RIC,Brendan Rose,39,24,3,1,not out
12,1st,RIC vs FOO,FOO,RIC,Austin Anlezark,,,,,did not bat
12,1st,RIC vs FOO,FOO,RIC,Dhruval Parikh,,,,,did not bat
12,1st,RIC vs FOO,RIC,FOO,Aiman Nadeem,27,26,2,1,c: D Parikh b: B Rose
12,1st,RIC vs FOO,RIC,FOO,Mitchell Jamieson,28,35,3,0,c: T Goodman b: B Rose
12,1st,RIC vs FOO,RIC,FOO,Dylan Brasher,17,16,0,1,c: S Mills b: B Rose
12,1st,RIC vs FOO,RIC,FOO,Dylan Kight,38,27,3,1,not out
12,1st,RIC vs FOO,RIC,FOO,Joshua Pace,16,16,1,0,c: J Hinds b: D Parikh
12,1st,RIC vs FOO,RIC,FOO,Jack Prestwidge,9,5,0,1,not out
12,1st,RIC vs FOO,RIC,FOO,Max Birthisel,,,,,did not bat
12,1st,RIC vs FOO,RIC,FOO,Travis Dean,,,,,did not bat
12,1st,RIC vs FOO,RIC,FOO,Liam Mason,,,,,did not bat
12,1st,RIC vs FOO,RIC,FOO,Ben Roosenboom,,,,,did not bat
12,1st,RIC vs FOO,RIC,FOO,Jay Vine,,,,,did not bat
12,1st,CAR vs ESS,ESS,CAR,Connor Rutland,32,40,4,0,c&b: L Molloy
12,1st,CAR vs ESS,ESS,CAR,Aryan J Sharma,54,61,5,2,c: A Rajput b: N McGuane
12,1st,CAR vs ESS,ESS,CAR,Jai Lemire,23,38,1,0,c: I Dhanoa b: N Safdar
12,1st,CAR vs ESS,ESS,CAR,Jagadeswara Koduru,60,66,4,0,c: N Safdar b: M Abdulrafay
12,1st,CAR vs ESS,ESS,CAR,Evan Gulbis,10,13,1,0,c: J Trembearth b: N McGuane
12,1st,CAR vs ESS,ESS,CAR,Tom Smyth,37,41,2,1,c: E White b: N McGuane
12,1st,CAR vs ESS,ESS,CAR,Harrison Smyth,4,9,0,0,c: J Trembearth b: N Safdar
12,1st,CAR vs ESS,ESS,CAR,Guntaas Brar,24,20,5,0,c: J Trembearth b: N McGuane
12,1st,CAR vs ESS,ESS,CAR,Dominic Sullivan,14,8,2,0,c: L Molloy b: N Safdar
12,1st,CAR vs ESS,ESS,CAR,Cameron Stevenson,2,2,0,0,not out
12,1st,CAR vs ESS,ESS,CAR,Michael Archer,8,2,2,0,not out
12,1st,CAR vs ESS,CAR,ESS,Muhammad Arsalan,8,12,1,0,c: M Archer b: C Stevenson
12,1st,CAR vs ESS,CAR,ESS,Joshua Trembearth,19,21,3,0,c: M Archer b: C Stevenson
12,1st,CAR vs ESS,CAR,ESS,Harry Duke,1,4,0,0,c: J Koduru b: C Stevenson
12,1st,CAR vs ESS,CAR,ESS,Connor Poulton,8,18,1,0,c: J Lemire b: C Stevenson
12,1st,CAR vs ESS,CAR,ESS,Emerson White,7,22,0,0,c: J Lemire b: M Archer
12,1st,CAR vs ESS,CAR,ESS,Arshit Rajput,35,25,5,1,"run out (J Koduru, J Lemire)"
12,1st,CAR vs ESS,CAR,ESS,Liam Molloy,,4,0,0,b: M Archer
12,1st,CAR vs ESS,CAR,ESS,Ikroop Dhanoa,45,53,3,1,c: C Stevenson b: M Archer
12,1st,CAR vs ESS,CAR,ESS,Muhammad Abdulrafay,26,35,1,1,c: A Sharma b: C Rutland
12,1st,CAR vs ESS,CAR,ESS,Noman Safdar,,16,0,0,c: C Stevenson b: A Sharma
12,1st,CAR vs ESS,CAR,ESS,Nicholas McGuane,2,7,0,0,not out
12,1st,GRE vs CAS,CAS,GRE,Odil Perera,24,78,1,0,c&b: A Ramkumar
12,1st,GRE vs CAS,CAS,GRE,Prabhnoor Bhalla,27,40,4,0,c: D Pollock b: N Lambden
12,1st,GRE vs CAS,CAS,GRE,Ryan Stingel,65,91,5,0,c: D Pollock b: N Lambden
12,1st,GRE vs CAS,CAS,GRE,Will Luxton,33,43,1,2,c: H Hoekstra b: N Lambden
12,1st,GRE vs CAS,CAS,GRE,Robbie O’Brien,7,14,0,0,c: J Isakka b: H Hoekstra
12,1st,GRE vs CAS,CAS,GRE,Musa Hussain,3,6,0,0,b: M Irfan
12,1st,GRE vs CAS,CAS,GRE,Harry Fitzgerald,6,9,0,0,b: N Lambden
12,1st,GRE vs CAS,CAS,GRE,Yaseen Muntasir,8,6,1,0,not out
12,1st,GRE vs CAS,CAS,GRE,Armann Singh,2,1,0,0,not out
12,1st,GRE vs CAS,CAS,GRE,Benjamin Cliff,,,,,did not bat
12,1st,GRE vs CAS,CAS,GRE,Ivan Zmak,,,,,did not bat
12,1st,GRE vs CAS,GRE,CAS,Ashley Chandrasinghe,,8,0,0,b: M Hussain
12,1st,GRE vs CAS,GRE,CAS,Finlay Gordon,63,63,6,2,c: B Cliff b: Y Muntasir
12,1st,GRE vs CAS,GRE,CAS,Jackson Isakka,12,16,3,0,c: O Perera b: B Cliff
12,1st,GRE vs CAS,GRE,CAS,Devin Pollock,33,61,2,0,c: M Hussain b: Y Muntasir
12,1st,GRE vs CAS,GRE,CAS,Daud Malik,3,9,0,0,st: H Fitzgerald b: Y Muntasir
12,1st,GRE vs CAS,GRE,CAS,Chris Benedek,32,54,2,0,not out
12,1st,GRE vs CAS,GRE,CAS,Aaron Abeyesekera,26,32,0,1,not out
12,1st,GRE vs CAS,GRE,CAS,Harry Hoekstra,,,,,did not bat
12,1st,GRE vs CAS,GRE,CAS,Muhammad Irfan,,,,,did not bat
12,1st,GRE vs CAS,GRE,CAS,Nathan Lambden,,,,,did not bat
12,1st,GRE vs CAS,GRE,CAS,Akshay Ramkumar,,,,,did not bat
12,1st,GEE vs ST,ST,GEE,Ashley Armstrong,45,80,5,0,lbw: H Dixon
12,1st,GEE vs ST,ST,GEE,Lincoln Koliba,40,43,7,0,c: B Macdonald b: H Dixon
12,1st,GEE vs ST,ST,GEE,Liam Blackford,69,77,6,2,c: B Macdonald b: W Lovell
12,1st,GEE vs ST,ST,GEE,Joshua Larkin,17,29,1,0,c: E Newman b: H Dixon
12,1st,GEE vs ST,ST,GEE,Lachie Field,,4,0,0,b: H Dixon
12,1st,GEE vs ST,ST,GEE,Eamonn Vines,36,34,2,0,c: B Faber b: W Lovell
12,1st,GEE vs ST,ST,GEE,Josh Garner,5,8,0,0,c: T Paddington b: H Dixon
12,1st,GEE vs ST,ST,GEE,Josh Collins,7,12,0,0,c: P Handscomb b: M Hennig
12,1st,GEE vs ST,ST,GEE,Zane Attard,2,6,0,0,c: P Handscomb b: W Lovell
12,1st,GEE vs ST,ST,GEE,Lachlan Neate,2,6,0,0,not out
12,1st,GEE vs ST,ST,GEE,Nathan Harper,0,1,0,0,not out
12,1st,GEE vs ST,GEE,ST,James Seymour,24,52,1,1,c: L Field b: Z Attard
12,1st,GEE vs ST,GEE,ST,Harry Dixon,92,87,7,3,b: J Garner
12,1st,GEE vs ST,GEE,ST,Blake Macdonald,42,44,3,1,c: L Neate b: N Harper
12,1st,GEE vs ST,GEE,ST,Brandon Faber,31,30,1,1,not out
12,1st,GEE vs ST,GEE,ST,Peter Handscomb,34,22,2,1,not out
12,1st,GEE vs ST,GEE,ST,Adam Crosthwaite,,,,,did not bat
12,1st,GEE vs ST,GEE,ST,Luke Destito,,,,,did not bat
12,1st,GEE vs ST,GEE,ST,Matthew Hennig,,,,,did not bat
12,1st,GEE vs ST,GEE,ST,Will Lovell,,,,,did not bat
12,1st,GEE vs ST,GEE,ST,Ed Newman,,,,,did not bat
12,1st,GEE vs ST,GEE,ST,Thomas Paddington,,,,,did not bat
12,1st,CAM vs RIN,RIN,CAM,Akshay Kodoth,1,6,0,0,c: B Gibson b: J Beaton
12,1st,CAM vs RIN,RIN,CAM,Patrick Forrest,27,41,5,0,c: R Amin b: I Holland
12,1st,CAM vs RIN,RIN,CAM,Jobe Fraser,,1,0,0,c: B Gibson b: J Beaton
12,1st,CAM vs RIN,RIN,CAM,Liam Fitzpatrick,20,45,2,0,c: R Amin b: J Beaton
12,1st,CAM vs RIN,RIN,CAM,Hamish McKenzie,88,116,6,3,c: R Amin b: M Fotia
12,1st,CAM vs RIN,RIN,CAM,Shorye Chopra,21,43,2,0,c: D King b: M Fotia
12,1st,CAM vs RIN,RIN,CAM,James Wiseman,35,29,3,1,run out (D Walker)
12,1st,CAM vs RIN,RIN,CAM,Charles Simondson,4,6,0,0,lbw: D King
12,1st,CAM vs RIN,RIN,CAM,Sacheen R Paramesh,5,2,1,0,not out
12,1st,CAM vs RIN,RIN,CAM,Tom Nelson,,,,,did not bat
12,1st,CAM vs RIN,RIN,CAM,William Walker,,,,,did not bat
12,1st,CAM vs RIN,CAM,RIN,Rheedyi Adam Amin,,2,0,0,b: W Walker
12,1st,CAM vs RIN,CAM,RIN,Archie Flynn,17,22,4,0,b: W Walker
12,1st,CAM vs RIN,CAM,RIN,Ian Holland,20,45,1,0,c: S Paramesh b: C Simondson
12,1st,CAM vs RIN,CAM,RIN,David King,,12,0,0,c: A Kodoth b: S Paramesh
12,1st,CAM vs RIN,CAM,RIN,Oliver Horlock,27,48,2,1,b: H McKenzie
12,1st,CAM vs RIN,CAM,RIN,Benjamin Gibson,18,24,3,0,c: A Kodoth b: C Simondson
12,1st,CAM vs RIN,CAM,RIN,Timothy Sugumar,8,6,2,0,c: A Kodoth b: H McKenzie
12,1st,CAM vs RIN,CAM,RIN,Dylan Walker,31,39,4,0,run out (W Walker)
12,1st,CAM vs RIN,CAM,RIN,Jackson Freeman,,1,0,0,c: T Nelson b: H McKenzie
12,1st,CAM vs RIN,CAM,RIN,Matthew Fotia,1,9,0,0,c: A Kodoth b: T Nelson
12,1st,CAM vs RIN,CAM,RIN,Justin Beaton,13,27,0,1,not out
12,1st,KIN vs NOR,NOR,KIN,Zen Malik,7,20,0,0,c: A Crispe b: S Harbinson
12,1st,KIN vs NOR,NOR,KIN,Nic Tindall,51,70,5,1,c: A Crispe b: J Medew-Ewen
12,1st,KIN vs NOR,NOR,KIN,Josh Manning,26,52,3,0,lbw: M Pearce
12,1st,KIN vs NOR,NOR,KIN,Jonathan Vincent,5,12,0,0,lbw: S Harbinson
12,1st,KIN vs NOR,NOR,KIN,Vimesh Wickramasinghe,16,27,1,1,run out (A Crispe)
12,1st,KIN vs NOR,NOR,KIN,Charlie Aldridge,14,13,1,1,b: A Crispe
12,1st,KIN vs NOR,NOR,KIN,Joel Lewis,18,22,2,0,not out
12,1st,KIN vs NOR,NOR,KIN,Saad Khattak,23,15,2,1,c: M Lawson b: J Smith
12,1st,KIN vs NOR,NOR,KIN,Cory Cater,7,3,1,0,run out ()
12,1st,KIN vs NOR,NOR,KIN,William Bowering,,,,,did not bat
12,1st,KIN vs NOR,NOR,KIN,Luke Stow,,,,,did not bat
12,1st,KIN vs NOR,KIN,NOR,Tearan Gleeson,46,67,4,1,"run out (N Tindall, J Lewis)"
12,1st,KIN vs NOR,KIN,NOR,Michael Hay,2,5,0,0,c: C Aldridge b: C Cater
12,1st,KIN vs NOR,KIN,NOR,Jack Lalor,7,10,1,0,b: L Stow
12,1st,KIN vs NOR,KIN,NOR,Joshua Sundberg,74,96,8,0,not out
12,1st,KIN vs NOR,KIN,NOR,Will Blair,20,18,1,1,c: J Lewis b: L Stow
12,1st,KIN vs NOR,KIN,NOR,Sam Harbinson,,3,0,0,c&b: S Khattak
12,1st,KIN vs NOR,KIN,NOR,Mitch Lawson,35,24,1,3,not out
12,1st,KIN vs NOR,KIN,NOR,Aaron Crispe,,,,,did not bat
12,1st,KIN vs NOR,KIN,NOR,Joe Medew-Ewen,,,,,did not bat
12,1st,KIN vs NOR,KIN,NOR,Matthew Pearce,,,,,did not bat
12,1st,KIN vs NOR,KIN,NOR,Jackson Smith,,,,,did not bat
12,1st,MEL vs PRA,PRA,MEL,Farzan Chowna,100,123,9,0,c: L Collins b: C McClure
12,1st,MEL vs PRA,PRA,MEL,Blake Thomson,62,76,9,1,c: J McPhee b: M Wilcox
12,1st,MEL vs PRA,PRA,MEL,James Meehan,9,10,1,0,c: J McPhee b: C Hemp
12,1st,MEL vs PRA,PRA,MEL,Jonathan Merlo,75,70,9,0,c: L Bangs b: C Hemp
12,1st,MEL vs PRA,PRA,MEL,Jack Harper,15,16,1,0,not out
12,1st,MEL vs PRA,PRA,MEL,Christopher Kellaway,4,7,0,0,not out
12,1st,MEL vs PRA,PRA,MEL,Rishi Desai,,,,,did not bat
12,1st,MEL vs PRA,PRA,MEL,David Moody,,,,,did not bat
12,1st,MEL vs PRA,PRA,MEL,James Rosham,,,,,did not bat
12,1st,MEL vs PRA,PRA,MEL,Jack Sullivan,,,,,did not bat
12,1st,MEL vs PRA,PRA,MEL,Benjamin Wickham,,,,,did not bat
12,1st,MEL vs PRA,MEL,PRA,Damon Egan,8,7,2,0,c: J Merlo b: D Moody
12,1st,MEL vs PRA,MEL,PRA,Cameron Hemp,7,19,1,0,c: J Rosham b: J Sullivan
12,1st,MEL vs PRA,MEL,PRA,Alex Turner,86,98,12,0,not out
12,1st,MEL vs PRA,MEL,PRA,Lachlan Bangs,167,104,18,10,b: D Moody
12,1st,MEL vs PRA,MEL,PRA,Max Delaney,,9,0,0,c: R Desai b: D Moody
12,1st,MEL vs PRA,MEL,PRA,Damon Malcolm,1,2,0,0,not out
12,1st,MEL vs PRA,MEL,PRA,William Collins,,,,,did not bat
12,1st,MEL vs PRA,MEL,PRA,Shenuka De Silva,,,,,did not bat
12,1st,MEL vs PRA,MEL,PRA,Cam McClure,,,,,did not bat
12,1st,MEL vs PRA,MEL,PRA,James McPhee,,,,,did not bat
12,1st,MEL vs PRA,MEL,PRA,Matt Wilcox,,,,,did not bat
13,1st,CAM vs FRA,FRA,CAM,Patrick Forrest,64,120,4,2,c: S Gove b: J Singh
13,1st,CAM vs FRA,FRA,CAM,Prajay Paramesh,15,28,2,0,c: L McConnell b: A Lenehan
13,1st,CAM vs FRA,FRA,CAM,Jobe Fraser,3,7,0,0,c: C Maxwell b: A Lenehan
13,1st,CAM vs FRA,FRA,CAM,Liam Fitzpatrick,100,102,5,3,not out
13,1st,CAM vs FRA,FRA,CAM,James Wiseman,62,45,3,4,not out
13,1st,CAM vs FRA,FRA,CAM,Shorye Chopra,,,,,did not bat
13,1st,CAM vs FRA,FRA,CAM,Akshay Kodoth,,,,,did not bat
13,1st,CAM vs FRA,FRA,CAM,Tom Nelson,,,,,did not bat
13,1st,CAM vs FRA,FRA,CAM,Sacheen R Paramesh,,,,,did not bat
13,1st,CAM vs FRA,FRA,CAM,Charles Simondson,,,,,did not bat
13,1st,CAM vs FRA,FRA,CAM,William Walker,,,,,did not bat
13,1st,CAM vs FRA,CAM,FRA,Charlie Maxwell,91,103,6,5,c: C Simondson b: S Paramesh
13,1st,CAM vs FRA,CAM,FRA,Nicholas Taranto,4,20,0,0,c: A Kodoth b: W Walker
13,1st,CAM vs FRA,CAM,FRA,Joseph Eckland,22,33,3,0,c: S Chopra b: T Nelson
13,1st,CAM vs FRA,CAM,FRA,Jai Elcock,58,66,4,3,b: S Paramesh
13,1st,CAM vs FRA,CAM,FRA,Sam Gove,,1,0,0,lbw: S Paramesh
13,1st,CAM vs FRA,CAM,FRA,Lucas McConnell,3,9,0,0,c: P Paramesh b: S Paramesh
13,1st,CAM vs FRA,CAM,FRA,Xavier Crone,26,24,1,1,c: P Forrest b: L Fitzpatrick
13,1st,CAM vs FRA,CAM,FRA,Lachlan Klauer,,7,0,0,b: S Paramesh
13,1st,CAM vs FRA,CAM,FRA,Jaspreet Singh,,1,0,0,b: S Paramesh
13,1st,CAM vs FRA,CAM,FRA,Aidan Lenehan,13,14,1,0,b: W Walker
13,1st,CAM vs FRA,CAM,FRA,Jamie Matheson,5,9,0,0,not out
13,1st,CAS vs GEE,GEE,CAS,Ashley Chandrasinghe,25,60,1,0,st: L Blackford b: J Larkin
13,1st,CAS vs GEE,GEE,CAS,Finlay Gordon,33,31,4,0,c: L Blackford b: J Larkin
13,1st,CAS vs GEE,GEE,CAS,Jackson Isakka,19,24,1,1,c: J Larkin b: L Neate
13,1st,CAS vs GEE,GEE,CAS,Yash Pednekar,11,16,1,0,lbw: J Garner
13,1st,CAS vs GEE,GEE,CAS,Daud Malik,10,22,0,0,c: L Blackford b: J Garner
13,1st,CAS vs GEE,GEE,CAS,Devin Pollock,50,73,2,1,c: L Blackford b: J Garner
13,1st,CAS vs GEE,GEE,CAS,Aaron Abeyesekera,17,31,0,0,lbw: K Helwig
13,1st,CAS vs GEE,GEE,CAS,Harry Hoekstra,12,22,1,0,c: E Vines b: Z Attard
13,1st,CAS vs GEE,GEE,CAS,Muhammad Irfan,19,15,1,1,run out (J Garner)
13,1st,CAS vs GEE,GEE,CAS,Nathan Lambden,5,7,0,0,run out (J Garner)
13,1st,CAS vs GEE,GEE,CAS,Ashvin Adihetty,0,0,0,0,not out
13,1st,CAS vs GEE,CAS,GEE,Ashley Armstrong,5,8,1,0,c: J Isakka b: H Hoekstra
13,1st,CAS vs GEE,CAS,GEE,Lincoln Koliba,,1,0,0,b: H Hoekstra
13,1st,CAS vs GEE,CAS,GEE,Liam Blackford,47,90,4,0,st: D Pollock b: A Adihetty
13,1st,CAS vs GEE,CAS,GEE,Lachie Field,10,11,2,0,lbw: N Lambden
13,1st,CAS vs GEE,CAS,GEE,Joshua Larkin,1,9,0,0,lbw: H Hoekstra
13,1st,CAS vs GEE,CAS,GEE,Eamonn Vines,30,47,3,0,c: D Pollock b: A Abeyesekera
13,1st,CAS vs GEE,CAS,GEE,Zane Attard,30,46,3,0,lbw: A Adihetty
13,1st,CAS vs GEE,CAS,GEE,Josh Garner,,6,0,0,lbw: A Adihetty
13,1st,CAS vs GEE,CAS,GEE,Thomas Neate,,5,0,0,c: D Pollock b: A Adihetty
13,1st,CAS vs GEE,CAS,GEE,Kieren Helwig,7,17,1,0,b: A Adihetty
13,1st,CAS vs GEE,CAS,GEE,Lachlan Neate,5,7,1,0,not out
13,1st,MEL vs NOR,NOR,MEL,Blake Thomson,140,158,11,3,not out
13,1st,MEL vs NOR,NOR,MEL,Farzan Chowna,57,75,5,0,c: J Smith b: M Pearce
13,1st,MEL vs NOR,NOR,MEL,Christopher Kellaway,66,59,4,2,st: M Lawson b: J Medew-Ewen
13,1st,MEL vs NOR,NOR,MEL,Christian Howe,6,2,0,1,c: A Crispe b: J Medew-Ewen
13,1st,MEL vs NOR,NOR,MEL,Fergus O’Neill,7,6,1,0,not out
13,1st,MEL vs NOR,NOR,MEL,Rishi Desai,,,,,did not bat
13,1st,MEL vs NOR,NOR,MEL,Glenn Hannah,,,,,did not bat
13,1st,MEL vs NOR,NOR,MEL,Jack Harper,,,,,did not bat
13,1st,MEL vs NOR,NOR,MEL,James Meehan,,,,,did not bat
13,1st,MEL vs NOR,NOR,MEL,David Moody,,,,,did not bat
13,1st,MEL vs NOR,NOR,MEL,Thomas Wrigglesworth,,,,,did not bat
13,1st,MEL vs NOR,MEL,NOR,Tearan Gleeson,21,23,4,0,c: B Thomson b: G Hannah
13,1st,MEL vs NOR,MEL,NOR,Michael Hay,21,33,4,0,c: J Harper b: G Hannah
13,1st,MEL vs NOR,MEL,NOR,Jack Lalor,64,76,5,0,c: R Desai b: G Hannah
13,1st,MEL vs NOR,MEL,NOR,Joshua Sundberg,19,33,0,0,b: R Desai
13,1st,MEL vs NOR,MEL,NOR,Will Blair,10,18,0,0,b: D Moody
13,1st,MEL vs NOR,MEL,NOR,Sam Harbinson,3,10,0,0,b: F O’Neill
13,1st,MEL vs NOR,MEL,NOR,Mitch Lawson,21,28,2,0,c: B Thomson b: T Wrigglesworth
13,1st,MEL vs NOR,MEL,NOR,Aaron Crispe,26,24,1,1,b: C Howe
13,1st,MEL vs NOR,MEL,NOR,Jackson Smith,4,8,0,0,c: B Thomson b: C Howe
13,1st,MEL vs NOR,MEL,NOR,Joe Medew-Ewen,3,5,0,0,c: R Desai b: T Wrigglesworth
13,1st,MEL vs NOR,MEL,NOR,Matthew Pearce,2,4,0,0,not out
13,1st,FOO vs FIT,FIT,FOO,Aiman Nadeem,36,54,3,2,c: N Fletcher b: L Myott
13,1st,FOO vs FIT,FIT,FOO,Mitchell Jamieson,120,121,8,3,not out
13,1st,FOO vs FIT,FIT,FOO,Dylan Brasher,54,46,4,3,c: L Banthorpe b: M Spoors
13,1st,FOO vs FIT,FIT,FOO,Dylan Kight,128,80,1,14,not out
13,1st,FOO vs FIT,FIT,FOO,Max Birthisel,,,,,did not bat
13,1st,FOO vs FIT,FIT,FOO,Liam Mason,,,,,did not bat
13,1st,FOO vs FIT,FIT,FOO,Joshua Pace,,,,,did not bat
13,1st,FOO vs FIT,FIT,FOO,Jack Prestwidge,,,,,did not bat
13,1st,FOO vs FIT,FIT,FOO,Thomas Rogers,,,,,did not bat
13,1st,FOO vs FIT,FIT,FOO,Ben Roosenboom,,,,,did not bat
13,1st,FOO vs FIT,FIT,FOO,Jay Vine,,,,,did not bat
13,1st,FOO vs FIT,FOO,FIT,Matthew Spoors,64,55,5,4,c: M Birthisel b: A Nadeem
13,1st,FOO vs FIT,FOO,FIT,Jack Rudd,3,14,0,0,lbw: L Mason
13,1st,FOO vs FIT,FOO,FIT,Zachary Elliott,1,7,0,0,b: B Roosenboom
13,1st,FOO vs FIT,FOO,FIT,Liam Banthorpe,3,12,0,0,c: D Kight b: L Mason
13,1st,FOO vs FIT,FOO,FIT,Liam Winn,34,51,3,0,b: J Vine
13,1st,FOO vs FIT,FOO,FIT,tom kellar,10,19,0,0,c: A Nadeem b: J Vine
13,1st,FOO vs FIT,FOO,FIT,Miller Childs,2,6,0,0,b: M Birthisel
13,1st,FOO vs FIT,FOO,FIT,Ejaaz Alavi,28,49,0,0,not out
13,1st,FOO vs FIT,FOO,FIT,Liam Myott,28,37,2,0,c: M Jamieson b: M Birthisel
13,1st,FOO vs FIT,FOO,FIT,Harkirat Bajwa,3,3,0,0,c&b: M Birthisel
13,1st,FOO vs FIT,FOO,FIT,Nicholas Fletcher,,,,,did not bat
13,1st,ST vs KIN,KIN,ST,James Seymour,2,6,0,0,c: S Khattak b: L Stow
13,1st,ST vs KIN,KIN,ST,Jack Cunnington,3,14,0,0,c: J Manning b: L Stow
13,1st,ST vs KIN,KIN,ST,Brandon Faber,32,52,3,0,c: C Aldridge b: W Bowering
13,1st,ST vs KIN,KIN,ST,Cooper Rojko,116,144,5,0,not out
13,1st,ST vs KIN,KIN,ST,Ed Newman,10,27,0,0,c: L Stow b: V Wickramasinghe
13,1st,ST vs KIN,KIN,ST,Reyaan Farooq,,2,0,0,b: V Wickramasinghe
13,1st,ST vs KIN,KIN,ST,Adam Crosthwaite,37,53,2,0,c: S Khattak b: L Stow
13,1st,ST vs KIN,KIN,ST,Luke Destito,3,3,0,0,not out
13,1st,ST vs KIN,KIN,ST,Harry Jones,,,,,did not bat
13,1st,ST vs KIN,KIN,ST,Will Lovell,,,,,did not bat
13,1st,ST vs KIN,KIN,ST,Thomas Paddington,,,,,did not bat
13,1st,ST vs KIN,ST,KIN,Nic Tindall,,3,0,0,c: B Faber b: L Destito
13,1st,ST vs KIN,ST,KIN,Zen Malik,7,19,1,0,c: R Farooq b: T Paddington
13,1st,ST vs KIN,ST,KIN,Josh Manning,1,7,0,0,c: B Faber b: L Destito
13,1st,ST vs KIN,ST,KIN,Jonathan Vincent,51,101,1,1,c: H Jones b: J Seymour
13,1st,ST vs KIN,ST,KIN,Vimesh Wickramasinghe,88,113,8,0,b: J Seymour
13,1st,ST vs KIN,ST,KIN,Charlie Aldridge,1,6,0,0,c: J Cunnington b: H Jones
13,1st,ST vs KIN,ST,KIN,Joel Lewis,4,7,0,0,c: J Cunnington b: W Lovell
13,1st,ST vs KIN,ST,KIN,Saad Khattak,3,12,0,0,b: H Jones
13,1st,ST vs KIN,ST,KIN,Cory Cater,6,12,0,0,c: J Cunnington b: T Paddington
13,1st,ST vs KIN,ST,KIN,Luke Stow,7,13,0,0,not out
13,1st,ST vs KIN,ST,KIN,William Bowering,9,7,0,1,not out
13,1st,GRE vs DAN,DAN,GRE,Justin Galeotti,22,43,1,1,run out (S Singh)
13,1st,GRE vs DAN,DAN,GRE,Prabhnoor Bhalla,61,40,7,3,c: H Wrigglesworth b: M Wilson
13,1st,GRE vs DAN,DAN,GRE,Ryan Stingel,5,16,0,0,c: B Mahadeva b: M Wilson
13,1st,GRE vs DAN,DAN,GRE,Will Luxton,14,24,2,0,b: N Whitford
13,1st,GRE vs DAN,DAN,GRE,Conroy Burton,,9,0,0,c: M Wilson b: J Nanopoulos
13,1st,GRE vs DAN,DAN,GRE,Musa Hussain,70,86,5,0,b: N Whitford
13,1st,GRE vs DAN,DAN,GRE,Harry Fitzgerald,33,40,4,0,c: B Mahadeva b: B Forsyth
13,1st,GRE vs DAN,DAN,GRE,Yaseen Muntasir,,5,0,0,c&b: B Forsyth
13,1st,GRE vs DAN,DAN,GRE,Armann Singh,8,16,1,0,c: D Gamage b: B Forsyth
13,1st,GRE vs DAN,DAN,GRE,Benjamin Cliff,18,18,0,1,not out
13,1st,GRE vs DAN,DAN,GRE,Ivan Zmak,7,8,0,0,not out
13,1st,GRE vs DAN,GRE,DAN,Brett Forsyth,2,9,0,0,c: H Fitzgerald b: B Cliff
13,1st,GRE vs DAN,GRE,DAN,Venuk Hemachandra,20,49,2,0,c: W Luxton b: A Singh
13,1st,GRE vs DAN,GRE,DAN,Shobit Singh,13,15,2,0,c: R Stingel b: B Cliff
13,1st,GRE vs DAN,GRE,DAN,Dhanusha Gamage,108,122,7,0,not out
13,1st,GRE vs DAN,GRE,DAN,Matthew Wilson,42,43,5,0,b: M Hussain
13,1st,GRE vs DAN,GRE,DAN,Joshua Slater,67,56,7,0,not out
13,1st,GRE vs DAN,GRE,DAN,Barathan Mahadeva,,,,,did not bat
13,1st,GRE vs DAN,GRE,DAN,James Nanopoulos,,,,,did not bat
13,1st,GRE vs DAN,GRE,DAN,Vishwa Ramkumar,,,,,did not bat
13,1st,GRE vs DAN,GRE,DAN,Nathan Whitford,,,,,did not bat
13,1st,GRE vs DAN,GRE,DAN,Hayden Wrigglesworth,,,,,did not bat
13,1st,CAR vs PRA,PRA,CAR,Andrew Lewis Poppa,7,13,1,0,c: D Egan b: M Wilcox
13,1st,CAR vs PRA,PRA,CAR,Connor Rutland,57,52,6,3,c&b: S De Silva
13,1st,CAR vs PRA,PRA,CAR,Jai Lemire,30,47,2,0,c: M Wilcox b: S De Silva
13,1st,CAR vs PRA,PRA,CAR,Jagadeswara Koduru,19,41,1,0,c: P Walter b: C Hemp
13,1st,CAR vs PRA,PRA,CAR,Evan Gulbis,20,28,1,1,b: A Tye
13,1st,CAR vs PRA,PRA,CAR,Tom Smyth,3,15,0,0,c&b: L Bangs
13,1st,CAR vs PRA,PRA,CAR,Harrison Smyth,4,9,0,0,b: A Tye
13,1st,CAR vs PRA,PRA,CAR,Guntaas Brar,2,11,0,0,b: A Tye
13,1st,CAR vs PRA,PRA,CAR,Dominic Sullivan,17,31,2,0,not out
13,1st,CAR vs PRA,PRA,CAR,Cameron Stevenson,18,19,0,1,c: P Walter b: S De Silva
13,1st,CAR vs PRA,PRA,CAR,Michael Archer,,5,0,0,c: J McPhee b: C McClure
13,1st,CAR vs PRA,CAR,PRA,Damon Egan,7,27,0,0,c: A Poppa b: E Gulbis
13,1st,CAR vs PRA,CAR,PRA,Cameron Hemp,2,8,0,0,c: D Sullivan b: C Stevenson
13,1st,CAR vs PRA,CAR,PRA,Paul Walter,79,84,8,1,b: E Gulbis
13,1st,CAR vs PRA,CAR,PRA,Lachlan Bangs,6,8,1,0,c: D Sullivan b: E Gulbis
13,1st,CAR vs PRA,CAR,PRA,Alex Turner,16,28,1,0,c: C Rutland b: M Archer
13,1st,CAR vs PRA,CAR,PRA,Max Delaney,6,12,0,0,c: J Lemire b: C Stevenson
13,1st,CAR vs PRA,CAR,PRA,Shenuka De Silva,,1,0,0,b: M Archer
13,1st,CAR vs PRA,CAR,PRA,Andrew Tye,24,22,0,2,lbw: M Archer
13,1st,CAR vs PRA,CAR,PRA,James McPhee,,3,0,0,lbw: E Gulbis
13,1st,CAR vs PRA,CAR,PRA,Matt Wilcox,3,18,0,0,lbw: M Archer
13,1st,CAR vs PRA,CAR,PRA,Cam McClure,0,2,0,0,not out
13,1st,RIC vs ESS,ESS,RIC,Dan Scholz,56,102,4,1,c: C Poulton b: N McGuane
13,1st,RIC vs ESS,ESS,RIC,James Doherty,35,51,2,0,b: N McGuane
13,1st,RIC vs ESS,ESS,RIC,Jonathan D’Rozario,18,25,3,0,c: N Rai b: A Rajput
13,1st,RIC vs ESS,ESS,RIC,Jacob Hinds,,6,0,0,c: N Rai b: M Arsalan
13,1st,RIC vs ESS,ESS,RIC,Tim Goodman,33,40,3,0,c: J Trembearth b: I Dhanoa
13,1st,RIC vs ESS,ESS,RIC,Sam Mills,17,25,1,0,c: N Safdar b: I Dhanoa
13,1st,RIC vs ESS,ESS,RIC,Connor Hinds,32,24,1,3,c: E White b: I Dhanoa
13,1st,RIC vs ESS,ESS,RIC,Joshua Sawrey,25,21,0,1,not out
13,1st,RIC vs ESS,ESS,RIC,Brendan Rose,8,6,0,0,not out
13,1st,RIC vs ESS,ESS,RIC,Austin Anlezark,,,,,did not bat
13,1st,RIC vs ESS,ESS,RIC,Dhruval Parikh,,,,,did not bat
13,1st,RIC vs ESS,RIC,ESS,Muhammad Arsalan,17,29,0,1,c: C Hinds b: B Rose
13,1st,RIC vs ESS,RIC,ESS,Joshua Trembearth,89,116,7,1,c: D Scholz b: D Parikh
13,1st,RIC vs ESS,RIC,ESS,Harry Duke,40,73,1,0,b: S Mills
13,1st,RIC vs ESS,RIC,ESS,Connor Poulton,8,13,0,0,c: D Scholz b: D Parikh
13,1st,RIC vs ESS,RIC,ESS,Emerson White,12,18,0,0,c: D Parikh b: J Hinds
13,1st,RIC vs ESS,RIC,ESS,Arshit Rajput,8,8,1,0,c: S Mills b: J Hinds
13,1st,RIC vs ESS,RIC,ESS,Liam Molloy,11,11,0,0,lbw: J Hinds
13,1st,RIC vs ESS,RIC,ESS,Ikroop Dhanoa,18,16,1,0,c: J Doherty b: S Mills
13,1st,RIC vs ESS,RIC,ESS,Noman Safdar,2,7,0,0,b: S Mills
13,1st,RIC vs ESS,RIC,ESS,Nicholas McGuane,1,2,0,0,run out ()
13,1st,RIC vs ESS,RIC,ESS,Navdeep Rai,1,1,0,0,not out
13,1st,RIN vs MEL,MEL,RIN,Rheedyi Adam Amin,,3,0,0,c: D Warren b: T Walker
13,1st,RIN vs MEL,MEL,RIN,Archie Flynn,,4,0,0,c: H Melville b: M Stafford
13,1st,RIN vs MEL,MEL,RIN,Oliver Horlock,16,34,3,0,c: H Melville b: M Stafford
13,1st,RIN vs MEL,MEL,RIN,David King,7,29,0,0,b: Y Singh
13,1st,RIN vs MEL,MEL,RIN,Ian Holland,3,12,0,0,lbw: P Hatzoglou
13,1st,RIN vs MEL,MEL,RIN,Benjamin Gibson,30,79,3,0,c: H Melville b: T Walker
13,1st,RIN vs MEL,MEL,RIN,Timothy Sugumar,15,29,1,0,c: N Croes b: D Warren
13,1st,RIN vs MEL,MEL,RIN,Dylan Walker,22,47,0,0,not out
13,1st,RIN vs MEL,MEL,RIN,Jackson Freeman,34,51,3,0,b: P Hatzoglou
13,1st,RIN vs MEL,MEL,RIN,Luke Tully,17,14,3,0,not out
13,1st,RIN vs MEL,MEL,RIN,Justin Beaton,,,,,did not bat
13,1st,RIN vs MEL,RIN,MEL,Finlay Bean,12,32,1,0,c: O Horlock b: D King
13,1st,RIN vs MEL,RIN,MEL,Fergus McKenna,54,67,4,2,c: D King b: J Beaton
13,1st,RIN vs MEL,RIN,MEL,Dhruv Poojari Redhu,14,38,1,0,c: R Amin b: D Walker
13,1st,RIN vs MEL,RIN,MEL,Noah Croes,19,23,2,0,c: T Sugumar b: J Beaton
13,1st,RIN vs MEL,RIN,MEL,Jacob Whiteaker,12,16,1,0,c: O Horlock b: J Beaton
13,1st,RIN vs MEL,RIN,MEL,Yuvraj Singh,33,27,5,1,c: A Flynn b: L Tully
13,1st,RIN vs MEL,RIN,MEL,Henry Melville,11,13,1,0,not out
13,1st,RIN vs MEL,RIN,MEL,Peter Hatzoglou,5,3,1,0,not out
13,1st,RIN vs MEL,RIN,MEL,Mark Stafford,,,,,did not bat
13,1st,RIN vs MEL,RIN,MEL,Tom Walker,,,,,did not bat
13,1st,RIN vs MEL,RIN,MEL,Douglas Warren,,,,,did not bat
14,1st,1st CAS vs 1st KIN,1st KIN,1st CAS,Ashley Chandrasinghe,67,147,9,0,b: W Bowering
14,1st,1st CAS vs 1st KIN,1st KIN,1st CAS,Finlay Gordon,16,12,2,0,c: J Lewis b: C Cater
14,1st,1st CAS vs 1st KIN,1st KIN,1st CAS,Jackson Isakka,77,101,6,4,c: W Bowering b: L Stow
14,1st,1st CAS vs 1st KIN,1st KIN,1st CAS,Yash Pednekar,32,89,4,0,c: L Stow b: C Cater
14,1st,1st CAS vs 1st KIN,1st KIN,1st CAS,Daud Malik,,1,0,0,lbw: W Bowering
14,1st,1st CAS vs 1st KIN,1st KIN,1st CAS,Chris Benedek,45,92,5,1,c: Z Malik b: W Bowering
14,1st,1st CAS vs 1st KIN,1st KIN,1st CAS,Devin Pollock,16,30,3,0,lbw: W Bowering
14,1st,1st CAS vs 1st KIN,1st KIN,1st CAS,Harry Hoekstra,29,42,5,0,c: J Lewis b: C Cater
14,1st,1st CAS vs 1st KIN,1st KIN,1st CAS,Nathan Lambden,22,37,2,1,not out
14,1st,1st CAS vs 1st KIN,1st KIN,1st CAS,Ashvin Adihetty,12,23,1,0,b: L Stow
14,1st,1st CAS vs 1st KIN,1st KIN,1st CAS,Muhammad Irfan,7,3,0,1,not out
14,1st,1st CAS vs 1st KIN,1st CAS,1st KIN,Nic Tindall,45,104,6,0,b: A Adihetty
14,1st,1st CAS vs 1st KIN,1st CAS,1st KIN,Vithum Sathyajith,10,21,2,0,c: D Pollock b: N Lambden
14,1st,1st CAS vs 1st KIN,1st CAS,1st KIN,Josh Manning,104,189,8,1,c: D Pollock b: H Hoekstra
14,1st,1st CAS vs 1st KIN,1st CAS,1st KIN,Zen Malik,6,19,0,0,b: A Adihetty
14,1st,1st CAS vs 1st KIN,1st CAS,1st KIN,Jonathan Vincent,11,38,2,0,c: D Pollock b: A Adihetty
14,1st,1st CAS vs 1st KIN,1st CAS,1st KIN,Vimesh Wickramasinghe,9,27,0,1,run out ()
14,1st,1st CAS vs 1st KIN,1st CAS,1st KIN,Joel Lewis,91,133,6,4,not out
14,1st,1st CAS vs 1st KIN,1st CAS,1st KIN,Saad Khattak,1,10,0,0,lbw: H Hoekstra
14,1st,1st CAS vs 1st KIN,1st CAS,1st KIN,Cory Cater,2,5,0,0,lbw: F Gordon
14,1st,1st CAS vs 1st KIN,1st CAS,1st KIN,Luke Stow,16,22,3,0,c: J Isakka b: F Gordon
14,1st,1st CAS vs 1st KIN,1st CAS,1st KIN,William Bowering,5,15,0,0,c: D Pollock b: F Gordon
14,1st,1st CAM vs 1st DAN,1st DAN,1st CAM,Patrick Forrest,12,19,2,0,lbw: N Hurley
14,1st,1st CAM vs 1st DAN,1st DAN,1st CAM,Prajay Paramesh,2,7,0,0,lbw: N Whitford
14,1st,1st CAM vs 1st DAN,1st DAN,1st CAM,Jobe Fraser,9,22,1,0,b: N Hurley
14,1st,1st CAM vs 1st DAN,1st DAN,1st CAM,Liam Fitzpatrick,12,35,2,0,c: D Gamage b: M Wilson
14,1st,1st CAM vs 1st DAN,1st DAN,1st CAM,Shorye Chopra,12,20,2,0,b: N Whitford
14,1st,1st CAM vs 1st DAN,1st DAN,1st CAM,James Wiseman,31,26,3,1,b: M Wilson
14,1st,1st CAM vs 1st DAN,1st DAN,1st CAM,Akshay Kodoth,2,17,0,0,c: D Gamage b: V Ramkumar
14,1st,1st CAM vs 1st DAN,1st DAN,1st CAM,Patrick Dooley,136,207,11,2,c: J Slater b: N Hurley
14,1st,1st CAM vs 1st DAN,1st DAN,1st CAM,Sacheen R Paramesh,43,133,4,0,c: V Ramkumar b: N Whitford
14,1st,1st CAM vs 1st DAN,1st DAN,1st CAM,Tom Nelson,9,96,1,0,run out (D Gamage)
14,1st,1st CAM vs 1st DAN,1st DAN,1st CAM,William Walker,0,4,0,0,not out
14,1st,1st CAM vs 1st DAN,1st CAM,1st DAN,Brett Forsyth,109,256,9,0,c: W Walker b: S Paramesh
14,1st,1st CAM vs 1st DAN,1st CAM,1st DAN,Venuk Hemachandra,5,6,1,0,lbw: W Walker
14,1st,1st CAM vs 1st DAN,1st CAM,1st DAN,Dhanusha Gamage,5,19,0,0,c: A Kodoth b: S Paramesh
14,1st,1st CAM vs 1st DAN,1st CAM,1st DAN,Shobit Singh,7,27,1,0,b: T Nelson
14,1st,1st CAM vs 1st DAN,1st CAM,1st DAN,Joshua Slater,70,173,7,1,c: P Forrest b: P Dooley
14,1st,1st CAM vs 1st DAN,1st CAM,1st DAN,Matthew Wilson,7,21,1,0,c: S Chopra b: P Dooley
14,1st,1st CAM vs 1st DAN,1st CAM,1st DAN,Sam Newell,22,45,2,0,not out
14,1st,1st CAM vs 1st DAN,1st CAM,1st DAN,Gehan Seneviratne,1,13,0,0,not out
14,1st,1st CAM vs 1st DAN,1st CAM,1st DAN,Noah Hurley,,,,,did not bat
14,1st,1st CAM vs 1st DAN,1st CAM,1st DAN,Vishwa Ramkumar,,,,,did not bat
14,1st,1st CAM vs 1st DAN,1st CAM,1st DAN,Nathan Whitford,,,,,did not bat
14,1st,1st FIT vs 1st GEE,1st GEE,1st FIT,Jack Rudd,25,69,3,0,c&b: T Neate
14,1st,1st FIT vs 1st GEE,1st GEE,1st FIT,Liam Winn,2,16,0,0,c: J Larkin b: T Neate
14,1st,1st FIT vs 1st GEE,1st GEE,1st FIT,Zachary Elliott,,5,0,0,c: E Vines b: T Neate
14,1st,1st FIT vs 1st GEE,1st GEE,1st FIT,Liam Banthorpe,54,74,9,0,c: A Armstrong b: J Garner
14,1st,1st FIT vs 1st GEE,1st GEE,1st FIT,Mark Phelan,24,50,2,0,c: T Neate b: N Harper
14,1st,1st FIT vs 1st GEE,1st GEE,1st FIT,tom kellar,8,11,2,0,c: L Blackford b: J Larkin
14,1st,1st FIT vs 1st GEE,1st GEE,1st FIT,Ejaaz Alavi,16,16,2,0,c: L Blackford b: N Harper
14,1st,1st FIT vs 1st GEE,1st GEE,1st FIT,Miller Childs,8,16,0,1,c: N Caulfield b: Z Attard
14,1st,1st FIT vs 1st GEE,1st GEE,1st FIT,Braden Taeuber,59,101,5,0,c: L Field b: L Koliba
14,1st,1st FIT vs 1st GEE,1st GEE,1st FIT,Gurnaz Khatra,34,104,3,0,c: A Armstrong b: J Garner
14,1st,1st FIT vs 1st GEE,1st GEE,1st FIT,Harkirat Bajwa,2,20,0,0,not out
14,1st,1st FIT vs 1st GEE,1st FIT,1st GEE,Nathan Caulfield,14,38,2,0,c: L Banthorpe b: B Taeuber
14,1st,1st FIT vs 1st GEE,1st FIT,1st GEE,Lincoln Koliba,14,21,2,0,b: G Khatra
14,1st,1st FIT vs 1st GEE,1st FIT,1st GEE,Josh Garner,16,33,2,0,b: B Taeuber
14,1st,1st FIT vs 1st GEE,1st FIT,1st GEE,Liam Blackford,26,42,4,0,c: J Rudd b: H Bajwa
14,1st,1st FIT vs 1st GEE,1st FIT,1st GEE,Joshua Larkin,76,142,6,0,lbw: E Alavi
14,1st,1st FIT vs 1st GEE,1st FIT,1st GEE,Lachie Field,28,99,1,0,b: E Alavi
14,1st,1st FIT vs 1st GEE,1st FIT,1st GEE,Ashley Armstrong,,4,0,0,lbw: H Bajwa
14,1st,1st FIT vs 1st GEE,1st FIT,1st GEE,Eamonn Vines,62,116,8,0,not out
14,1st,1st FIT vs 1st GEE,1st FIT,1st GEE,Zane Attard,4,24,1,0,b: B Taeuber
14,1st,1st FIT vs 1st GEE,1st FIT,1st GEE,Thomas Neate,5,14,1,0,lbw: H Bajwa
14,1st,1st FIT vs 1st GEE,1st FIT,1st GEE,Nathan Harper,0,5,0,0,not out
14,1st,1st RIC vs 1st PRA,1st PRA,1st RIC,Dan Scholz,61,62,8,2,c: P Walter b: S De Silva
14,1st,1st RIC vs 1st PRA,1st PRA,1st RIC,James Doherty,94,160,12,0,b: S De Silva
14,1st,1st RIC vs 1st PRA,1st PRA,1st RIC,Kurt Heigl,31,87,4,0,c: J McPhee b: L Bangs
14,1st,1st RIC vs 1st PRA,1st PRA,1st RIC,Jonathan D’Rozario,43,94,3,0,c: S De Silva b: L Bangs
14,1st,1st RIC vs 1st PRA,1st PRA,1st RIC,Tim Goodman,17,35,3,0,c&b: S De Silva
14,1st,1st RIC vs 1st PRA,1st PRA,1st RIC,Sam Mills,,1,0,0,c: J McPhee b: S De Silva
14,1st,1st RIC vs 1st PRA,1st PRA,1st RIC,Joshua Sawrey,25,54,4,0,c&b: S De Silva
14,1st,1st RIC vs 1st PRA,1st PRA,1st RIC,Connor Hinds,18,21,1,1,c: A Turner b: S De Silva
14,1st,1st RIC vs 1st PRA,1st PRA,1st RIC,Austin Anlezark,35,49,4,1,not out
14,1st,1st RIC vs 1st PRA,1st PRA,1st RIC,Dhruval Parikh,1,10,0,0,c: M Wilcox b: S De Silva
14,1st,1st RIC vs 1st PRA,1st PRA,1st RIC,Joshua Ash,8,29,1,0,not out
14,1st,1st RIC vs 1st PRA,1st RIC,1st PRA,Paul Walter,84,89,8,5,b: S Mills
14,1st,1st RIC vs 1st PRA,1st RIC,1st PRA,Cameron Hemp,23,32,4,0,c: A Anlezark b: S Mills
14,1st,1st RIC vs 1st PRA,1st RIC,1st PRA,Max Delaney,30,68,3,0,b: J Sawrey
14,1st,1st RIC vs 1st PRA,1st RIC,1st PRA,Damon Egan,48,99,4,0,"run out (J Doherty, C Hinds)"
14,1st,1st RIC vs 1st PRA,1st RIC,1st PRA,Lachlan Bangs,48,34,7,2,c: C Hinds b: S Mills
14,1st,1st RIC vs 1st PRA,1st RIC,1st PRA,Alex Turner,31,36,6,0,b: J D’Rozario
14,1st,1st RIC vs 1st PRA,1st RIC,1st PRA,Damon Malcolm,44,93,3,0,not out
14,1st,1st RIC vs 1st PRA,1st RIC,1st PRA,Matt Wilcox,14,43,2,0,c: C Hinds b: J Sawrey
14,1st,1st RIC vs 1st PRA,1st RIC,1st PRA,Shenuka De Silva,12,13,0,1,not out
14,1st,1st RIC vs 1st PRA,1st RIC,1st PRA,Cam McClure,,,,,did not bat
14,1st,1st RIC vs 1st PRA,1st RIC,1st PRA,James McPhee,,,,,did not bat
14,1st,1st MEL vs 1st ESS,1st ESS,1st MEL,Finlay Bean,111,146,14,1,c: N McGuane b: M Arsalan
14,1st,1st MEL vs 1st ESS,1st ESS,1st MEL,Jacob Whiteaker,12,30,0,0,b: N Safdar
14,1st,1st MEL vs 1st ESS,1st ESS,1st MEL,Dhruv Poojari Redhu,52,89,4,1,c: E White b: A Rajput
14,1st,1st MEL vs 1st ESS,1st ESS,1st MEL,Fergus McKenna,71,87,10,1,c&b: L Molloy
14,1st,1st MEL vs 1st ESS,1st ESS,1st MEL,Henry Melville,103,129,8,2,not out
14,1st,1st MEL vs 1st ESS,1st ESS,1st MEL,Yuvraj Singh,14,31,0,1,lbw: I Dhanoa
14,1st,1st MEL vs 1st ESS,1st ESS,1st MEL,Peter Hatzoglou,11,11,0,1,c&b: I Dhanoa
14,1st,1st MEL vs 1st ESS,1st ESS,1st MEL,Douglas Warren,,5,0,0,lbw: N Guida
14,1st,1st MEL vs 1st ESS,1st ESS,1st MEL,Jack Lyndon,3,9,0,0,run out (N Safdar)
14,1st,1st MEL vs 1st ESS,1st ESS,1st MEL,Mark Stafford,0,1,0,0,not out
14,1st,1st MEL vs 1st ESS,1st ESS,1st MEL,Tom Walker,,,,,did not bat
14,1st,1st MEL vs 1st ESS,1st MEL,1st ESS,Muhammad Arsalan,29,59,3,1,c: P Hatzoglou b: J Lyndon
14,1st,1st MEL vs 1st ESS,1st MEL,1st ESS,Joshua Trembearth,15,27,2,0,c: H Melville b: T Walker
14,1st,1st MEL vs 1st ESS,1st MEL,1st ESS,Harry Duke,1,10,0,0,c: P Hatzoglou b: T Walker
14,1st,1st MEL vs 1st ESS,1st MEL,1st ESS,Liam Molloy,78,138,10,0,b: D Warren
14,1st,1st MEL vs 1st ESS,1st MEL,1st ESS,Emerson White,38,106,1,0,c: D Warren b: M Stafford
14,1st,1st MEL vs 1st ESS,1st MEL,1st ESS,Ikroop Dhanoa,30,43,3,2,c: T Walker b: P Hatzoglou
14,1st,1st MEL vs 1st ESS,1st MEL,1st ESS,Connor Poulton,82,122,12,0,not out
14,1st,1st MEL vs 1st ESS,1st MEL,1st ESS,Arshit Rajput,56,62,3,3,lbw: D Warren
14,1st,1st MEL vs 1st ESS,1st MEL,1st ESS,Noah Guida,,2,0,0,lbw: D Warren
14,1st,1st MEL vs 1st ESS,1st MEL,1st ESS,Nicholas McGuane,,2,0,0,lbw: J Lyndon
14,1st,1st MEL vs 1st ESS,1st MEL,1st ESS,Noman Safdar,12,30,3,0,not out
14,1st,1st GRE vs 1st FOO,1st FOO,1st GRE,Justin Galeotti,4,16,0,0,c: D Kight b: L Mason
14,1st,1st GRE vs 1st FOO,1st FOO,1st GRE,Prabhnoor Bhalla,28,52,0,2,c: M Jamieson b: A Nadeem
14,1st,1st GRE vs 1st FOO,1st FOO,1st GRE,Ryan Stingel,24,26,5,0,c: A Nadeem b: M Birthisel
14,1st,1st GRE vs 1st FOO,1st FOO,1st GRE,Will Luxton,26,19,5,0,c: J Prestwidge b: L Mason
14,1st,1st GRE vs 1st FOO,1st FOO,1st GRE,Conroy Burton,23,19,5,0,c: D Kight b: D Wilczynski
14,1st,1st GRE vs 1st FOO,1st FOO,1st GRE,Musa Hussain,20,44,3,0,c: M Birthisel b: J Prestwidge
14,1st,1st GRE vs 1st FOO,1st FOO,1st GRE,Bernard Kelly,6,15,0,0,c: D Kight b: D Wilczynski
14,1st,1st GRE vs 1st FOO,1st FOO,1st GRE,Yaseen Muntasir,6,19,1,0,b: A Nadeem
14,1st,1st GRE vs 1st FOO,1st FOO,1st GRE,Armann Singh,29,38,3,1,c: M Jamieson b: D Wilczynski
14,1st,1st GRE vs 1st FOO,1st FOO,1st GRE,Benjamin Cliff,1,7,0,0,c: D Kight b: J Vine
14,1st,1st GRE vs 1st FOO,1st FOO,1st GRE,Ivan Zmak,5,18,1,0,not out
14,1st,1st GRE vs 1st FOO,1st GRE,1st FOO,Aiman Nadeem,11,28,2,0,c: P Bhalla b: M Hussain
14,1st,1st GRE vs 1st FOO,1st GRE,1st FOO,Mitchell Jamieson,108,122,13,1,c: B Cliff b: I Zmak
14,1st,1st GRE vs 1st FOO,1st GRE,1st FOO,Dylan Brasher,177,151,18,3,not out
14,1st,1st GRE vs 1st FOO,1st GRE,1st FOO,Dylan Kight,59,82,4,0,not out
14,1st,1st GRE vs 1st FOO,1st GRE,1st FOO,Max Birthisel,,,,,did not bat
14,1st,1st GRE vs 1st FOO,1st GRE,1st FOO,Liam Mason,,,,,did not bat
14,1st,1st GRE vs 1st FOO,1st GRE,1st FOO,Joshua Pace,,,,,did not bat
14,1st,1st GRE vs 1st FOO,1st GRE,1st FOO,Jack Prestwidge,,,,,did not bat
14,1st,1st GRE vs 1st FOO,1st GRE,1st FOO,Ben Roosenboom,,,,,did not bat
14,1st,1st GRE vs 1st FOO,1st GRE,1st FOO,Jay Vine,,,,,did not bat
14,1st,1st GRE vs 1st FOO,1st GRE,1st FOO,Daniel Wilczynski,,,,,did not bat
14,1st,1st GRE vs 1st FOO,1st GRE,2nd GRE,Justin Galeotti,64,116,9,0,c: D Kight b: M Birthisel
14,1st,1st GRE vs 1st FOO,1st GRE,2nd GRE,Prabhnoor Bhalla,,3,0,0,c: D Kight b: B Roosenboom
14,1st,1st GRE vs 1st FOO,1st GRE,2nd GRE,Ryan Stingel,31,44,7,0,c: D Kight b: L Mason
14,1st,1st GRE vs 1st FOO,1st GRE,2nd GRE,Will Luxton,1,6,0,0,lbw: D Wilczynski
14,1st,1st GRE vs 1st FOO,1st GRE,2nd GRE,Conroy Burton,8,16,2,0,c: J Pace b: M Birthisel
14,1st,1st GRE vs 1st FOO,1st GRE,2nd GRE,Musa Hussain,28,61,3,0,c: D Kight b: A Nadeem
14,1st,1st GRE vs 1st FOO,1st GRE,2nd GRE,Bernard Kelly,3,6,0,0,c: D Kight b: D Wilczynski
14,1st,1st GRE vs 1st FOO,1st GRE,2nd GRE,Yaseen Muntasir,21,57,3,0,c: L Mason b: D Wilczynski
14,1st,1st GRE vs 1st FOO,1st GRE,2nd GRE,Armann Singh,8,12,2,0,c&b: M Birthisel
14,1st,1st GRE vs 1st FOO,1st GRE,2nd GRE,Benjamin Cliff,13,44,2,0,c: A Nadeem b: D Wilczynski
14,1st,1st GRE vs 1st FOO,1st GRE,2nd GRE,Ivan Zmak,0,4,0,0,not out
14,1st,1st FRA vs 1st MEL,1st MEL,1st FRA,Charlie Maxwell,30,37,2,1,c: J Harper b: J Sullivan
14,1st,1st FRA vs 1st MEL,1st MEL,1st FRA,Nicholas Taranto,30,65,4,0,c: C Kellaway b: G Hannah
14,1st,1st FRA vs 1st MEL,1st MEL,1st FRA,Joseph Eckland,140,207,17,1,c: J Harper b: D Moody
14,1st,1st FRA vs 1st MEL,1st MEL,1st FRA,Jai Elcock,27,39,4,0,b: J Sullivan
14,1st,1st FRA vs 1st MEL,1st MEL,1st FRA,Cooper Remy,42,76,4,1,c: C Howe b: W McGillivray
14,1st,1st FRA vs 1st MEL,1st MEL,1st FRA,Sean van Wijk,7,53,1,0,c: B Thomson b: J Sullivan
14,1st,1st FRA vs 1st MEL,1st MEL,1st FRA,Xavier Crone,5,20,1,0,b: W McGillivray
14,1st,1st FRA vs 1st MEL,1st MEL,1st FRA,Lachlan Klauer,5,7,1,0,c: J Harper b: T Wrigglesworth
14,1st,1st FRA vs 1st MEL,1st MEL,1st FRA,Aidan Lenehan,4,17,0,0,b: D Moody
14,1st,1st FRA vs 1st MEL,1st MEL,1st FRA,Liam Cox,6,14,0,0,not out
14,1st,1st FRA vs 1st MEL,1st MEL,1st FRA,Jaspreet Singh,15,13,2,1,hit wicket b: J Sullivan
14,1st,1st FRA vs 1st MEL,1st FRA,1st MEL,Farzan Chowna,200,211,28,2,not out
14,1st,1st FRA vs 1st MEL,1st FRA,1st MEL,Blake Thomson,128,185,17,3,not out
14,1st,1st FRA vs 1st MEL,1st FRA,1st MEL,Glenn Hannah,,,,,did not bat
14,1st,1st FRA vs 1st MEL,1st FRA,1st MEL,Jack Harper,,,,,did not bat
14,1st,1st FRA vs 1st MEL,1st FRA,1st MEL,Christian Howe,,,,,did not bat
14,1st,1st FRA vs 1st MEL,1st FRA,1st MEL,Christopher Kellaway,,,,,did not bat
14,1st,1st FRA vs 1st MEL,1st FRA,1st MEL,Wilson McGillivray,,,,,did not bat
14,1st,1st FRA vs 1st MEL,1st FRA,1st MEL,James Meehan,,,,,did not bat
14,1st,1st FRA vs 1st MEL,1st FRA,1st MEL,David Moody,,,,,did not bat
14,1st,1st FRA vs 1st MEL,1st FRA,1st MEL,Jack Sullivan,,,,,did not bat
14,1st,1st FRA vs 1st MEL,1st FRA,1st MEL,Thomas Wrigglesworth,,,,,did not bat
15,1st,1st KIN vs 1st GRE,1st GRE,1st KIN,Nic Tindall,,5,0,0,c: B Kelly b: B Cliff
15,1st,1st KIN vs 1st GRE,1st GRE,1st KIN,Vithum Sathyajith,2,8,0,0,b: B Cliff
15,1st,1st KIN vs 1st GRE,1st GRE,1st KIN,Josh Manning,76,126,11,0,c: R O’Brien b: Y Muntasir
15,1st,1st KIN vs 1st GRE,1st GRE,1st KIN,Zen Malik,17,33,4,0,b: D Highgate
15,1st,1st KIN vs 1st GRE,1st GRE,1st KIN,Thaveesh Attanayake,42,48,7,0,c: W Luxton b: D Highgate
15,1st,1st KIN vs 1st GRE,1st GRE,1st KIN,Vimesh Wickramasinghe,52,74,7,2,c: M Hussain b: B Cliff
15,1st,1st KIN vs 1st GRE,1st GRE,1st KIN,Joel Lewis,56,100,7,0,c: W Luxton b: B Cliff
15,1st,1st KIN vs 1st GRE,1st GRE,1st KIN,Herbie Fischbacher,6,24,1,0,c: R O’Brien b: Y Muntasir
15,1st,1st KIN vs 1st GRE,1st GRE,1st KIN,Saad Khattak,25,68,4,0,c: B Kelly b: M Hussain
15,1st,1st KIN vs 1st GRE,1st GRE,1st KIN,Cory Cater,0,7,0,0,not out
15,1st,1st KIN vs 1st GRE,1st GRE,1st KIN,William Bowering,,9,0,0,lbw: M Hussain
15,1st,1st KIN vs 1st GRE,1st KIN,1st GRE,Odil Perera,132,221,21,1,st: J Lewis b: S Khattak
15,1st,1st KIN vs 1st GRE,1st KIN,1st GRE,Yaseen Muntasir,,4,0,0,c: V Sathyajith b: H Fischbacher
15,1st,1st KIN vs 1st GRE,1st KIN,1st GRE,Ryan Stingel,13,18,3,0,c: J Manning b: W Bowering
15,1st,1st KIN vs 1st GRE,1st KIN,1st GRE,Ivan Zmak,,17,0,0,c: J Lewis b: W Bowering
15,1st,1st KIN vs 1st GRE,1st KIN,1st GRE,Will Luxton,6,9,1,0,c: W Bowering b: H Fischbacher
15,1st,1st KIN vs 1st GRE,1st KIN,1st GRE,Robbie O’Brien,14,47,2,0,c: V Sathyajith b: S Khattak
15,1st,1st KIN vs 1st GRE,1st KIN,1st GRE,Musa Hussain,65,116,10,0,st: J Lewis b: T Attanayake
15,1st,1st KIN vs 1st GRE,1st KIN,1st GRE,Bernard Kelly,6,15,1,0,run out (W Bowering)
15,1st,1st KIN vs 1st GRE,1st KIN,1st GRE,Armann Singh,11,33,1,0,c: J Manning b: H Fischbacher
15,1st,1st KIN vs 1st GRE,1st KIN,1st GRE,Benjamin Cliff,,1,0,0,lbw: S Khattak
15,1st,1st KIN vs 1st GRE,1st KIN,1st GRE,Declan Highgate,0,1,0,0,not out
14,1st,1st RIN vs 1st CAR,1st CAR,1st RIN,Archie Flynn,27,48,6,0,b: C Stevenson
14,1st,1st RIN vs 1st CAR,1st CAR,1st RIN,David King,,5,0,0,b: E Gulbis
14,1st,1st RIN vs 1st CAR,1st CAR,1st RIN,Oliver Horlock,3,7,0,0,c: J Lemire b: J Pollard
14,1st,1st RIN vs 1st CAR,1st CAR,1st RIN,Ian Holland,23,50,4,0,c: T Smyth b: C Rutland
14,1st,1st RIN vs 1st CAR,1st CAR,1st RIN,Rheedyi Adam Amin,27,43,4,0,c: T Smyth b: E Gulbis
14,1st,1st RIN vs 1st CAR,1st CAR,1st RIN,Benjamin Gibson,2,8,0,0,c: J Lemire b: C Rutland
14,1st,1st RIN vs 1st CAR,1st CAR,1st RIN,Jackson Freeman,5,29,1,0,b: E Gulbis
14,1st,1st RIN vs 1st CAR,1st CAR,1st RIN,Timothy Sugumar,20,31,3,0,c: J Lemire b: D Sullivan
14,1st,1st RIN vs 1st CAR,1st CAR,1st RIN,Dylan Walker,,9,0,0,c: J Lemire b: E Gulbis
14,1st,1st RIN vs 1st CAR,1st CAR,1st RIN,Matthew Fotia,5,21,0,0,not out
14,1st,1st RIN vs 1st CAR,1st CAR,1st RIN,Justin Beaton,,9,0,0,c: T Smyth b: C Stevenson
14,1st,1st RIN vs 1st CAR,1st RIN,1st CAR,Andrew Lewis Poppa,14,29,2,0,c: O Horlock b: J Beaton
14,1st,1st RIN vs 1st CAR,1st RIN,1st CAR,Tom Smyth,8,14,2,0,c: B Gibson b: M Fotia
14,1st,1st RIN vs 1st CAR,1st RIN,1st CAR,Harrison Smyth,9,26,2,0,c: R Amin b: D King
14,1st,1st RIN vs 1st CAR,1st RIN,1st CAR,Jai Lemire,15,37,1,0,c: J Beaton b: D King
14,1st,1st RIN vs 1st CAR,1st RIN,1st CAR,Jagadeswara Koduru,7,33,0,0,lbw: D King
14,1st,1st RIN vs 1st CAR,1st RIN,1st CAR,Connor Rutland,11,19,2,0,c: B Gibson b: D King
14,1st,1st RIN vs 1st CAR,1st RIN,1st CAR,Evan Gulbis,35,48,5,0,c: D Walker b: I Holland
14,1st,1st RIN vs 1st CAR,1st RIN,1st CAR,Dominic Sullivan,40,87,4,0,c: B Gibson b: D King
14,1st,1st RIN vs 1st CAR,1st RIN,1st CAR,Henry Edwards,4,19,0,0,c: I Holland b: D King
14,1st,1st RIN vs 1st CAR,1st RIN,1st CAR,Cameron Stevenson,12,25,0,0,c: O Horlock b: J Beaton
14,1st,1st RIN vs 1st CAR,1st RIN,1st CAR,Julian Pollard,0,1,0,0,not out
14,1st,1st RIN vs 1st CAR,1st RIN,2nd RIN,Rheedyi Adam Amin,14,24,1,0,c: H Smyth b: C Stevenson
14,1st,1st RIN vs 1st CAR,1st RIN,2nd RIN,Archie Flynn,25,38,4,0,b: C Stevenson
14,1st,1st RIN vs 1st CAR,1st RIN,2nd RIN,Oliver Horlock,18,31,2,0,c: D Sullivan b: C Rutland
14,1st,1st RIN vs 1st CAR,1st RIN,2nd RIN,Ian Holland,51,96,2,0,not out
14,1st,1st RIN vs 1st CAR,1st RIN,2nd RIN,David King,72,103,8,0,not out
14,1st,1st RIN vs 1st CAR,1st RIN,2nd RIN,Justin Beaton,,,,,did not bat
14,1st,1st RIN vs 1st CAR,1st RIN,2nd RIN,Matthew Fotia,,,,,did not bat
14,1st,1st RIN vs 1st CAR,1st RIN,2nd RIN,Jackson Freeman,,,,,did not bat
14,1st,1st RIN vs 1st CAR,1st RIN,2nd RIN,Benjamin Gibson,,,,,did not bat
14,1st,1st RIN vs 1st CAR,1st RIN,2nd RIN,Timothy Sugumar,,,,,did not bat
14,1st,1st RIN vs 1st CAR,1st RIN,2nd RIN,Dylan Walker,,,,,did not bat
14,1st,1st NOR vs 1st ST,1st ST,1st NOR,Tearan Gleeson,,19,0,0,b: L Destito
14,1st,1st NOR vs 1st ST,1st ST,1st NOR,Mitch Lawson,10,19,2,0,c: B Faber b: M Hennig
14,1st,1st NOR vs 1st ST,1st ST,1st NOR,Jack Lalor,,16,0,0,c: T Russ b: L Destito
14,1st,1st NOR vs 1st ST,1st ST,1st NOR,Joshua Sundberg,13,34,1,0,c: P Handscomb b: T Paddington
14,1st,1st NOR vs 1st ST,1st ST,1st NOR,Will Blair,6,11,1,0,c: C Rojko b: L Destito
14,1st,1st NOR vs 1st ST,1st ST,1st NOR,Aaron Crispe,3,17,1,0,c: T Russ b: T Paddington
14,1st,1st NOR vs 1st ST,1st ST,1st NOR,Michael Hay,4,15,0,0,c&b: T Paddington
14,1st,1st NOR vs 1st ST,1st ST,1st NOR,Jackson Smith,15,23,1,0,b: L Destito
14,1st,1st NOR vs 1st ST,1st ST,1st NOR,Joe Medew-Ewen,1,6,0,0,c: B Faber b: L Destito
14,1st,1st NOR vs 1st ST,1st ST,1st NOR,Adam Howard,3,11,0,0,lbw: L Destito
14,1st,1st NOR vs 1st ST,1st ST,1st NOR,Matthew Pearce,2,7,0,0,not out
14,1st,1st NOR vs 1st ST,1st NOR,1st ST,James Seymour,50,40,10,0,c: A Crispe b: A Howard
14,1st,1st NOR vs 1st ST,1st NOR,1st ST,Brandon Faber,7,19,1,0,c: M Hay b: J Smith
14,1st,1st NOR vs 1st ST,1st NOR,1st ST,Cooper Rojko,11,18,2,0,c: M Lawson b: A Howard
14,1st,1st NOR vs 1st ST,1st NOR,1st ST,Peter Handscomb,22,30,1,0,c: W Blair b: J Smith
14,1st,1st NOR vs 1st ST,1st NOR,1st ST,Ed Newman,114,148,17,1,not out
14,1st,1st NOR vs 1st ST,1st NOR,1st ST,Thomas Russ,101,145,14,2,not out
14,1st,1st NOR vs 1st ST,1st NOR,1st ST,Adam Crosthwaite,,,,,did not bat
14,1st,1st NOR vs 1st ST,1st NOR,1st ST,Luke Destito,,,,,did not bat
14,1st,1st NOR vs 1st ST,1st NOR,1st ST,Matthew Hennig,,,,,did not bat
14,1st,1st NOR vs 1st ST,1st NOR,1st ST,Will Lovell,,,,,did not bat
14,1st,1st NOR vs 1st ST,1st NOR,1st ST,Thomas Paddington,,,,,did not bat
14,1st,1st NOR vs 1st ST,1st NOR,2nd NOR,Tearan Gleeson,8,34,0,0,c: B Faber b: T Paddington
14,1st,1st NOR vs 1st ST,1st NOR,2nd NOR,Mitch Lawson,39,106,7,0,b: W Lovell
14,1st,1st NOR vs 1st ST,1st NOR,2nd NOR,Jack Lalor,,1,0,0,b: T Paddington
14,1st,1st NOR vs 1st ST,1st NOR,2nd NOR,Joshua Sundberg,,16,0,0,b: T Russ
14,1st,1st NOR vs 1st ST,1st NOR,2nd NOR,Will Blair,18,33,2,0,c: P Handscomb b: M Hennig
14,1st,1st NOR vs 1st ST,1st NOR,2nd NOR,Aaron Crispe,10,25,2,0,c: B Faber b: T Russ
14,1st,1st NOR vs 1st ST,1st NOR,2nd NOR,Michael Hay,,1,0,0,c: T Russ b: W Lovell
14,1st,1st NOR vs 1st ST,1st NOR,2nd NOR,Jackson Smith,35,81,4,1,c: B Faber b: L Destito
14,1st,1st NOR vs 1st ST,1st NOR,2nd NOR,Adam Howard,8,26,0,0,c: E Newman b: T Russ
14,1st,1st NOR vs 1st ST,1st NOR,2nd NOR,Joe Medew-Ewen,8,34,0,0,not out
14,1st,1st NOR vs 1st ST,1st NOR,2nd NOR,Matthew Pearce,,2,0,0,c: B Faber b: L Destito
15,1st,1st GEE vs 1st DAN,1st DAN,1st GEE,Lincoln Koliba,,6,0,0,lbw: J Nanopoulos
15,1st,1st GEE vs 1st DAN,1st DAN,1st GEE,Nathan Caulfield,,1,0,0,c: S Newell b: J Nanopoulos
15,1st,1st GEE vs 1st DAN,1st DAN,1st GEE,Liam Blackford,15,40,1,0,c: S Newell b: N Whitford
15,1st,1st GEE vs 1st DAN,1st DAN,1st GEE,Joshua Larkin,2,6,0,0,c: N Hurley b: J Nanopoulos
15,1st,1st GEE vs 1st DAN,1st DAN,1st GEE,Lachie Field,28,66,4,0,c: S Newell b: N Hurley
15,1st,1st GEE vs 1st DAN,1st DAN,1st GEE,Ashley Armstrong,47,53,7,0,c: S Newell b: M Wilson
15,1st,1st GEE vs 1st DAN,1st DAN,1st GEE,Eamonn Vines,39,92,2,1,not out
15,1st,1st GEE vs 1st DAN,1st DAN,1st GEE,Zane Attard,11,16,0,0,c: M Wilson b: N Whitford
15,1st,1st GEE vs 1st DAN,1st DAN,1st GEE,Josh Garner,3,15,0,0,c: S Singh b: N Whitford
15,1st,1st GEE vs 1st DAN,1st DAN,1st GEE,Thomas Neate,22,51,3,0,lbw: M Wilson
15,1st,1st GEE vs 1st DAN,1st DAN,1st GEE,Nathan Harper,,1,0,0,c: D Gamage b: M Wilson
15,1st,1st GEE vs 1st DAN,1st GEE,1st DAN,Ryan Hammel,2,14,0,0,c: J Larkin b: N Harper
15,1st,1st GEE vs 1st DAN,1st GEE,1st DAN,Brett Forsyth,93,195,12,0,lbw: J Garner
15,1st,1st GEE vs 1st DAN,1st GEE,1st DAN,Dhanusha Gamage,93,206,10,0,c: N Harper b: Z Attard
15,1st,1st GEE vs 1st DAN,1st GEE,1st DAN,Shobit Singh,6,7,0,1,c: J Larkin b: J Garner
15,1st,1st GEE vs 1st DAN,1st GEE,1st DAN,Joshua Slater,44,61,9,0,not out
15,1st,1st GEE vs 1st DAN,1st GEE,1st DAN,Matthew Wilson,33,65,7,0,not out
15,1st,1st GEE vs 1st DAN,1st GEE,1st DAN,Noah Hurley,,,,,did not bat
15,1st,1st GEE vs 1st DAN,1st GEE,1st DAN,James Nanopoulos,,,,,did not bat
15,1st,1st GEE vs 1st DAN,1st GEE,1st DAN,Sam Newell,,,,,did not bat
15,1st,1st GEE vs 1st DAN,1st GEE,1st DAN,Vishwa Ramkumar,,,,,did not bat
15,1st,1st GEE vs 1st DAN,1st GEE,1st DAN,Nathan Whitford,,,,,did not bat
15,1st,1st PRA vs 1st MEL,1st MEL,1st PRA,Paul Walter,41,34,8,0,c: Y Singh b: J Lyndon
15,1st,1st PRA vs 1st MEL,1st MEL,1st PRA,Cameron Hemp,127,223,12,3,c: H Melville b: D Warren
15,1st,1st PRA vs 1st MEL,1st MEL,1st PRA,Alex Turner,105,231,10,0,c: J Prakash b: D Warren
15,1st,1st PRA vs 1st MEL,1st MEL,1st PRA,Damon Egan,11,15,1,0,c: J Prakash b: Y Singh
15,1st,1st PRA vs 1st MEL,1st MEL,1st PRA,Lachlan Bangs,,4,0,0,c: J Whiteaker b: Y Singh
15,1st,1st PRA vs 1st MEL,1st MEL,1st PRA,Max Delaney,3,8,0,0,lbw: J Whiteaker
15,1st,1st PRA vs 1st MEL,1st MEL,1st PRA,Damon Malcolm,44,44,4,1,c: D Redhu b: Y Singh
15,1st,1st PRA vs 1st MEL,1st MEL,1st PRA,Matt Wilcox,6,8,0,0,c: J Prakash b: Y Singh
15,1st,1st PRA vs 1st MEL,1st MEL,1st PRA,Shenuka De Silva,15,7,3,0,c: H Melville b: D Warren
15,1st,1st PRA vs 1st MEL,1st MEL,1st PRA,James McPhee,4,3,1,0,b: D Warren
15,1st,1st PRA vs 1st MEL,1st MEL,1st PRA,Cam McClure,0,0,0,0,not out
15,1st,1st PRA vs 1st MEL,1st PRA,1st MEL,Finlay Bean,12,20,1,1,c: M Wilcox b: M Keogh
15,1st,1st PRA vs 1st MEL,1st PRA,1st MEL,Jacob Whiteaker,30,42,5,0,lbw: M Wilcox
15,1st,1st PRA vs 1st MEL,1st PRA,1st MEL,Dhruv Poojari Redhu,7,20,1,0,c: J McPhee b: M Wilcox
15,1st,1st PRA vs 1st MEL,1st PRA,1st MEL,Fergus McKenna,139,172,11,7,c: M Delaney b: D Malcolm
15,1st,1st PRA vs 1st MEL,1st PRA,1st MEL,Henry Melville,29,69,2,0,c: M Keogh b: S De Silva
15,1st,1st PRA vs 1st MEL,1st PRA,1st MEL,Yuvraj Singh,14,12,0,2,c: C Hemp b: S De Silva
15,1st,1st PRA vs 1st MEL,1st PRA,1st MEL,Janak Prakash,2,5,0,0,c&b: S De Silva
15,1st,1st PRA vs 1st MEL,1st PRA,1st MEL,Douglas Warren,7,20,0,0,c&b: S De Silva
15,1st,1st PRA vs 1st MEL,1st PRA,1st MEL,Jack Lyndon,64,101,6,1,c: D Malcolm b: S De Silva
15,1st,1st PRA vs 1st MEL,1st PRA,1st MEL,Mark Stafford,2,18,0,0,c: A Turner b: S De Silva
15,1st,1st PRA vs 1st MEL,1st PRA,1st MEL,Tom Walker,1,15,0,0,not out
15,1st,1st RIC vs 1st RIN,1st RIN,1st RIC,Dan Scholz,59,113,8,0,b: J Beaton
15,1st,1st RIC vs 1st RIN,1st RIN,1st RIC,James Doherty,4,7,1,0,c: B Gibson b: J Beaton
15,1st,1st RIC vs 1st RIN,1st RIN,1st RIC,Kurt Heigl,1,20,0,0,lbw: I Holland
15,1st,1st RIC vs 1st RIN,1st RIN,1st RIC,Jonathan D’Rozario,87,174,8,0,c: P Gouge b: R Amin
15,1st,1st RIC vs 1st RIN,1st RIN,1st RIC,Archit Bhatia,6,40,0,0,c&b: D Walker
15,1st,1st RIC vs 1st RIN,1st RIN,1st RIC,Sam Mills,39,103,4,0,c: J Freeman b: R Amin
15,1st,1st RIC vs 1st RIN,1st RIN,1st RIC,Griffin Box,,1,0,0,c: J Freeman b: R Amin
15,1st,1st RIC vs 1st RIN,1st RIN,1st RIC,Joshua Sawrey,41,74,2,0,not out
15,1st,1st RIC vs 1st RIN,1st RIN,1st RIC,Connor Hinds,,2,0,0,lbw: R Amin
15,1st,1st RIC vs 1st RIN,1st RIN,1st RIC,Austin Anlezark,10,22,2,0,run out (O Horlock)
15,1st,1st RIC vs 1st RIN,1st RIN,1st RIC,Dhruval Parikh,5,5,0,0,lbw: J Beaton
15,1st,1st RIC vs 1st RIN,1st RIC,1st RIN,Archie Flynn,7,15,1,0,b: M Perry
15,1st,1st RIC vs 1st RIN,1st RIC,1st RIN,Patrick Gouge,28,56,3,0,c: A Bhatia b: D Parikh
15,1st,1st RIC vs 1st RIN,1st RIC,1st RIN,Oliver Horlock,8,40,1,0,c: C Hinds b: D Parikh
15,1st,1st RIC vs 1st RIN,1st RIC,1st RIN,Ian Holland,1,5,0,0,b: G Box
15,1st,1st RIC vs 1st RIN,1st RIC,1st RIN,David King,3,26,0,0,b: D Parikh
15,1st,1st RIC vs 1st RIN,1st RIC,1st RIN,Rheedyi Adam Amin,27,46,5,0,lbw: S Mills
15,1st,1st RIC vs 1st RIN,1st RIC,1st RIN,Benjamin Gibson,37,84,3,0,not out
15,1st,1st RIC vs 1st RIN,1st RIC,1st RIN,Jackson Freeman,8,15,1,0,b: D Parikh
15,1st,1st RIC vs 1st RIN,1st RIC,1st RIN,Dylan Walker,2,27,0,0,c: C Hinds b: D Parikh
15,1st,1st RIC vs 1st RIN,1st RIC,1st RIN,Luke Tully,9,23,2,0,lbw: J D’Rozario
15,1st,1st RIC vs 1st RIN,1st RIC,1st RIN,Justin Beaton,2,17,0,0,c: S Mills b: J D’Rozario
15,1st,1st FOO vs 1st CAS,1st CAS,1st FOO,Aiman Nadeem,1,31,0,0,c: J Isakka b: M Irfan
15,1st,1st FOO vs 1st CAS,1st CAS,1st FOO,Mitchell Jamieson,9,26,1,0,c: A Adihetty b: H Hoekstra
15,1st,1st FOO vs 1st CAS,1st CAS,1st FOO,Dylan Brasher,67,130,8,0,c: D Malik b: A Adihetty
15,1st,1st FOO vs 1st CAS,1st CAS,1st FOO,Dylan Kight,43,92,5,0,run out (A Chandrasinghe)
15,1st,1st FOO vs 1st CAS,1st CAS,1st FOO,Joshua Pace,9,28,1,0,lbw: F Gordon
15,1st,1st FOO vs 1st CAS,1st CAS,1st FOO,Jack Prestwidge,30,96,1,1,c: A Chandrasinghe b: F Gordon
15,1st,1st FOO vs 1st CAS,1st CAS,1st FOO,Max Birthisel,19,54,4,0,c: A Adihetty b: M Irfan
15,1st,1st FOO vs 1st CAS,1st CAS,1st FOO,Jay Vine,,5,0,0,c: A Chandrasinghe b: H Hoekstra
15,1st,1st FOO vs 1st CAS,1st CAS,1st FOO,Liam Mason,21,49,1,1,not out
15,1st,1st FOO vs 1st CAS,1st CAS,1st FOO,Ben Roosenboom,,7,0,0,c: H Hoekstra b: A Adihetty
15,1st,1st FOO vs 1st CAS,1st CAS,1st FOO,Daniel Wilczynski,,15,0,0,c&b: A Adihetty
15,1st,1st FOO vs 1st CAS,1st FOO,1st CAS,Ashley Chandrasinghe,102,229,12,0,not out
15,1st,1st FOO vs 1st CAS,1st FOO,1st CAS,Finlay Gordon,17,51,2,0,c: A Nadeem b: D Wilczynski
15,1st,1st FOO vs 1st CAS,1st FOO,1st CAS,Jackson Isakka,40,67,6,1,c: J Prestwidge b: J Vine
15,1st,1st FOO vs 1st CAS,1st FOO,1st CAS,Yash Pednekar,58,96,9,1,not out
15,1st,1st FOO vs 1st CAS,1st FOO,1st CAS,Ashvin Adihetty,,,,,did not bat
15,1st,1st FOO vs 1st CAS,1st FOO,1st CAS,Chris Benedek,,,,,did not bat
15,1st,1st FOO vs 1st CAS,1st FOO,1st CAS,Harry Hoekstra,,,,,did not bat
15,1st,1st FOO vs 1st CAS,1st FOO,1st CAS,Muhammad Irfan,,,,,did not bat
15,1st,1st FOO vs 1st CAS,1st FOO,1st CAS,Nathan Lambden,,,,,did not bat
15,1st,1st FOO vs 1st CAS,1st FOO,1st CAS,Daud Malik,,,,,did not bat
15,1st,1st FOO vs 1st CAS,1st FOO,1st CAS,Devin Pollock,,,,,did not bat
15,1st,1st CAR vs 1st MEL,1st MEL,1st CAR,Tom Smyth,36,109,1,0,c&b: J Rosham
15,1st,1st CAR vs 1st MEL,1st MEL,1st CAR,Andrew Lewis Poppa,2,20,0,0,c: J Harper b: F O’Neill
15,1st,1st CAR vs 1st MEL,1st MEL,1st CAR,Harrison Smyth,6,19,0,0,b: F O’Neill
15,1st,1st CAR vs 1st MEL,1st MEL,1st CAR,Jai Lemire,12,26,2,0,c: J Harper b: G Hannah
15,1st,1st CAR vs 1st MEL,1st MEL,1st CAR,Jagadeswara Koduru,110,238,8,1,c: J Rosham b: J Merlo
15,1st,1st CAR vs 1st MEL,1st MEL,1st CAR,Connor Rutland,5,13,0,0,lbw: J Sullivan
15,1st,1st CAR vs 1st MEL,1st MEL,1st CAR,Evan Gulbis,117,170,10,3,not out
15,1st,1st CAR vs 1st MEL,1st MEL,1st CAR,Dominic Sullivan,5,9,1,0,c&b: C Kellaway
15,1st,1st CAR vs 1st MEL,1st MEL,1st CAR,Cameron Stevenson,1,15,0,0,c&b: C Kellaway
15,1st,1st CAR vs 1st MEL,1st MEL,1st CAR,Nicholas Brennan,8,15,0,0,c: J Harper b: C Kellaway
15,1st,1st CAR vs 1st MEL,1st MEL,1st CAR,Michael Archer,9,10,0,1,not out
15,1st,1st CAR vs 1st MEL,1st CAR,1st MEL,Farzan Chowna,29,35,4,0,c: D Sullivan b: E Gulbis
15,1st,1st CAR vs 1st MEL,1st CAR,1st MEL,Campbell Kellaway,153,176,12,2,not out
15,1st,1st CAR vs 1st MEL,1st CAR,1st MEL,Sam Harper,9,10,2,0,b: E Gulbis
15,1st,1st CAR vs 1st MEL,1st CAR,1st MEL,Jonathan Merlo,19,25,3,0,c: J Lemire b: N Brennan
15,1st,1st CAR vs 1st MEL,1st CAR,1st MEL,Christopher Kellaway,2,7,0,0,c: J Lemire b: C Stevenson
15,1st,1st CAR vs 1st MEL,1st CAR,1st MEL,Blake Thomson,13,30,3,0,lbw: C Rutland
15,1st,1st CAR vs 1st MEL,1st CAR,1st MEL,Christian Howe,,7,0,0,b: C Rutland
15,1st,1st CAR vs 1st MEL,1st CAR,1st MEL,Jack Harper,88,123,13,0,not out
15,1st,1st CAR vs 1st MEL,1st CAR,1st MEL,Glenn Hannah,,,,,did not bat
15,1st,1st CAR vs 1st MEL,1st CAR,1st MEL,Fergus O’Neill,,,,,did not bat
15,1st,1st CAR vs 1st MEL,1st CAR,1st MEL,James Rosham,,,,,did not bat
15,1st,1st CAR vs 1st MEL,1st CAR,1st MEL,Jack Sullivan,,,,,did not bat
15,1st,1st CAR vs 1st MEL,1st CAR,1st MEL,Thomas Wrigglesworth,,,,,did not bat
15,1st,1st NOR vs 1st ESS,1st ESS,1st NOR,Tearan Gleeson,3,12,0,0,c: E White b: N Safdar
15,1st,1st NOR vs 1st ESS,1st ESS,1st NOR,Mitch Lawson,6,28,1,0,c: L Molloy b: N Safdar
15,1st,1st NOR vs 1st ESS,1st ESS,1st NOR,Jack Lalor,37,67,3,2,b: A Rajput
15,1st,1st NOR vs 1st ESS,1st ESS,1st NOR,Joshua Sundberg,17,42,3,0,c: L Molloy b: N McGuane
15,1st,1st NOR vs 1st ESS,1st ESS,1st NOR,Will Blair,57,89,8,2,c: C Poulton b: L Molloy
15,1st,1st NOR vs 1st ESS,1st ESS,1st NOR,Aaron Crispe,110,168,9,5,c: H Duke b: A Rajput
15,1st,1st NOR vs 1st ESS,1st ESS,1st NOR,Archie Lalor,59,117,7,1,c: J Trembearth b: N McGuane
15,1st,1st NOR vs 1st ESS,1st ESS,1st NOR,Jackson Smith,36,46,3,1,not out
15,1st,1st NOR vs 1st ESS,1st ESS,1st NOR,Adam Howard,10,12,2,0,b: N Safdar
15,1st,1st NOR vs 1st ESS,1st ESS,1st NOR,Joe Medew-Ewen,5,2,1,0,not out
15,1st,1st NOR vs 1st ESS,1st ESS,1st NOR,Matthew Pearce,,,,,did not bat
15,1st,1st NOR vs 1st ESS,1st NOR,1st ESS,Muhammad Arsalan,8,26,1,0,c: A Crispe b: A Howard
15,1st,1st NOR vs 1st ESS,1st NOR,1st ESS,Joshua Trembearth,25,27,6,0,b: A Howard
15,1st,1st NOR vs 1st ESS,1st NOR,1st ESS,Harry Duke,106,168,10,3,c: M Lawson b: A Lalor
15,1st,1st NOR vs 1st ESS,1st NOR,1st ESS,Liam Molloy,6,18,1,0,c: W Blair b: A Lalor
15,1st,1st NOR vs 1st ESS,1st NOR,1st ESS,Emerson White,38,57,6,1,run out (W Blair)
15,1st,1st NOR vs 1st ESS,1st NOR,1st ESS,Ikroop Dhanoa,8,19,2,0,b: J Medew-Ewen
15,1st,1st NOR vs 1st ESS,1st NOR,1st ESS,Connor Poulton,42,96,4,1,not out
15,1st,1st NOR vs 1st ESS,1st NOR,1st ESS,Arshit Rajput,5,12,0,0,lbw: J Medew-Ewen
15,1st,1st NOR vs 1st ESS,1st NOR,1st ESS,Noah Guida,2,13,0,0,c&b: M Pearce
15,1st,1st NOR vs 1st ESS,1st NOR,1st ESS,Nicholas McGuane,2,16,0,0,c: A Lalor b: J Medew-Ewen
15,1st,1st NOR vs 1st ESS,1st NOR,1st ESS,Noman Safdar,,3,0,0,c: J Sundberg b: J Medew-Ewen
15,1st,1st ST vs 1st CAM,1st CAM,1st ST,James Seymour,6,12,1,0,c: L Fitzpatrick b: W Walker
15,1st,1st ST vs 1st CAM,1st CAM,1st ST,Harry Dixon,,4,0,0,c: S Chopra b: S Paramesh
15,1st,1st ST vs 1st CAM,1st CAM,1st ST,Cooper Rojko,8,6,2,0,c: S Chopra b: S Paramesh
15,1st,1st ST vs 1st CAM,1st CAM,1st ST,Peter Handscomb,33,97,4,0,c: P Forrest b: C Simondson
15,1st,1st ST vs 1st CAM,1st CAM,1st ST,Ed Newman,18,48,2,0,c: A Kodoth b: T Nelson
15,1st,1st ST vs 1st CAM,1st CAM,1st ST,Thomas Russ,17,36,3,0,lbw: S Paramesh
15,1st,1st ST vs 1st CAM,1st CAM,1st ST,Brandon Faber,17,44,3,0,c: A Kodoth b: T Nelson
15,1st,1st ST vs 1st CAM,1st CAM,1st ST,Matthew Hennig,40,67,5,1,c: A Kodoth b: L Fitzpatrick
15,1st,1st ST vs 1st CAM,1st CAM,1st ST,Luke Destito,26,54,3,0,not out
15,1st,1st ST vs 1st CAM,1st CAM,1st ST,Will Lovell,3,8,0,0,lbw: L Fitzpatrick
15,1st,1st ST vs 1st CAM,1st CAM,1st ST,Thomas Paddington,13,31,0,1,b: W Walker
15,1st,1st ST vs 1st CAM,1st ST,1st CAM,Prajay Paramesh,43,60,4,2,lbw: M Hennig
15,1st,1st ST vs 1st CAM,1st ST,1st CAM,Patrick Forrest,68,238,7,0,c: L Destito b: T Russ
15,1st,1st ST vs 1st CAM,1st ST,1st CAM,Shorye Chopra,100,171,13,0,c: P Handscomb b: H Dixon
15,1st,1st ST vs 1st CAM,1st ST,1st CAM,Liam Fitzpatrick,21,45,3,0,not out
15,1st,1st ST vs 1st CAM,1st ST,1st CAM,Hamish McKenzie,17,21,2,1,not out
15,1st,1st ST vs 1st CAM,1st ST,1st CAM,Jobe Fraser,,,,,did not bat
15,1st,1st ST vs 1st CAM,1st ST,1st CAM,Akshay Kodoth,,,,,did not bat
15,1st,1st ST vs 1st CAM,1st ST,1st CAM,Tom Nelson,,,,,did not bat
15,1st,1st ST vs 1st CAM,1st ST,1st CAM,Sacheen R Paramesh,,,,,did not bat
15,1st,1st ST vs 1st CAM,1st ST,1st CAM,Charles Simondson,,,,,did not bat
15,1st,1st ST vs 1st CAM,1st ST,1st CAM,William Walker,,,,,did not bat
15,1st,1st ST vs 1st CAM,1st ST,1st CAM,James Wiseman,,,,,did not bat
15,1st,1st FIT vs 1st FRA,1st FRA,1st FIT,Jack Rudd,124,219,14,2,c: L Hose b: A Lenehan
15,1st,1st FIT vs 1st FRA,1st FRA,1st FIT,Liam Winn,46,110,3,0,c: C Maxwell b: J Elcock
15,1st,1st FIT vs 1st FRA,1st FRA,1st FIT,Zachary Elliott,,4,0,0,c: J Elcock b: J Singh
15,1st,1st FIT vs 1st FRA,1st FRA,1st FIT,Liam Banthorpe,3,20,0,0,c: C Remy b: X Crone
15,1st,1st FIT vs 1st FRA,1st FRA,1st FIT,Mark Phelan,10,38,1,0,c: S Gove b: J Singh
15,1st,1st FIT vs 1st FRA,1st FRA,1st FIT,Samuel Elliott,60,80,9,1,c: J Singh b: L Klauer
15,1st,1st FIT vs 1st FRA,1st FRA,1st FIT,Rupptaz Kharoud,2,4,0,0,c&b: X Crone
15,1st,1st FIT vs 1st FRA,1st FRA,1st FIT,Ejaaz Alavi,33,32,5,0,b: J Singh
15,1st,1st FIT vs 1st FRA,1st FRA,1st FIT,Braden Taeuber,,1,0,0,lbw: L Klauer
15,1st,1st FIT vs 1st FRA,1st FRA,1st FIT,Gurnaz Khatra,2,18,0,0,b: L Klauer
15,1st,1st FIT vs 1st FRA,1st FRA,1st FIT,Harkirat Bajwa,0,2,0,0,not out
15,1st,1st FIT vs 1st FRA,1st FIT,1st FRA,Charlie Maxwell,,5,0,0,b: S Elliott
15,1st,1st FIT vs 1st FRA,1st FIT,1st FRA,Nicholas Taranto,14,38,1,0,c: L Banthorpe b: G Khatra
15,1st,1st FIT vs 1st FRA,1st FIT,1st FRA,Joseph Eckland,1,6,0,0,c: L Banthorpe b: B Taeuber
15,1st,1st FIT vs 1st FRA,1st FIT,1st FRA,Jai Elcock,12,26,2,0,c: L Banthorpe b: S Elliott
15,1st,1st FIT vs 1st FRA,1st FIT,1st FRA,Cooper Remy,27,47,4,0,c: J Rudd b: G Khatra
15,1st,1st FIT vs 1st FRA,1st FIT,1st FRA,Sam Gove,32,83,4,0,c: L Banthorpe b: S Elliott
15,1st,1st FIT vs 1st FRA,1st FIT,1st FRA,Xavier Crone,23,33,4,1,c: J Rudd b: H Bajwa
15,1st,1st FIT vs 1st FRA,1st FIT,1st FRA,Lachlan Klauer,27,52,5,0,c: R Kharoud b: E Alavi
15,1st,1st FIT vs 1st FRA,1st FIT,1st FRA,Aidan Lenehan,5,12,1,0,c: L Banthorpe b: S Elliott
15,1st,1st FIT vs 1st FRA,1st FIT,1st FRA,Jaspreet Singh,26,23,3,1,c: S Elliott b: R Kharoud
15,1st,1st FIT vs 1st FRA,1st FIT,1st FRA,Lachlan Hose,1,20,0,0,not out
16,1st,1st FRA vs 1st GEE,1st GEE,1st FRA,Charlie Maxwell,45,70,7,1,b: O Haberfield
16,1st,1st FRA vs 1st GEE,1st GEE,1st FRA,Nicholas Taranto,51,79,7,0,b: J Larkin
16,1st,1st FRA vs 1st GEE,1st GEE,1st FRA,Joseph Eckland,42,75,4,0,c: A Armstrong b: Z Attard
16,1st,1st FRA vs 1st GEE,1st GEE,1st FRA,Jai Elcock,61,75,9,2,c: O Haberfield b: Z Attard
16,1st,1st FRA vs 1st GEE,1st GEE,1st FRA,Cooper Remy,56,125,5,0,b: Z Attard
16,1st,1st FRA vs 1st GEE,1st GEE,1st FRA,Sam Gove,13,43,1,0,c: J Larkin b: Z Attard
16,1st,1st FRA vs 1st GEE,1st GEE,1st FRA,Xavier Crone,6,16,0,0,c: A Sehrawat b: Z Attard
16,1st,1st FRA vs 1st GEE,1st GEE,1st FRA,Lachlan Klauer,35,55,3,1,c: L Blackford b: O Haberfield
16,1st,1st FRA vs 1st GEE,1st GEE,1st FRA,Aidan Lenehan,2,5,0,0,b: Z Attard
16,1st,1st FRA vs 1st GEE,1st GEE,1st FRA,Jaspreet Singh,11,15,1,0,c: L Blackford b: J Garner
16,1st,1st FRA vs 1st GEE,1st GEE,1st FRA,Lachlan Hose,0,4,0,0,not out
16,1st,1st FRA vs 1st GEE,1st FRA,1st GEE,Lachie Field,9,35,1,0,c: C Maxwell b: A Lenehan
16,1st,1st FRA vs 1st GEE,1st FRA,1st GEE,Ryan Aikman,9,23,2,0,c: C Remy b: X Crone
16,1st,1st FRA vs 1st GEE,1st FRA,1st GEE,Liam Blackford,116,158,12,1,run out (L Klauer)
16,1st,1st FRA vs 1st GEE,1st FRA,1st GEE,Joshua Larkin,1,13,0,0,lbw: L Klauer
16,1st,1st FRA vs 1st GEE,1st FRA,1st GEE,Ashley Armstrong,10,34,2,0,c: C Maxwell b: L Klauer
16,1st,1st FRA vs 1st GEE,1st FRA,1st GEE,Eamonn Vines,10,25,1,0,c: J Eckland b: X Crone
16,1st,1st FRA vs 1st GEE,1st FRA,1st GEE,Arjun Sehrawat,28,73,4,0,b: A Lenehan
16,1st,1st FRA vs 1st GEE,1st FRA,1st GEE,Zane Attard,13,33,1,0,c: A Lenehan b: J Singh
16,1st,1st FRA vs 1st GEE,1st FRA,1st GEE,Josh Garner,5,12,1,0,c: J Elcock b: J Singh
16,1st,1st FRA vs 1st GEE,1st FRA,1st GEE,Oliver Haberfield,15,31,3,0,b: J Singh
16,1st,1st FRA vs 1st GEE,1st FRA,1st GEE,Nathan Harper,3,6,0,0,not out
16,1st,1st DAN vs 1st MEL,1st MEL,1st DAN,Brett Forsyth,21,35,3,0,lbw: J Sullivan
16,1st,1st DAN vs 1st MEL,1st MEL,1st DAN,Venuk Hemachandra,24,37,4,0,c: C Kellaway b: C Howe
16,1st,1st DAN vs 1st MEL,1st MEL,1st DAN,Dhanusha Gamage,,9,0,0,c: J Harper b: J Sullivan
16,1st,1st DAN vs 1st MEL,1st MEL,1st DAN,Shobit Singh,3,17,0,0,c: R Desai b: J Sullivan
16,1st,1st DAN vs 1st MEL,1st MEL,1st DAN,Joshua Slater,8,40,0,0,c: T Wrigglesworth b: J Sullivan
16,1st,1st DAN vs 1st MEL,1st MEL,1st DAN,Matthew Wilson,70,149,9,1,c: C Kellaway b: R Desai
16,1st,1st DAN vs 1st MEL,1st MEL,1st DAN,James Nanopoulos,54,100,1,0,c: R Desai b: W McGillivray
16,1st,1st DAN vs 1st MEL,1st MEL,1st DAN,Sam Newell,3,25,0,0,not out
16,1st,1st DAN vs 1st MEL,1st MEL,1st DAN,Vishwa Ramkumar,4,10,1,0,c: J Harper b: J Sullivan
16,1st,1st DAN vs 1st MEL,1st MEL,1st DAN,Nathan Whitford,6,11,0,0,c: J Harper b: C Howe
16,1st,1st DAN vs 1st MEL,1st MEL,1st DAN,Noah Hurley,1,9,0,0,c: J Harper b: C Howe
16,1st,1st DAN vs 1st MEL,1st DAN,1st MEL,Farzan Chowna,84,124,13,0,c: M Wilson b: J Nanopoulos
16,1st,1st DAN vs 1st MEL,1st DAN,1st MEL,Blake Thomson,6,6,1,0,b: N Hurley
16,1st,1st DAN vs 1st MEL,1st DAN,1st MEL,Christopher Kellaway,,1,0,0,lbw: N Hurley
16,1st,1st DAN vs 1st MEL,1st DAN,1st MEL,Jonathan Merlo,,5,0,0,c: M Wilson b: N Hurley
16,1st,1st DAN vs 1st MEL,1st DAN,1st MEL,Christian Howe,,3,0,0,c: M Wilson b: J Nanopoulos
16,1st,1st DAN vs 1st MEL,1st DAN,1st MEL,Nikki du Toit,111,225,13,0,not out
16,1st,1st DAN vs 1st MEL,1st DAN,1st MEL,Jack Harper,90,87,10,2,c: B Forsyth b: N Whitford
16,1st,1st DAN vs 1st MEL,1st DAN,1st MEL,Thomas Wrigglesworth,1,10,0,0,not out
16,1st,1st DAN vs 1st MEL,1st DAN,1st MEL,Rishi Desai,,,,,did not bat
16,1st,1st DAN vs 1st MEL,1st DAN,1st MEL,Wilson McGillivray,,,,,did not bat
16,1st,1st DAN vs 1st MEL,1st DAN,1st MEL,Jack Sullivan,,,,,did not bat
16,1st,1st ST vs 1st RIC,1st RIC,1st ST,James Seymour,50,93,4,2,c: S Mills b: J Sawrey
16,1st,1st ST vs 1st RIC,1st RIC,1st ST,Brandon Faber,15,43,2,0,c: C Hinds b: S Mills
16,1st,1st ST vs 1st RIC,1st RIC,1st ST,Cooper Rojko,11,29,2,0,c: J Sawrey b: D Parikh
16,1st,1st ST vs 1st RIC,1st RIC,1st ST,Ed Newman,38,133,5,0,lbw: S Mills
16,1st,1st ST vs 1st RIC,1st RIC,1st ST,Angus Newman,6,29,1,0,c: S Mills b: D Scholz
16,1st,1st ST vs 1st RIC,1st RIC,1st ST,Thomas Russ,43,87,7,0,c: A Bhatia b: D Parikh
16,1st,1st ST vs 1st RIC,1st RIC,1st ST,Adam Crosthwaite,91,119,13,1,c: C Hinds b: A Anlezark
16,1st,1st ST vs 1st RIC,1st RIC,1st ST,Matthew Hennig,17,33,3,0,c&b: J Hinds
16,1st,1st ST vs 1st RIC,1st RIC,1st ST,Luke Destito,8,37,0,0,c: D Parikh b: J D’Rozario
16,1st,1st ST vs 1st RIC,1st RIC,1st ST,Will Lovell,15,29,2,0,not out
16,1st,1st ST vs 1st RIC,1st RIC,1st ST,Thomas Paddington,4,5,1,0,c: A Anlezark b: S Mills
16,1st,1st ST vs 1st RIC,1st ST,1st RIC,Dan Scholz,15,26,3,0,c: A Newman b: M Hennig
16,1st,1st ST vs 1st RIC,1st ST,1st RIC,James Doherty,1,2,0,0,c: T Russ b: M Hennig
16,1st,1st ST vs 1st RIC,1st ST,1st RIC,Kurt Heigl,14,15,2,0,c: T Paddington b: L Destito
16,1st,1st ST vs 1st RIC,1st ST,1st RIC,Jonathan D’Rozario,6,31,0,0,c: A Crosthwaite b: L Destito
16,1st,1st ST vs 1st RIC,1st ST,1st RIC,Archit Bhatia,19,82,0,0,c: A Crosthwaite b: T Paddington
16,1st,1st ST vs 1st RIC,1st ST,1st RIC,Sam Mills,97,169,6,0,c&b: M Hennig
16,1st,1st ST vs 1st RIC,1st ST,1st RIC,Jacob Hinds,5,15,1,0,c: A Newman b: W Lovell
16,1st,1st ST vs 1st RIC,1st ST,1st RIC,Joshua Sawrey,72,113,9,1,lbw: M Hennig
16,1st,1st ST vs 1st RIC,1st ST,1st RIC,Connor Hinds,9,14,1,0,c: E Newman b: T Paddington
16,1st,1st ST vs 1st RIC,1st ST,1st RIC,Austin Anlezark,43,41,7,1,not out
16,1st,1st ST vs 1st RIC,1st ST,1st RIC,Dhruval Parikh,0,7,0,0,not out
16,1st,1st ST vs 1st RIC,1st ST,1st RIC,Jack Trevethan,,,,,did not bat
16,1st,1st MEL vs 1st GRE,1st GRE,1st MEL,Finlay Bean,105,120,14,0,c: B Cliff b: M Hussain
16,1st,1st MEL vs 1st GRE,1st GRE,1st MEL,Jacob Whiteaker,17,25,3,0,c: H Fitzgerald b: T Sutherland
16,1st,1st MEL vs 1st GRE,1st GRE,1st MEL,Dhruv Poojari Redhu,43,90,7,0,lbw: L Dichiera
16,1st,1st MEL vs 1st GRE,1st GRE,1st MEL,Fergus McKenna,116,96,14,3,c: Y Muntasir b: T Sutherland
16,1st,1st MEL vs 1st GRE,1st GRE,1st MEL,Henry Melville,,1,0,0,c: W Luxton b: M Hussain
16,1st,1st MEL vs 1st GRE,1st GRE,1st MEL,Yuvraj Singh,21,29,4,0,c: W Luxton b: T Sutherland
16,1st,1st MEL vs 1st GRE,1st GRE,1st MEL,Peter Hatzoglou,32,39,4,0,b: L Dichiera
16,1st,1st MEL vs 1st GRE,1st GRE,1st MEL,Douglas Warren,18,34,2,0,c: W Luxton b: D Highgate
16,1st,1st MEL vs 1st GRE,1st GRE,1st MEL,Jack Lyndon,43,39,10,0,not out
16,1st,1st MEL vs 1st GRE,1st GRE,1st MEL,Mark Stafford,6,21,0,0,c: B Cliff b: L Dichiera
16,1st,1st MEL vs 1st GRE,1st GRE,1st MEL,Tom Walker,0,0,0,0,not out
16,1st,1st MEL vs 1st GRE,1st MEL,1st GRE,Odil Perera,35,72,6,0,b: T Walker
16,1st,1st MEL vs 1st GRE,1st MEL,1st GRE,Yaseen Muntasir,19,59,2,0,c: H Melville b: T Walker
16,1st,1st MEL vs 1st GRE,1st MEL,1st GRE,Ryan Stingel,28,62,3,0,c: J Lyndon b: P Hatzoglou
16,1st,1st MEL vs 1st GRE,1st MEL,1st GRE,Will Luxton,20,31,2,0,c: H Melville b: J Lyndon
16,1st,1st MEL vs 1st GRE,1st MEL,1st GRE,Robbie O’Brien,5,34,1,0,b: P Hatzoglou
16,1st,1st MEL vs 1st GRE,1st MEL,1st GRE,Musa Hussain,2,12,0,0,b: D Warren
16,1st,1st MEL vs 1st GRE,1st MEL,1st GRE,Harry Fitzgerald,26,44,1,0,"run out (D Redhu, H Melville)"
16,1st,1st MEL vs 1st GRE,1st MEL,1st GRE,Lewis Dichiera,,6,0,0,lbw: P Hatzoglou
16,1st,1st MEL vs 1st GRE,1st MEL,1st GRE,Benjamin Cliff,,3,0,0,c: H Melville b: P Hatzoglou
16,1st,1st MEL vs 1st GRE,1st MEL,1st GRE,Declan Highgate,25,36,4,0,c: H Melville b: T Walker
16,1st,1st MEL vs 1st GRE,1st MEL,1st GRE,Tobias Sutherland,0,2,0,0,not out
16,1st,1st MEL vs 1st GRE,1st MEL,2nd GRE,Yaseen Muntasir,63,56,9,1,not out
16,1st,1st MEL vs 1st GRE,1st MEL,2nd GRE,Odil Perera,24,52,3,0,not out
16,1st,1st MEL vs 1st GRE,1st MEL,2nd GRE,Benjamin Cliff,,,,,did not bat
16,1st,1st MEL vs 1st GRE,1st MEL,2nd GRE,Lewis Dichiera,,,,,did not bat
16,1st,1st MEL vs 1st GRE,1st MEL,2nd GRE,Harry Fitzgerald,,,,,did not bat
16,1st,1st MEL vs 1st GRE,1st MEL,2nd GRE,Declan Highgate,,,,,did not bat
16,1st,1st MEL vs 1st GRE,1st MEL,2nd GRE,Musa Hussain,,,,,did not bat
16,1st,1st MEL vs 1st GRE,1st MEL,2nd GRE,Will Luxton,,,,,did not bat
16,1st,1st MEL vs 1st GRE,1st MEL,2nd GRE,Robbie O’Brien,,,,,did not bat
16,1st,1st MEL vs 1st GRE,1st MEL,2nd GRE,Ryan Stingel,,,,,did not bat
16,1st,1st MEL vs 1st GRE,1st MEL,2nd GRE,Tobias Sutherland,,,,,did not bat
16,1st,1st CAR vs 1st CAM,1st CAM,1st CAR,Andrew Lewis Poppa,5,13,0,0,b: S Paramesh
16,1st,1st CAR vs 1st CAM,1st CAM,1st CAR,Tom Smyth,184,301,19,3,b: P Dooley
16,1st,1st CAR vs 1st CAM,1st CAM,1st CAR,Harrison Smyth,1,5,0,0,c: L Fitzpatrick b: S Paramesh
16,1st,1st CAR vs 1st CAM,1st CAM,1st CAR,Jai Lemire,81,161,6,2,b: S Paramesh
16,1st,1st CAR vs 1st CAM,1st CAM,1st CAR,Jagadeswara Koduru,47,69,3,1,c: S Paramesh b: C Simondson
16,1st,1st CAR vs 1st CAM,1st CAM,1st CAR,Connor Rutland,3,5,0,0,st: A Kodoth b: C Simondson
16,1st,1st CAR vs 1st CAM,1st CAM,1st CAR,Aryan J Sharma,7,8,1,0,c: S Chopra b: P Dooley
16,1st,1st CAR vs 1st CAM,1st CAM,1st CAR,Dominic Sullivan,4,4,1,0,run out (P Paramesh)
16,1st,1st CAR vs 1st CAM,1st CAM,1st CAR,Michael Archer,1,2,0,0,b: C Simondson
16,1st,1st CAR vs 1st CAM,1st CAM,1st CAR,Evan Gulbis,1,3,0,0,not out
16,1st,1st CAR vs 1st CAM,1st CAM,1st CAR,Nicholas Brennan,5,9,0,0,not out
16,1st,1st CAR vs 1st CAM,1st CAR,1st CAM,Prajay Paramesh,2,12,0,0,b: N Brennan
16,1st,1st CAR vs 1st CAM,1st CAR,1st CAM,Patrick Forrest,,4,0,0,c: J Koduru b: N Brennan
16,1st,1st CAR vs 1st CAM,1st CAR,1st CAM,Shorye Chopra,1,4,0,0,c: T Smyth b: N Brennan
16,1st,1st CAR vs 1st CAM,1st CAR,1st CAM,Liam Fitzpatrick,1,8,0,0,c: J Lemire b: N Brennan
16,1st,1st CAR vs 1st CAM,1st CAR,1st CAM,James Wiseman,19,26,1,1,c: J Koduru b: C Rutland
16,1st,1st CAR vs 1st CAM,1st CAR,1st CAM,Akshay Kodoth,38,106,4,0,c: J Lemire b: N Brennan
16,1st,1st CAR vs 1st CAM,1st CAR,1st CAM,Patrick Dooley,87,211,7,2,c: A Sharma b: N Brennan
16,1st,1st CAR vs 1st CAM,1st CAR,1st CAM,Charles Simondson,11,19,2,0,b: M Archer
16,1st,1st CAR vs 1st CAM,1st CAR,1st CAM,Sacheen R Paramesh,20,82,2,0,c: J Lemire b: A Sharma
16,1st,1st CAR vs 1st CAM,1st CAR,1st CAM,Tom Nelson,2,18,0,0,b: C Rutland
16,1st,1st CAR vs 1st CAM,1st CAR,1st CAM,William Walker,1,36,0,0,not out
16,1st,1st RIN vs 1st CAS,1st CAS,1st RIN,David King,5,23,0,0,c: A Chandrasinghe b: H Hoekstra
16,1st,1st RIN vs 1st CAS,1st CAS,1st RIN,Archie Flynn,8,47,1,0,c: Y Pednekar b: H Hoekstra
16,1st,1st RIN vs 1st CAS,1st CAS,1st RIN,Rheedyi Adam Amin,14,16,2,0,c: F Gordon b: H Hoekstra
16,1st,1st RIN vs 1st CAS,1st CAS,1st RIN,Ian Holland,35,82,3,0,c: N Lambden b: A Ramkumar
16,1st,1st RIN vs 1st CAS,1st CAS,1st RIN,Matthew Mountain,3,13,0,0,c: D Pollock b: N Lambden
16,1st,1st RIN vs 1st CAS,1st CAS,1st RIN,Oliver Horlock,14,19,3,0,c: J Isakka b: F Gordon
16,1st,1st RIN vs 1st CAS,1st CAS,1st RIN,Benjamin Gibson,7,16,0,0,c: D Pollock b: F Gordon
16,1st,1st RIN vs 1st CAS,1st CAS,1st RIN,Jackson Freeman,76,122,8,0,b: H Hoekstra
16,1st,1st RIN vs 1st CAS,1st CAS,1st RIN,Dylan Walker,,4,0,0,run out (Y Pednekar)
16,1st,1st RIN vs 1st CAS,1st CAS,1st RIN,Luke Tully,28,84,4,0,c: F Gordon b: H Hoekstra
16,1st,1st RIN vs 1st CAS,1st CAS,1st RIN,Justin Beaton,7,25,1,0,not out
16,1st,1st RIN vs 1st CAS,1st RIN,1st CAS,Ashley Chandrasinghe,108,242,14,0,not out
16,1st,1st RIN vs 1st CAS,1st RIN,1st CAS,Finlay Gordon,17,18,2,0,c: B Gibson b: J Beaton
16,1st,1st RIN vs 1st CAS,1st RIN,1st CAS,Jackson Isakka,12,26,1,0,b: D Walker
16,1st,1st RIN vs 1st CAS,1st RIN,1st CAS,Nathan Lambden,6,20,0,0,b: I Holland
16,1st,1st RIN vs 1st CAS,1st RIN,1st CAS,Yash Pednekar,39,95,6,0,c: I Holland b: D Walker
16,1st,1st RIN vs 1st CAS,1st RIN,1st CAS,Daud Malik,,7,0,0,c: R Amin b: J Beaton
16,1st,1st RIN vs 1st CAS,1st RIN,1st CAS,Devin Pollock,21,67,3,0,not out
16,1st,1st RIN vs 1st CAS,1st RIN,1st CAS,Aaron Abeyesekera,,,,,did not bat
16,1st,1st RIN vs 1st CAS,1st RIN,1st CAS,Harry Hoekstra,,,,,did not bat
16,1st,1st RIN vs 1st CAS,1st RIN,1st CAS,Muhammad Irfan,,,,,did not bat
16,1st,1st RIN vs 1st CAS,1st RIN,1st CAS,Akshay Ramkumar,,,,,did not bat
16,1st,1st ESS vs 1st FOO,1st FOO,1st ESS,Muhammad Arsalan,2,18,0,0,lbw: B Roosenboom
16,1st,1st ESS vs 1st FOO,1st FOO,1st ESS,Joshua Trembearth,47,110,6,0,b: D Wilczynski
16,1st,1st ESS vs 1st FOO,1st FOO,1st ESS,Harry Duke,1,8,0,0,"run out (J Prestwidge, B Roosenboom)"
16,1st,1st ESS vs 1st FOO,1st FOO,1st ESS,Liam Molloy,41,92,4,0,c: D Kight b: A Nadeem
16,1st,1st ESS vs 1st FOO,1st FOO,1st ESS,Emerson White,8,34,1,0,c: A Nadeem b: L Mason
16,1st,1st ESS vs 1st FOO,1st FOO,1st ESS,Arshit Rajput,1,12,0,0,lbw: D Wilczynski
16,1st,1st ESS vs 1st FOO,1st FOO,1st ESS,Connor Poulton,3,14,0,0,c: A Nadeem b: L Mason
16,1st,1st ESS vs 1st FOO,1st FOO,1st ESS,Ikroop Dhanoa,32,113,2,0,b: B Roosenboom
16,1st,1st ESS vs 1st FOO,1st FOO,1st ESS,Nicholas McGuane,23,117,3,0,c: M Jamieson b: L Mason
16,1st,1st ESS vs 1st FOO,1st FOO,1st ESS,Noman Safdar,,12,0,0,c: M Jamieson b: L Mason
16,1st,1st ESS vs 1st FOO,1st FOO,1st ESS,Lachie Busk,4,9,0,0,not out
16,1st,1st ESS vs 1st FOO,1st ESS,1st FOO,Aiman Nadeem,39,134,2,0,run out (L Busk)
16,1st,1st ESS vs 1st FOO,1st ESS,1st FOO,Mitchell Jamieson,34,81,4,0,lbw: N Safdar
16,1st,1st ESS vs 1st FOO,1st ESS,1st FOO,Max Hatzoglou,,10,0,0,c: C Poulton b: N McGuane
16,1st,1st ESS vs 1st FOO,1st ESS,1st FOO,Dylan Kight,20,55,3,0,b: L Molloy
16,1st,1st ESS vs 1st FOO,1st ESS,1st FOO,Travis Dean,8,18,1,0,"run out (E White, C Poulton)"
16,1st,1st ESS vs 1st FOO,1st ESS,1st FOO,Jack Prestwidge,42,73,5,2,not out
16,1st,1st ESS vs 1st FOO,1st ESS,1st FOO,Joshua Pace,3,15,0,0,c: L Molloy b: N McGuane
16,1st,1st ESS vs 1st FOO,1st ESS,1st FOO,Jay Vine,20,54,4,0,not out
16,1st,1st FIT vs 1st KIN,1st KIN,1st FIT,Jack Rudd,9,29,1,0,b: H Fischbacher
16,1st,1st FIT vs 1st KIN,1st KIN,1st FIT,Liam Winn,12,32,1,0,c: J Lewis b: C Cater
16,1st,1st FIT vs 1st KIN,1st KIN,1st FIT,Zachary Elliott,,3,0,0,c: V Wickramasinghe b: H Fischbacher
16,1st,1st FIT vs 1st KIN,1st KIN,1st FIT,Matthew Spoors,23,28,3,1,c: C Cater b: L Stow
16,1st,1st FIT vs 1st KIN,1st KIN,1st FIT,Liam Banthorpe,73,142,6,0,not out
16,1st,1st FIT vs 1st KIN,1st KIN,1st FIT,Angus Roach,11,29,1,1,b: W Bowering
16,1st,1st FIT vs 1st KIN,1st KIN,1st FIT,Ejaaz Alavi,16,44,2,0,lbw: S Khattak
16,1st,1st FIT vs 1st KIN,1st KIN,1st FIT,Rupptaz Kharoud,22,14,1,2,c: T Attanayake b: S Khattak
16,1st,1st FIT vs 1st KIN,1st KIN,1st FIT,Braden Taeuber,14,41,3,0,b: W Bowering
16,1st,1st FIT vs 1st KIN,1st KIN,1st FIT,Gurnaz Khatra,,7,1,0,st: J Lewis b: W Bowering
16,1st,1st FIT vs 1st KIN,1st KIN,1st FIT,Harkirat Bajwa,5,20,0,0,c: J Lewis b: H Fischbacher
16,1st,1st FIT vs 1st KIN,1st FIT,1st KIN,Nic Tindall,,5,0,0,c: Z Elliott b: G Khatra
16,1st,1st FIT vs 1st KIN,1st FIT,1st KIN,Vithum Sathyajith,59,160,8,0,lbw: M Spoors
16,1st,1st FIT vs 1st KIN,1st FIT,1st KIN,Josh Manning,6,7,1,0,b: B Taeuber
16,1st,1st FIT vs 1st KIN,1st FIT,1st KIN,Thaveesh Attanayake,42,94,4,1,c: R Kharoud b: G Khatra
16,1st,1st FIT vs 1st KIN,1st FIT,1st KIN,Vimesh Wickramasinghe,36,51,3,2,b: M Spoors
16,1st,1st FIT vs 1st KIN,1st FIT,1st KIN,Joel Lewis,39,76,3,0,c: E Alavi b: R Kharoud
16,1st,1st FIT vs 1st KIN,1st FIT,1st KIN,Herbie Fischbacher,,7,0,0,b: H Bajwa
16,1st,1st FIT vs 1st KIN,1st FIT,1st KIN,Saad Khattak,,5,0,0,lbw: H Bajwa
16,1st,1st FIT vs 1st KIN,1st FIT,1st KIN,Luke Stow,34,83,4,1,c: Z Elliott b: R Kharoud
16,1st,1st FIT vs 1st KIN,1st FIT,1st KIN,Cory Cater,44,45,3,2,not out
16,1st,1st FIT vs 1st KIN,1st FIT,1st KIN,William Bowering,19,34,1,1,c: A Roach b: H Bajwa
16,1st,1st NOR vs 1st PRA,1st PRA,1st NOR,Tearan Gleeson,23,29,4,0,lbw: M Wilcox
16,1st,1st NOR vs 1st PRA,1st PRA,1st NOR,Mitch Lawson,,3,0,0,c: D Malcolm b: C McClure
16,1st,1st NOR vs 1st PRA,1st PRA,1st NOR,Jack Lalor,183,240,17,6,"run out (L Bangs, J McPhee)"
16,1st,1st NOR vs 1st PRA,1st PRA,1st NOR,Joshua Sundberg,25,105,3,0,lbw: M Wilcox
16,1st,1st NOR vs 1st PRA,1st PRA,1st NOR,Will Blair,30,70,4,0,c: P Walter b: M Wilcox
16,1st,1st NOR vs 1st PRA,1st PRA,1st NOR,Aaron Crispe,22,35,2,1,c: L Bangs b: C McClure
16,1st,1st NOR vs 1st PRA,1st PRA,1st NOR,Archie Lalor,2,9,0,0,c: P Walter b: S De Silva
16,1st,1st NOR vs 1st PRA,1st PRA,1st NOR,Jackson Smith,,5,0,0,c: D Egan b: L Bangs
16,1st,1st NOR vs 1st PRA,1st PRA,1st NOR,Adam Howard,9,21,2,0,c: L Bangs b: S De Silva
16,1st,1st NOR vs 1st PRA,1st PRA,1st NOR,Joe Medew-Ewen,13,27,2,0,b: M Wilcox
16,1st,1st NOR vs 1st PRA,1st PRA,1st NOR,Matthew Pearce,0,11,0,0,not out
16,1st,1st NOR vs 1st PRA,1st NOR,1st PRA,Paul Walter,28,46,5,0,c: A Crispe b: J Medew-Ewen
16,1st,1st NOR vs 1st PRA,1st NOR,1st PRA,Cameron Hemp,28,30,7,0,c: W Blair b: A Howard
16,1st,1st NOR vs 1st PRA,1st NOR,1st PRA,Alex Turner,17,28,3,0,c: M Lawson b: J Medew-Ewen
16,1st,1st NOR vs 1st PRA,1st NOR,1st PRA,Damon Egan,,7,0,0,c: M Lawson b: A Howard
16,1st,1st NOR vs 1st PRA,1st NOR,1st PRA,Lachlan Bangs,5,21,1,0,c&b: J Medew-Ewen
16,1st,1st NOR vs 1st PRA,1st NOR,1st PRA,Max Delaney,68,143,8,0,not out
16,1st,1st NOR vs 1st PRA,1st NOR,1st PRA,Damon Malcolm,8,9,1,0,c: J Sundberg b: M Pearce
16,1st,1st NOR vs 1st PRA,1st NOR,1st PRA,Matt Wilcox,17,54,1,1,b: A Howard
16,1st,1st NOR vs 1st PRA,1st NOR,1st PRA,Shenuka De Silva,36,25,7,1,c: M Lawson b: J Medew-Ewen
16,1st,1st NOR vs 1st PRA,1st NOR,1st PRA,James McPhee,17,12,4,0,c: W Blair b: J Medew-Ewen
16,1st,1st NOR vs 1st PRA,1st NOR,1st PRA,Cam McClure,,2,0,0,c: A Howard b: J Medew-Ewen
17,1st,1st PRA vs 1st FOO,1st FOO,1st PRA,Paul Walter,93,124,10,1,lbw: J Prestwidge
17,1st,1st PRA vs 1st FOO,1st FOO,1st PRA,Cameron Hemp,29,43,6,0,c: A Nadeem b: L Mason
17,1st,1st PRA vs 1st FOO,1st FOO,1st PRA,Alex Turner,154,225,17,2,c: J Prestwidge b: M Jamieson
17,1st,1st PRA vs 1st FOO,1st FOO,1st PRA,Damon Egan,28,72,2,0,b: B Roosenboom
17,1st,1st PRA vs 1st FOO,1st FOO,1st PRA,Lachlan Bangs,42,38,2,3,lbw: D Wilczynski
17,1st,1st PRA vs 1st FOO,1st FOO,1st PRA,Max Delaney,37,31,4,1,not out
17,1st,1st PRA vs 1st FOO,1st FOO,1st PRA,Damon Malcolm,7,9,0,0,not out
17,1st,1st PRA vs 1st FOO,1st FOO,1st PRA,Hugh Birchall,,,,,did not bat
17,1st,1st PRA vs 1st FOO,1st FOO,1st PRA,Shenuka De Silva,,,,,did not bat
17,1st,1st PRA vs 1st FOO,1st FOO,1st PRA,James McPhee,,,,,did not bat
17,1st,1st PRA vs 1st FOO,1st FOO,1st PRA,Matt Wilcox,,,,,did not bat
17,1st,1st PRA vs 1st FOO,1st PRA,1st FOO,Aiman Nadeem,31,84,5,0,c: J McPhee b: S De Silva
17,1st,1st PRA vs 1st FOO,1st PRA,1st FOO,Mitchell Jamieson,,5,0,0,c: J McPhee b: L Bangs
17,1st,1st PRA vs 1st FOO,1st PRA,1st FOO,Jay Vine,19,37,3,0,c: P Walter b: L Bangs
17,1st,1st PRA vs 1st FOO,1st PRA,1st FOO,Dylan Brasher,,1,0,0,c: J McPhee b: L Bangs
17,1st,1st PRA vs 1st FOO,1st PRA,1st FOO,Dylan Kight,12,64,1,0,b: M Wilcox
17,1st,1st PRA vs 1st FOO,1st PRA,1st FOO,Travis Dean,178,207,21,5,not out
17,1st,1st PRA vs 1st FOO,1st PRA,1st FOO,Jack Prestwidge,45,79,7,1,st: J McPhee b: M Wilcox
17,1st,1st PRA vs 1st FOO,1st PRA,1st FOO,Joshua Pace,22,65,2,0,c: J McPhee b: L Bangs
17,1st,1st PRA vs 1st FOO,1st PRA,1st FOO,Liam Mason,2,11,0,0,lbw: M Wilcox
17,1st,1st PRA vs 1st FOO,1st PRA,1st FOO,Ben Roosenboom,10,53,1,0,not out
17,1st,1st PRA vs 1st FOO,1st PRA,1st FOO,Max Hatzoglou,,,,,did not bat
17,1st,1st PRA vs 1st FOO,1st PRA,1st FOO,Daniel Wilczynski,,,,,did not bat
17,1st,1st CAR vs 1st DAN,1st DAN,1st CAR,Tom Smyth,,3,0,0,c: S Newell b: J Nanopoulos
17,1st,1st CAR vs 1st DAN,1st DAN,1st CAR,Connor Rutland,21,44,2,0,lbw: M Wilson
17,1st,1st CAR vs 1st DAN,1st DAN,1st CAR,Harrison Smyth,7,10,1,0,c: D Gamage b: N Hurley
17,1st,1st CAR vs 1st DAN,1st DAN,1st CAR,Jai Lemire,120,238,11,0,c: S Singh b: N Hurley
17,1st,1st CAR vs 1st DAN,1st DAN,1st CAR,Jagadeswara Koduru,13,23,1,0,c: D Gamage b: N Whitford
17,1st,1st CAR vs 1st DAN,1st DAN,1st CAR,Evan Gulbis,24,34,4,0,c: D Gamage b: M Wilson
17,1st,1st CAR vs 1st DAN,1st DAN,1st CAR,Andrew Lewis Poppa,41,87,5,0,b: V Ramkumar
17,1st,1st CAR vs 1st DAN,1st DAN,1st CAR,Aryan J Sharma,37,54,4,0,c: J Nanopoulos b: V Ramkumar
17,1st,1st CAR vs 1st DAN,1st DAN,1st CAR,Dominic Sullivan,17,32,1,0,not out
17,1st,1st CAR vs 1st DAN,1st DAN,1st CAR,Cameron Stevenson,29,56,1,2,not out
17,1st,1st CAR vs 1st DAN,1st DAN,1st CAR,Michael Archer,,,,,did not bat
17,1st,1st CAR vs 1st DAN,1st CAR,1st DAN,Brett Forsyth,48,103,8,0,c: A Sharma b: C Rutland
17,1st,1st CAR vs 1st DAN,1st CAR,1st DAN,Venuk Hemachandra,16,34,2,1,c: J Lemire b: E Gulbis
17,1st,1st CAR vs 1st DAN,1st CAR,1st DAN,Dhanusha Gamage,45,138,3,0,lbw: M Archer
17,1st,1st CAR vs 1st DAN,1st CAR,1st DAN,Shobit Singh,19,22,2,0,b: C Rutland
17,1st,1st CAR vs 1st DAN,1st CAR,1st DAN,Joshua Slater,5,22,0,0,c: H Smyth b: A Sharma
17,1st,1st CAR vs 1st DAN,1st CAR,1st DAN,Matthew Wilson,34,76,3,0,c: D Sullivan b: C Stevenson
17,1st,1st CAR vs 1st DAN,1st CAR,1st DAN,James Nanopoulos,2,13,0,0,c: J Lemire b: M Archer
17,1st,1st CAR vs 1st DAN,1st CAR,1st DAN,Sam Newell,,11,0,0,c: J Lemire b: D Sullivan
17,1st,1st CAR vs 1st DAN,1st CAR,1st DAN,Vishwa Ramkumar,37,58,5,0,c: J Lemire b: C Stevenson
17,1st,1st CAR vs 1st DAN,1st CAR,1st DAN,Nathan Whitford,0,6,0,0,not out
17,1st,1st CAR vs 1st DAN,1st CAR,1st DAN,Noah Hurley,,3,0,0,c: J Koduru b: C Stevenson
17,1st,1st CAM vs 1st MEL,1st MEL,1st CAM,Prajay Paramesh,10,20,0,0,b: G Hannah
17,1st,1st CAM vs 1st MEL,1st MEL,1st CAM,Patrick Forrest,30,103,0,0,c: B Thomson b: J Sullivan
17,1st,1st CAM vs 1st MEL,1st MEL,1st CAM,Shorye Chopra,6,19,1,0,c: J Sullivan b: W McGillivray
17,1st,1st CAM vs 1st MEL,1st MEL,1st CAM,Liam Fitzpatrick,87,149,14,0,c: B Thomson b: J Sullivan
17,1st,1st CAM vs 1st MEL,1st MEL,1st CAM,James Wiseman,6,11,1,0,c: J Harper b: C Howe
17,1st,1st CAM vs 1st MEL,1st MEL,1st CAM,Akshay Kodoth,41,109,3,1,lbw: J Merlo
17,1st,1st CAM vs 1st MEL,1st MEL,1st CAM,Patrick Dooley,54,88,8,0,c: C Howe b: J Sullivan
17,1st,1st CAM vs 1st MEL,1st MEL,1st CAM,Charles Simondson,13,23,1,1,b: C Howe
17,1st,1st CAM vs 1st MEL,1st MEL,1st CAM,Sacheen R Paramesh,24,35,3,0,c: B Thomson b: J Sullivan
17,1st,1st CAM vs 1st MEL,1st MEL,1st CAM,Tom Nelson,1,3,0,0,b: W McGillivray
17,1st,1st CAM vs 1st MEL,1st MEL,1st CAM,William Walker,0,2,0,0,not out
17,1st,1st CAM vs 1st MEL,1st CAM,1st MEL,Campbell Kellaway,,6,0,0,c: A Kodoth b: W Walker
17,1st,1st CAM vs 1st MEL,1st CAM,1st MEL,Farzan Chowna,1,6,0,0,c: C Simondson b: S Paramesh
17,1st,1st CAM vs 1st MEL,1st CAM,1st MEL,Blake Thomson,151,260,19,1,not out
17,1st,1st CAM vs 1st MEL,1st CAM,1st MEL,Jonathan Merlo,9,12,1,0,c: S Chopra b: W Walker
17,1st,1st CAM vs 1st MEL,1st CAM,1st MEL,Nikki du Toit,85,164,10,1,c: L Fitzpatrick b: P Dooley
17,1st,1st CAM vs 1st MEL,1st CAM,1st MEL,Ritin Raman,14,23,3,0,lbw: W Walker
17,1st,1st CAM vs 1st MEL,1st CAM,1st MEL,Jack Harper,4,7,1,0,c: W Walker b: P Dooley
17,1st,1st CAM vs 1st MEL,1st CAM,1st MEL,Fergus O’Neill,11,31,1,0,not out
17,1st,1st CAM vs 1st MEL,1st CAM,1st MEL,Christian Howe,,,,,did not bat
17,1st,1st CAM vs 1st MEL,1st CAM,1st MEL,Glenn Hannah,,,,,did not bat
17,1st,1st CAM vs 1st MEL,1st CAM,1st MEL,Jack Sullivan,,,,,did not bat
17,1st,1st CAM vs 1st MEL,1st CAM,1st MEL,Thomas Wrigglesworth,,,,,did not bat
17,1st,1st CAM vs 1st MEL,1st CAM,1st MEL,Wilson McGillivray,,,,,did not bat
17,1st,1st CAS vs 1st RIC,1st RIC,1st CAS,Ashley Chandrasinghe,13,23,3,0,c: C Hinds b: B Rose
17,1st,1st CAS vs 1st RIC,1st RIC,1st CAS,Finlay Gordon,14,22,1,0,c: C Hinds b: J Sawrey
17,1st,1st CAS vs 1st RIC,1st RIC,1st CAS,Jackson Isakka,51,178,6,0,c: C Hinds b: S Mills
17,1st,1st CAS vs 1st RIC,1st RIC,1st CAS,Yash Pednekar,,12,0,0,c: C Hinds b: B Rose
17,1st,1st CAS vs 1st RIC,1st RIC,1st CAS,Chris Benedek,17,61,2,0,lbw: J Hinds
17,1st,1st CAS vs 1st RIC,1st RIC,1st CAS,Devin Pollock,3,20,0,0,c: G Box b: B Rose
17,1st,1st CAS vs 1st RIC,1st RIC,1st CAS,Aaron Abeyesekera,5,26,1,0,b: J Hinds
17,1st,1st CAS vs 1st RIC,1st RIC,1st CAS,Harry Hoekstra,13,59,0,0,c: D Parikh b: S Mills
17,1st,1st CAS vs 1st RIC,1st RIC,1st CAS,Nathan Lambden,4,28,0,0,lbw: J Hinds
17,1st,1st CAS vs 1st RIC,1st RIC,1st CAS,Muhammad Irfan,5,4,1,0,c: A Bhatia b: S Mills
17,1st,1st CAS vs 1st RIC,1st RIC,1st CAS,Ashvin Adihetty,0,7,0,0,not out
17,1st,1st CAS vs 1st RIC,1st CAS,1st RIC,Jacob Hinds,,10,0,0,c: D Pollock b: H Hoekstra
17,1st,1st CAS vs 1st RIC,1st CAS,1st RIC,James Doherty,3,10,0,0,c: D Pollock b: N Lambden
17,1st,1st CAS vs 1st RIC,1st CAS,1st RIC,Archit Bhatia,5,16,1,0,c: A Chandrasinghe b: N Lambden
17,1st,1st CAS vs 1st RIC,1st CAS,1st RIC,Jonathan D’Rozario,,10,0,0,lbw: H Hoekstra
17,1st,1st CAS vs 1st RIC,1st CAS,1st RIC,Ranbir Singh,1,4,0,0,lbw: H Hoekstra
17,1st,1st CAS vs 1st RIC,1st CAS,1st RIC,Sam Mills,,1,0,0,b: H Hoekstra
17,1st,1st CAS vs 1st RIC,1st CAS,1st RIC,Joshua Sawrey,21,38,1,0,not out
17,1st,1st CAS vs 1st RIC,1st CAS,1st RIC,Connor Hinds,,6,0,0,c: F Gordon b: N Lambden
17,1st,1st CAS vs 1st RIC,1st CAS,1st RIC,Brendan Rose,17,18,2,0,b: H Hoekstra
17,1st,1st CAS vs 1st RIC,1st CAS,1st RIC,Griffin Box,16,17,3,0,c: J Isakka b: H Hoekstra
17,1st,1st CAS vs 1st RIC,1st CAS,1st RIC,Dhruval Parikh,,7,0,0,"run out (Y Pednekar, D Pollock)"
17,1st,1st CAS vs 1st RIC,1st CAS,2nd CAS,Ashley Chandrasinghe,12,42,1,0,c: R Singh b: B Rose
17,1st,1st CAS vs 1st RIC,1st CAS,2nd CAS,Finlay Gordon,14,17,2,0,run out (S Mills)
17,1st,1st CAS vs 1st RIC,1st CAS,2nd CAS,Jackson Isakka,11,66,2,0,c: C Hinds b: J Sawrey
17,1st,1st CAS vs 1st RIC,1st CAS,2nd CAS,Yash Pednekar,14,39,1,0,c: C Hinds b: M Perry
17,1st,1st CAS vs 1st RIC,1st CAS,2nd CAS,Chris Benedek,,6,0,0,c: C Hinds b: M Perry
17,1st,1st CAS vs 1st RIC,1st CAS,2nd CAS,Devin Pollock,,4,0,0,c: J Doherty b: M Perry
17,1st,1st CAS vs 1st RIC,1st CAS,2nd CAS,Aaron Abeyesekera,,7,0,0,lbw: J Hinds
17,1st,1st CAS vs 1st RIC,1st CAS,2nd CAS,Harry Hoekstra,31,71,4,0,c: J D’Rozario b: D Parikh
17,1st,1st CAS vs 1st RIC,1st CAS,2nd CAS,Nathan Lambden,4,4,1,0,c: J Hinds b: J Sawrey
17,1st,1st CAS vs 1st RIC,1st CAS,2nd CAS,Muhammad Irfan,83,73,8,4,c: S Mills b: D Parikh
17,1st,1st CAS vs 1st RIC,1st CAS,2nd CAS,Ashvin Adihetty,2,9,0,0,not out
17,1st,1st CAS vs 1st RIC,1st CAS,2nd RIC,Jacob Hinds,13,12,1,1,c: A Chandrasinghe b: H Hoekstra
17,1st,1st CAS vs 1st RIC,1st CAS,2nd RIC,James Doherty,81,91,8,0,c: A Abeyesekera b: F Gordon
17,1st,1st CAS vs 1st RIC,1st CAS,2nd RIC,Archit Bhatia,5,8,1,0,c: C Benedek b: N Lambden
17,1st,1st CAS vs 1st RIC,1st CAS,2nd RIC,Jonathan D’Rozario,39,40,4,0,c: A Chandrasinghe b: A Adihetty
17,1st,1st CAS vs 1st RIC,1st CAS,2nd RIC,Mitch Perry,2,5,0,0,c: J Isakka b: A Adihetty
17,1st,1st CAS vs 1st RIC,1st CAS,2nd RIC,Ranbir Singh,29,21,3,1,lbw: A Adihetty
17,1st,1st CAS vs 1st RIC,1st CAS,2nd RIC,Joshua Sawrey,32,37,1,1,c: A Chandrasinghe b: N Lambden
17,1st,1st CAS vs 1st RIC,1st CAS,2nd RIC,Connor Hinds,7,11,0,0,"run out (C Benedek, D Pollock)"
17,1st,1st CAS vs 1st RIC,1st CAS,2nd RIC,Brendan Rose,1,3,0,0,c: D Pollock b: A Adihetty
17,1st,1st CAS vs 1st RIC,1st CAS,2nd RIC,Sam Mills,1,1,0,0,not out
17,1st,1st CAS vs 1st RIC,1st CAS,2nd RIC,Dhruval Parikh,0,5,0,0,not out
17,1st,1st CAS vs 1st RIC,1st CAS,2nd RIC,Griffin Box,,,,,did not bat
17,1st,1st GEE vs 1st GRE,1st GRE,1st GEE,Ryan Aikman,24,87,1,0,c: R O’Brien b: B Cliff
17,1st,1st GEE vs 1st GRE,1st GRE,1st GEE,Lachie Field,8,16,1,0,c: R O’Brien b: B Cliff
17,1st,1st GEE vs 1st GRE,1st GRE,1st GEE,Liam Blackford,29,63,4,0,c: A Singh b: Y Muntasir
17,1st,1st GEE vs 1st GRE,1st GRE,1st GEE,Joshua Larkin,39,87,4,0,c: W Luxton b: M Hussain
17,1st,1st GEE vs 1st GRE,1st GRE,1st GEE,Ashley Armstrong,8,16,2,0,c: O Perera b: Y Muntasir
17,1st,1st GEE vs 1st GRE,1st GRE,1st GEE,Arjun Sehrawat,27,33,3,1,c: b: A Singh
17,1st,1st GEE vs 1st GRE,1st GRE,1st GEE,Eamonn Vines,101,148,12,0,not out
17,1st,1st GEE vs 1st GRE,1st GRE,1st GEE,Zane Attard,,2,0,0,b: M Hussain
17,1st,1st GEE vs 1st GRE,1st GRE,1st GEE,Josh Garner,4,15,0,0,c: T Sutherland b: M Hussain
17,1st,1st GEE vs 1st GRE,1st GRE,1st GEE,Oliver Haberfield,32,50,6,0,c: R Stingel b: B Cliff
17,1st,1st GEE vs 1st GRE,1st GRE,1st GEE,Nathan Harper,4,18,1,0,c: H Fitzgerald b: B Cliff
17,1st,1st GEE vs 1st GRE,1st GEE,1st GRE,Yaseen Muntasir,,3,0,0,b: N Harper
17,1st,1st GEE vs 1st GRE,1st GEE,1st GRE,Odil Perera,10,34,1,0,c: L Field b: J Garner
17,1st,1st GEE vs 1st GRE,1st GEE,1st GRE,Benjamin Cliff,,1,0,0,b: N Harper
17,1st,1st GEE vs 1st GRE,1st GEE,1st GRE,Ryan Stingel,34,65,6,0,c: L Blackford b: J Garner
17,1st,1st GEE vs 1st GRE,1st GEE,1st GRE,Will Luxton,155,135,15,9,c: O Haberfield b: Z Attard
17,1st,1st GEE vs 1st GRE,1st GEE,1st GRE,Robbie O’Brien,64,114,8,0,c: E Vines b: N Harper
17,1st,1st GEE vs 1st GRE,1st GEE,1st GRE,Musa Hussain,8,35,1,0,not out
17,1st,1st GEE vs 1st GRE,1st GEE,1st GRE,Harry Fitzgerald,,4,0,0,c: O Haberfield b: N Harper
17,1st,1st GEE vs 1st GRE,1st GEE,1st GRE,Armann Singh,9,18,1,0,c: R Aikman b: J Garner
17,1st,1st GEE vs 1st GRE,1st GEE,1st GRE,Lewis Dichiera,8,10,1,0,not out
17,1st,1st GEE vs 1st GRE,1st GEE,1st GRE,Tobias Sutherland,,,,,did not bat
17,1st,1st FRA vs 1st KIN,1st KIN,1st FRA,Charlie Maxwell,20,17,2,2,c: T Attanayake b: H Fischbacher
17,1st,1st FRA vs 1st KIN,1st KIN,1st FRA,Nicholas Taranto,14,29,2,0,c: J Lewis b: L Stow
17,1st,1st FRA vs 1st KIN,1st KIN,1st FRA,Joseph Eckland,4,7,0,0,c: J Lewis b: H Fischbacher
17,1st,1st FRA vs 1st KIN,1st KIN,1st FRA,Jai Elcock,76,103,11,1,c: J Lewis b: H Fischbacher
17,1st,1st FRA vs 1st KIN,1st KIN,1st FRA,Cooper Remy,11,32,1,0,lbw: L Stow
17,1st,1st FRA vs 1st KIN,1st KIN,1st FRA,Sam Gove,,3,0,0,b: L Stow
17,1st,1st FRA vs 1st KIN,1st KIN,1st FRA,Lachlan Klauer,47,94,6,0,c: J Lewis b: L Stow
17,1st,1st FRA vs 1st KIN,1st KIN,1st FRA,Jack Hay,5,11,1,0,c: C Cater b: W Bowering
17,1st,1st FRA vs 1st KIN,1st KIN,1st FRA,Aidan Lenehan,32,56,4,0,lbw: W Bowering
17,1st,1st FRA vs 1st KIN,1st KIN,1st FRA,Jaspreet Singh,,2,0,0,lbw: L Stow
17,1st,1st FRA vs 1st KIN,1st KIN,1st FRA,Jye Dignan,6,19,0,0,not out
17,1st,1st FRA vs 1st KIN,1st KIN,1st FRA,Xavier Crone,,,,,did not bat
17,1st,1st FRA vs 1st KIN,1st FRA,1st KIN,Nic Tindall,46,103,4,1,b: J Dignan
17,1st,1st FRA vs 1st KIN,1st FRA,1st KIN,Vithum Sathyajith,18,27,1,1,c: C Remy b: A Lenehan
17,1st,1st FRA vs 1st KIN,1st FRA,1st KIN,Josh Manning,47,117,5,0,c: C Remy b: X Crone
17,1st,1st FRA vs 1st KIN,1st FRA,1st KIN,Thaveesh Attanayake,22,54,2,0,lbw: J Singh
17,1st,1st FRA vs 1st KIN,1st FRA,1st KIN,Vimesh Wickramasinghe,28,75,2,0,c: C Remy b: A Lenehan
17,1st,1st FRA vs 1st KIN,1st FRA,1st KIN,Joel Lewis,2,13,0,0,c: C Remy b: L Klauer
17,1st,1st FRA vs 1st KIN,1st FRA,1st KIN,Herbie Fischbacher,9,45,1,0,"run out (C Maxwell, C Remy)"
17,1st,1st FRA vs 1st KIN,1st FRA,1st KIN,Luke Stow,,15,0,0,c: C Remy b: A Lenehan
17,1st,1st FRA vs 1st KIN,1st FRA,1st KIN,Rehan Majoka,5,21,0,0,not out
17,1st,1st FRA vs 1st KIN,1st FRA,1st KIN,Cory Cater,14,14,3,0,c: J Singh b: A Lenehan
17,1st,1st FRA vs 1st KIN,1st FRA,1st KIN,William Bowering,10,14,2,0,c: C Maxwell b: A Lenehan
17,1st,1st ESS vs 1st FIT,1st FIT,1st ESS,Joshua Trembearth,5,15,1,0,c: L Banthorpe b: B Taeuber
17,1st,1st ESS vs 1st FIT,1st FIT,1st ESS,Muhammad Arsalan,7,15,1,0,c: J Rudd b: B Taeuber
17,1st,1st ESS vs 1st FIT,1st FIT,1st ESS,Harry Duke,24,30,4,0,c: L Banthorpe b: R Kharoud
17,1st,1st ESS vs 1st FIT,1st FIT,1st ESS,Liam Molloy,12,28,1,0,c: Z Elliott b: G Khatra
17,1st,1st ESS vs 1st FIT,1st FIT,1st ESS,Emerson White,,3,0,0,c: Z Elliott b: R Kharoud
17,1st,1st ESS vs 1st FIT,1st FIT,1st ESS,Arshit Rajput,26,29,2,0,c: M Spoors b: R Kharoud
17,1st,1st ESS vs 1st FIT,1st FIT,1st ESS,Connor Poulton,65,160,6,0,c: L Banthorpe b: B Taeuber
17,1st,1st ESS vs 1st FIT,1st FIT,1st ESS,Ikroop Dhanoa,75,166,5,2,not out
17,1st,1st ESS vs 1st FIT,1st FIT,1st ESS,Nicholas McGuane,1,8,0,0,c: J Rudd b: B Taeuber
17,1st,1st ESS vs 1st FIT,1st FIT,1st ESS,Noman Safdar,1,11,0,0,lbw: B Taeuber
17,1st,1st ESS vs 1st FIT,1st FIT,1st ESS,Lachie Busk,3,7,0,0,c: L Banthorpe b: R Kharoud
17,1st,1st ESS vs 1st FIT,1st ESS,1st FIT,Jack Rudd,30,73,3,0,lbw: N Safdar
17,1st,1st ESS vs 1st FIT,1st ESS,1st FIT,Liam Winn,6,10,0,0,c: M Arsalan b: N Safdar
17,1st,1st ESS vs 1st FIT,1st ESS,1st FIT,Angus Roach,7,26,1,0,c: C Poulton b: N Safdar
17,1st,1st ESS vs 1st FIT,1st ESS,1st FIT,Gurnaz Khatra,2,30,0,0,c: C Poulton b: N Safdar
17,1st,1st ESS vs 1st FIT,1st ESS,1st FIT,Matthew Spoors,26,20,3,0,c: J Trembearth b: L Busk
17,1st,1st ESS vs 1st FIT,1st ESS,1st FIT,Liam Banthorpe,53,98,5,1,not out
17,1st,1st ESS vs 1st FIT,1st ESS,1st FIT,Zachary Elliott,3,11,0,0,b: N McGuane
17,1st,1st ESS vs 1st FIT,1st ESS,1st FIT,Samuel Elliott,64,73,10,1,b: N Safdar
17,1st,1st ESS vs 1st FIT,1st ESS,1st FIT,Ejaaz Alavi,,1,0,0,lbw: N Safdar
17,1st,1st ESS vs 1st FIT,1st ESS,1st FIT,Rupptaz Kharoud,30,24,2,2,not out
17,1st,1st ESS vs 1st FIT,1st ESS,1st FIT,Harkirat Bajwa,,,,,did not bat
17,1st,1st ESS vs 1st FIT,1st ESS,1st FIT,Braden Taeuber,,,,,did not bat
17,1st,1st MEL vs 1st NOR,1st NOR,1st MEL,Finlay Bean,6,17,1,0,c: M Lawson b: J Smith
17,1st,1st MEL vs 1st NOR,1st NOR,1st MEL,Jacob Whiteaker,41,58,7,1,b: A Howard
17,1st,1st MEL vs 1st NOR,1st NOR,1st MEL,Dhruv Poojari Redhu,4,12,1,0,c: M Lawson b: J Smith
17,1st,1st MEL vs 1st NOR,1st NOR,1st MEL,Fergus McKenna,4,13,0,0,c: M Lawson b: J Smith
17,1st,1st MEL vs 1st NOR,1st NOR,1st MEL,Henry Melville,10,39,2,0,c: J Lalor b: A Howard
17,1st,1st MEL vs 1st NOR,1st NOR,1st MEL,Yuvraj Singh,1,5,0,0,c: J Lalor b: A Lalor
17,1st,1st MEL vs 1st NOR,1st NOR,1st MEL,Peter Hatzoglou,4,8,1,0,c: J Medew-Ewen b: J Smith
17,1st,1st MEL vs 1st NOR,1st NOR,1st MEL,Douglas Warren,31,40,6,0,c: W Blair b: J Smith
17,1st,1st MEL vs 1st NOR,1st NOR,1st MEL,Jack Lyndon,4,9,1,0,c: M Lawson b: J Smith
17,1st,1st MEL vs 1st NOR,1st NOR,1st MEL,Mark Stafford,,6,0,0,c: M Lawson b: A Howard
17,1st,1st MEL vs 1st NOR,1st NOR,1st MEL,Tom Walker,0,4,0,0,not out
17,1st,1st MEL vs 1st NOR,1st MEL,1st NOR,Michael Jephcott,9,43,1,0,c: H Melville b: T Walker
17,1st,1st MEL vs 1st NOR,1st MEL,1st NOR,Mitch Lawson,19,49,2,0,c: J Whiteaker b: J Lyndon
17,1st,1st MEL vs 1st NOR,1st MEL,1st NOR,Jack Lalor,27,38,3,0,c: F McKenna b: D Warren
17,1st,1st MEL vs 1st NOR,1st MEL,1st NOR,Joshua Sundberg,27,59,2,0,c: F McKenna b: P Hatzoglou
17,1st,1st MEL vs 1st NOR,1st MEL,1st NOR,Will Blair,41,82,2,1,c: Y Singh b: D Warren
17,1st,1st MEL vs 1st NOR,1st MEL,1st NOR,Aaron Crispe,,1,0,0,lbw: P Hatzoglou
17,1st,1st MEL vs 1st NOR,1st MEL,1st NOR,Sam Harbinson,13,18,1,1,c: J Whiteaker b: D Warren
17,1st,1st MEL vs 1st NOR,1st MEL,1st NOR,Archie Lalor,25,49,4,0,not out
17,1st,1st MEL vs 1st NOR,1st MEL,1st NOR,Jackson Smith,4,8,1,0,b: D Warren
17,1st,1st MEL vs 1st NOR,1st MEL,1st NOR,Adam Howard,0,3,0,0,not out
17,1st,1st MEL vs 1st NOR,1st MEL,1st NOR,Joe Medew-Ewen,,,,,did not bat
17,1st,1st MEL vs 1st NOR,1st MEL,2nd MEL,Finlay Bean,,4,0,0,b: J Smith
17,1st,1st MEL vs 1st NOR,1st MEL,2nd MEL,Jacob Whiteaker,5,17,0,0,c: W Blair b: A Lalor
17,1st,1st MEL vs 1st NOR,1st MEL,2nd MEL,Dhruv Poojari Redhu,,7,0,0,c: A Crispe b: J Smith
17,1st,1st MEL vs 1st NOR,1st MEL,2nd MEL,Fergus McKenna,50,103,6,0,c: M Lawson b: A Howard
17,1st,1st MEL vs 1st NOR,1st MEL,2nd MEL,Henry Melville,33,52,2,1,c: A Howard b: J Medew-Ewen
17,1st,1st MEL vs 1st NOR,1st MEL,2nd MEL,Yuvraj Singh,21,50,1,2,c: J Lalor b: A Crispe
17,1st,1st MEL vs 1st NOR,1st MEL,2nd MEL,Peter Hatzoglou,15,16,1,1,c: W Blair b: J Smith
17,1st,1st MEL vs 1st NOR,1st MEL,2nd MEL,Douglas Warren,24,70,2,0,c: A Crispe b: J Medew-Ewen
17,1st,1st MEL vs 1st NOR,1st MEL,2nd MEL,Jack Lyndon,42,73,4,1,c: J Sundberg b: J Smith
17,1st,1st MEL vs 1st NOR,1st MEL,2nd MEL,Mark Stafford,,1,0,0,b: J Smith
17,1st,1st MEL vs 1st NOR,1st MEL,2nd MEL,Tom Walker,4,3,1,0,not out
17,1st,1st MEL vs 1st NOR,1st MEL,2nd NOR,Michael Jephcott,,1,0,0,c: T Walker b: M Stafford
17,1st,1st MEL vs 1st NOR,1st MEL,2nd NOR,Mitch Lawson,2,8,0,0,c: D Redhu b: T Walker
17,1st,1st MEL vs 1st NOR,1st MEL,2nd NOR,Sam Harbinson,10,23,2,0,c: H Melville b: M Stafford
17,1st,1st MEL vs 1st NOR,1st MEL,2nd NOR,Jack Lalor,11,13,1,0,b: T Walker
17,1st,1st MEL vs 1st NOR,1st MEL,2nd NOR,Joshua Sundberg,23,56,3,0,c: H Melville b: T Walker
17,1st,1st MEL vs 1st NOR,1st MEL,2nd NOR,Will Blair,8,20,0,0,b: P Hatzoglou
17,1st,1st MEL vs 1st NOR,1st MEL,2nd NOR,Aaron Crispe,11,14,1,0,c: H Melville b: J Lyndon
17,1st,1st MEL vs 1st NOR,1st MEL,2nd NOR,Archie Lalor,2,9,0,0,lbw: J Lyndon
17,1st,1st MEL vs 1st NOR,1st MEL,2nd NOR,Jackson Smith,2,16,0,0,b: M Stafford
17,1st,1st MEL vs 1st NOR,1st MEL,2nd NOR,Adam Howard,0,2,0,0,not out
17,1st,1st MEL vs 1st NOR,1st MEL,2nd NOR,Joe Medew-Ewen,0,1,0,0,not out
1,2nd,1st GEE vs 1st CAM,1st CAM,1st GEE,Ryan Aikman,4,9,1,0,c: C Fitzsimmons b: C Gorman
1,2nd,1st GEE vs 1st CAM,1st CAM,1st GEE,Lincoln Koliba,20,51,1,0,c: G McComb b: J Pietz
1,2nd,1st GEE vs 1st CAM,1st CAM,1st GEE,Cody Brogden,50,85,9,0,st: F McGrotty b: K Prior
1,2nd,1st GEE vs 1st CAM,1st CAM,1st GEE,Santhosh Ramireddy,28,60,3,0,c: D Pietz b: C Fitzsimmons
1,2nd,1st GEE vs 1st CAM,1st CAM,1st GEE,Fletcher Cozens,35,63,4,0,c&b: J Pietz
1,2nd,1st GEE vs 1st CAM,1st CAM,1st GEE,Liam Biddiscombe,17,59,3,0,c: F McGrotty b: J Pietz
1,2nd,1st GEE vs 1st CAM,1st CAM,1st GEE,Tom Courtney,95,159,11,0,"run out (K Prior, C Fitzsimmons)"
1,2nd,1st GEE vs 1st CAM,1st CAM,1st GEE,Josh Collins,82,151,10,0,b: K Prior
1,2nd,1st GEE vs 1st CAM,1st CAM,1st GEE,Sam Croft,7,3,0,0,not out
1,2nd,1st GEE vs 1st CAM,1st CAM,1st GEE,Kyle Bienefelt,,,,,did not bat
1,2nd,1st GEE vs 1st CAM,1st CAM,1st GEE,Nathan Harper,,,,,did not bat
1,2nd,1st GEE vs 1st CAM,1st CAM,1st GEE,Joshua Slater,,,,,did not bat
1,2nd,1st GEE vs 1st CAM,1st GEE,1st CAM,Prajay Paramesh,,3,0,0,c: L Koliba b: N Harper
1,2nd,1st GEE vs 1st CAM,1st GEE,1st CAM,Tom Scott,78,174,6,1,lbw: K Bienefelt
1,2nd,1st GEE vs 1st CAM,1st GEE,1st CAM,Coby Fitzsimmons,33,48,6,0,c: K Bienefelt b: J Slater
1,2nd,1st GEE vs 1st CAM,1st GEE,1st CAM,James Wiseman,12,18,2,0,c: R Aikman b: N Harper
1,2nd,1st GEE vs 1st CAM,1st GEE,1st CAM,Griffin McComb,32,68,2,0,lbw: S Croft
1,2nd,1st GEE vs 1st CAM,1st GEE,1st CAM,Adit Pawha,6,9,1,0,c&b: S Croft
1,2nd,1st GEE vs 1st CAM,1st GEE,1st CAM,Finlay McGrotty,,13,0,0,b: S Croft
1,2nd,1st GEE vs 1st CAM,1st GEE,1st CAM,Jakey Pietz,1,14,0,0,c: J Collins b: S Croft
1,2nd,1st GEE vs 1st CAM,1st GEE,1st CAM,Daniel Pietz,1,7,0,0,c&b: S Croft
1,2nd,1st GEE vs 1st CAM,1st GEE,1st CAM,Kevin Prior,18,17,2,1,b: N Harper
1,2nd,1st GEE vs 1st CAM,1st GEE,1st CAM,Aidan Nicholls,2,6,0,0,not out
1,2nd,1st GEE vs 1st CAM,1st GEE,1st CAM,Christopher Gorman,,,,,did not bat
1,2nd,1st MEL vs 1st FIT,1st FIT,1st MEL,James Meehan,,7,0,0,c: M Bradley b: K Smith
1,2nd,1st MEL vs 1st FIT,1st FIT,1st MEL,Max Parrott,1,4,0,0,b: G Khatra
1,2nd,1st MEL vs 1st FIT,1st FIT,1st MEL,Charles Lill,4,27,0,0,b: K Smith
1,2nd,1st MEL vs 1st FIT,1st FIT,1st MEL,Oliver Gunning,14,29,0,1,c: A Sharma b: R Kharoud
1,2nd,1st MEL vs 1st FIT,1st FIT,1st MEL,Christopher Kellaway,8,24,1,0,c: Z Macciocca b: H Smith
1,2nd,1st MEL vs 1st FIT,1st FIT,1st MEL,Benjamin Wickham,31,70,6,0,c: L Myott b: R Kharoud
1,2nd,1st MEL vs 1st FIT,1st FIT,1st MEL,Hugh Hyslop,39,115,5,0,c: Z Macciocca b: K Smith
1,2nd,1st MEL vs 1st FIT,1st FIT,1st MEL,Joshua Driscoll,11,36,2,0,c: K Smith b: L Myott
1,2nd,1st MEL vs 1st FIT,1st FIT,1st MEL,Tom Reid,44,90,3,2,c: Z Macciocca b: G Khatra
1,2nd,1st MEL vs 1st FIT,1st FIT,1st MEL,Samuel Field,1,23,0,0,c: Z Macciocca b: G Khatra
1,2nd,1st MEL vs 1st FIT,1st FIT,1st MEL,Roland Murphy,9,63,0,0,not out
1,2nd,1st MEL vs 1st FIT,1st FIT,1st MEL,Phil Halbish,,,,,did not bat
1,2nd,1st MEL vs 1st FIT,1st MEL,1st FIT,Matthew Bremner,1,9,0,0,c: M Parrott b: T Reid
1,2nd,1st MEL vs 1st FIT,1st MEL,1st FIT,Angus Roach,9,10,1,0,c: C Lill b: J Driscoll
1,2nd,1st MEL vs 1st FIT,1st MEL,1st FIT,Aryan Sharma,25,48,2,1,lbw: T Reid
1,2nd,1st MEL vs 1st FIT,1st MEL,1st FIT,Mark Phelan,21,83,2,0,lbw: T Reid
1,2nd,1st MEL vs 1st FIT,1st MEL,1st FIT,Zachary Macciocca,44,125,3,0,not out
1,2nd,1st MEL vs 1st FIT,1st MEL,1st FIT,Brodie Richardson,10,58,0,0,c: H Hyslop b: J Driscoll
1,2nd,1st MEL vs 1st FIT,1st MEL,1st FIT,Rupptaz Kharoud,59,26,2,7,not out
1,2nd,1st MEL vs 1st FIT,1st MEL,1st FIT,Max Bradley,,,,,did not bat
1,2nd,1st MEL vs 1st FIT,1st MEL,1st FIT,Gurnaz Khatra,,,,,did not bat
1,2nd,1st MEL vs 1st FIT,1st MEL,1st FIT,Liam Myott,,,,,did not bat
1,2nd,1st MEL vs 1st FIT,1st MEL,1st FIT,Harry Smith,,,,,did not bat
1,2nd,1st MEL vs 1st FIT,1st MEL,1st FIT,Kobe Smith,,,,,did not bat
17,1st,1st RIN vs 1st ST,1st ST,1st RIN,Archie Flynn,9,44,1,0,b: T Paddington
17,1st,1st RIN vs 1st ST,1st ST,1st RIN,Rheedyi Adam Amin,17,13,4,0,lbw: L Destito
17,1st,1st RIN vs 1st ST,1st ST,1st RIN,Oliver Horlock,4,16,1,0,c: T Russ b: M Hennig
17,1st,1st RIN vs 1st ST,1st ST,1st RIN,Ian Holland,23,61,2,1,c: T Russ b: M Hennig
17,1st,1st RIN vs 1st ST,1st ST,1st RIN,Matthew Mountain,4,14,1,0,c: H Dixon b: T Paddington
17,1st,1st RIN vs 1st ST,1st ST,1st RIN,David King,34,105,1,0,lbw: W Lovell
17,1st,1st RIN vs 1st ST,1st ST,1st RIN,Benjamin Gibson,9,17,2,0,b: W Lovell
17,1st,1st RIN vs 1st ST,1st ST,1st RIN,Jackson Freeman,,4,0,0,c: B Faber b: W Lovell
17,1st,1st RIN vs 1st ST,1st ST,1st RIN,Luke Tully,13,30,3,0,st: B Faber b: T Russ
17,1st,1st RIN vs 1st ST,1st ST,1st RIN,Dylan Walker,30,70,5,0,not out
17,1st,1st RIN vs 1st ST,1st ST,1st RIN,Justin Beaton,1,9,0,0,c: B Faber b: T Russ
17,1st,1st RIN vs 1st ST,1st RIN,1st ST,James Seymour,33,96,4,1,c: B Gibson b: I Holland
17,1st,1st RIN vs 1st ST,1st RIN,1st ST,Harry Dixon,,4,0,0,c: L Tully b: I Holland
17,1st,1st RIN vs 1st ST,1st RIN,1st ST,Cooper Rojko,,14,0,0,c: B Gibson b: J Beaton
17,1st,1st RIN vs 1st ST,1st RIN,1st ST,Brandon Faber,1,9,0,0,c: B Gibson b: J Beaton
17,1st,1st RIN vs 1st ST,1st RIN,1st ST,Ed Newman,23,57,4,0,c: I Holland b: D Walker
17,1st,1st RIN vs 1st ST,1st RIN,1st ST,Will Lovell,14,89,2,0,c: I Holland b: L Tully
17,1st,1st RIN vs 1st ST,1st RIN,1st ST,Marcus Harris,1,7,0,0,c: I Holland b: J Beaton
17,1st,1st RIN vs 1st ST,1st RIN,1st ST,Thomas Russ,,2,0,0,c: B Gibson b: J Beaton
17,1st,1st RIN vs 1st ST,1st RIN,1st ST,Matthew Hennig,1,4,0,0,c: B Gibson b: I Holland
17,1st,1st RIN vs 1st ST,1st RIN,1st ST,Todd Murphy,1,5,0,0,c: J Freeman b: J Beaton
17,1st,1st RIN vs 1st ST,1st RIN,1st ST,Luke Destito,10,37,1,0,not out
17,1st,1st RIN vs 1st ST,1st RIN,1st ST,Angus Newman,,,,,did not bat
17,1st,1st RIN vs 1st ST,1st RIN,1st ST,Thomas Paddington,,,,,did not bat
17,1st,1st RIN vs 1st ST,1st RIN,2nd RIN,Rheedyi Adam Amin,9,13,2,0,c: L Destito b: M Hennig
17,1st,1st RIN vs 1st ST,1st RIN,2nd RIN,Archie Flynn,5,11,1,0,c: B Faber b: L Destito
17,1st,1st RIN vs 1st ST,1st RIN,2nd RIN,Oliver Horlock,,3,0,0,c: B Faber b: M Hennig
17,1st,1st RIN vs 1st ST,1st RIN,2nd RIN,Ian Holland,11,28,1,0,lbw: W Lovell
17,1st,1st RIN vs 1st ST,1st RIN,2nd RIN,Matthew Mountain,28,52,4,0,c: M Harris b: W Lovell
17,1st,1st RIN vs 1st ST,1st RIN,2nd RIN,Benjamin Gibson,10,19,1,0,c&b: M Hennig
17,1st,1st RIN vs 1st ST,1st RIN,2nd RIN,Jackson Freeman,12,39,2,0,c: L Destito b: T Russ
17,1st,1st RIN vs 1st ST,1st RIN,2nd RIN,Luke Tully,2,7,0,0,b: W Lovell
17,1st,1st RIN vs 1st ST,1st RIN,2nd RIN,Dylan Walker,29,42,4,0,c: B Faber b: M Hennig
17,1st,1st RIN vs 1st ST,1st RIN,2nd RIN,David King,,1,0,0,c: W Lovell b: T Russ
17,1st,1st RIN vs 1st ST,1st RIN,2nd RIN,Justin Beaton,6,23,1,0,not out
17,1st,1st RIN vs 1st ST,1st RIN,2nd ST,Brandon Faber,25,14,4,1,c: R Amin b: J Beaton
17,1st,1st RIN vs 1st ST,1st RIN,2nd ST,James Seymour,2,14,0,0,c: B Gibson b: I Holland
17,1st,1st RIN vs 1st ST,1st RIN,2nd ST,Cooper Rojko,4,10,1,0,b: I Holland
17,1st,1st RIN vs 1st ST,1st RIN,2nd ST,Marcus Harris,24,38,2,1,c: B Gibson b: J Freeman
17,1st,1st RIN vs 1st ST,1st RIN,2nd ST,Harry Dixon,87,71,10,3,not out
17,1st,1st RIN vs 1st ST,1st RIN,2nd ST,Ed Newman,6,8,1,0,c: O Horlock b: M Mountain
17,1st,1st RIN vs 1st ST,1st RIN,2nd ST,Thomas Russ,7,11,1,0,c: D King b: J Freeman
17,1st,1st RIN vs 1st ST,1st RIN,2nd ST,Matthew Hennig,2,3,0,0,c: I Holland b: L Tully
17,1st,1st RIN vs 1st ST,1st RIN,2nd ST,Todd Murphy,27,25,4,1,c: J Freeman b: J Beaton
17,1st,1st RIN vs 1st ST,1st RIN,2nd ST,Luke Destito,1,10,0,0,c: B Gibson b: I Holland
17,1st,1st RIN vs 1st ST,1st RIN,2nd ST,Will Lovell,0,8,0,0,not out
17,1st,1st RIN vs 1st ST,1st RIN,2nd ST,Angus Newman,,,,,did not bat
17,1st,1st RIN vs 1st ST,1st RIN,2nd ST,Thomas Paddington,,,,,did not bat
1,2nd,1st ST vs 1st MEL,1st MEL,1st ST,Ashish Ashish,74,151,11,1,c: M Forwood b: O Patel
1,2nd,1st ST vs 1st MEL,1st MEL,1st ST,Dan Meddings,19,38,2,0,c: M Forwood b: J Browning
1,2nd,1st ST vs 1st MEL,1st MEL,1st ST,Cooper Rojko,,5,0,0,c: b: J Browning
1,2nd,1st ST vs 1st MEL,1st MEL,1st ST,Angus Newman,27,66,4,0,lbw: K Kumar
1,2nd,1st ST vs 1st MEL,1st MEL,1st ST,Reyaan Farooq,62,64,12,0,c: M Forwood b: O Patel
1,2nd,1st ST vs 1st MEL,1st MEL,1st ST,Henry Gray,94,129,8,5,c: J Browning b: B O'Donnell
1,2nd,1st ST vs 1st MEL,1st MEL,1st ST,Guy Barnes,,12,0,0,c: N Sharma b: J Browning
1,2nd,1st ST vs 1st MEL,1st MEL,1st ST,James Gray,,3,0,0,c: C Hastings b: J Browning
1,2nd,1st ST vs 1st MEL,1st MEL,1st ST,Lachlan Graf,5,6,1,0,lbw: K Kumar
1,2nd,1st ST vs 1st MEL,1st MEL,1st ST,Declan McComb,31,77,3,1,c: A Young b: J Browning
1,2nd,1st ST vs 1st MEL,1st MEL,1st ST,Harry Jones,0,6,0,0,not out
1,2nd,1st ST vs 1st MEL,1st MEL,1st ST,Luke Gandy,,,,,did not bat
1,2nd,1st ST vs 1st MEL,1st ST,1st MEL,James Browning,16,54,2,0,b: H Jones
1,2nd,1st ST vs 1st MEL,1st ST,1st MEL,Connor Hastings,21,64,2,0,c: G Barnes b: L Gandy
1,2nd,1st ST vs 1st MEL,1st ST,1st MEL,Tom Mileto,5,18,0,0,c: R Farooq b: L Graf
1,2nd,1st ST vs 1st MEL,1st ST,1st MEL,Hugo Bienvenu,45,107,5,0,lbw: J Gray
1,2nd,1st ST vs 1st MEL,1st ST,1st MEL,Michael Forwood,116,152,17,1,c: G Barnes b: J Gray
1,2nd,1st ST vs 1st MEL,1st ST,1st MEL,Naman Sharma,19,25,3,0,c: R Farooq b: J Gray
1,2nd,1st ST vs 1st MEL,1st ST,1st MEL,Andrew Young,3,6,0,0,c: G Barnes b: L Gandy
1,2nd,1st ST vs 1st MEL,1st ST,1st MEL,Tim Young,12,22,1,0,c: G Barnes b: D McComb
1,2nd,1st ST vs 1st MEL,1st ST,1st MEL,Om Patel,6,19,1,0,lbw: J Gray
1,2nd,1st ST vs 1st MEL,1st ST,1st MEL,Krish Kumar,6,19,1,0,not out
1,2nd,1st ST vs 1st MEL,1st ST,1st MEL,Brodie O'Donnell,1,14,0,0,c: G Barnes b: J Gray
1,2nd,1st ST vs 1st MEL,1st ST,1st MEL,Jacob Stevenson,,,,,did not bat
1,2nd,1st ST vs 1st MEL,1st ST,2nd ST,Ashish Ashish,0,0,0,0,not out
1,2nd,1st ST vs 1st MEL,1st ST,2nd ST,Dan Meddings,0,0,0,0,not out
1,2nd,1st ST vs 1st MEL,1st ST,2nd ST,Guy Barnes,,,,,did not bat
1,2nd,1st ST vs 1st MEL,1st ST,2nd ST,Reyaan Farooq,,,,,did not bat
1,2nd,1st ST vs 1st MEL,1st ST,2nd ST,Luke Gandy,,,,,did not bat
1,2nd,1st ST vs 1st MEL,1st ST,2nd ST,Lachlan Graf,,,,,did not bat
1,2nd,1st ST vs 1st MEL,1st ST,2nd ST,Henry Gray,,,,,did not bat
1,2nd,1st ST vs 1st MEL,1st ST,2nd ST,James Gray,,,,,did not bat
1,2nd,1st ST vs 1st MEL,1st ST,2nd ST,Harry Jones,,,,,did not bat
1,2nd,1st ST vs 1st MEL,1st ST,2nd ST,Declan McComb,,,,,did not bat
1,2nd,1st ST vs 1st MEL,1st ST,2nd ST,Angus Newman,,,,,did not bat
1,2nd,1st ST vs 1st MEL,1st ST,2nd ST,Cooper Rojko,,,,,did not bat
2,2nd,1st GEE vs 1st FIT,1st FIT,1st GEE,Lincoln Koliba,2,9,0,0,c: Z Macciocca b: G Khatra
2,2nd,1st GEE vs 1st FIT,1st FIT,1st GEE,Ryan Aikman,16,70,1,0,c: B Richardson b: R Kharoud
2,2nd,1st GEE vs 1st FIT,1st FIT,1st GEE,Cody Brogden,14,31,2,0,c: Z Macciocca b: K Smith
2,2nd,1st GEE vs 1st FIT,1st FIT,1st GEE,Santhosh Ramireddy,45,94,3,0,st: Z Macciocca b: H Smith
2,2nd,1st GEE vs 1st FIT,1st FIT,1st GEE,Fletcher Cozens,44,116,5,0,c: A Roach b: G Khatra
2,2nd,1st GEE vs 1st FIT,1st FIT,1st GEE,Liam Biddiscombe,2,15,0,0,b: H Smith
2,2nd,1st GEE vs 1st FIT,1st FIT,1st GEE,Tom Courtney,5,31,0,0,c: B Richardson b: K Smith
2,2nd,1st GEE vs 1st FIT,1st FIT,1st GEE,Sam Croft,3,14,0,0,c: M Bremner b: K Smith
2,2nd,1st GEE vs 1st FIT,1st FIT,1st GEE,Josh Collins,47,77,2,1,c: R Kharoud b: K Smith
2,2nd,1st GEE vs 1st FIT,1st FIT,1st GEE,Kyle Bienefelt,20,62,2,0,c: M Bremner b: L Myott
2,2nd,1st GEE vs 1st FIT,1st FIT,1st GEE,Joshua Slater,9,26,1,0,not out
2,2nd,1st GEE vs 1st FIT,1st FIT,1st GEE,Nathan Harper,,,,,did not bat
2,2nd,1st GEE vs 1st FIT,1st GEE,1st FIT,Matthew Bremner,,1,0,0,c: K Bienefelt b: N Harper
2,2nd,1st GEE vs 1st FIT,1st GEE,1st FIT,Angus Roach,55,164,6,0,c: J Collins b: K Bienefelt
2,2nd,1st GEE vs 1st FIT,1st GEE,1st FIT,Liam Myott,4,6,1,0,b: N Harper
2,2nd,1st GEE vs 1st FIT,1st GEE,1st FIT,Gurnaz Khatra,3,18,0,0,c: T Courtney b: K Bienefelt
2,2nd,1st GEE vs 1st FIT,1st GEE,1st FIT,Aryan Sharma,46,147,4,0,c: S Croft b: N Harper
2,2nd,1st GEE vs 1st FIT,1st GEE,1st FIT,Mark Phelan,55,126,5,1,not out
2,2nd,1st GEE vs 1st FIT,1st GEE,1st FIT,Zachary Macciocca,38,120,4,0,not out
2,2nd,1st GEE vs 1st FIT,1st GEE,1st FIT,Max Bradley,,,,,did not bat
2,2nd,1st GEE vs 1st FIT,1st GEE,1st FIT,Rupptaz Kharoud,,,,,did not bat
2,2nd,1st GEE vs 1st FIT,1st GEE,1st FIT,Brodie Richardson,,,,,did not bat
2,2nd,1st GEE vs 1st FIT,1st GEE,1st FIT,Harry Smith,,,,,did not bat
2,2nd,1st GEE vs 1st FIT,1st GEE,1st FIT,Kobe Smith,,,,,did not bat
1,2nd,1st RIC vs 1st CAR,1st CAR,1st RIC,Tyler Hoffman,2,9,0,0,c: A Sriram b: S McGinty
1,2nd,1st RIC vs 1st CAR,1st CAR,1st RIC,Joshua Richardson,34,108,2,0,lbw: A Smillie
1,2nd,1st RIC vs 1st CAR,1st CAR,1st RIC,Kurt Heigl,62,149,5,0,c: S Wray b: S McGinty
1,2nd,1st RIC vs 1st CAR,1st CAR,1st RIC,Tim Goodman,12,27,2,0,c: L Shinn-mahony b: L Brasher
1,2nd,1st RIC vs 1st CAR,1st CAR,1st RIC,Archit Bhatia,25,58,3,0,b: S Morrow
1,2nd,1st RIC vs 1st CAR,1st CAR,1st RIC,Max Parker,36,76,3,0,c: S Wray b: S Morrow
1,2nd,1st RIC vs 1st CAR,1st CAR,1st RIC,Jack Iverson,3,16,0,0,c: S Morrow b: S McGinty
1,2nd,1st RIC vs 1st CAR,1st CAR,1st RIC,Griffin Box,9,24,0,0,c: L Cavigan b: L Brasher
1,2nd,1st RIC vs 1st CAR,1st CAR,1st RIC,Callum McIlveen,3,11,0,0,c: A Sriram b: S Morrow
1,2nd,1st RIC vs 1st CAR,1st CAR,1st RIC,Joshua Ash,4,14,1,0,not out
1,2nd,1st RIC vs 1st CAR,1st CAR,1st RIC,Jack Trevethan,,7,0,0,c: K Lucas b: S Morrow
1,2nd,1st RIC vs 1st CAR,1st CAR,1st RIC,Luke McCann,,,,,did not bat
1,2nd,1st RIC vs 1st CAR,1st RIC,1st CAR,Keir Lucas,,6,0,0,c: C McIlveen b: J Trevethan
1,2nd,1st RIC vs 1st CAR,1st RIC,1st CAR,Spencer Wray,21,47,1,0,c: J Iverson b: J Trevethan
1,2nd,1st RIC vs 1st CAR,1st RIC,1st CAR,Guntaas Brar,53,144,4,0,b: J Trevethan
1,2nd,1st RIC vs 1st CAR,1st RIC,1st CAR,Lachlan Shinn-mahony,89,159,13,0,not out
1,2nd,1st RIC vs 1st CAR,1st RIC,1st CAR,Nicholas Ross,16,11,4,0,c: M Parker b: J Trevethan
1,2nd,1st RIC vs 1st CAR,1st RIC,1st CAR,Akshith Sriram,28,64,3,0,not out
1,2nd,1st RIC vs 1st CAR,1st RIC,1st CAR,Lucas Brasher,,,,,did not bat
1,2nd,1st RIC vs 1st CAR,1st RIC,1st CAR,Lucas Cavigan,,,,,did not bat
1,2nd,1st RIC vs 1st CAR,1st RIC,1st CAR,Henry Edwards,,,,,did not bat
1,2nd,1st RIC vs 1st CAR,1st RIC,1st CAR,Seth McGinty,,,,,did not bat
1,2nd,1st RIC vs 1st CAR,1st RIC,1st CAR,Sean Morrow,,,,,did not bat
1,2nd,1st RIC vs 1st CAR,1st RIC,1st CAR,Aaron Smillie,,,,,did not bat
2,2nd,1st ST vs 1st CAR,1st CAR,1st ST,Angus Newman,15,47,1,0,c: S Wray b: A Smillie
2,2nd,1st ST vs 1st CAR,1st CAR,1st ST,Ashish Ashish,77,166,9,0,c: S Wray b: H Edwards
2,2nd,1st ST vs 1st CAR,1st CAR,1st ST,Cooper Rojko,80,212,8,0,lbw: S Morrow
2,2nd,1st ST vs 1st CAR,1st CAR,1st ST,Jack Cunnington,6,12,1,0,c: H Edwards b: A Smillie
2,2nd,1st ST vs 1st CAR,1st CAR,1st ST,Henry Gray,,2,0,0,c: S Wray b: A Smillie
2,2nd,1st ST vs 1st CAR,1st CAR,1st ST,Guy Barnes,66,140,6,0,c: S Wray b: S McGinty
2,2nd,1st ST vs 1st CAR,1st CAR,1st ST,Reyaan Farooq,32,27,5,1,c: H Edwards b: L Brasher
2,2nd,1st ST vs 1st CAR,1st CAR,1st ST,James Gray,2,5,0,0,c: b: L Brasher
2,2nd,1st ST vs 1st CAR,1st CAR,1st ST,Declan McComb,2,4,0,0,b: A Smillie
2,2nd,1st ST vs 1st CAR,1st CAR,1st ST,Lachlan Graf,,2,0,0,c: S Morrow b: A Smillie
2,2nd,1st ST vs 1st CAR,1st CAR,1st ST,Harry Jones,2,18,0,0,not out
2,2nd,1st ST vs 1st CAR,1st CAR,1st ST,Aaron Harding,,,,,did not bat
2,2nd,1st ST vs 1st CAR,1st ST,1st CAR,Andrew Lewis Poppa,24,50,2,0,c: L Graf b: J Gray
2,2nd,1st ST vs 1st CAR,1st ST,1st CAR,Keir Lucas,4,19,0,0,c: H Gray b: A Harding
2,2nd,1st ST vs 1st CAR,1st ST,1st CAR,Guntaas Brar,22,58,0,1,c: A Newman b: J Gray
2,2nd,1st ST vs 1st CAR,1st ST,1st CAR,Lachlan Shinn-mahony,25,58,3,0,b: L Graf
2,2nd,1st ST vs 1st CAR,1st ST,1st CAR,Nicholas Ross,18,25,2,0,lbw: L Graf
2,2nd,1st ST vs 1st CAR,1st ST,1st CAR,Akshith Sriram,15,52,1,0,st: G Barnes b: J Gray
2,2nd,1st ST vs 1st CAR,1st ST,1st CAR,Spencer Wray,19,52,1,0,c: G Barnes b: A Harding
2,2nd,1st ST vs 1st CAR,1st ST,1st CAR,Henry Edwards,4,12,1,0,c: A Newman b: A Harding
2,2nd,1st ST vs 1st CAR,1st ST,1st CAR,Seth McGinty,,15,0,0,c: G Barnes b: J Gray
2,2nd,1st ST vs 1st CAR,1st ST,1st CAR,Lucas Brasher,,1,0,0,c: G Barnes b: A Harding
2,2nd,1st ST vs 1st CAR,1st ST,1st CAR,Sean Morrow,0,4,0,0,not out
2,2nd,1st ST vs 1st CAR,1st ST,1st CAR,Aaron Smillie,,,,,did not bat
3,2nd,1st FIT vs 1st ST,1st ST,1st FIT,Matthew Bremner,90,191,9,1,c: D Meddings b: J Gray
3,2nd,1st FIT vs 1st ST,1st ST,1st FIT,Angus Roach,3,17,0,0,lbw: L Gandy
3,2nd,1st FIT vs 1st ST,1st ST,1st FIT,Aryan Sharma,15,42,2,0,c: C Rojko b: D McComb
3,2nd,1st FIT vs 1st ST,1st ST,1st FIT,Mark Phelan,22,89,0,0,b: L Graf
3,2nd,1st FIT vs 1st ST,1st ST,1st FIT,Zachary Macciocca,4,40,0,0,c: L Gandy b: J Gray
3,2nd,1st FIT vs 1st ST,1st ST,1st FIT,Brodie Richardson,24,36,4,0,b: L Gandy
3,2nd,1st FIT vs 1st ST,1st ST,1st FIT,Rupptaz Kharoud,2,8,0,0,c&b: J Gray
3,2nd,1st FIT vs 1st ST,1st ST,1st FIT,Max Bradley,42,112,4,0,not out
3,2nd,1st FIT vs 1st ST,1st ST,1st FIT,Gurnaz Khatra,7,59,0,0,c: G Barnes b: J Gray
3,2nd,1st FIT vs 1st ST,1st ST,1st FIT,Liam Myott,,23,0,0,b: L Graf
3,2nd,1st FIT vs 1st ST,1st ST,1st FIT,Kobe Smith,1,23,0,0,b: A Harding
3,2nd,1st FIT vs 1st ST,1st ST,1st FIT,Harry Smith,,,,,did not bat
3,2nd,1st FIT vs 1st ST,1st FIT,1st ST,Dan Meddings,20,69,1,0,c: L Myott b: G Khatra
3,2nd,1st FIT vs 1st ST,1st FIT,1st ST,Ashish Ashish,,5,0,0,c: Z Macciocca b: K Smith
3,2nd,1st FIT vs 1st ST,1st FIT,1st ST,Cooper Rojko,12,28,2,0,c: M Bremner b: K Smith
3,2nd,1st FIT vs 1st ST,1st FIT,1st ST,Angus Newman,21,71,3,0,lbw: K Smith
3,2nd,1st FIT vs 1st ST,1st FIT,1st ST,Jack Cunnington,39,48,5,0,lbw: K Smith
3,2nd,1st FIT vs 1st ST,1st FIT,1st ST,Henry Gray,5,30,0,0,"run out (M Phelan, Z Macciocca)"
3,2nd,1st FIT vs 1st ST,1st FIT,1st ST,Guy Barnes,,6,0,0,b: L Myott
3,2nd,1st FIT vs 1st ST,1st FIT,1st ST,James Gray,10,53,0,0,c: Z Macciocca b: H Smith
3,2nd,1st FIT vs 1st ST,1st FIT,1st ST,Lachlan Graf,,4,0,0,lbw: G Khatra
3,2nd,1st FIT vs 1st ST,1st FIT,1st ST,Declan McComb,12,19,1,1,not out
3,2nd,1st FIT vs 1st ST,1st FIT,1st ST,Aaron Harding,,1,0,0,b: H Smith
3,2nd,1st FIT vs 1st ST,1st FIT,1st ST,Luke Gandy,,,,,did not bat
3,2nd,1st FIT vs 1st ST,1st FIT,1st ST,Harry Jones,,,,,did not bat
4,2nd,GRE vs FRA,FRA,GRE,Kanishk Bollu,13,27,1,0,c: H Mohade b: M Cestnik
4,2nd,GRE vs FRA,FRA,GRE,Conroy Burton,13,18,1,1,c: L McConnell b: M Cestnik
4,2nd,GRE vs FRA,FRA,GRE,Robbie O’Brien,10,28,1,0,c: L McConnell b: H Wallace
4,2nd,GRE vs FRA,FRA,GRE,Panav Jaura,44,72,3,0,c: S Parker b: L Scott
4,2nd,GRE vs FRA,FRA,GRE,Bernard Kelly,66,91,4,1,c: H Wallace b: J Matheson
4,2nd,GRE vs FRA,FRA,GRE,Ashley Fernando,1,3,0,0,lbw: J Matheson
4,2nd,GRE vs FRA,FRA,GRE,Mitchell Stephens,16,19,1,0,lbw: J Matheson
4,2nd,GRE vs FRA,FRA,GRE,Declan Highgate,8,12,0,0,b: H Mohade
4,2nd,GRE vs FRA,FRA,GRE,Aidan McConnell,2,6,0,0,c: L McConnell b: H Mohade
4,2nd,GRE vs FRA,FRA,GRE,Ivan Zmak,4,9,0,0,not out
4,2nd,GRE vs FRA,FRA,GRE,Michael Cross,14,13,0,1,c: S Parker b: M Cestnik
4,2nd,GRE vs FRA,FRA,GRE,Mitch Clark,,,,,did not bat
4,2nd,GRE vs FRA,GRE,FRA,Lucas McConnell,17,17,3,0,lbw: D Highgate
4,2nd,GRE vs FRA,GRE,FRA,Matthew Gapes,1,3,0,0,c: I Zmak b: M Cross
4,2nd,GRE vs FRA,GRE,FRA,Cooper Remy,,3,0,0,c: P Jaura b: M Cross
4,2nd,GRE vs FRA,GRE,FRA,Sean Parker,45,76,2,1,c: B Kelly b: I Zmak
4,2nd,GRE vs FRA,GRE,FRA,Patrick Parsons,5,17,0,0,c: A McConnell b: M Clark
4,2nd,GRE vs FRA,GRE,FRA,Sean van Wijk,66,91,3,0,not out
4,2nd,GRE vs FRA,GRE,FRA,Mitchell Cestnik,42,63,5,0,lbw: A McConnell
4,2nd,GRE vs FRA,GRE,FRA,Harsh Laxmikant Mohade,13,19,0,0,not out
4,2nd,GRE vs FRA,GRE,FRA,Lachlan Hose,,,,,did not bat
4,2nd,GRE vs FRA,GRE,FRA,Jamie Matheson,,,,,did not bat
4,2nd,GRE vs FRA,GRE,FRA,Lochlan Scott,,,,,did not bat
4,2nd,GRE vs FRA,GRE,FRA,Harrison Wallace,,,,,did not bat
4,2nd,MEL vs GEE,GEE,MEL,Nikki du Toit,4,11,0,0,c: F Cozens b: P Sullivan
4,2nd,MEL vs GEE,GEE,MEL,Christopher Kellaway,13,14,3,0,c: R Aikman b: P Sullivan
4,2nd,MEL vs GEE,GEE,MEL,Oliver Gunning,4,8,0,0,b: N Harper
4,2nd,MEL vs GEE,GEE,MEL,Kyle Parrott,7,11,1,0,c: R Aikman b: J Slater
4,2nd,MEL vs GEE,GEE,MEL,James Meehan,80,129,4,0,c: Z Attard b: N Harper
4,2nd,MEL vs GEE,GEE,MEL,Benjamin Wickham,29,42,3,0,lbw: P Sullivan
4,2nd,MEL vs GEE,GEE,MEL,Max Parrott,21,25,2,1,c: F Cozens b: N Harper
4,2nd,MEL vs GEE,GEE,MEL,Tom Reid,2,8,0,0,c: F Cozens b: N Harper
4,2nd,MEL vs GEE,GEE,MEL,Phil Halbish,7,26,0,0,c: F Cozens b: Z Attard
4,2nd,MEL vs GEE,GEE,MEL,Nicholas Xavier,,5,0,0,c&b: P Sullivan
4,2nd,MEL vs GEE,GEE,MEL,Glenn Hannah,6,17,1,0,not out
4,2nd,MEL vs GEE,GEE,MEL,Thomas Cesaro,,,,,did not bat
4,2nd,MEL vs GEE,MEL,GEE,Ryan Aikman,24,40,3,0,c: M Parrott b: T Cesaro
4,2nd,MEL vs GEE,MEL,GEE,Lincoln Koliba,18,24,3,0,c: M Parrott b: G Hannah
4,2nd,MEL vs GEE,MEL,GEE,Cody Brogden,46,65,6,1,c: M Parrott b: K Parrott
4,2nd,MEL vs GEE,MEL,GEE,Santhosh Ramireddy,28,44,2,0,c: M Parrott b: G Hannah
4,2nd,MEL vs GEE,MEL,GEE,Fletcher Cozens,25,38,1,0,not out
4,2nd,MEL vs GEE,MEL,GEE,Zane Attard,34,39,6,0,not out
4,2nd,MEL vs GEE,MEL,GEE,Josh Collins,,,,,did not bat
4,2nd,MEL vs GEE,MEL,GEE,Nathan Harper,,,,,did not bat
4,2nd,MEL vs GEE,MEL,GEE,Paawan Sharma,,,,,did not bat
4,2nd,MEL vs GEE,MEL,GEE,Joshua Slater,,,,,did not bat
4,2nd,MEL vs GEE,MEL,GEE,Patrick Sullivan,,,,,did not bat
4,2nd,FIT vs RIN,RIN,FIT,Lishan De Silva,51,91,4,1,c: P Mishra b: G Lawson
4,2nd,FIT vs RIN,RIN,FIT,Angus Roach,2,14,0,0,c: B O’Riley b: L Walker
4,2nd,FIT vs RIN,RIN,FIT,Mark Phelan,35,70,1,0,lbw: G Lawson
4,2nd,FIT vs RIN,RIN,FIT,Brodie Richardson,21,22,1,1,b: J Farrand
4,2nd,FIT vs RIN,RIN,FIT,Matthew Bremner,22,27,1,1,c: J Farrand b: L Walker
4,2nd,FIT vs RIN,RIN,FIT,Rahul Surendran,12,20,2,0,b: L Walker
4,2nd,FIT vs RIN,RIN,FIT,Aryan Sharma,6,9,0,0,c: C Moore b: B O’Riley
4,2nd,FIT vs RIN,RIN,FIT,Rupptaz Kharoud,8,7,1,0,c: H Flynn b: B O’Riley
4,2nd,FIT vs RIN,RIN,FIT,Kepler Lukies,14,23,0,0,c: P Mishra b: L Walker
4,2nd,FIT vs RIN,RIN,FIT,Angus Robinson,18,19,1,0,not out
4,2nd,FIT vs RIN,RIN,FIT,Miller Childs,,,,,did not bat
4,2nd,FIT vs RIN,RIN,FIT,Liam Myott,,,,,did not bat
4,2nd,FIT vs RIN,FIT,RIN,Patrick Gouge,16,16,3,0,b: R Kharoud
4,2nd,FIT vs RIN,FIT,RIN,Charlie Moore,7,12,1,0,b: R Surendran
4,2nd,FIT vs RIN,FIT,RIN,daniel ivanovic,4,20,1,0,c: A Sharma b: R Surendran
4,2nd,FIT vs RIN,FIT,RIN,Mark Donegan,8,20,1,0,c: M Bremner b: L Myott
4,2nd,FIT vs RIN,FIT,RIN,Harry Flynn,19,52,1,0,c: K Lukies b: L Myott
4,2nd,FIT vs RIN,FIT,RIN,Jackson Edwards,,14,0,0,c: B Richardson b: L Myott
4,2nd,FIT vs RIN,FIT,RIN,Prabhav Mishra,,1,0,0,"run out (M Bremner, L Myott)"
4,2nd,FIT vs RIN,FIT,RIN,Bailey O’Riley,1,22,0,0,c: M Bremner b: L Myott
4,2nd,FIT vs RIN,FIT,RIN,Gabe Lawson,8,32,0,0,c: L De Silva b: K Lukies
4,2nd,FIT vs RIN,FIT,RIN,Jonathan Farrand,,1,0,0,b: L Myott
4,2nd,FIT vs RIN,FIT,RIN,Liam Walker,1,8,0,0,not out
4,2nd,FIT vs RIN,FIT,RIN,Jack Martin,,,,,did not bat
4,2nd,MEL vs DAN,DAN,MEL,Leo Hatzoglou,55,107,4,1,c: N Whitford b: A Fernando
4,2nd,MEL vs DAN,DAN,MEL,Eddy Schultheis,59,78,6,0,c: J Kelly b: A Fernando
4,2nd,MEL vs DAN,DAN,MEL,Tom Mileto,61,79,3,2,not out
4,2nd,MEL vs DAN,DAN,MEL,Benjamin Rolfs,28,38,0,0,b: T Evans
4,2nd,MEL vs DAN,DAN,MEL,Om Patel,2,1,0,0,not out
4,2nd,MEL vs DAN,DAN,MEL,James Browning,,,,,did not bat
4,2nd,MEL vs DAN,DAN,MEL,Elliott Durrant,,,,,did not bat
4,2nd,MEL vs DAN,DAN,MEL,Michael Forwood,,,,,did not bat
4,2nd,MEL vs DAN,DAN,MEL,Matthew Gome,,,,,did not bat
4,2nd,MEL vs DAN,DAN,MEL,Krish Kumar,,,,,did not bat
4,2nd,MEL vs DAN,DAN,MEL,Harshit Takkar,,,,,did not bat
4,2nd,MEL vs DAN,DAN,MEL,Tim Young,,,,,did not bat
4,2nd,MEL vs DAN,MEL,DAN,Dhanusha Gamage,1,6,0,0,"run out (O Patel, M Gome)"
4,2nd,MEL vs DAN,MEL,DAN,Venuk Hemachandra,29,47,4,0,lbw: H Takkar
4,2nd,MEL vs DAN,MEL,DAN,Tom Morrison,18,33,2,0,c: L Hatzoglou b: H Takkar
4,2nd,MEL vs DAN,MEL,DAN,Max Marinic,3,15,0,0,c: T Mileto b: H Takkar
4,2nd,MEL vs DAN,MEL,DAN,Vishesh Bansal,26,43,3,0,lbw: K Kumar
4,2nd,MEL vs DAN,MEL,DAN,Aaron Fernando,60,84,4,2,c: K Kumar b: H Takkar
4,2nd,MEL vs DAN,MEL,DAN,Abhikaran Singh Chhina,6,11,1,0,c: E Schultheis b: H Takkar
4,2nd,MEL vs DAN,MEL,DAN,Brodie Eccles,,3,0,0,b: O Patel
4,2nd,MEL vs DAN,MEL,DAN,Jett Kelly,,2,0,0,b: H Takkar
4,2nd,MEL vs DAN,MEL,DAN,Tyler Evans,26,28,1,1,not out
4,2nd,MEL vs DAN,MEL,DAN,Hayden Wrigglesworth,10,16,0,0,c: E Schultheis b: J Browning
4,2nd,MEL vs DAN,MEL,DAN,Nathan Whitford,,,,,did not bat
4,2nd,CAM vs KIN,KIN,CAM,Lucas Smith,11,31,0,0,c&b: R Majoka
4,2nd,CAM vs KIN,KIN,CAM,Prajay Paramesh,40,52,7,0,c: D Jacotine b: R Majoka
4,2nd,CAM vs KIN,KIN,CAM,James Wiseman,23,17,1,2,c: C Aldridge b: W Bowering
4,2nd,CAM vs KIN,KIN,CAM,Samuel Olsen,18,35,1,0,lbw: R Majoka
4,2nd,CAM vs KIN,KIN,CAM,Adit Pawha,,6,0,0,c: W Bowering b: R Majoka
4,2nd,CAM vs KIN,KIN,CAM,Jakey Pietz,3,4,0,0,c: H Mckenzie b: R Majoka
4,2nd,CAM vs KIN,KIN,CAM,Finlay McGrotty,45,81,3,0,not out
4,2nd,CAM vs KIN,KIN,CAM,Daniel Pietz,18,26,3,0,c: V Sathyajith b: W Bowering
4,2nd,CAM vs KIN,KIN,CAM,Kevin Prior,20,26,1,1,c: V Sathyajith b: K Scott
4,2nd,CAM vs KIN,KIN,CAM,simon greene,2,9,0,0,c: R Majoka b: B Keppetipola
4,2nd,CAM vs KIN,KIN,CAM,Christopher Gorman,17,15,3,0,not out
4,2nd,CAM vs KIN,CAM,KIN,Luke Ajani,60,111,5,0,c: K Prior b: D Pietz
4,2nd,CAM vs KIN,CAM,KIN,Vithum Sathyajith,39,69,4,0,run out (A Pawha)
4,2nd,CAM vs KIN,CAM,KIN,Simo Ivetic,17,37,2,0,c: D Pietz b: S Olsen
4,2nd,CAM vs KIN,CAM,KIN,Hamish Mckenzie,11,17,0,0,c: P Paramesh b: J Pietz
4,2nd,CAM vs KIN,CAM,KIN,Charlie Aldridge,1,3,0,0,c: D Pietz b: S Olsen
4,2nd,CAM vs KIN,CAM,KIN,Bhanuka Keppetipola,11,15,0,1,c: K Prior b: S Olsen
4,2nd,CAM vs KIN,CAM,KIN,Luke Sullivan,2,5,0,0,c: D Pietz b: J Pietz
4,2nd,CAM vs KIN,CAM,KIN,Herbie Fischbacher,14,16,0,1,c: D Pietz b: S Olsen
4,2nd,CAM vs KIN,CAM,KIN,Rehan Majoka,5,5,1,0,lbw: S Olsen
4,2nd,CAM vs KIN,CAM,KIN,Dylan Jacotine,2,3,0,0,c: P Paramesh b: J Pietz
4,2nd,CAM vs KIN,CAM,KIN,William Bowering,1,1,0,0,not out
4,2nd,CAM vs KIN,CAM,KIN,Kyle Scott,,,,,did not bat
4,2nd,ESS vs PRA,PRA,ESS,Vihanga Fernando,56,79,5,1,c: R Backhouse b: W Scott
4,2nd,ESS vs PRA,PRA,ESS,Nicholas Markovski,46,39,5,2,c: L Zissis b: D Malcolm
4,2nd,ESS vs PRA,PRA,ESS,Simrth Singh Gill,77,75,7,4,run out (N Morrey)
4,2nd,ESS vs PRA,PRA,ESS,Arshit Rajput,39,47,5,0,c: J Boyce b: D Malcolm
4,2nd,ESS vs PRA,PRA,ESS,Noah Panaia,29,30,5,0,c: D Malcolm b: H Nicholls
4,2nd,ESS vs PRA,PRA,ESS,Ikroop Dhanoa,1,6,0,0,c: H Nicholls b: D Malcolm
4,2nd,ESS vs PRA,PRA,ESS,Liam Tobin,3,7,0,0,b: D Malcolm
4,2nd,ESS vs PRA,PRA,ESS,Ethan Brne,21,13,2,1,not out
4,2nd,ESS vs PRA,PRA,ESS,Henry Robertson,6,5,0,0,not out
4,2nd,ESS vs PRA,PRA,ESS,Muhammad Abdulrafay,,,,,did not bat
4,2nd,ESS vs PRA,PRA,ESS,Lachie Busk,,,,,did not bat
4,2nd,ESS vs PRA,PRA,ESS,Noman Safdar,,,,,did not bat
4,2nd,ESS vs PRA,ESS,PRA,Henry Nicholls,9,18,1,0,c: E Brne b: M Abdulrafay
4,2nd,ESS vs PRA,ESS,PRA,Lachlan Zissis,53,71,6,1,b: H Robertson
4,2nd,ESS vs PRA,ESS,PRA,Damon Malcolm,85,84,9,0,b: M Abdulrafay
4,2nd,ESS vs PRA,ESS,PRA,Pranav Menon,17,20,0,1,c: L Tobin b: I Dhanoa
4,2nd,ESS vs PRA,ESS,PRA,Nicholas Morrey,4,6,0,0,st: E Brne b: I Dhanoa
4,2nd,ESS vs PRA,ESS,PRA,Will Scott,37,34,1,3,c: H Robertson b: N Safdar
4,2nd,ESS vs PRA,ESS,PRA,Riley Backhouse,24,31,1,0,c&b: A Rajput
4,2nd,ESS vs PRA,ESS,PRA,Oliver Willett,7,8,1,0,c: S Gill b: A Rajput
4,2nd,ESS vs PRA,ESS,PRA,James Boyce,2,8,0,0,b: A Rajput
4,2nd,ESS vs PRA,ESS,PRA,Hugh Birchall,13,10,1,1,lbw: A Rajput
4,2nd,ESS vs PRA,ESS,PRA,Max Keogh,1,2,0,0,not out
4,2nd,RIC vs CAR,CAR,RIC,Tyler Hoffman,9,38,1,0,"run out (L Shinn-mahony, S Wray)"
4,2nd,RIC vs CAR,CAR,RIC,Kurt Heigl,4,16,0,0,lbw: S Morrow
4,2nd,RIC vs CAR,CAR,RIC,Tim Goodman,29,45,4,0,lbw: H Edwards
4,2nd,RIC vs CAR,CAR,RIC,Griffin Box,2,8,0,0,c: G Brar b: A Sharma
4,2nd,RIC vs CAR,CAR,RIC,Max Parker,2,6,0,0,c: D Sullivan b: J Beer
4,2nd,RIC vs CAR,CAR,RIC,Jack Iverson,38,76,3,1,b: A Sriram
4,2nd,RIC vs CAR,CAR,RIC,Harry Gell,,1,0,0,b: H Edwards
4,2nd,RIC vs CAR,CAR,RIC,Thomas Purcell,,1,0,0,b: H Edwards
4,2nd,RIC vs CAR,CAR,RIC,Prithish Pancholi,42,56,4,0,b: J Pollard
4,2nd,RIC vs CAR,CAR,RIC,Dhruval Parikh,2,8,0,0,c: S Wray b: H Edwards
4,2nd,RIC vs CAR,CAR,RIC,Jackson Reed,4,16,0,0,not out
4,2nd,RIC vs CAR,CAR,RIC,Luke McCann,,,,,did not bat
4,2nd,RIC vs CAR,RIC,CAR,Keir Lucas,31,30,6,0,c: J Iverson b: G Box
4,2nd,RIC vs CAR,RIC,CAR,Spencer Wray,,12,0,0,c: H Gell b: L McCann
4,2nd,RIC vs CAR,RIC,CAR,Aryan J Sharma,17,19,2,0,"run out (G Box, M Parker)"
4,2nd,RIC vs CAR,RIC,CAR,Guntaas Brar,17,56,1,0,c: M Parker b: P Pancholi
4,2nd,RIC vs CAR,RIC,CAR,Lachlan Shinn-mahony,5,14,0,0,c: T Purcell b: D Parikh
4,2nd,RIC vs CAR,RIC,CAR,Lucas Cavigan,2,15,0,0,c: T Purcell b: D Parikh
4,2nd,RIC vs CAR,RIC,CAR,Dominic Sullivan,21,18,0,3,c: M Parker b: P Pancholi
4,2nd,RIC vs CAR,RIC,CAR,Akshith Sriram,32,57,2,1,not out
4,2nd,RIC vs CAR,RIC,CAR,Henry Edwards,3,4,0,0,c: J Iverson b: D Parikh
4,2nd,RIC vs CAR,RIC,CAR,Sean Morrow,12,31,1,0,not out
4,2nd,RIC vs CAR,RIC,CAR,Jack Beer,,,,,did not bat
4,2nd,RIC vs CAR,RIC,CAR,Julian Pollard,,,,,did not bat
4,2nd,NOR vs FOO,FOO,NOR,Daniel Lalor,14,26,2,0,c: J Pace b: U Butt
4,2nd,NOR vs FOO,FOO,NOR,Michael Jephcott,143,145,14,4,c: B Aggelis b: L Mason
4,2nd,NOR vs FOO,FOO,NOR,Mitch Lawson,106,125,7,1,not out
4,2nd,NOR vs FOO,FOO,NOR,Bailey Hosemans,13,5,1,1,not out
4,2nd,NOR vs FOO,FOO,NOR,Adam Howard,,,,,did not bat
4,2nd,NOR vs FOO,FOO,NOR,Roby Lane,,,,,did not bat
4,2nd,NOR vs FOO,FOO,NOR,Matthew Pearce,,,,,did not bat
4,2nd,NOR vs FOO,FOO,NOR,Michael Rogneda,,,,,did not bat
4,2nd,NOR vs FOO,FOO,NOR,Michael Sacchetta,,,,,did not bat
4,2nd,NOR vs FOO,FOO,NOR,James Shadbolt,,,,,did not bat
4,2nd,NOR vs FOO,FOO,NOR,Ethan Sharkey,,,,,did not bat
4,2nd,NOR vs FOO,FOO,NOR,Samson Storey,,,,,did not bat
4,2nd,NOR vs FOO,NOR,FOO,Aayan Nadeem,20,14,3,0,c: B Hosemans b: M Rogneda
4,2nd,NOR vs FOO,NOR,FOO,Max Hatzoglou,,1,0,0,c: J Shadbolt b: M Rogneda
4,2nd,NOR vs FOO,NOR,FOO,Joshua Pace,17,17,2,1,c: E Sharkey b: A Howard
4,2nd,NOR vs FOO,NOR,FOO,Ashton Frost,99,130,6,4,c: S Storey b: A Howard
4,2nd,NOR vs FOO,NOR,FOO,Daksh Kumar,12,23,2,0,lbw: M Pearce
4,2nd,NOR vs FOO,NOR,FOO,Declan O'Brien,43,37,3,2,c: M Rogneda b: S Storey
4,2nd,NOR vs FOO,NOR,FOO,Luke Gilham,33,49,2,1,c: S Storey b: M Rogneda
4,2nd,NOR vs FOO,NOR,FOO,Cam Jenkins,7,11,0,0,c: B Hosemans b: A Howard
4,2nd,NOR vs FOO,NOR,FOO,Liam Mason,10,9,0,0,"run out (M Sacchetta, J Shadbolt)"
4,2nd,NOR vs FOO,NOR,FOO,Umair Butt,,1,0,0,run out (A Howard)
4,2nd,NOR vs FOO,NOR,FOO,Blake Aggelis,3,4,0,0,not out
4,2nd,NOR vs FOO,NOR,FOO,Lachlan Fitzgerald,,,,,did not bat
4,2nd,CAS vs ST,ST,CAS,Jacob Long,48,85,5,0,run out (D McComb)
4,2nd,CAS vs ST,ST,CAS,Max Heffernan,3,15,0,0,c: J Cunnington b: D McComb
4,2nd,CAS vs ST,ST,CAS,Lenny Wilton,13,14,2,0,c: W Ashton b: D McComb
4,2nd,CAS vs ST,ST,CAS,Jaskabeer Singh,17,22,1,0,c&b: J Gray
4,2nd,CAS vs ST,ST,CAS,Chris Benedek,33,49,0,2,c: H Gray b: J Gray
4,2nd,CAS vs ST,ST,CAS,Nikhil Reddy Kasarla,29,46,1,0,b: L Gandy
4,2nd,CAS vs ST,ST,CAS,Nicholas England,50,46,4,1,b: D McComb
4,2nd,CAS vs ST,ST,CAS,Aaron Abeyesekera,15,8,0,2,c: J Cunnington b: J Gray
4,2nd,CAS vs ST,ST,CAS,Ashvin Adihetty,17,20,1,0,not out
4,2nd,CAS vs ST,ST,CAS,Rohan Mathew,,,,,did not bat
4,2nd,CAS vs ST,ST,CAS,Matthew Sheridan,,,,,did not bat
4,2nd,CAS vs ST,ST,CAS,Jack Stevenson,,,,,did not bat
4,2nd,CAS vs ST,CAS,ST,Jack Cunnington,53,58,6,1,c: N England b: J Long
4,2nd,CAS vs ST,CAS,ST,Ashish Ashish,,1,0,0,c: N England b: R Mathew
4,2nd,CAS vs ST,CAS,ST,Cooper Rojko,28,53,5,0,c: N England b: J Stevenson
4,2nd,CAS vs ST,CAS,ST,Angus Newman,25,69,0,0,c: J Stevenson b: A Abeyesekera
4,2nd,CAS vs ST,CAS,ST,Reyaan Farooq,18,18,0,1,c: N England b: A Abeyesekera
4,2nd,CAS vs ST,CAS,ST,Henry Gray,,2,0,0,b: A Abeyesekera
4,2nd,CAS vs ST,CAS,ST,Will Ashton,23,40,2,0,b: J Stevenson
4,2nd,CAS vs ST,CAS,ST,Declan McComb,21,20,1,1,c: J Long b: A Adihetty
4,2nd,CAS vs ST,CAS,ST,James Gray,19,20,0,0,not out
4,2nd,CAS vs ST,CAS,ST,Lachlan Graf,15,14,1,0,c: J Stevenson b: R Mathew
4,2nd,CAS vs ST,CAS,ST,Harry Jones,12,7,2,0,not out
4,2nd,CAS vs ST,CAS,ST,Luke Gandy,,,,,did not bat
5,2nd,GEE vs RIC,RIC,GEE,Santhosh Ramireddy,33,47,4,0,c: b: J Ash
5,2nd,GEE vs RIC,RIC,GEE,Lincoln Koliba,7,9,0,0,c: T Goodman b: L McCann
5,2nd,GEE vs RIC,RIC,GEE,Cody Brogden,10,29,1,0,c: C McIlveen b: P Pancholi
5,2nd,GEE vs RIC,RIC,GEE,Liam Biddiscombe,7,11,1,0,b: J Iverson
5,2nd,GEE vs RIC,RIC,GEE,Fletcher Cozens,20,36,1,0,b: J Ash
5,2nd,GEE vs RIC,RIC,GEE,Corey Paull,21,35,1,0,lbw: C McIlveen
5,2nd,GEE vs RIC,RIC,GEE,Josh Collins,3,5,0,0,lbw: J Ash
5,2nd,GEE vs RIC,RIC,GEE,Paawan Sharma,8,15,1,0,b: J Ash
5,2nd,GEE vs RIC,RIC,GEE,Patrick Sullivan,,4,0,0,c: C McIlveen b: J Ash
5,2nd,GEE vs RIC,RIC,GEE,Joshua Slater,,7,0,0,st: M Parker b: J Ash
5,2nd,GEE vs RIC,RIC,GEE,Nathan Harper,0,3,0,0,not out
5,2nd,GEE vs RIC,GEE,RIC,Tyler Hoffman,29,41,2,0,lbw: P Sharma
5,2nd,GEE vs RIC,GEE,RIC,Kurt Heigl,35,81,3,0,not out
5,2nd,GEE vs RIC,GEE,RIC,Tim Goodman,16,27,3,0,c: b: J Slater
5,2nd,GEE vs RIC,GEE,RIC,Archit Bhatia,30,25,3,2,not out
5,2nd,GEE vs RIC,GEE,RIC,Joshua Ash,,,,,did not bat
5,2nd,GEE vs RIC,GEE,RIC,Jack Iverson,,,,,did not bat
5,2nd,GEE vs RIC,GEE,RIC,Luke McCann,,,,,did not bat
5,2nd,GEE vs RIC,GEE,RIC,Callum McIlveen,,,,,did not bat
5,2nd,GEE vs RIC,GEE,RIC,Prithish Pancholi,,,,,did not bat
5,2nd,GEE vs RIC,GEE,RIC,Max Parker,,,,,did not bat
5,2nd,GEE vs RIC,GEE,RIC,Thomas Purcell,,,,,did not bat
5,2nd,GEE vs RIC,GEE,RIC,Jack Trevethan,,,,,did not bat
5,2nd,NOR vs CAM,CAM,NOR,Daniel Lalor,17,41,2,0,c: F McGrotty b: J Pietz
5,2nd,NOR vs CAM,CAM,NOR,James Shadbolt,,3,0,0,c: F McGrotty b: C Gorman
5,2nd,NOR vs CAM,CAM,NOR,Samson Storey,4,4,1,0,c: S Olsen b: s greene
5,2nd,NOR vs CAM,CAM,NOR,Bailey Hosemans,10,23,1,0,b: D Pietz
5,2nd,NOR vs CAM,CAM,NOR,Ben Pereara,18,55,2,0,c: J Pietz b: K Prior
5,2nd,NOR vs CAM,CAM,NOR,Michael Sacchetta,6,8,0,0,c: F McGrotty b: D Pietz
5,2nd,NOR vs CAM,CAM,NOR,Thomas Cuthbert,17,38,1,0,b: s greene
5,2nd,NOR vs CAM,CAM,NOR,Earl Dicesare,,6,0,0,c: P Paramesh b: J Pietz
5,2nd,NOR vs CAM,CAM,NOR,Jimmy Anderson,8,20,1,0,c: F McGrotty b: s greene
5,2nd,NOR vs CAM,CAM,NOR,Adam Howard,17,19,3,0,not out
5,2nd,NOR vs CAM,CAM,NOR,Matthew Pearce,1,10,0,0,c: P Paramesh b: K Prior
5,2nd,NOR vs CAM,CAM,NOR,Ethan Sharkey,,,,,did not bat
5,2nd,NOR vs CAM,NOR,CAM,Lucas Smith,30,77,4,0,not out
5,2nd,NOR vs CAM,NOR,CAM,Prajay Paramesh,71,76,4,4,c: A Howard b: E Sharkey
5,2nd,NOR vs CAM,NOR,CAM,James Wiseman,7,4,0,1,not out
5,2nd,NOR vs CAM,NOR,CAM,Christopher Gorman,,,,,did not bat
5,2nd,NOR vs CAM,NOR,CAM,simon greene,,,,,did not bat
5,2nd,NOR vs CAM,NOR,CAM,Finlay McGrotty,,,,,did not bat
5,2nd,NOR vs CAM,NOR,CAM,Samuel Olsen,,,,,did not bat
5,2nd,NOR vs CAM,NOR,CAM,Adit Pawha,,,,,did not bat
5,2nd,NOR vs CAM,NOR,CAM,Daniel Pietz,,,,,did not bat
5,2nd,NOR vs CAM,NOR,CAM,Jakey Pietz,,,,,did not bat
5,2nd,NOR vs CAM,NOR,CAM,Kevin Prior,,,,,did not bat
5,2nd,DAN vs CAS,CAS,DAN,Tom Morrison,68,94,9,1,c: A Abeyesekera b: J Stevenson
5,2nd,DAN vs CAS,CAS,DAN,Venuk Hemachandra,94,116,12,0,c: R Mathew b: J Singh
5,2nd,DAN vs CAS,CAS,DAN,Vishesh Bansal,15,19,1,0,b: J Stevenson
5,2nd,DAN vs CAS,CAS,DAN,Abhikaran Singh Chhina,23,29,2,0,c: C Benedek b: J Long
5,2nd,DAN vs CAS,CAS,DAN,Aaron Fernando,37,29,4,1,c: N Kasarla b: R Mathew
5,2nd,DAN vs CAS,CAS,DAN,Sayed Rihan,26,13,1,2,not out
5,2nd,DAN vs CAS,CAS,DAN,Tyler Evans,2,1,0,0,not out
5,2nd,DAN vs CAS,CAS,DAN,Jett Kelly,,,,,did not bat
5,2nd,DAN vs CAS,CAS,DAN,Barathan Mahadeva,,,,,did not bat
5,2nd,DAN vs CAS,CAS,DAN,Nathan Whitford,,,,,did not bat
5,2nd,DAN vs CAS,CAS,DAN,Hayden Wrigglesworth,,,,,did not bat
5,2nd,DAN vs CAS,DAN,CAS,Max Heffernan,28,62,3,1,c: T Morrison b: V Bansal
5,2nd,DAN vs CAS,DAN,CAS,Jacob Long,3,19,0,0,c: A Fernando b: H Wrigglesworth
5,2nd,DAN vs CAS,DAN,CAS,Lenny Wilton,78,72,10,1,c: J Kelly b: H Wrigglesworth
5,2nd,DAN vs CAS,DAN,CAS,Jaskabeer Singh,4,3,1,0,c: B Mahadeva b: A Fernando
5,2nd,DAN vs CAS,DAN,CAS,Chris Benedek,43,51,3,1,b: S Rihan
5,2nd,DAN vs CAS,DAN,CAS,Nikhil Reddy Kasarla,20,26,2,0,c: J Kelly b: S Rihan
5,2nd,DAN vs CAS,DAN,CAS,Nicholas England,,1,0,0,b: S Rihan
5,2nd,DAN vs CAS,DAN,CAS,Aaron Abeyesekera,31,21,0,2,c: T Morrison b: N Whitford
5,2nd,DAN vs CAS,DAN,CAS,Ashvin Adihetty,18,20,1,0,c: V Bansal b: H Wrigglesworth
5,2nd,DAN vs CAS,DAN,CAS,Jack Stevenson,4,8,0,0,c: B Mahadeva b: J Kelly
5,2nd,DAN vs CAS,DAN,CAS,Rohan Mathew,0,1,0,0,not out
5,2nd,DAN vs CAS,DAN,CAS,Matthew Sheridan,,,,,did not bat
5,2nd,ESS vs KIN,KIN,ESS,Vihanga Fernando,,4,0,0,lbw: L Sullivan
5,2nd,ESS vs KIN,KIN,ESS,Simrth Singh Gill,50,28,8,2,c: S Ivetic b: J Moraitis
5,2nd,ESS vs KIN,KIN,ESS,Aidan Salvado,67,99,8,0,c: S Ivetic b: R Majoka
5,2nd,ESS vs KIN,KIN,ESS,Noah Panaia,,5,0,0,c: L Sullivan b: H Fischbacher
5,2nd,ESS vs KIN,KIN,ESS,Ikroop Dhanoa,70,87,6,1,c: R Majoka b: J Moraitis
5,2nd,ESS vs KIN,KIN,ESS,Jarrod Parsons,51,55,5,0,c: L Ajani b: J Moraitis
5,2nd,ESS vs KIN,KIN,ESS,Liam Tobin,20,17,2,0,not out
5,2nd,ESS vs KIN,KIN,ESS,Henry Robertson,,3,0,0,c: L Sullivan b: D Jacotine
5,2nd,ESS vs KIN,KIN,ESS,Ethan Brne,3,4,0,0,not out
5,2nd,ESS vs KIN,KIN,ESS,Muhammad Abdulrafay,,,,,did not bat
5,2nd,ESS vs KIN,KIN,ESS,Lachie Busk,,,,,did not bat
5,2nd,ESS vs KIN,KIN,ESS,Navdeep Rai,,,,,did not bat
5,2nd,ESS vs KIN,ESS,KIN,Vithum Sathyajith,50,62,6,0,c&b: N Rai
5,2nd,ESS vs KIN,ESS,KIN,Luke Ajani,46,87,2,0,c: S Gill b: I Dhanoa
5,2nd,ESS vs KIN,ESS,KIN,Simo Ivetic,1,3,0,0,b: I Dhanoa
5,2nd,ESS vs KIN,ESS,KIN,Hamish Mckenzie,43,41,1,2,c: I Dhanoa b: L Busk
5,2nd,ESS vs KIN,ESS,KIN,Luke Sullivan,9,21,0,0,c: N Rai b: H Robertson
5,2nd,ESS vs KIN,ESS,KIN,Charlie Aldridge,31,28,2,1,c: J Parsons b: S Gill
5,2nd,ESS vs KIN,ESS,KIN,Bhanuka Keppetipola,17,23,1,0,lbw: M Abdulrafay
5,2nd,ESS vs KIN,ESS,KIN,Herbie Fischbacher,33,18,2,2,not out
5,2nd,ESS vs KIN,ESS,KIN,Rehan Majoka,33,15,2,2,not out
5,2nd,ESS vs KIN,ESS,KIN,Dylan Jacotine,,,,,did not bat
5,2nd,ESS vs KIN,ESS,KIN,Jamie Moraitis,,,,,did not bat
5,2nd,ESS vs KIN,ESS,KIN,Kyle Scott,,,,,did not bat
5,2nd,FOO vs MEL,MEL,FOO,Aayan Nadeem,20,12,5,0,c: T Reid b: I Bepey
5,2nd,FOO vs MEL,MEL,FOO,Max Hatzoglou,114,140,13,1,lbw: I Bepey
5,2nd,FOO vs MEL,MEL,FOO,Joshua Pace,103,121,12,0,run out (R Raman)
5,2nd,FOO vs MEL,MEL,FOO,Ashton Frost,2,3,0,0,b: I Bepey
5,2nd,FOO vs MEL,MEL,FOO,Daksh Kumar,10,9,1,0,c: N Xavier b: T Reid
5,2nd,FOO vs MEL,MEL,FOO,Declan O'Brien,17,13,1,0,not out
5,2nd,FOO vs MEL,MEL,FOO,Luke Gilham,4,5,0,0,not out
5,2nd,FOO vs MEL,MEL,FOO,Blake Aggelis,,,,,did not bat
5,2nd,FOO vs MEL,MEL,FOO,Cam Jenkins,,,,,did not bat
5,2nd,FOO vs MEL,MEL,FOO,Lachlan Fitzgerald,,,,,did not bat
5,2nd,FOO vs MEL,MEL,FOO,Liam Mason,,,,,did not bat
5,2nd,FOO vs MEL,MEL,FOO,Umair Butt,,,,,did not bat
5,2nd,FOO vs MEL,FOO,MEL,Nikki du Toit,10,15,2,0,c: U Butt b: L Fitzgerald
5,2nd,FOO vs MEL,FOO,MEL,Kyle Parrott,12,14,1,0,c: J Pace b: L Mason
5,2nd,FOO vs MEL,FOO,MEL,Oliver Gunning,5,6,1,0,"run out (A Frost, C Jenkins)"
5,2nd,FOO vs MEL,FOO,MEL,Benjamin Wickham,62,76,3,1,c: D O'Brien b: B Aggelis
5,2nd,FOO vs MEL,FOO,MEL,Max Parrott,19,23,2,0,c: L Fitzgerald b: J Pace
5,2nd,FOO vs MEL,FOO,MEL,Ritin Raman,75,92,5,0,c: B Aggelis b: D Kumar
5,2nd,FOO vs MEL,FOO,MEL,Sam Anderson,8,12,1,0,c: C Jenkins b: A Frost
5,2nd,FOO vs MEL,FOO,MEL,Tom Reid,19,19,2,0,b: A Frost
5,2nd,FOO vs MEL,FOO,MEL,Phil Halbish,4,10,0,0,c: J Pace b: D Kumar
5,2nd,FOO vs MEL,FOO,MEL,Nicholas Xavier,10,10,0,0,c: U Butt b: D Kumar
5,2nd,FOO vs MEL,FOO,MEL,Thomas Cesaro,4,9,0,0,not out
5,2nd,CAR vs MEL,MEL,CAR,Keir Lucas,29,47,2,0,c: H Takkar b: E Durrant
5,2nd,CAR vs MEL,MEL,CAR,Spencer Wray,26,36,3,0,b: K Kumar
5,2nd,CAR vs MEL,MEL,CAR,Aryan J Sharma,7,17,0,0,c: H Takkar b: J Browning
5,2nd,CAR vs MEL,MEL,CAR,Guntaas Brar,6,20,0,0,c: T Young b: E Durrant
5,2nd,CAR vs MEL,MEL,CAR,Lachlan Shinn-mahony,55,74,8,0,c: H Takkar b: K Kumar
5,2nd,CAR vs MEL,MEL,CAR,Lucas Cavigan,5,20,0,0,b: O Patel
5,2nd,CAR vs MEL,MEL,CAR,Dominic Sullivan,,0,0,0,run out (O Patel)
5,2nd,CAR vs MEL,MEL,CAR,Akshith Sriram,17,41,0,0,b: O Patel
5,2nd,CAR vs MEL,MEL,CAR,Henry Edwards,4,5,0,0,c: M Forwood b: J Browning
5,2nd,CAR vs MEL,MEL,CAR,Sean Morrow,1,2,0,0,c: M Gome b: J Browning
5,2nd,CAR vs MEL,MEL,CAR,Jack Beer,4,8,1,0,not out
5,2nd,CAR vs MEL,MEL,CAR,Julian Pollard,,,,,did not bat
5,2nd,CAR vs MEL,CAR,MEL,Leo Hatzoglou,,2,0,0,lbw: D Sullivan
5,2nd,CAR vs MEL,CAR,MEL,Eddy Schultheis,46,59,6,1,lbw: H Edwards
5,2nd,CAR vs MEL,CAR,MEL,Tom Mileto,4,6,1,0,c: K Lucas b: J Pollard
5,2nd,CAR vs MEL,CAR,MEL,Benjamin Rolfs,4,4,0,0,c: S Wray b: J Pollard
5,2nd,CAR vs MEL,CAR,MEL,Michael Forwood,60,73,9,0,c&b: H Edwards
5,2nd,CAR vs MEL,CAR,MEL,Elliott Durrant,3,7,0,0,c: D Sullivan b: H Edwards
5,2nd,CAR vs MEL,CAR,MEL,Tim Young,16,30,1,0,lbw: S Morrow
5,2nd,CAR vs MEL,CAR,MEL,Matthew Gome,12,14,2,0,not out
5,2nd,CAR vs MEL,CAR,MEL,Om Patel,1,6,0,0,not out
5,2nd,CAR vs MEL,CAR,MEL,James Browning,,,,,did not bat
5,2nd,CAR vs MEL,CAR,MEL,Krish Kumar,,,,,did not bat
5,2nd,CAR vs MEL,CAR,MEL,Harshit Takkar,,,,,did not bat
5,2nd,PRA vs FRA,FRA,PRA,Oliver Willett,19,14,4,0,c: S van Wijk b: H Wallace
5,2nd,PRA vs FRA,FRA,PRA,Travis Jackson,28,21,4,1,c: J Hotston b: H Wallace
5,2nd,PRA vs FRA,FRA,PRA,Charlie Giles,44,48,9,0,lbw: J Dignan
5,2nd,PRA vs FRA,FRA,PRA,Pranav Menon,1,3,0,0,c: S van Wijk b: J Hay
5,2nd,PRA vs FRA,FRA,PRA,Nicholas Morrey,92,115,9,0,not out
5,2nd,PRA vs FRA,FRA,PRA,Will Scott,85,69,11,2,lbw: L Hose
5,2nd,PRA vs FRA,FRA,PRA,Riley Backhouse,13,18,1,0,b: L Hose
5,2nd,PRA vs FRA,FRA,PRA,Henry Nicholls,3,6,0,0,b: M Cestnik
5,2nd,PRA vs FRA,FRA,PRA,James Boyce,6,6,0,0,not out
5,2nd,PRA vs FRA,FRA,PRA,Hugh Birchall,,,,,did not bat
5,2nd,PRA vs FRA,FRA,PRA,Hamish Braden,,,,,did not bat
5,2nd,PRA vs FRA,FRA,PRA,Liam McGain,,,,,did not bat
5,2nd,PRA vs FRA,PRA,FRA,Lucas McConnell,44,43,7,0,b: H Braden
5,2nd,PRA vs FRA,PRA,FRA,Matthew Gapes,6,15,1,0,b: H Birchall
5,2nd,PRA vs FRA,PRA,FRA,Cooper Remy,,3,0,0,c: H Nicholls b: J Boyce
5,2nd,PRA vs FRA,PRA,FRA,Sean Parker,17,20,3,0,c&b: L McGain
5,2nd,PRA vs FRA,PRA,FRA,Sean van Wijk,,4,0,0,c: O Willett b: H Braden
5,2nd,PRA vs FRA,PRA,FRA,Patrick Parsons,33,61,0,1,c: H Braden b: N Morrey
5,2nd,PRA vs FRA,PRA,FRA,Josh Hotston,28,23,4,0,lbw: H Nicholls
5,2nd,PRA vs FRA,PRA,FRA,Mitchell Cestnik,,1,0,0,b: H Nicholls
5,2nd,PRA vs FRA,PRA,FRA,Harrison Wallace,27,40,2,0,c: N Morrey b: J Boyce
5,2nd,PRA vs FRA,PRA,FRA,Jack Hay,12,16,0,1,not out
5,2nd,PRA vs FRA,PRA,FRA,Lachlan Hose,7,13,1,0,c: N Morrey b: L McGain
5,2nd,PRA vs FRA,PRA,FRA,Jye Dignan,,,,,did not bat
5,2nd,GRE vs RIN,RIN,GRE,Kanishk Bollu,23,40,4,0,c: T Wynne b: J Martin
5,2nd,GRE vs RIN,RIN,GRE,Conroy Burton,7,24,0,0,c: J Edwards b: L Walker
5,2nd,GRE vs RIN,RIN,GRE,Robbie O’Brien,88,101,7,1,b: J Martin
5,2nd,GRE vs RIN,RIN,GRE,Panav Jaura,7,11,1,0,c: J Edwards b: G Lawson
5,2nd,GRE vs RIN,RIN,GRE,Bernard Kelly,1,4,0,0,b: J Martin
5,2nd,GRE vs RIN,RIN,GRE,Ashley Fernando,5,12,0,0,c&b: G Lawson
5,2nd,GRE vs RIN,RIN,GRE,Lewis Dichiera,51,82,4,1,c: B O’Riley b: L Walker
5,2nd,GRE vs RIN,RIN,GRE,Mitchell Stephens,,2,0,0,c: J Martin b: L Walker
5,2nd,GRE vs RIN,RIN,GRE,Declan Highgate,18,22,1,0,not out
5,2nd,GRE vs RIN,RIN,GRE,Michael Cross,3,2,0,0,not out
5,2nd,GRE vs RIN,RIN,GRE,Mitch Clark,,,,,did not bat
5,2nd,GRE vs RIN,RIN,GRE,Nirmana Fernando,,,,,did not bat
5,2nd,GRE vs RIN,GRE,RIN,Patrick Gouge,117,108,14,3,not out
5,2nd,GRE vs RIN,GRE,RIN,Prabhav Mishra,22,14,1,2,c: K Bollu b: D Highgate
5,2nd,GRE vs RIN,GRE,RIN,daniel ivanovic,59,75,4,1,c: P Jaura b: L Dichiera
5,2nd,GRE vs RIN,GRE,RIN,Mark Donegan,9,9,2,0,not out
5,2nd,GRE vs RIN,GRE,RIN,Jackson Edwards,,,,,did not bat
5,2nd,GRE vs RIN,GRE,RIN,Jonathan Farrand,,,,,did not bat
5,2nd,GRE vs RIN,GRE,RIN,Luke Ivanovic,,,,,did not bat
5,2nd,GRE vs RIN,GRE,RIN,Gabe Lawson,,,,,did not bat
5,2nd,GRE vs RIN,GRE,RIN,Jack Martin,,,,,did not bat
5,2nd,GRE vs RIN,GRE,RIN,Bailey O’Riley,,,,,did not bat
5,2nd,GRE vs RIN,GRE,RIN,Liam Walker,,,,,did not bat
5,2nd,GRE vs RIN,GRE,RIN,Trent Wynne,,,,,did not bat
5,2nd,ST vs FIT,FIT,ST,Adam Fox,12,17,0,1,c: A Robinson b: G Khatra
5,2nd,ST vs FIT,FIT,ST,Ashish Ashish,64,82,4,1,c: A Roach b: R Kharoud
5,2nd,ST vs FIT,FIT,ST,Cooper Rojko,68,104,6,0,c: K Lukies b: B Richardson
5,2nd,ST vs FIT,FIT,ST,Jack Cunnington,,3,0,0,b: K Lukies
5,2nd,ST vs FIT,FIT,ST,Angus Newman,12,23,0,0,c: R Kharoud b: B Richardson
5,2nd,ST vs FIT,FIT,ST,Henry Gray,7,12,0,0,c: M Phelan b: B Richardson
5,2nd,ST vs FIT,FIT,ST,Jobe Kennedy,15,24,0,0,c: R Surendran b: M Childs
5,2nd,ST vs FIT,FIT,ST,Declan McComb,6,11,0,0,c: Z Macciocca b: G Khatra
5,2nd,ST vs FIT,FIT,ST,Lachlan Graf,17,18,1,0,not out
5,2nd,ST vs FIT,FIT,ST,James Gray,4,6,0,0,c: M Phelan b: G Khatra
5,2nd,ST vs FIT,FIT,ST,Harry Jones,1,1,0,0,not out
5,2nd,ST vs FIT,FIT,ST,Luke Gandy,,,,,did not bat
5,2nd,ST vs FIT,ST,FIT,Lishan De Silva,11,15,1,0,c: J Kennedy b: L Graf
5,2nd,ST vs FIT,ST,FIT,Angus Roach,13,40,1,0,c&b: H Jones
5,2nd,ST vs FIT,ST,FIT,Mark Phelan,47,86,1,0,run out (A Newman)
5,2nd,ST vs FIT,ST,FIT,Zachary Macciocca,4,2,1,0,c: J Cunnington b: H Jones
5,2nd,ST vs FIT,ST,FIT,Brodie Richardson,,3,0,0,b: D McComb
5,2nd,ST vs FIT,ST,FIT,Matthew Bremner,31,36,3,0,c: A Fox b: L Gandy
5,2nd,ST vs FIT,ST,FIT,Miller Childs,40,46,7,0,"run out (D McComb, A Fox)"
5,2nd,ST vs FIT,ST,FIT,Rupptaz Kharoud,10,15,1,0,c: C Rojko b: D McComb
5,2nd,ST vs FIT,ST,FIT,Kepler Lukies,2,7,0,0,"run out (H Jones, A Fox)"
5,2nd,ST vs FIT,ST,FIT,Gurnaz Khatra,4,13,0,0,not out
5,2nd,ST vs FIT,ST,FIT,Angus Robinson,3,4,0,0,"run out (C Rojko, A Fox)"
5,2nd,ST vs FIT,ST,FIT,Rahul Surendran,,,,,did not bat
6,2nd,KIN vs GEE,GEE,KIN,Hamish Mckenzie,12,27,1,0,c: b: P Sullivan
6,2nd,KIN vs GEE,GEE,KIN,Vithum Sathyajith,1,5,0,0,c: R Aikman b: P Sullivan
6,2nd,KIN vs GEE,GEE,KIN,Simo Ivetic,25,52,3,0,c: P Sharma b: P Sullivan
6,2nd,KIN vs GEE,GEE,KIN,Luke Sullivan,14,29,2,0,b: L Biddiscombe
6,2nd,KIN vs GEE,GEE,KIN,Charlie Aldridge,28,32,4,1,c: C Paull b: T Bain
6,2nd,KIN vs GEE,GEE,KIN,Luke Ajani,36,47,1,1,b: J Slater
6,2nd,KIN vs GEE,GEE,KIN,Bhanuka Keppetipola,36,42,2,1,run out (C Paull)
6,2nd,KIN vs GEE,GEE,KIN,Herbie Fischbacher,7,9,0,0,lbw: L Biddiscombe
6,2nd,KIN vs GEE,GEE,KIN,Rehan Majoka,18,22,0,0,not out
6,2nd,KIN vs GEE,GEE,KIN,Redwan Laghmani,5,12,0,0,not out
6,2nd,KIN vs GEE,GEE,KIN,Keiran Mant,,,,,did not bat
6,2nd,KIN vs GEE,GEE,KIN,Jamie Moraitis,,,,,did not bat
6,2nd,KIN vs GEE,KIN,GEE,Ryan Aikman,92,118,10,0,not out
6,2nd,KIN vs GEE,KIN,GEE,Lincoln Koliba,39,50,2,1,b: B Keppetipola
6,2nd,KIN vs GEE,KIN,GEE,Cody Brogden,18,29,1,0,st: H Mckenzie b: R Laghmani
6,2nd,KIN vs GEE,KIN,GEE,Santhosh Ramireddy,48,59,7,0,c: L Sullivan b: H Fischbacher
6,2nd,KIN vs GEE,KIN,GEE,Ted Bain,1,2,0,0,not out
6,2nd,KIN vs GEE,KIN,GEE,Liam Biddiscombe,,,,,did not bat
6,2nd,KIN vs GEE,KIN,GEE,Kyle Bienefelt,,,,,did not bat
6,2nd,KIN vs GEE,KIN,GEE,Corey Paull,,,,,did not bat
6,2nd,KIN vs GEE,KIN,GEE,Paawan Sharma,,,,,did not bat
6,2nd,KIN vs GEE,KIN,GEE,Joshua Slater,,,,,did not bat
6,2nd,KIN vs GEE,KIN,GEE,Patrick Sullivan,,,,,did not bat
6,2nd,CAR vs FOO,FOO,CAR,Keir Lucas,25,16,3,1,c: L Gilham b: U Butt
6,2nd,CAR vs FOO,FOO,CAR,Spencer Wray,14,13,2,0,c: C Jenkins b: L Fitzgerald
6,2nd,CAR vs FOO,FOO,CAR,Aryan J Sharma,33,38,3,1,b: L Gilham
6,2nd,CAR vs FOO,FOO,CAR,Guntaas Brar,78,61,5,3,not out
6,2nd,CAR vs FOO,FOO,CAR,Lachlan Shinn-mahony,16,14,2,0,c: A Nadeem b: B Toseland
6,2nd,CAR vs FOO,FOO,CAR,Lucas Cavigan,28,22,2,0,not out
6,2nd,CAR vs FOO,FOO,CAR,Jack Beer,,,,,did not bat
6,2nd,CAR vs FOO,FOO,CAR,Vincent Bush,,,,,did not bat
6,2nd,CAR vs FOO,FOO,CAR,Henry Edwards,,,,,did not bat
6,2nd,CAR vs FOO,FOO,CAR,Sean Morrow,,,,,did not bat
6,2nd,CAR vs FOO,FOO,CAR,Akshith Sriram,,,,,did not bat
6,2nd,CAR vs FOO,FOO,CAR,Dominic Sullivan,,,,,did not bat
6,2nd,CAR vs FOO,CAR,FOO,Aayan Nadeem,2,12,0,0,c: D Sullivan b: V Bush
6,2nd,CAR vs FOO,CAR,FOO,Daksh Kumar,46,49,3,2,c: H Edwards b: J Beer
6,2nd,CAR vs FOO,CAR,FOO,Bailey Toseland,25,22,3,1,b: H Edwards
6,2nd,CAR vs FOO,CAR,FOO,Ashton Frost,3,4,0,0,c: G Brar b: S Morrow
6,2nd,CAR vs FOO,CAR,FOO,Declan O'Brien,9,9,0,1,c: S Wray b: H Edwards
6,2nd,CAR vs FOO,CAR,FOO,Fayzan Abdul Sathaar,,1,0,0,c: S Wray b: H Edwards
6,2nd,CAR vs FOO,CAR,FOO,Cam Jenkins,3,10,0,0,b: H Edwards
6,2nd,CAR vs FOO,CAR,FOO,Luke Gilham,12,15,0,1,c: A Sriram b: J Beer
6,2nd,CAR vs FOO,CAR,FOO,Lachlan Fitzgerald,4,5,0,0,st: S Wray b: J Beer
6,2nd,CAR vs FOO,CAR,FOO,Blake Aggelis,3,12,0,0,not out
6,2nd,CAR vs FOO,CAR,FOO,Aiden D'Souza,,3,0,0,c: S Wray b: D Sullivan
6,2nd,CAR vs FOO,CAR,FOO,Umair Butt,,,,,did not bat
6,2nd,DAN vs PRA,PRA,DAN,Tom Morrison,34,61,3,0,c: H Nicholls b: C Giles
6,2nd,DAN vs PRA,PRA,DAN,Venuk Hemachandra,80,109,7,1,c: O Willett b: D Malcolm
6,2nd,DAN vs PRA,PRA,DAN,Vishesh Bansal,30,38,2,0,b: P Menon
6,2nd,DAN vs PRA,PRA,DAN,Max Marinic,7,14,1,0,c: H Nicholls b: J Boyce
6,2nd,DAN vs PRA,PRA,DAN,Aaron Fernando,20,11,0,2,c: C Giles b: D Malcolm
6,2nd,DAN vs PRA,PRA,DAN,Sayed Rihan,2,3,0,0,c: J Boyce b: D Malcolm
6,2nd,DAN vs PRA,PRA,DAN,Abhikaran Singh Chhina,7,9,0,0,c: H Nicholls b: D Malcolm
6,2nd,DAN vs PRA,PRA,DAN,Tyler Evans,,1,0,0,c: H Nicholls b: D Malcolm
6,2nd,DAN vs PRA,PRA,DAN,Hayden Wrigglesworth,1,3,0,0,b: D Malcolm
6,2nd,DAN vs PRA,PRA,DAN,Ashton Ceeney,1,1,0,0,not out
6,2nd,DAN vs PRA,PRA,DAN,Nathan Whitford,,1,0,0,c: O Willett b: D Malcolm
6,2nd,DAN vs PRA,PRA,DAN,Parth Hirani,0,0,0,0,not out
6,2nd,DAN vs PRA,DAN,PRA,Oliver Willett,75,84,7,1,c: P Hirani b: V Bansal
6,2nd,DAN vs PRA,DAN,PRA,Travis Jackson,95,113,6,3,not out
6,2nd,DAN vs PRA,DAN,PRA,Damon Malcolm,8,5,1,0,not out
6,2nd,MEL vs ST,ST,MEL,Oliver Gunning,119,78,10,5,c: C Rojko b: L Graf
6,2nd,MEL vs ST,ST,MEL,Yuvraj Sharma,,0,0,0,run out (R Farooq)
6,2nd,MEL vs ST,ST,MEL,Nikki du Toit,66,57,4,2,c: L Gandy b: J Gray
6,2nd,MEL vs ST,ST,MEL,Benjamin Wickham,36,21,2,3,c: H Jones b: L Gandy
6,2nd,MEL vs ST,ST,MEL,James Meehan,0,0,0,0,not out
6,2nd,MEL vs ST,ST,MEL,Ritin Raman,,1,0,0,b: L Gandy
6,2nd,MEL vs ST,ST,MEL,Kyle Parrott,,1,0,0,b: L Gandy
6,2nd,MEL vs ST,ST,MEL,Thomas Cesaro,,,,,did not bat
6,2nd,MEL vs ST,ST,MEL,Rishi Desai,,,,,did not bat
6,2nd,MEL vs ST,ST,MEL,Phil Halbish,,,,,did not bat
6,2nd,MEL vs ST,ST,MEL,Wilson McGillivray,,,,,did not bat
6,2nd,MEL vs ST,ST,MEL,Nicholas Xavier,,,,,did not bat
6,2nd,MEL vs ST,MEL,ST,Jack Cunnington,20,15,3,0,c: J Meehan b: W McGillivray
6,2nd,MEL vs ST,MEL,ST,Ashish Ashish,29,26,1,2,st: R Raman b: R Desai
6,2nd,MEL vs ST,MEL,ST,Cooper Rojko,13,16,2,0,c: B Wickham b: R Desai
6,2nd,MEL vs ST,MEL,ST,Reyaan Farooq,15,14,1,1,c: R Desai b: K Parrott
6,2nd,MEL vs ST,MEL,ST,Henry Gray,22,14,1,2,c: N du Toit b: P Halbish
6,2nd,MEL vs ST,MEL,ST,Angus Newman,70,35,7,4,c: P Halbish b: W McGillivray
6,2nd,MEL vs ST,MEL,ST,Guy Barnes,33,25,1,1,b: R Desai
6,2nd,MEL vs ST,MEL,ST,Jobe Kennedy,4,4,0,0,not out
6,2nd,MEL vs ST,MEL,ST,James Gray,8,4,0,1,not out
6,2nd,MEL vs ST,MEL,ST,Luke Gandy,,,,,did not bat
6,2nd,MEL vs ST,MEL,ST,Lachlan Graf,,,,,did not bat
6,2nd,MEL vs ST,MEL,ST,Harry Jones,,,,,did not bat
6,2nd,CAS vs FIT,FIT,CAS,Jacob Long,19,36,2,0,c: L De Silva b: A Robinson
6,2nd,CAS vs FIT,FIT,CAS,Max Heffernan,16,38,1,0,c: M Phelan b: A Robinson
6,2nd,CAS vs FIT,FIT,CAS,Lenny Wilton,1,3,0,0,c: B Taeuber b: R Kharoud
6,2nd,CAS vs FIT,FIT,CAS,Jaskabeer Singh,7,10,1,0,c: B Taeuber b: R Kharoud
6,2nd,CAS vs FIT,FIT,CAS,Chris Benedek,16,19,1,1,c: Z Macciocca b: K Lukies
6,2nd,CAS vs FIT,FIT,CAS,Nikhil Reddy Kasarla,18,35,0,1,c: Z Macciocca b: K Lukies
6,2nd,CAS vs FIT,FIT,CAS,Nicholas England,52,72,3,0,not out
6,2nd,CAS vs FIT,FIT,CAS,Aaron Abeyesekera,17,24,0,2,c: B Richardson b: B Taeuber
6,2nd,CAS vs FIT,FIT,CAS,Ashvin Adihetty,4,8,0,0,b: B Taeuber
6,2nd,CAS vs FIT,FIT,CAS,Jack Stevenson,0,1,0,0,not out
6,2nd,CAS vs FIT,FIT,CAS,Rohan Mathew,,,,,did not bat
6,2nd,CAS vs FIT,FIT,CAS,Matthew Sheridan,,,,,did not bat
6,2nd,CAS vs FIT,CAS,FIT,Blake Podesta,58,47,6,2,c: A Adihetty b: J Long
6,2nd,CAS vs FIT,CAS,FIT,Lishan De Silva,12,19,1,0,c: J Singh b: M Sheridan
6,2nd,CAS vs FIT,CAS,FIT,Mark Phelan,41,57,1,0,not out
6,2nd,CAS vs FIT,CAS,FIT,Zachary Macciocca,,4,0,0,lbw: J Long
6,2nd,CAS vs FIT,CAS,FIT,Braden Taeuber,8,9,1,0,c: N Kasarla b: J Long
6,2nd,CAS vs FIT,CAS,FIT,Miller Childs,36,49,2,0,not out
6,2nd,CAS vs FIT,CAS,FIT,Matthew Bremner,,,,,did not bat
6,2nd,CAS vs FIT,CAS,FIT,Rupptaz Kharoud,,,,,did not bat
6,2nd,CAS vs FIT,CAS,FIT,Gurnaz Khatra,,,,,did not bat
6,2nd,CAS vs FIT,CAS,FIT,Kepler Lukies,,,,,did not bat
6,2nd,CAS vs FIT,CAS,FIT,Brodie Richardson,,,,,did not bat
6,2nd,CAS vs FIT,CAS,FIT,Angus Robinson,,,,,did not bat
6,2nd,FRA vs NOR,NOR,FRA,Lucas McConnell,2,6,0,0,c: S Storey b: R Siede
6,2nd,FRA vs NOR,NOR,FRA,Matthew Gapes,39,68,2,0,lbw: M Pearce
6,2nd,FRA vs NOR,NOR,FRA,Cooper Remy,85,97,10,1,c: J Shadbolt b: M Pearce
6,2nd,FRA vs NOR,NOR,FRA,Sean Parker,5,13,0,0,c: A Howard b: D Lalor
6,2nd,FRA vs NOR,NOR,FRA,Sean van Wijk,5,17,0,0,c&b: M Pearce
6,2nd,FRA vs NOR,NOR,FRA,Patrick Parsons,40,45,2,1,not out
6,2nd,FRA vs NOR,NOR,FRA,Josh Hotston,32,46,3,0,c: J Shadbolt b: A Howard
6,2nd,FRA vs NOR,NOR,FRA,Lachlan Curtis,10,7,1,0,c: S Storey b: A Howard
6,2nd,FRA vs NOR,NOR,FRA,Harrison Wallace,1,1,0,0,"run out (D Lalor, A Howard)"
6,2nd,FRA vs NOR,NOR,FRA,Jye Dignan,0,0,0,0,not out
6,2nd,FRA vs NOR,NOR,FRA,Lachlan Hose,,,,,did not bat
6,2nd,FRA vs NOR,NOR,FRA,Talal Shahzad,,,,,did not bat
6,2nd,FRA vs NOR,FRA,NOR,Daniel Lalor,,4,0,0,b: H Wallace
6,2nd,FRA vs NOR,FRA,NOR,James Shadbolt,22,59,1,0,c: P Parsons b: L Curtis
6,2nd,FRA vs NOR,FRA,NOR,Samson Storey,79,98,6,2,c: S van Wijk b: L Curtis
6,2nd,FRA vs NOR,FRA,NOR,Bailey Hosemans,15,28,1,0,c: S van Wijk b: L Curtis
6,2nd,FRA vs NOR,FRA,NOR,Ben Pereara,3,11,0,0,c&b: L Curtis
6,2nd,FRA vs NOR,FRA,NOR,Thomas Cuthbert,17,35,0,0,"run out (S Parker, S van Wijk)"
6,2nd,FRA vs NOR,FRA,NOR,Jimmy Anderson,16,23,0,0,c: C Remy b: T Shahzad
6,2nd,FRA vs NOR,FRA,NOR,Ryan Siede,4,6,0,0,c: P Parsons b: T Shahzad
6,2nd,FRA vs NOR,FRA,NOR,Adam Howard,,2,0,0,run out (S van Wijk)
6,2nd,FRA vs NOR,FRA,NOR,Roby Lane,6,7,0,0,c: C Remy b: L Hose
6,2nd,FRA vs NOR,FRA,NOR,Matthew Pearce,2,2,0,0,not out
6,2nd,FRA vs NOR,FRA,NOR,Ethan Sharkey,,,,,did not bat
6,2nd,MEL vs RIC,RIC,MEL,Tom Mileto,4,12,0,0,c: T Goodman b: L McCann
6,2nd,MEL vs RIC,RIC,MEL,Leo Hatzoglou,5,11,0,0,c: J Trevethan b: L McCann
6,2nd,MEL vs RIC,RIC,MEL,Ali Khan,6,17,1,0,b: J Trevethan
6,2nd,MEL vs RIC,RIC,MEL,Michael Forwood,15,36,0,0,c: T Hoffman b: P Pancholi
6,2nd,MEL vs RIC,RIC,MEL,Benjamin Rolfs,,7,0,0,c: A Bhatia b: J Trevethan
6,2nd,MEL vs RIC,RIC,MEL,Elliott Durrant,17,49,1,0,lbw: J Ash
6,2nd,MEL vs RIC,RIC,MEL,Tim Young,3,9,0,0,c: M Parker b: J Ash
6,2nd,MEL vs RIC,RIC,MEL,Matthew Gome,7,20,0,0,c: M Parker b: G Box
6,2nd,MEL vs RIC,RIC,MEL,Om Patel,11,30,0,0,not out
6,2nd,MEL vs RIC,RIC,MEL,Harshit Takkar,5,4,1,0,b: J Ash
6,2nd,MEL vs RIC,RIC,MEL,James Browning,,8,0,0,c: M Parker b: G Box
6,2nd,MEL vs RIC,RIC,MEL,Krish Kumar,,,,,did not bat
6,2nd,MEL vs RIC,MEL,RIC,Tyler Hoffman,30,43,1,0,c: H Takkar b: O Patel
6,2nd,MEL vs RIC,MEL,RIC,Kurt Heigl,29,64,3,0,not out
6,2nd,MEL vs RIC,MEL,RIC,Ranbir Singh,8,9,0,0,not out
6,2nd,MEL vs RIC,MEL,RIC,Joshua Ash,,,,,did not bat
6,2nd,MEL vs RIC,MEL,RIC,Archit Bhatia,,,,,did not bat
6,2nd,MEL vs RIC,MEL,RIC,Griffin Box,,,,,did not bat
6,2nd,MEL vs RIC,MEL,RIC,Tim Goodman,,,,,did not bat
6,2nd,MEL vs RIC,MEL,RIC,Jack Iverson,,,,,did not bat
6,2nd,MEL vs RIC,MEL,RIC,Luke McCann,,,,,did not bat
6,2nd,MEL vs RIC,MEL,RIC,Prithish Pancholi,,,,,did not bat
6,2nd,MEL vs RIC,MEL,RIC,Max Parker,,,,,did not bat
6,2nd,MEL vs RIC,MEL,RIC,Jack Trevethan,,,,,did not bat
6,2nd,GRE vs CAM,CAM,GRE,Kanishk Bollu,23,33,3,0,lbw: K Prior
6,2nd,GRE vs CAM,CAM,GRE,Yaseen Muntasir,72,68,5,3,not out
6,2nd,GRE vs CAM,CAM,GRE,Angus Webb,25,23,2,1,c: K Prior b: D SAINI
6,2nd,GRE vs CAM,CAM,GRE,Lewis Dichiera,,1,0,0,st: F McGrotty b: D SAINI
6,2nd,GRE vs CAM,CAM,GRE,Panav Jaura,9,8,1,0,b: D Pietz
6,2nd,GRE vs CAM,CAM,GRE,Conroy Burton,6,11,0,0,not out
6,2nd,GRE vs CAM,CAM,GRE,Mitch Clark,,,,,did not bat
6,2nd,GRE vs CAM,CAM,GRE,Nirmana Fernando,,,,,did not bat
6,2nd,GRE vs CAM,CAM,GRE,Declan Highgate,,,,,did not bat
6,2nd,GRE vs CAM,CAM,GRE,Bernard Kelly,,,,,did not bat
6,2nd,GRE vs CAM,CAM,GRE,Aidan McConnell,,,,,did not bat
6,2nd,GRE vs CAM,CAM,GRE,Mitchell Stephens,,,,,did not bat
6,2nd,GRE vs CAM,GRE,CAM,Adit Pawha,16,13,3,0,c: C Burton b: L Dichiera
6,2nd,GRE vs CAM,GRE,CAM,Prajay Paramesh,32,26,6,0,c: C Burton b: A McConnell
6,2nd,GRE vs CAM,GRE,CAM,James Wiseman,26,37,1,0,c: K Bollu b: Y Muntasir
6,2nd,GRE vs CAM,GRE,CAM,Samuel Olsen,1,3,0,0,c: B Kelly b: A McConnell
6,2nd,GRE vs CAM,GRE,CAM,Daniel Pietz,23,19,2,1,c: D Highgate b: A McConnell
6,2nd,GRE vs CAM,GRE,CAM,Lucas Smith,8,19,0,0,lbw: Y Muntasir
6,2nd,GRE vs CAM,GRE,CAM,Finlay McGrotty,14,10,1,0,run out (L Dichiera)
6,2nd,GRE vs CAM,GRE,CAM,Aidan Nicholls,2,2,0,0,b: D Highgate
6,2nd,GRE vs CAM,GRE,CAM,Kevin Prior,5,8,0,0,c: C Burton b: D Highgate
6,2nd,GRE vs CAM,GRE,CAM,Christopher Gorman,6,6,1,0,c: Y Muntasir b: L Dichiera
6,2nd,GRE vs CAM,GRE,CAM,DAKSH SAINI,1,2,0,0,not out
7,2nd,FOO vs RIN,RIN,FOO,Alfie Miles,12,21,0,0,c: M Mountain b: J Martin
7,2nd,FOO vs RIN,RIN,FOO,Daksh Kumar,1,2,0,0,c: L Ivanovic b: J Farrand
7,2nd,FOO vs RIN,RIN,FOO,Cam Jenkins,22,23,2,0,c&b: B O’Riley
7,2nd,FOO vs RIN,RIN,FOO,Dezi Carter,22,30,1,0,lbw: B O’Riley
7,2nd,FOO vs RIN,RIN,FOO,Fayzan Abdul Sathaar,26,30,2,0,c: M Mountain b: L Walker
7,2nd,FOO vs RIN,RIN,FOO,Luke Gilham,9,9,1,0,b: L Tully
7,2nd,FOO vs RIN,RIN,FOO,Umair Butt,1,2,0,0,b: L Walker
7,2nd,FOO vs RIN,RIN,FOO,Ryder obrien,2,2,0,0,not out
7,2nd,FOO vs RIN,RIN,FOO,Liam Mason,7,2,0,1,not out
7,2nd,FOO vs RIN,RIN,FOO,Blake Aggelis,,,,,did not bat
7,2nd,FOO vs RIN,RIN,FOO,Aiden D'Souza,,,,,did not bat
7,2nd,FOO vs RIN,RIN,FOO,Lachlan Fitzgerald,,,,,did not bat
7,2nd,FOO vs RIN,FOO,RIN,Charlie Moore,9,9,2,0,c: U Butt b: L Mason
7,2nd,FOO vs RIN,FOO,RIN,Prabhav Mishra,13,15,2,0,c: U Butt b: A D'Souza
7,2nd,FOO vs RIN,FOO,RIN,Luke Ivanovic,14,14,1,0,not out
7,2nd,FOO vs RIN,FOO,RIN,Mark Donegan,,4,0,0,b: U Butt
7,2nd,FOO vs RIN,FOO,RIN,Trent Wynne,5,5,1,0,c: D Kumar b: B Aggelis
7,2nd,FOO vs RIN,FOO,RIN,Matthew Mountain,6,6,0,0,not out
7,2nd,FOO vs RIN,FOO,RIN,Jonathan Farrand,,,,,did not bat
7,2nd,FOO vs RIN,FOO,RIN,Jack Martin,,,,,did not bat
7,2nd,FOO vs RIN,FOO,RIN,Bailey O’Riley,,,,,did not bat
7,2nd,FOO vs RIN,FOO,RIN,Luke Tully,,,,,did not bat
7,2nd,FOO vs RIN,FOO,RIN,Liam Walker,,,,,did not bat
7,2nd,KIN vs MEL,MEL,KIN,Vithum Sathyajith,1,3,0,0,lbw: J Lyndon
7,2nd,KIN vs MEL,MEL,KIN,Simo Ivetic,20,19,1,0,c: T Young b: K Kumar
7,2nd,KIN vs MEL,MEL,KIN,Hamish Mckenzie,6,13,1,0,b: J Lyndon
7,2nd,KIN vs MEL,MEL,KIN,Luke Sullivan,19,26,2,0,b: E Durrant
7,2nd,KIN vs MEL,MEL,KIN,Charlie Aldridge,,2,0,0,lbw: K Kumar
7,2nd,KIN vs MEL,MEL,KIN,Luke Ajani,3,7,0,0,c: H Melville b: H Takkar
7,2nd,KIN vs MEL,MEL,KIN,Bhanuka Keppetipola,11,18,0,0,c: H Takkar b: J Lyndon
7,2nd,KIN vs MEL,MEL,KIN,Herbie Fischbacher,27,26,3,0,not out
7,2nd,KIN vs MEL,MEL,KIN,Rehan Majoka,5,6,0,0,not out
7,2nd,KIN vs MEL,MEL,KIN,Redwan Laghmani,,,,,did not bat
7,2nd,KIN vs MEL,MEL,KIN,Keiran Mant,,,,,did not bat
7,2nd,KIN vs MEL,MEL,KIN,Jamie Moraitis,,,,,did not bat
7,2nd,KIN vs MEL,KIN,MEL,Tom Mileto,4,6,0,0,b: J Moraitis
7,2nd,KIN vs MEL,KIN,MEL,Leo Hatzoglou,2,11,0,0,c: H Mckenzie b: J Moraitis
7,2nd,KIN vs MEL,KIN,MEL,Henry Melville,26,34,1,0,not out
7,2nd,KIN vs MEL,KIN,MEL,Benjamin Rolfs,15,11,1,0,c: H Mckenzie b: H Fischbacher
7,2nd,KIN vs MEL,KIN,MEL,Ali Khan,6,6,1,0,c: R Majoka b: B Keppetipola
7,2nd,KIN vs MEL,KIN,MEL,Tim Young,9,7,1,0,not out
7,2nd,KIN vs MEL,KIN,MEL,James Browning,,,,,did not bat
7,2nd,KIN vs MEL,KIN,MEL,Elliott Durrant,,,,,did not bat
7,2nd,KIN vs MEL,KIN,MEL,Krish Kumar,,,,,did not bat
7,2nd,KIN vs MEL,KIN,MEL,Jack Lyndon,,,,,did not bat
7,2nd,KIN vs MEL,KIN,MEL,Om Patel,,,,,did not bat
7,2nd,KIN vs MEL,KIN,MEL,Harshit Takkar,,,,,did not bat
7,2nd,GRE vs MEL,MEL,GRE,Kanishk Bollu,21,14,3,1,c: B Wickham b: R Murphy
7,2nd,GRE vs MEL,MEL,GRE,Aryan Sharma,6,11,1,0,c: M Parrott b: W McGillivray
7,2nd,GRE vs MEL,MEL,GRE,Panav Jaura,13,21,0,0,b: R Murphy
7,2nd,GRE vs MEL,MEL,GRE,Conroy Burton,42,36,1,1,not out
7,2nd,GRE vs MEL,MEL,GRE,Bernard Kelly,25,20,3,0,c: B Reddell b: R Murphy
7,2nd,GRE vs MEL,MEL,GRE,Lewis Dichiera,17,14,1,0,c: B Reddell b: K Parrott
7,2nd,GRE vs MEL,MEL,GRE,Chandramauli Sridev,6,5,0,0,not out
7,2nd,GRE vs MEL,MEL,GRE,Samuel Clark,,,,,did not bat
7,2nd,GRE vs MEL,MEL,GRE,Nirmana Fernando,,,,,did not bat
7,2nd,GRE vs MEL,MEL,GRE,Declan Highgate,,,,,did not bat
7,2nd,GRE vs MEL,MEL,GRE,Eshann Singh,,,,,did not bat
7,2nd,GRE vs MEL,MEL,GRE,Tobias Sutherland,,,,,did not bat
7,2nd,GRE vs MEL,GRE,MEL,Oliver Gunning,37,31,6,0,c: C Burton b: N Fernando
7,2nd,GRE vs MEL,GRE,MEL,Yuvraj Sharma,27,29,2,0,c: B Kelly b: L Dichiera
7,2nd,GRE vs MEL,GRE,MEL,Benjamin Wickham,19,13,1,1,b: T Sutherland
7,2nd,GRE vs MEL,GRE,MEL,Kyle Parrott,14,16,0,0,not out
7,2nd,GRE vs MEL,GRE,MEL,James Meehan,1,1,0,0,not out
7,2nd,GRE vs MEL,GRE,MEL,Isaac Bepey,,,,,did not bat
7,2nd,GRE vs MEL,GRE,MEL,Phil Halbish,,,,,did not bat
7,2nd,GRE vs MEL,GRE,MEL,Wilson McGillivray,,,,,did not bat
7,2nd,GRE vs MEL,GRE,MEL,Roland Murphy,,,,,did not bat
7,2nd,GRE vs MEL,GRE,MEL,Max Parrott,,,,,did not bat
7,2nd,GRE vs MEL,GRE,MEL,Brendan Reddell,,,,,did not bat
7,2nd,GRE vs MEL,GRE,MEL,Nicholas Xavier,,,,,did not bat
7,2nd,FIT vs RIC,RIC,FIT,Blake Podesta,8,8,1,0,c: A Bhatia b: J Trevethan
7,2nd,FIT vs RIC,RIC,FIT,Lishan De Silva,1,3,0,0,c: M Parker b: J Trevethan
7,2nd,FIT vs RIC,RIC,FIT,Brodie Richardson,30,13,2,2,b: P Pancholi
7,2nd,FIT vs RIC,RIC,FIT,tom kellar,19,22,0,1,lbw: C McIlveen
7,2nd,FIT vs RIC,RIC,FIT,Mark Phelan,36,39,0,1,c: P Pancholi b: J Trevethan
7,2nd,FIT vs RIC,RIC,FIT,Rupptaz Kharoud,,1,0,0,c: A Bhatia b: C McIlveen
7,2nd,FIT vs RIC,RIC,FIT,Zachary Macciocca,6,10,0,0,c: P Pancholi b: C Dobson
7,2nd,FIT vs RIC,RIC,FIT,Matthew Bremner,19,14,1,1,c: C McIlveen b: P Pancholi
7,2nd,FIT vs RIC,RIC,FIT,Angus Robinson,10,6,0,1,not out
7,2nd,FIT vs RIC,RIC,FIT,Gurnaz Khatra,2,3,0,0,c: M Parker b: P Pancholi
7,2nd,FIT vs RIC,RIC,FIT,Zac Parr,1,1,0,0,not out
7,2nd,FIT vs RIC,RIC,FIT,Liam Myott,,,,,did not bat
7,2nd,FIT vs RIC,FIT,RIC,Tyler Hoffman,11,9,1,0,b: Z Parr
7,2nd,FIT vs RIC,FIT,RIC,Kurt Heigl,4,8,0,0,b: G Khatra
7,2nd,FIT vs RIC,FIT,RIC,Tim Goodman,9,11,1,0,not out
7,2nd,FIT vs RIC,FIT,RIC,Archit Bhatia,5,8,0,0,not out
7,2nd,FIT vs RIC,FIT,RIC,Caiden Dobson,,,,,did not bat
7,2nd,FIT vs RIC,FIT,RIC,Jack Iverson,,,,,did not bat
7,2nd,FIT vs RIC,FIT,RIC,Luke McCann,,,,,did not bat
7,2nd,FIT vs RIC,FIT,RIC,Callum McIlveen,,,,,did not bat
7,2nd,FIT vs RIC,FIT,RIC,Prithish Pancholi,,,,,did not bat
7,2nd,FIT vs RIC,FIT,RIC,Max Parker,,,,,did not bat
7,2nd,FIT vs RIC,FIT,RIC,Thomas Purcell,,,,,did not bat
7,2nd,FIT vs RIC,FIT,RIC,Jack Trevethan,,,,,did not bat
7,2nd,FRA vs ST,ST,FRA,Lucas McConnell,,2,0,0,"run out (H Gray, G Barnes)"
7,2nd,FRA vs ST,ST,FRA,Lachlan Curtis,46,30,5,1,c: B Smith b: J Kennedy
7,2nd,FRA vs ST,ST,FRA,Cooper Remy,32,32,1,1,"run out (H Gray, G Barnes)"
7,2nd,FRA vs ST,ST,FRA,Sean Parker,5,9,0,0,c: H Jones b: J Gray
7,2nd,FRA vs ST,ST,FRA,Sean van Wijk,18,19,1,0,c: J Kennedy b: H Jones
7,2nd,FRA vs ST,ST,FRA,Patrick Parsons,4,6,0,0,b: L Graf
7,2nd,FRA vs ST,ST,FRA,Harsh Laxmikant Mohade,11,15,0,0,c: L Ashen b: L Gandy
7,2nd,FRA vs ST,ST,FRA,Matthew Gapes,3,4,0,0,c: J Gray b: H Jones
7,2nd,FRA vs ST,ST,FRA,Josh Hotston,4,3,0,0,not out
7,2nd,FRA vs ST,ST,FRA,Harrison Wallace,0,1,0,0,not out
7,2nd,FRA vs ST,ST,FRA,Jye Dignan,,,,,did not bat
7,2nd,FRA vs ST,ST,FRA,Lachlan Hose,,,,,did not bat
7,2nd,FRA vs ST,FRA,ST,Luke Ashen,,1,0,0,c: P Parsons b: L Hose
7,2nd,FRA vs ST,FRA,ST,Ashish Ashish,2,5,0,0,c: H Wallace b: L Hose
7,2nd,FRA vs ST,FRA,ST,Angus Newman,1,3,0,0,b: H Mohade
7,2nd,FRA vs ST,FRA,ST,Henry Gray,6,9,1,0,not out
7,2nd,FRA vs ST,FRA,ST,Guy Barnes,6,9,1,0,c&b: L Curtis
7,2nd,FRA vs ST,FRA,ST,Barnaby Smith,,3,0,0,st: S van Wijk b: L Curtis
7,2nd,FRA vs ST,FRA,ST,Luke Gandy,,,,,did not bat
7,2nd,FRA vs ST,FRA,ST,Lachlan Graf,,,,,did not bat
7,2nd,FRA vs ST,FRA,ST,James Gray,,,,,did not bat
7,2nd,FRA vs ST,FRA,ST,Harry Jones,,,,,did not bat
7,2nd,FRA vs ST,FRA,ST,Jobe Kennedy,,,,,did not bat
7,2nd,FRA vs ST,FRA,ST,Dan Meddings,,,,,did not bat
7,2nd,CAR vs GEE,GEE,CAR,Andrew Lewis Poppa,36,30,6,0,c: T Courtney b: K Bienefelt
7,2nd,CAR vs GEE,GEE,CAR,Keir Lucas,17,22,2,0,lbw: P Sharma
7,2nd,CAR vs GEE,GEE,CAR,Lachlan Shinn-mahony,31,30,3,0,c: K Bienefelt b: T Cunningham
7,2nd,CAR vs GEE,GEE,CAR,Lucas Cavigan,16,14,1,0,c: L Watson b: T Cunningham
7,2nd,CAR vs GEE,GEE,CAR,Spencer Wray,6,9,0,0,lbw: T Cunningham
7,2nd,CAR vs GEE,GEE,CAR,Jack Atkinson,4,9,0,0,not out
7,2nd,CAR vs GEE,GEE,CAR,Akshith Sriram,12,7,1,0,not out
7,2nd,CAR vs GEE,GEE,CAR,Jack Beer,,,,,did not bat
7,2nd,CAR vs GEE,GEE,CAR,Nicholas Brennan,,,,,did not bat
7,2nd,CAR vs GEE,GEE,CAR,Vincent Bush,,,,,did not bat
7,2nd,CAR vs GEE,GEE,CAR,Henry Edwards,,,,,did not bat
7,2nd,CAR vs GEE,GEE,CAR,Sean Morrow,,,,,did not bat
7,2nd,CAR vs GEE,CAR,GEE,Ryan Aikman,6,5,0,0,c: A Poppa b: S Morrow
7,2nd,CAR vs GEE,CAR,GEE,Santhosh Ramireddy,4,10,0,0,c: A Poppa b: V Bush
7,2nd,CAR vs GEE,CAR,GEE,Cody Brogden,,1,0,0,"run out (H Edwards, S Wray)"
7,2nd,CAR vs GEE,CAR,GEE,Tom Courtney,17,17,3,0,b: N Brennan
7,2nd,CAR vs GEE,CAR,GEE,Monty Maloney,32,30,2,0,c: K Lucas b: S Morrow
7,2nd,CAR vs GEE,CAR,GEE,Corey Paull,13,15,1,0,c: S Wray b: J Beer
7,2nd,CAR vs GEE,CAR,GEE,Sam Croft,33,23,4,0,not out
7,2nd,CAR vs GEE,CAR,GEE,Kyle Bienefelt,20,15,2,0,not out
7,2nd,CAR vs GEE,CAR,GEE,Toby Cunningham,,,,,did not bat
7,2nd,CAR vs GEE,CAR,GEE,Joshua Mastin,,,,,did not bat
7,2nd,CAR vs GEE,CAR,GEE,Paawan Sharma,,,,,did not bat
7,2nd,CAR vs GEE,CAR,GEE,Lachlan Watson,,,,,did not bat
7,2nd,CAM vs PRA,PRA,CAM,Adit Pawha,7,9,1,0,b: D Malcolm
7,2nd,CAM vs PRA,PRA,CAM,Prajay Paramesh,26,16,4,1,c: W Scott b: W Collins
7,2nd,CAM vs PRA,PRA,CAM,James Wiseman,24,24,1,1,c: O Willett b: P Menon
7,2nd,CAM vs PRA,PRA,CAM,Griffin McComb,21,27,1,0,c: R Backhouse b: P Menon
7,2nd,CAM vs PRA,PRA,CAM,Samuel Olsen,3,3,0,0,c: P Menon b: J Boyce
7,2nd,CAM vs PRA,PRA,CAM,Finlay McGrotty,3,5,0,0,c: N Morrey b: D Malcolm
7,2nd,CAM vs PRA,PRA,CAM,Daniel Pietz,14,23,2,0,c: L Zissis b: D Malcolm
7,2nd,CAM vs PRA,PRA,CAM,Sacheen R Paramesh,2,3,0,0,b: H Birchall
7,2nd,CAM vs PRA,PRA,CAM,Kevin Prior,4,4,0,0,not out
7,2nd,CAM vs PRA,PRA,CAM,Christopher Gorman,5,6,0,0,not out
7,2nd,CAM vs PRA,PRA,CAM,DAKSH SAINI,,,,,did not bat
7,2nd,CAM vs PRA,PRA,CAM,Lucas Smith,,,,,did not bat
7,2nd,CAM vs PRA,CAM,PRA,Henry Nicholls,34,17,4,2,c: S Olsen b: S Paramesh
7,2nd,CAM vs PRA,CAM,PRA,Lachlan Zissis,15,11,2,1,b: D Pietz
7,2nd,CAM vs PRA,CAM,PRA,Damon Malcolm,8,7,1,0,c: K Prior b: D Pietz
7,2nd,CAM vs PRA,CAM,PRA,Pranav Menon,19,19,2,0,c: D SAINI b: D Pietz
7,2nd,CAM vs PRA,CAM,PRA,Will Scott,1,4,0,0,lbw: K Prior
7,2nd,CAM vs PRA,CAM,PRA,William Collins,32,22,1,3,c: L Smith b: K Prior
7,2nd,CAM vs PRA,CAM,PRA,Riley Backhouse,1,1,0,0,not out
7,2nd,CAM vs PRA,CAM,PRA,Oliver Willett,1,5,0,0,not out
7,2nd,CAM vs PRA,CAM,PRA,Hugh Birchall,,,,,did not bat
7,2nd,CAM vs PRA,CAM,PRA,James Boyce,,,,,did not bat
7,2nd,CAM vs PRA,CAM,PRA,Max Keogh,,,,,did not bat
7,2nd,CAM vs PRA,CAM,PRA,Nicholas Morrey,,,,,did not bat
7,2nd,CAS vs ESS,ESS,CAS,Jacob Long,11,10,2,0,c: E Brne b: L Busk
7,2nd,CAS vs ESS,ESS,CAS,Jaskabeer Singh,11,6,2,0,run out (E Brne)
7,2nd,CAS vs ESS,ESS,CAS,Nicholas England,1,4,0,0,c: L Tobin b: H Singh
7,2nd,CAS vs ESS,ESS,CAS,Vinu Mohotty,11,12,0,1,c: N Rai b: K Darji
7,2nd,CAS vs ESS,ESS,CAS,Chris Benedek,14,18,0,0,b: H Robertson
7,2nd,CAS vs ESS,ESS,CAS,********,11,16,0,0,b: N Rai
7,2nd,CAS vs ESS,ESS,CAS,Nikhil Reddy Kasarla,26,27,1,0,"run out (H Robertson, E Brne)"
7,2nd,CAS vs ESS,ESS,CAS,Aaron Abeyesekera,29,19,4,0,b: N Rai
7,2nd,CAS vs ESS,ESS,CAS,Max Heffernan,,3,0,0,st: E Brne b: K Darji
7,2nd,CAS vs ESS,ESS,CAS,Ashvin Adihetty,5,4,0,0,not out
7,2nd,CAS vs ESS,ESS,CAS,Jack Stevenson,1,2,0,0,not out
7,2nd,CAS vs ESS,ESS,CAS,Matthew Sheridan,,,,,did not bat
7,2nd,CAS vs ESS,CAS,ESS,Aidan Salvado,42,27,6,1,not out
7,2nd,CAS vs ESS,CAS,ESS,Vihanga Fernando,3,9,0,0,c: N Kasarla b: A Adihetty
7,2nd,CAS vs ESS,CAS,ESS,Harvinder Singh,19,13,2,1,c: J Stevenson b: A Abeyesekera
7,2nd,CAS vs ESS,CAS,ESS,Jarrod Parsons,4,6,0,0,not out
7,2nd,CAS vs ESS,CAS,ESS,Ethan Brne,,,,,did not bat
7,2nd,CAS vs ESS,CAS,ESS,Lachie Busk,,,,,did not bat
7,2nd,CAS vs ESS,CAS,ESS,Krit Darji,,,,,did not bat
7,2nd,CAS vs ESS,CAS,ESS,Arin Mishra,,,,,did not bat
7,2nd,CAS vs ESS,CAS,ESS,Jacob Pawlowicz,,,,,did not bat
7,2nd,CAS vs ESS,CAS,ESS,Navdeep Rai,,,,,did not bat
7,2nd,CAS vs ESS,CAS,ESS,Henry Robertson,,,,,did not bat
7,2nd,CAS vs ESS,CAS,ESS,Liam Tobin,,,,,did not bat
8,2nd,CAS vs PRA,PRA,CAS,Jaskabeer Singh,8,8,1,0,c: L Zissis b: M Keogh
8,2nd,CAS vs PRA,PRA,CAS,Jacob Long,23,27,3,0,c: S Kapoor b: H Birchall
8,2nd,CAS vs PRA,PRA,CAS,Aaron Abeyesekera,51,38,5,1,c: T Jackson b: W Collins
8,2nd,CAS vs PRA,PRA,CAS,Nikhil Reddy Kasarla,33,22,2,1,not out
8,2nd,CAS vs PRA,PRA,CAS,Nicholas England,28,25,2,0,run out (O Willett)
8,2nd,CAS vs PRA,PRA,CAS,Ashvin Adihetty,,,,,did not bat
8,2nd,CAS vs PRA,PRA,CAS,Dale Christie,,,,,did not bat
8,2nd,CAS vs PRA,PRA,CAS,William Halton,,,,,did not bat
8,2nd,CAS vs PRA,PRA,CAS,Ahmed Raza,,,,,did not bat
8,2nd,CAS vs PRA,PRA,CAS,Matthew Sheridan,,,,,did not bat
8,2nd,CAS vs PRA,PRA,CAS,Krishna Sridhar,,,,,did not bat
8,2nd,CAS vs PRA,PRA,CAS,Jack Stevenson,,,,,did not bat
8,2nd,CAS vs PRA,CAS,PRA,Henry Nicholls,15,15,2,0,c: K Sridhar b: A Adihetty
8,2nd,CAS vs PRA,CAS,PRA,Lachlan Zissis,88,67,9,2,not out
8,2nd,CAS vs PRA,CAS,PRA,Damon Malcolm,36,25,2,1,not out
8,2nd,CAS vs PRA,CAS,PRA,Riley Backhouse,,,,,did not bat
8,2nd,CAS vs PRA,CAS,PRA,Hugh Birchall,,,,,did not bat
8,2nd,CAS vs PRA,CAS,PRA,William Collins,,,,,did not bat
8,2nd,CAS vs PRA,CAS,PRA,Travis Jackson,,,,,did not bat
8,2nd,CAS vs PRA,CAS,PRA,Saksham Kapoor,,,,,did not bat
8,2nd,CAS vs PRA,CAS,PRA,Max Keogh,,,,,did not bat
8,2nd,CAS vs PRA,CAS,PRA,Will Scott,,,,,did not bat
8,2nd,CAS vs PRA,CAS,PRA,Oliver Willett,,,,,did not bat
8,2nd,CAM vs FIT,FIT,CAM,Prajay Paramesh,19,11,4,0,c: R Kharoud b: Z Parr
8,2nd,CAM vs FIT,FIT,CAM,Adit Pawha,34,38,3,0,c: M Phelan b: B Richardson
8,2nd,CAM vs FIT,FIT,CAM,James Wiseman,14,11,1,0,c: M Phelan b: R Kharoud
8,2nd,CAM vs FIT,FIT,CAM,Griffin McComb,5,8,0,0,c&b: R Kharoud
8,2nd,CAM vs FIT,FIT,CAM,Jakey Pietz,5,6,1,0,c: L De Silva b: B Richardson
8,2nd,CAM vs FIT,FIT,CAM,Samuel Olsen,3,6,0,0,c: B Richardson b: R Kharoud
8,2nd,CAM vs FIT,FIT,CAM,Finlay McGrotty,20,23,2,0,not out
8,2nd,CAM vs FIT,FIT,CAM,Sacheen R Paramesh,18,17,2,0,not out
8,2nd,CAM vs FIT,FIT,CAM,Reuben Jamieson,,,,,did not bat
8,2nd,CAM vs FIT,FIT,CAM,Aidan Nicholls,,,,,did not bat
8,2nd,CAM vs FIT,FIT,CAM,Kevin Prior,,,,,did not bat
8,2nd,CAM vs FIT,FIT,CAM,DAKSH SAINI,,,,,did not bat
8,2nd,CAM vs FIT,CAM,FIT,Blake Podesta,17,21,3,0,b: A Nicholls
8,2nd,CAM vs FIT,CAM,FIT,Brodie Richardson,13,9,1,1,c: G McComb b: S Paramesh
8,2nd,CAM vs FIT,CAM,FIT,Aryan Sharma,38,35,6,0,c: R Jamieson b: S Paramesh
8,2nd,CAM vs FIT,CAM,FIT,Mark Phelan,32,27,3,0,not out
8,2nd,CAM vs FIT,CAM,FIT,Rupptaz Kharoud,25,15,1,3,not out
8,2nd,CAM vs FIT,CAM,FIT,Matthew Bremner,,,,,did not bat
8,2nd,CAM vs FIT,CAM,FIT,Lishan De Silva,,,,,did not bat
8,2nd,CAM vs FIT,CAM,FIT,Gurnaz Khatra,,,,,did not bat
8,2nd,CAM vs FIT,CAM,FIT,Zachary Macciocca,,,,,did not bat
8,2nd,CAM vs FIT,CAM,FIT,Liam Myott,,,,,did not bat
8,2nd,CAM vs FIT,CAM,FIT,Zac Parr,,,,,did not bat
8,2nd,CAM vs FIT,CAM,FIT,Angus Robinson,,,,,did not bat
9,2nd,FRA vs CAR,CAR,FRA,Lucas McConnell,32,29,1,0,not out
9,2nd,FRA vs CAR,CAR,FRA,Cooper Remy,14,13,1,0,c: A Poppa b: S Morrow
9,2nd,FRA vs CAR,CAR,FRA,Joshua Edwards,6,6,0,0,c: S Morrow b: A Sriram
9,2nd,FRA vs CAR,CAR,FRA,Sean Parker,,1,0,0,c: J Tamber b: A Sriram
9,2nd,FRA vs CAR,CAR,FRA,Patrick Parsons,16,11,2,0,not out
9,2nd,FRA vs CAR,CAR,FRA,Jye Dignan,,,,,did not bat
9,2nd,FRA vs CAR,CAR,FRA,Matthew Gapes,,,,,did not bat
9,2nd,FRA vs CAR,CAR,FRA,Lachlan Hose,,,,,did not bat
9,2nd,FRA vs CAR,CAR,FRA,Jamie Matheson,,,,,did not bat
9,2nd,FRA vs CAR,CAR,FRA,Harsh Laxmikant Mohade,,,,,did not bat
9,2nd,FRA vs CAR,CAR,FRA,Sean van Wijk,,,,,did not bat
9,2nd,FRA vs CAR,CAR,FRA,Harrison Wallace,,,,,did not bat
9,2nd,FRA vs CAR,FRA,CAR,Keir Lucas,9,8,1,0,c: H Wallace b: J Dignan
9,2nd,FRA vs CAR,FRA,CAR,Andrew Lewis Poppa,2,8,0,0,c: H Mohade b: J Dignan
9,2nd,FRA vs CAR,FRA,CAR,Nicholas Ross,40,24,2,1,not out
9,2nd,FRA vs CAR,FRA,CAR,Lachlan Shinn-mahony,15,13,1,0,c: L Hose b: J Matheson
9,2nd,FRA vs CAR,FRA,CAR,Lucas Cavigan,3,3,0,0,not out
9,2nd,FRA vs CAR,FRA,CAR,Jack Beer,,,,,did not bat
9,2nd,FRA vs CAR,FRA,CAR,Nicholas Brennan,,,,,did not bat
9,2nd,FRA vs CAR,FRA,CAR,Henry Edwards,,,,,did not bat
9,2nd,FRA vs CAR,FRA,CAR,Sean Morrow,,,,,did not bat
9,2nd,FRA vs CAR,FRA,CAR,Akshith Sriram,,,,,did not bat
9,2nd,FRA vs CAR,FRA,CAR,Jujhar Singh Tamber,,,,,did not bat
9,2nd,FRA vs CAR,FRA,CAR,Spencer Wray,,,,,did not bat
9,2nd,MEL vs GEE,GEE,MEL,Tom Mileto,39,0,1,1,c: T Cunningham b: S Croft
9,2nd,MEL vs GEE,GEE,MEL,Janak Prakash,30,22,3,1,b: K Bienefelt
9,2nd,MEL vs GEE,GEE,MEL,Michael Forwood,13,13,1,0,c: A Armstrong b: J Collins
9,2nd,MEL vs GEE,GEE,MEL,Benjamin Rolfs,17,16,1,1,c: T Courtney b: J Collins
9,2nd,MEL vs GEE,GEE,MEL,Naman Sharma,24,0,1,1,not out
9,2nd,MEL vs GEE,GEE,MEL,Leo Hatzoglou,13,0,1,1,run out (T Cunningham)
9,2nd,MEL vs GEE,MEL,GEE,Ryan Aikman,27,0,1,1,b: J Prakash
9,2nd,MEL vs GEE,MEL,GEE,Ashley Armstrong,10,0,2,0,c: T Mileto b: J Browning
9,2nd,MEL vs GEE,MEL,GEE,Cody Brogden,6,0,0,0,c: N Sharma b: J Prakash
9,2nd,MEL vs GEE,MEL,GEE,Santhosh Ramireddy,11,0,0,0,b: O Patel
9,2nd,MEL vs GEE,MEL,GEE,Tom Courtney,7,0,0,0,st: T Young b: O Patel
9,2nd,MEL vs GEE,MEL,GEE,Sam Croft,7,0,1,0,c: J Browning b: J Lyndon
9,2nd,MEL vs GEE,MEL,GEE,Monty Maloney,9,0,0,0,c: K Kumar b: E Durrant
9,2nd,MEL vs GEE,MEL,GEE,Josh Collins,15,0,0,0,c: E Durrant b: K Kumar
9,2nd,MEL vs GEE,MEL,GEE,Kyle Bienefelt,6,0,0,0,not out
9,2nd,MEL vs GEE,MEL,GEE,Paawan Sharma,2,0,0,0,not out
9,2nd,FOO vs ST,ST,FOO,Alfie Miles,15,20,1,0,c: G Barnes b: W Jackson
9,2nd,FOO vs ST,ST,FOO,Daksh Kumar,2,5,0,0,c: J Kennedy b: L Gandy
9,2nd,FOO vs ST,ST,FOO,Dezi Carter,54,57,1,0,not out
9,2nd,FOO vs ST,ST,FOO,Declan O'Brien,16,15,1,0,c: D Meddings b: L Gandy
9,2nd,FOO vs ST,ST,FOO,Fayzan Abdul Sathaar,4,9,0,0,c: H Jones b: W Jackson
9,2nd,FOO vs ST,ST,FOO,Cam Jenkins,5,8,0,0,c: G Barnes b: W Jackson
9,2nd,FOO vs ST,ST,FOO,Luke Gilham,5,7,0,0,not out
9,2nd,FOO vs ST,ST,FOO,Blake Aggelis,,,,,did not bat
9,2nd,FOO vs ST,ST,FOO,Aiden D'Souza,,,,,did not bat
9,2nd,FOO vs ST,ST,FOO,Karthikeya Rallapalli,,,,,did not bat
9,2nd,FOO vs ST,ST,FOO,Harshal S Suresh,,,,,did not bat
9,2nd,FOO vs ST,FOO,ST,Luke Ashen,,1,0,0,c: A Miles b: A D'Souza
9,2nd,FOO vs ST,FOO,ST,Ashish Ashish,18,20,1,0,lbw: B Aggelis
9,2nd,FOO vs ST,FOO,ST,Angus Newman,50,54,4,0,not out
9,2nd,FOO vs ST,FOO,ST,Dan Meddings,28,21,1,1,not out
9,2nd,FOO vs ST,FOO,ST,Guy Barnes,,,,,did not bat
9,2nd,FOO vs ST,FOO,ST,Luke Gandy,,,,,did not bat
9,2nd,FOO vs ST,FOO,ST,James Gray,,,,,did not bat
9,2nd,FOO vs ST,FOO,ST,Walter Jackson,,,,,did not bat
9,2nd,FOO vs ST,FOO,ST,Harry Jones,,,,,did not bat
9,2nd,FOO vs ST,FOO,ST,Jobe Kennedy,,,,,did not bat
9,2nd,FOO vs ST,FOO,ST,Barnaby Smith,,,,,did not bat
9,2nd,NOR vs GRE,GRE,NOR,Michael Jephcott,32,31,5,0,b: E Singh
9,2nd,NOR vs GRE,GRE,NOR,Bailey Hosemans,20,21,3,0,lbw: E Singh
9,2nd,NOR vs GRE,GRE,NOR,Samson Storey,23,12,2,1,c: K Bollu b: L Dichiera
9,2nd,NOR vs GRE,GRE,NOR,Daniel Lalor,39,24,4,1,not out
9,2nd,NOR vs GRE,GRE,NOR,Earl Dicesare,3,6,0,0,c: P Jaura b: L Dichiera
9,2nd,NOR vs GRE,GRE,NOR,Thomas Cuthbert,,2,0,0,b: L Dichiera
9,2nd,NOR vs GRE,GRE,NOR,Ben Pereara,29,25,1,0,not out
9,2nd,NOR vs GRE,GRE,NOR,Jimmy Anderson,,,,,did not bat
9,2nd,NOR vs GRE,GRE,NOR,Adam Howard,,,,,did not bat
9,2nd,NOR vs GRE,GRE,NOR,Roby Lane,,,,,did not bat
9,2nd,NOR vs GRE,GRE,NOR,Ethan Sharkey,,,,,did not bat
9,2nd,NOR vs GRE,GRE,NOR,Ryan Siede,,,,,did not bat
9,2nd,NOR vs GRE,NOR,GRE,Kanishk Bollu,59,48,4,2,not out
9,2nd,NOR vs GRE,NOR,GRE,Angus Webb,,3,0,0,c: M Jephcott b: R Lane
9,2nd,NOR vs GRE,NOR,GRE,Aryan Sharma,19,35,1,0,c: T Cuthbert b: R Lane
9,2nd,NOR vs GRE,NOR,GRE,Conroy Burton,18,21,1,0,c: J Anderson b: R Siede
9,2nd,NOR vs GRE,NOR,GRE,Panav Jaura,3,3,0,0,c: R Lane b: R Siede
9,2nd,NOR vs GRE,NOR,GRE,Bernard Kelly,2,3,0,0,c: B Hosemans b: A Howard
9,2nd,NOR vs GRE,NOR,GRE,Lewis Dichiera,14,7,1,1,not out
9,2nd,NOR vs GRE,NOR,GRE,Michael Cross,,,,,did not bat
9,2nd,NOR vs GRE,NOR,GRE,Declan Highgate,,,,,did not bat
9,2nd,NOR vs GRE,NOR,GRE,Aidan McConnell,,,,,did not bat
9,2nd,NOR vs GRE,NOR,GRE,Eshann Singh,,,,,did not bat
9,2nd,NOR vs GRE,NOR,GRE,Chandramauli Sridev,,,,,did not bat
9,2nd,FIT vs PRA,PRA,FIT,Blake Podesta,69,46,7,3,st: O Willett b: J Boyce
9,2nd,FIT vs PRA,PRA,FIT,Brodie Richardson,7,4,0,1,c: R Backhouse b: J Boyce
9,2nd,FIT vs PRA,PRA,FIT,Aryan Sharma,13,13,1,0,c: O Willett b: S Kapoor
9,2nd,FIT vs PRA,PRA,FIT,Mark Phelan,18,18,1,1,st: O Willett b: S Kapoor
9,2nd,FIT vs PRA,PRA,FIT,Rupptaz Kharoud,2,7,0,0,c: T Jackson b: W Collins
9,2nd,FIT vs PRA,PRA,FIT,Zachary Macciocca,31,16,2,2,not out
9,2nd,FIT vs PRA,PRA,FIT,Lishan De Silva,4,4,0,0,not out
9,2nd,FIT vs PRA,PRA,FIT,Matthew Bremner,,,,,did not bat
9,2nd,FIT vs PRA,PRA,FIT,Gurnaz Khatra,,,,,did not bat
9,2nd,FIT vs PRA,PRA,FIT,Liam Myott,,,,,did not bat
9,2nd,FIT vs PRA,PRA,FIT,Zac Parr,,,,,did not bat
9,2nd,FIT vs PRA,PRA,FIT,Angus Robinson,,,,,did not bat
9,2nd,FIT vs PRA,FIT,PRA,Travis Jackson,,1,0,0,c: Z Macciocca b: L Myott
9,2nd,FIT vs PRA,FIT,PRA,Lachlan Zissis,18,10,4,0,c: G Khatra b: L Myott
9,2nd,FIT vs PRA,FIT,PRA,Damon Malcolm,64,40,10,0,c: B Richardson b: G Khatra
9,2nd,FIT vs PRA,FIT,PRA,Will Scott,5,8,0,0,b: Z Parr
9,2nd,FIT vs PRA,FIT,PRA,William Collins,22,20,2,0,c: L De Silva b: Z Parr
9,2nd,FIT vs PRA,FIT,PRA,Riley Backhouse,7,8,1,0,b: R Kharoud
9,2nd,FIT vs PRA,FIT,PRA,Oliver Willett,3,6,0,0,b: B Richardson
9,2nd,FIT vs PRA,FIT,PRA,James Boyce,12,11,2,0,not out
9,2nd,FIT vs PRA,FIT,PRA,Saksham Kapoor,1,2,0,0,c: M Bremner b: R Kharoud
9,2nd,FIT vs PRA,FIT,PRA,Henry Nicholls,1,2,0,0,run out (R Kharoud)
9,2nd,FIT vs PRA,FIT,PRA,Max Keogh,0,0,0,0,not out
9,2nd,FIT vs PRA,FIT,PRA,Hugh Birchall,,,,,did not bat
9,2nd,DAN vs ESS,ESS,DAN,Abhikaran Singh Chhina,25,37,0,0,c: L Tobin b: J Pawlowicz
9,2nd,DAN vs ESS,ESS,DAN,Dhanusha Gamage,61,52,3,1,c: b: S Gill
9,2nd,DAN vs ESS,ESS,DAN,Vishesh Bansal,19,14,1,1,c: E Brne b: K Darji
9,2nd,DAN vs ESS,ESS,DAN,Aaron Fernando,4,4,0,0,c: L Tobin b: S Gill
9,2nd,DAN vs ESS,ESS,DAN,Max Marinic,8,3,0,1,not out
9,2nd,DAN vs ESS,ESS,DAN,Sayed Rihan,8,5,0,0,not out
9,2nd,DAN vs ESS,ESS,DAN,Tyler Evans,,,,,did not bat
9,2nd,DAN vs ESS,ESS,DAN,Venuk Hemachandra,,,,,did not bat
9,2nd,DAN vs ESS,ESS,DAN,Parth Hirani,,,,,did not bat
9,2nd,DAN vs ESS,ESS,DAN,Tom Morrison,,,,,did not bat
9,2nd,DAN vs ESS,ESS,DAN,Thenuka Perera,,,,,did not bat
9,2nd,DAN vs ESS,ESS,DAN,Christian Smith,,,,,did not bat
9,2nd,DAN vs ESS,DAN,ESS,Aidan Salvado,45,43,4,1,c&b: T Evans
9,2nd,DAN vs ESS,DAN,ESS,Simrth Singh Gill,64,41,4,5,c: T Evans b: A Fernando
9,2nd,DAN vs ESS,DAN,ESS,Ikroop Dhanoa,14,10,0,1,not out
9,2nd,DAN vs ESS,DAN,ESS,Harvinder Singh,8,3,0,1,not out
9,2nd,DAN vs ESS,DAN,ESS,Ethan Brne,,,,,did not bat
9,2nd,DAN vs ESS,DAN,ESS,Lachie Busk,,,,,did not bat
9,2nd,DAN vs ESS,DAN,ESS,Krit Darji,,,,,did not bat
9,2nd,DAN vs ESS,DAN,ESS,Vihanga Fernando,,,,,did not bat
9,2nd,DAN vs ESS,DAN,ESS,Jarrod Parsons,,,,,did not bat
9,2nd,DAN vs ESS,DAN,ESS,Jacob Pawlowicz,,,,,did not bat
9,2nd,DAN vs ESS,DAN,ESS,Navdeep Rai,,,,,did not bat
9,2nd,DAN vs ESS,DAN,ESS,Liam Tobin,,,,,did not bat
9,2nd,CAS vs CAM,CAM,CAS,Jacob Long,5,6,0,0,"run out (G McComb, D SAINI)"
9,2nd,CAS vs CAM,CAM,CAS,Jaskabeer Singh,16,29,2,0,c: F McGrotty b: S Olsen
9,2nd,CAS vs CAM,CAM,CAS,Aaron Abeyesekera,76,56,6,2,not out
9,2nd,CAS vs CAM,CAM,CAS,Nikhil Reddy Kasarla,2,4,0,0,c: A Pawha b: D SAINI
9,2nd,CAS vs CAM,CAM,CAS,William Halton,2,4,0,0,b: D SAINI
9,2nd,CAS vs CAM,CAM,CAS,Nicholas England,18,22,1,0,not out
9,2nd,CAS vs CAM,CAM,CAS,Ashvin Adihetty,,,,,did not bat
9,2nd,CAS vs CAM,CAM,CAS,Evan Allaway,,,,,did not bat
9,2nd,CAS vs CAM,CAM,CAS,Matthew Sheridan,,,,,did not bat
9,2nd,CAS vs CAM,CAM,CAS,Jack Stevenson,,,,,did not bat
9,2nd,CAS vs CAM,CAM,CAS,Ahmed Raza,,,,,did not bat
9,2nd,CAS vs CAM,CAM,CAS,Krishna Sridhar,,,,,did not bat
9,2nd,CAS vs CAM,CAS,CAM,Adit Pawha,45,35,7,0,b: J Stevenson
9,2nd,CAS vs CAM,CAS,CAM,Prajay Paramesh,,2,0,0,b: E Allaway
9,2nd,CAS vs CAM,CAS,CAM,James Wiseman,64,49,8,0,not out
9,2nd,CAS vs CAM,CAS,CAM,Griffin McComb,,0,0,0,run out (J Long)
9,2nd,CAS vs CAM,CAS,CAM,Samuel Olsen,16,20,1,0,c: K Sridhar b: A Abeyesekera
9,2nd,CAS vs CAM,CAS,CAM,Finlay McGrotty,2,3,0,0,not out
9,2nd,CAS vs CAM,CAS,CAM,Reuben Jamieson,,,,,did not bat
9,2nd,CAS vs CAM,CAS,CAM,Aidan Nicholls,,,,,did not bat
9,2nd,CAS vs CAM,CAS,CAM,Sacheen R Paramesh,,,,,did not bat
9,2nd,CAS vs CAM,CAS,CAM,Kevin Prior,,,,,did not bat
9,2nd,CAS vs CAM,CAS,CAM,DAKSH SAINI,,,,,did not bat
9,2nd,RIC vs KIN,KIN,RIC,Tyler Hoffman,7,9,0,0,c: B Plumb b: H Fischbacher
9,2nd,RIC vs KIN,KIN,RIC,Jack Iverson,17,16,2,0,c&b: R Majoka
9,2nd,RIC vs KIN,KIN,RIC,Archit Bhatia,63,50,0,6,b: B Keppetipola
9,2nd,RIC vs KIN,KIN,RIC,Max Parker,12,8,0,1,b: B Keppetipola
9,2nd,RIC vs KIN,KIN,RIC,Griffin Box,25,20,1,1,c: B Plumb b: B Keppetipola
9,2nd,RIC vs KIN,KIN,RIC,Thomas Purcell,30,21,2,1,run out (B Keppetipola)
9,2nd,RIC vs KIN,KIN,RIC,Callum McIlveen,4,4,0,0,not out
9,2nd,RIC vs KIN,KIN,RIC,Kurt Heigl,0,0,0,0,not out
9,2nd,RIC vs KIN,RIC,KIN,Vithum Sathyajith,16,18,0,1,c: T Purcell b: G Box
9,2nd,RIC vs KIN,RIC,KIN,Hamish Mckenzie,10,10,2,0,c: P Pancholi b: J Trevethan
9,2nd,RIC vs KIN,RIC,KIN,Simo Ivetic,55,46,4,3,b: C McIlveen
9,2nd,RIC vs KIN,RIC,KIN,Brendan Plumb,15,17,2,0,c: P Pancholi b: G Box
9,2nd,RIC vs KIN,RIC,KIN,Bhanuka Keppetipola,1,4,0,0,"run out (T Hoffman, P Pancholi)"
9,2nd,RIC vs KIN,RIC,KIN,Herbie Fischbacher,3,6,0,0,c: L McCann b: P Pancholi
9,2nd,RIC vs KIN,RIC,KIN,Rehan Majoka,7,11,0,0,c: M Parker b: J Trevethan
9,2nd,RIC vs KIN,RIC,KIN,Luke Sullivan,1,3,0,0,c: T Hoffman b: C McIlveen
9,2nd,RIC vs KIN,RIC,KIN,Luke Ajani,2,4,0,0,c: T Hoffman b: C McIlveen
9,2nd,RIC vs KIN,RIC,KIN,Redwan Laghmani,0,0,0,0,not out
9,2nd,MEL vs RIN,RIN,MEL,Hugh Hyslop,25,36,1,1,c: G Lawson b: J Farrand
9,2nd,MEL vs RIN,RIN,MEL,Max Parrott,,2,0,0,c: L Ivanovic b: J Farrand
9,2nd,MEL vs RIN,RIN,MEL,Nikki du Toit,21,26,1,0,c: L Tully b: B O’Riley
9,2nd,MEL vs RIN,RIN,MEL,Kyle Parrott,7,13,1,0,c: L Tully b: B O’Riley
9,2nd,MEL vs RIN,RIN,MEL,James Meehan,33,23,4,0,not out
9,2nd,MEL vs RIN,RIN,MEL,Brendan Reddell,1,2,0,0,c: M Donegan b: B O’Riley
9,2nd,MEL vs RIN,RIN,MEL,Joshua Driscoll,12,18,0,0,run out (M Donegan)
9,2nd,MEL vs RIN,RIN,MEL,Isaac Bepey,,,,,did not bat
9,2nd,MEL vs RIN,RIN,MEL,Phil Halbish,,,,,did not bat
9,2nd,MEL vs RIN,RIN,MEL,Wilson McGillivray,,,,,did not bat
9,2nd,MEL vs RIN,RIN,MEL,Roland Murphy,,,,,did not bat
9,2nd,MEL vs RIN,RIN,MEL,Nicholas Xavier,,,,,did not bat
9,2nd,MEL vs RIN,MEL,RIN,Prabhav Mishra,2,2,0,0,lbw: I Bepey
9,2nd,MEL vs RIN,MEL,RIN,daniel ivanovic,32,34,3,0,not out
9,2nd,MEL vs RIN,MEL,RIN,Luke Ivanovic,14,28,1,0,c: M Parrott b: N Xavier
9,2nd,MEL vs RIN,MEL,RIN,Mark Donegan,51,24,8,1,not out
9,2nd,MEL vs RIN,MEL,RIN,Jonathan Farrand,,,,,did not bat
9,2nd,MEL vs RIN,MEL,RIN,Gabe Lawson,,,,,did not bat
9,2nd,MEL vs RIN,MEL,RIN,Jack Martin,,,,,did not bat
9,2nd,MEL vs RIN,MEL,RIN,Matthew Mountain,,,,,did not bat
9,2nd,MEL vs RIN,MEL,RIN,Bailey O’Riley,,,,,did not bat
9,2nd,MEL vs RIN,MEL,RIN,Luke Tully,,,,,did not bat
9,2nd,MEL vs RIN,MEL,RIN,Liam Walker,,,,,did not bat
9,2nd,MEL vs RIN,MEL,RIN,Trent Wynne,,,,,did not bat
10,2nd,CAR vs CAS,CAS,CAR,Andrew Lewis Poppa,8,11,1,0,c: N England b: M Sheridan
10,2nd,CAR vs CAS,CAS,CAR,Keir Lucas,28,19,3,1,"run out (N England, J Singh)"
10,2nd,CAR vs CAS,CAS,CAR,Lachlan Shinn-mahony,,2,0,0,c: N England b: M Sheridan
10,2nd,CAR vs CAS,CAS,CAR,Lucas Cavigan,6,11,0,0,c: J Stevenson b: A Adihetty
10,2nd,CAR vs CAS,CAS,CAR,Nicholas Ross,59,47,5,3,c: J Stevenson b: V Mohotty
10,2nd,CAR vs CAS,CAS,CAR,Spencer Wray,10,15,0,0,c: N England b: M Sheridan
10,2nd,CAR vs CAS,CAS,CAR,Akshith Sriram,1,2,0,0,b: A Adihetty
10,2nd,CAR vs CAS,CAS,CAR,Henry Edwards,9,5,0,1,b: A Abeyesekera
10,2nd,CAR vs CAS,CAS,CAR,Nicholas Brennan,8,5,1,0,not out
10,2nd,CAR vs CAS,CAS,CAR,Sean Morrow,6,6,1,0,not out
10,2nd,CAR vs CAS,CAS,CAR,Aaron Smillie,,,,,did not bat
10,2nd,CAR vs CAS,CAS,CAR,Jujhar Singh Tamber,,,,,did not bat
10,2nd,CAR vs CAS,CAR,CAS,Jacob Long,31,22,5,0,c: L Cavigan b: H Edwards
10,2nd,CAR vs CAS,CAR,CAS,Jaskabeer Singh,16,12,3,0,c: L Cavigan b: S Morrow
10,2nd,CAR vs CAS,CAR,CAS,Aaron Abeyesekera,37,24,2,3,"run out (L Shinn-mahony, S Wray)"
10,2nd,CAR vs CAS,CAR,CAS,Vinu Mohotty,36,33,2,1,c: L Shinn-mahony b: S Morrow
10,2nd,CAR vs CAS,CAR,CAS,Chris Benedek,18,22,1,0,c: A Sriram b: S Morrow
10,2nd,CAR vs CAS,CAR,CAS,Lenny Wilton,2,3,0,0,c: N Ross b: A Smillie
10,2nd,CAR vs CAS,CAR,CAS,Nicholas England,0,1,0,0,not out
10,2nd,CAR vs CAS,CAR,CAS,Nikhil Reddy Kasarla,,3,0,0,run out (A Smillie)
10,2nd,CAR vs CAS,CAR,CAS,Ashvin Adihetty,,,,,did not bat
10,2nd,CAR vs CAS,CAR,CAS,Matthew Sheridan,,,,,did not bat
10,2nd,CAR vs CAS,CAR,CAS,Krishna Sridhar,,,,,did not bat
10,2nd,CAR vs CAS,CAR,CAS,Jack Stevenson,,,,,did not bat
10,2nd,MEL vs KIN,KIN,MEL,Charles Lill,10,8,2,0,c: B Keppetipola b: J Moraitis
10,2nd,MEL vs KIN,KIN,MEL,Hugh Hyslop,21,21,1,1,st: H Mckenzie b: R Majoka
10,2nd,MEL vs KIN,KIN,MEL,Benjamin Wickham,26,19,1,0,b: B Keppetipola
10,2nd,MEL vs KIN,KIN,MEL,Nikki du Toit,59,42,6,0,not out
10,2nd,MEL vs KIN,KIN,MEL,James Meehan,39,29,3,0,c: B Plumb b: J Moraitis
10,2nd,MEL vs KIN,KIN,MEL,Ritin Raman,2,1,0,0,not out
10,2nd,MEL vs KIN,KIN,MEL,Isaac Bepey,,,,,did not bat
10,2nd,MEL vs KIN,KIN,MEL,Rishi Desai,,,,,did not bat
10,2nd,MEL vs KIN,KIN,MEL,Glenn Hannah,,,,,did not bat
10,2nd,MEL vs KIN,KIN,MEL,Christopher Kellaway,,,,,did not bat
10,2nd,MEL vs KIN,KIN,MEL,Wilson McGillivray,,,,,did not bat
10,2nd,MEL vs KIN,KIN,MEL,Roland Murphy,,,,,did not bat
10,2nd,MEL vs KIN,KIN,MEL,Simon O’Brien,,,,,did not bat
10,2nd,MEL vs KIN,MEL,KIN,Vithum Sathyajith,3,5,0,0,b: I Bepey
10,2nd,MEL vs KIN,MEL,KIN,Hamish Mckenzie,3,11,0,0,c: R Raman b: I Bepey
10,2nd,MEL vs KIN,MEL,KIN,Simo Ivetic,,2,0,0,c: N du Toit b: I Bepey
10,2nd,MEL vs KIN,MEL,KIN,Brendan Plumb,22,19,0,2,c: R Desai b: S O’Brien
10,2nd,MEL vs KIN,MEL,KIN,Luke Sullivan,20,32,1,0,c: G Hannah b: R Murphy
10,2nd,MEL vs KIN,MEL,KIN,Luke Ajani,,2,0,0,b: R Desai
10,2nd,MEL vs KIN,MEL,KIN,Bhanuka Keppetipola,26,27,2,1,not out
10,2nd,MEL vs KIN,MEL,KIN,Herbie Fischbacher,14,24,1,0,not out
10,2nd,MEL vs KIN,MEL,KIN,Redwan Laghmani,,,,,did not bat
10,2nd,MEL vs KIN,MEL,KIN,Rehan Majoka,,,,,did not bat
10,2nd,MEL vs KIN,MEL,KIN,Keiran Mant,,,,,did not bat
10,2nd,MEL vs KIN,MEL,KIN,Jamie Moraitis,,,,,did not bat
10,2nd,CAM vs ESS,ESS,CAM,Adit Pawha,43,32,5,1,b: K Darji
10,2nd,CAM vs ESS,ESS,CAM,Prajay Paramesh,17,18,3,0,c: L Tobin b: N Rai
10,2nd,CAM vs ESS,ESS,CAM,Tom Scott,61,48,9,0,not out
10,2nd,CAM vs ESS,ESS,CAM,Coby Fitzsimmons,51,27,3,3,not out
10,2nd,CAM vs ESS,ESS,CAM,Reuben Jamieson,,,,,did not bat
10,2nd,CAM vs ESS,ESS,CAM,Griffin McComb,,,,,did not bat
10,2nd,CAM vs ESS,ESS,CAM,Aidan Nicholls,,,,,did not bat
10,2nd,CAM vs ESS,ESS,CAM,Samuel Olsen,,,,,did not bat
10,2nd,CAM vs ESS,ESS,CAM,Sacheen R Paramesh,,,,,did not bat
10,2nd,CAM vs ESS,ESS,CAM,Daniel Pietz,,,,,did not bat
10,2nd,CAM vs ESS,ESS,CAM,Kevin Prior,,,,,did not bat
10,2nd,CAM vs ESS,ESS,CAM,DAKSH SAINI,,,,,did not bat
10,2nd,CAM vs ESS,CAM,ESS,Aidan Salvado,4,7,1,0,lbw: A Nicholls
10,2nd,CAM vs ESS,CAM,ESS,Nicholas Markovski,4,2,1,0,b: S Paramesh
10,2nd,CAM vs ESS,CAM,ESS,Harvinder Singh,1,5,0,0,c: G McComb b: A Nicholls
10,2nd,CAM vs ESS,CAM,ESS,Ikroop Dhanoa,68,36,3,6,c: S Olsen b: R Jamieson
10,2nd,CAM vs ESS,CAM,ESS,Jarrod Parsons,2,3,0,0,c: C Fitzsimmons b: S Paramesh
10,2nd,CAM vs ESS,CAM,ESS,Vihanga Fernando,26,15,3,2,c: A Nicholls b: R Jamieson
10,2nd,CAM vs ESS,CAM,ESS,Liam Tobin,1,7,0,0,st: G McComb b: K Prior
10,2nd,CAM vs ESS,CAM,ESS,Krit Darji,1,9,0,0,c: K Prior b: D SAINI
10,2nd,CAM vs ESS,CAM,ESS,Arin Mishra,13,18,1,0,lbw: S Paramesh
10,2nd,CAM vs ESS,CAM,ESS,Ethan Brne,10,7,2,0,not out
10,2nd,CAM vs ESS,CAM,ESS,Henry Robertson,2,5,0,0,c: C Fitzsimmons b: K Prior
10,2nd,CAM vs ESS,CAM,ESS,Navdeep Rai,,,,,did not bat
10,2nd,RIC vs DAN,DAN,RIC,Tyler Hoffman,4,9,0,0,b: H Wrigglesworth
10,2nd,RIC vs DAN,DAN,RIC,Jack Iverson,10,6,1,1,c: M Marinic b: P Hirani
10,2nd,RIC vs DAN,DAN,RIC,Ranbir Singh,1,5,0,0,b: P Hirani
10,2nd,RIC vs DAN,DAN,RIC,Archit Bhatia,28,27,3,0,c: T Morrison b: M Marinic
10,2nd,RIC vs DAN,DAN,RIC,Max Parker,13,24,0,0,c&b: A Fernando
10,2nd,RIC vs DAN,DAN,RIC,Griffin Box,41,27,6,0,not out
10,2nd,RIC vs DAN,DAN,RIC,Kurt Heigl,29,20,3,0,c: A Fernando b: T Evans
10,2nd,RIC vs DAN,DAN,RIC,Thomas Purcell,4,2,0,0,not out
10,2nd,RIC vs DAN,DAN,RIC,Luke McCann,,,,,did not bat
10,2nd,RIC vs DAN,DAN,RIC,Callum McIlveen,,,,,did not bat
10,2nd,RIC vs DAN,DAN,RIC,Prithish Pancholi,,,,,did not bat
10,2nd,RIC vs DAN,DAN,RIC,Jack Trevethan,,,,,did not bat
10,2nd,RIC vs DAN,RIC,DAN,Dhanusha Gamage,55,37,6,0,c: A Bhatia b: C McIlveen
10,2nd,RIC vs DAN,RIC,DAN,Abhikaran Singh Chhina,25,15,2,2,c: G Box b: P Pancholi
10,2nd,RIC vs DAN,RIC,DAN,Tom Morrison,11,14,0,0,c: J Iverson b: G Box
10,2nd,RIC vs DAN,RIC,DAN,Aaron Fernando,10,9,1,0,b: L McCann
10,2nd,RIC vs DAN,RIC,DAN,Max Marinic,22,16,2,1,not out
10,2nd,RIC vs DAN,RIC,DAN,Venuk Hemachandra,7,4,0,1,c: T Hoffman b: C McIlveen
10,2nd,RIC vs DAN,RIC,DAN,Sayed Rihan,2,5,0,0,c: M Parker b: P Pancholi
10,2nd,RIC vs DAN,RIC,DAN,Christian Smith,5,5,0,0,c: G Box b: C McIlveen
10,2nd,RIC vs DAN,RIC,DAN,Tyler Evans,1,3,0,0,not out
10,2nd,RIC vs DAN,RIC,DAN,Parth Hirani,,,,,did not bat
10,2nd,RIC vs DAN,RIC,DAN,Hayden Wrigglesworth,,,,,did not bat
10,2nd,GEE vs FOO,FOO,GEE,Ryan Aikman,23,23,1,0,b: D Kumar
10,2nd,GEE vs FOO,FOO,GEE,Lincoln Koliba,6,10,1,0,c: A D'Souza b: A Frost
10,2nd,GEE vs FOO,FOO,GEE,Cody Brogden,42,36,5,0,c: B Aggelis b: L Fitzgerald
10,2nd,GEE vs FOO,FOO,GEE,Ted Bain,36,28,4,0,c: A Frost b: L Gilham
10,2nd,GEE vs FOO,FOO,GEE,Sam Croft,30,23,4,0,c: A Nadeem b: A Frost
10,2nd,GEE vs FOO,FOO,GEE,Monty Maloney,4,1,1,0,not out
10,2nd,GEE vs FOO,FOO,GEE,Santhosh Ramireddy,,1,0,0,c: M Hatzoglou b: A Frost
10,2nd,GEE vs FOO,FOO,GEE,Josh Collins,0,1,0,0,not out
10,2nd,GEE vs FOO,FOO,GEE,Nathan Harper,,,,,did not bat
10,2nd,GEE vs FOO,FOO,GEE,Paawan Sharma,,,,,did not bat
10,2nd,GEE vs FOO,FOO,GEE,Joshua Slater,,,,,did not bat
10,2nd,GEE vs FOO,FOO,GEE,Patrick Sullivan,,,,,did not bat
10,2nd,GEE vs FOO,GEE,FOO,Aayan Nadeem,29,29,3,0,c: M Maloney b: J Collins
10,2nd,GEE vs FOO,GEE,FOO,Max Hatzoglou,66,52,2,3,not out
10,2nd,GEE vs FOO,GEE,FOO,Daksh Kumar,10,12,1,0,c: J Collins b: J Slater
10,2nd,GEE vs FOO,GEE,FOO,Ashton Frost,3,6,0,0,c: b: N Harper
10,2nd,GEE vs FOO,GEE,FOO,Alfie Miles,12,11,1,0,c: S Croft b: J Slater
10,2nd,GEE vs FOO,GEE,FOO,Luke Gilham,8,7,1,0,b: N Harper
10,2nd,GEE vs FOO,GEE,FOO,Cam Jenkins,4,4,0,0,not out
10,2nd,GEE vs FOO,GEE,FOO,Blake Aggelis,,,,,did not bat
10,2nd,GEE vs FOO,GEE,FOO,Dezi Carter,,,,,did not bat
10,2nd,GEE vs FOO,GEE,FOO,Aiden D'Souza,,,,,did not bat
10,2nd,GEE vs FOO,GEE,FOO,Lachlan Fitzgerald,,,,,did not bat
10,2nd,GEE vs FOO,GEE,FOO,Declan O'Brien,,,,,did not bat
10,2nd,FIT vs NOR,NOR,FIT,Blake Podesta,12,16,2,0,c: A Howard b: E Dicesare
10,2nd,FIT vs NOR,NOR,FIT,Brodie Richardson,,2,0,0,c: M Jephcott b: A Howard
10,2nd,FIT vs NOR,NOR,FIT,Liam Russell,15,26,1,0,c: R Lane b: E Sharkey
10,2nd,FIT vs NOR,NOR,FIT,Mark Phelan,63,43,3,4,not out
10,2nd,FIT vs NOR,NOR,FIT,Rupptaz Kharoud,13,12,1,0,c: R Siede b: A Howard
10,2nd,FIT vs NOR,NOR,FIT,Zachary Macciocca,20,17,1,0,b: S Storey
10,2nd,FIT vs NOR,NOR,FIT,Matthew Bremner,8,5,1,0,c: B Pereara b: A Howard
10,2nd,FIT vs NOR,NOR,FIT,Benjamin Donnellan,,,,,did not bat
10,2nd,FIT vs NOR,NOR,FIT,Gurnaz Khatra,,,,,did not bat
10,2nd,FIT vs NOR,NOR,FIT,Liam Myott,,,,,did not bat
10,2nd,FIT vs NOR,NOR,FIT,Angus Robinson,,,,,did not bat
10,2nd,FIT vs NOR,NOR,FIT,Kobe Smith,,,,,did not bat
10,2nd,FIT vs NOR,FIT,NOR,Michael Jephcott,54,41,4,2,b: G Khatra
10,2nd,FIT vs NOR,FIT,NOR,Bailey Hosemans,5,4,1,0,c&b: L Myott
10,2nd,FIT vs NOR,FIT,NOR,Samson Storey,3,13,0,0,c: B Richardson b: L Myott
10,2nd,FIT vs NOR,FIT,NOR,Daniel Lalor,18,21,0,1,c: B Richardson b: R Kharoud
10,2nd,FIT vs NOR,FIT,NOR,Earl Dicesare,12,15,0,0,c: A Robinson b: K Smith
10,2nd,FIT vs NOR,FIT,NOR,Ben Pereara,18,17,1,0,c: M Bremner b: A Robinson
10,2nd,FIT vs NOR,FIT,NOR,Archie Lalor,12,9,0,0,not out
10,2nd,FIT vs NOR,FIT,NOR,Ryan Siede,3,3,0,0,not out
10,2nd,FIT vs NOR,FIT,NOR,Jimmy Anderson,,,,,did not bat
10,2nd,FIT vs NOR,FIT,NOR,Adam Howard,,,,,did not bat
10,2nd,FIT vs NOR,FIT,NOR,Roby Lane,,,,,did not bat
10,2nd,FIT vs NOR,FIT,NOR,Ethan Sharkey,,,,,did not bat
10,2nd,PRA vs GRE,GRE,PRA,Lachlan Zissis,7,9,1,0,c: B Kelly b: M Cross
10,2nd,PRA vs GRE,GRE,PRA,Travis Jackson,20,22,1,1,lbw: E Singh
10,2nd,PRA vs GRE,GRE,PRA,Max Delaney,,2,0,0,c: L Dichiera b: D Highgate
10,2nd,PRA vs GRE,GRE,PRA,William Collins,90,53,12,1,c: C Burton b: M Cross
10,2nd,PRA vs GRE,GRE,PRA,Will Scott,42,34,5,0,not out
10,2nd,PRA vs GRE,GRE,PRA,Nathan A Munasinghe,4,1,1,0,not out
10,2nd,PRA vs GRE,GRE,PRA,Hugh Birchall,,,,,did not bat
10,2nd,PRA vs GRE,GRE,PRA,James Boyce,,,,,did not bat
10,2nd,PRA vs GRE,GRE,PRA,Saksham Kapoor,,,,,did not bat
10,2nd,PRA vs GRE,GRE,PRA,Max Keogh,,,,,did not bat
10,2nd,PRA vs GRE,GRE,PRA,Parth Rath,,,,,did not bat
10,2nd,PRA vs GRE,GRE,PRA,Oliver Willett,,,,,did not bat
10,2nd,PRA vs GRE,PRA,GRE,Kanishk Bollu,22,21,2,1,c: O Willett b: W Collins
10,2nd,PRA vs GRE,PRA,GRE,Aryan Sharma,18,11,2,1,c: J Boyce b: W Collins
10,2nd,PRA vs GRE,PRA,GRE,Angus Webb,55,49,4,2,b: J Boyce
10,2nd,PRA vs GRE,PRA,GRE,Conroy Burton,15,10,2,0,lbw: S Kapoor
10,2nd,PRA vs GRE,PRA,GRE,Panav Jaura,,1,0,0,c: M Keogh b: S Kapoor
10,2nd,PRA vs GRE,PRA,GRE,Bernard Kelly,13,17,0,0,not out
10,2nd,PRA vs GRE,PRA,GRE,Lewis Dichiera,5,7,0,0,c: N Munasinghe b: H Birchall
10,2nd,PRA vs GRE,PRA,GRE,Declan Highgate,6,5,0,0,not out
10,2nd,PRA vs GRE,PRA,GRE,Michael Cross,,,,,did not bat
10,2nd,PRA vs GRE,PRA,GRE,Aidan McConnell,,,,,did not bat
10,2nd,PRA vs GRE,PRA,GRE,Eshann Singh,,,,,did not bat
10,2nd,PRA vs GRE,PRA,GRE,Tobias Sutherland,,,,,did not bat
10,2nd,RIN vs FRA,FRA,RIN,Patrick Gouge,1,3,0,0,c: L McConnell b: L Hose
10,2nd,RIN vs FRA,FRA,RIN,daniel ivanovic,53,51,4,0,c: H Wallace b: J Matheson
10,2nd,RIN vs FRA,FRA,RIN,Harry Flynn,1,4,0,0,c: S van Wijk b: H Mohade
10,2nd,RIN vs FRA,FRA,RIN,Mark Donegan,5,10,0,0,c: P Parsons b: H Wallace
10,2nd,RIN vs FRA,FRA,RIN,Matthew Mountain,2,6,0,0,c: S van Wijk b: H Wallace
10,2nd,RIN vs FRA,FRA,RIN,Luke Tully,,1,0,0,c: S van Wijk b: H Wallace
10,2nd,RIN vs FRA,FRA,RIN,Jackson Edwards,4,9,0,0,lbw: J Dignan
10,2nd,RIN vs FRA,FRA,RIN,Bailey O’Riley,38,28,0,3,b: H Mohade
10,2nd,RIN vs FRA,FRA,RIN,Gabe Lawson,1,3,0,0,c: C Remy b: J Matheson
10,2nd,RIN vs FRA,FRA,RIN,Liam Walker,1,2,0,0,c: J Matheson b: H Mohade
10,2nd,RIN vs FRA,FRA,RIN,Jack Martin,1,1,0,0,not out
10,2nd,RIN vs FRA,FRA,RIN,Jonathan Farrand,,,,,did not bat
10,2nd,RIN vs FRA,RIN,FRA,Lucas McConnell,15,22,2,0,c: J Farrand b: J Martin
10,2nd,RIN vs FRA,RIN,FRA,Cooper Remy,22,29,3,0,c: J Martin b: B O’Riley
10,2nd,RIN vs FRA,RIN,FRA,Joshua Edwards,43,40,4,0,lbw: L Tully
10,2nd,RIN vs FRA,RIN,FRA,Sean van Wijk,23,21,2,0,not out
10,2nd,RIN vs FRA,RIN,FRA,Sean Parker,4,4,0,0,not out
10,2nd,RIN vs FRA,RIN,FRA,Jye Dignan,,,,,did not bat
10,2nd,RIN vs FRA,RIN,FRA,Matthew Gapes,,,,,did not bat
10,2nd,RIN vs FRA,RIN,FRA,Lachlan Hose,,,,,did not bat
10,2nd,RIN vs FRA,RIN,FRA,Jamie Matheson,,,,,did not bat
10,2nd,RIN vs FRA,RIN,FRA,Harsh Laxmikant Mohade,,,,,did not bat
10,2nd,RIN vs FRA,RIN,FRA,Patrick Parsons,,,,,did not bat
10,2nd,RIN vs FRA,RIN,FRA,Harrison Wallace,,,,,did not bat
11,2nd,FIT vs CAR,CAR,FIT,Blake Podesta,1,7,0,0,c: J Tamber b: A Smillie
11,2nd,FIT vs CAR,CAR,FIT,Brodie Richardson,9,10,0,0,b: N Brennan
11,2nd,FIT vs CAR,CAR,FIT,tom kellar,10,20,1,0,c: L Shinn-mahony b: H Edwards
11,2nd,FIT vs CAR,CAR,FIT,Mark Phelan,25,25,0,1,c: L Cavigan b: S Morrow
11,2nd,FIT vs CAR,CAR,FIT,Zachary Macciocca,70,39,7,3,not out
11,2nd,FIT vs CAR,CAR,FIT,Rupptaz Kharoud,4,3,1,0,b: S Morrow
11,2nd,FIT vs CAR,CAR,FIT,Liam Russell,,1,0,0,c: S Wray b: N Brennan
11,2nd,FIT vs CAR,CAR,FIT,Matthew Bremner,5,7,0,0,b: H Edwards
11,2nd,FIT vs CAR,CAR,FIT,Angus Robinson,12,7,0,1,c: H Edwards b: S Morrow
11,2nd,FIT vs CAR,CAR,FIT,Gurnaz Khatra,1,1,0,0,not out
11,2nd,FIT vs CAR,CAR,FIT,Liam Myott,,,,,did not bat
11,2nd,FIT vs CAR,CAR,FIT,Kobe Smith,,,,,did not bat
11,2nd,FIT vs CAR,FIT,CAR,Lucas Cavigan,12,24,0,0,b: G Khatra
11,2nd,FIT vs CAR,FIT,CAR,Andrew Lewis Poppa,1,3,0,0,c: t kellar b: K Smith
11,2nd,FIT vs CAR,FIT,CAR,Lachlan Shinn-mahony,3,8,0,0,c: M Bremner b: K Smith
11,2nd,FIT vs CAR,FIT,CAR,Nicholas Ross,15,14,0,0,c: L Russell b: B Richardson
11,2nd,FIT vs CAR,FIT,CAR,Keir Lucas,28,30,1,0,not out
11,2nd,FIT vs CAR,FIT,CAR,Akshith Sriram,6,6,0,0,b: B Richardson
11,2nd,FIT vs CAR,FIT,CAR,Henry Edwards,,1,0,0,b: B Richardson
11,2nd,FIT vs CAR,FIT,CAR,Spencer Wray,3,6,0,0,c: M Bremner b: B Richardson
11,2nd,FIT vs CAR,FIT,CAR,Nicholas Brennan,20,12,2,1,c: t kellar b: A Robinson
11,2nd,FIT vs CAR,FIT,CAR,Sean Morrow,9,11,0,0,c: t kellar b: A Robinson
11,2nd,FIT vs CAR,FIT,CAR,Aaron Smillie,9,8,0,0,not out
11,2nd,FIT vs CAR,FIT,CAR,Jujhar Singh Tamber,,,,,did not bat
10,2nd,ST vs MEL,MEL,ST,Ashish Ashish,15,22,1,0,c&b: K Kumar
10,2nd,ST vs MEL,MEL,ST,Jack Cunnington,7,9,1,0,c: K Kumar b: J Lyndon
10,2nd,ST vs MEL,MEL,ST,Angus Newman,21,20,0,1,c: N Sharma b: K Kumar
10,2nd,ST vs MEL,MEL,ST,Cooper Rojko,9,9,1,0,c: A Khan b: O Patel
10,2nd,ST vs MEL,MEL,ST,Reyaan Farooq,24,22,2,1,run out (L Hatzoglou)
10,2nd,ST vs MEL,MEL,ST,Henry Gray,27,25,2,0,c: J Prakash b: J Lyndon
10,2nd,ST vs MEL,MEL,ST,Guy Barnes,1,2,0,0,lbw: O Patel
10,2nd,ST vs MEL,MEL,ST,Jobe Kennedy,,1,0,0,b: O Patel
10,2nd,ST vs MEL,MEL,ST,James Gray,1,2,0,0,b: O Patel
10,2nd,ST vs MEL,MEL,ST,Lachlan Graf,8,6,0,1,c&b: E Durrant
10,2nd,ST vs MEL,MEL,ST,Harry Jones,0,0,0,0,not out
10,2nd,ST vs MEL,MEL,ST,Luke Gandy,,,,,did not bat
10,2nd,ST vs MEL,ST,MEL,Tom Mileto,11,10,2,0,c: L Gandy b: A Newman
10,2nd,ST vs MEL,ST,MEL,Janak Prakash,24,18,3,0,c: J Gray b: H Jones
10,2nd,ST vs MEL,ST,MEL,Ali Khan,45,41,2,0,not out
10,2nd,ST vs MEL,ST,MEL,Benjamin Rolfs,9,12,0,0,c: G Barnes b: J Gray
10,2nd,ST vs MEL,ST,MEL,Naman Sharma,19,14,1,1,not out
10,2nd,ST vs MEL,ST,MEL,James Browning,,,,,did not bat
10,2nd,ST vs MEL,ST,MEL,Elliott Durrant,,,,,did not bat
10,2nd,ST vs MEL,ST,MEL,Leo Hatzoglou,,,,,did not bat
10,2nd,ST vs MEL,ST,MEL,Krish Kumar,,,,,did not bat
10,2nd,ST vs MEL,ST,MEL,Jack Lyndon,,,,,did not bat
10,2nd,ST vs MEL,ST,MEL,Om Patel,,,,,did not bat
10,2nd,ST vs MEL,ST,MEL,Tim Young,,,,,did not bat
11,2nd,DAN vs RIN,RIN,DAN,Dhanusha Gamage,5,6,1,0,c&b: J Farrand
11,2nd,DAN vs RIN,RIN,DAN,Abhikaran Singh Chhina,11,6,1,1,c: J Martin b: L Walker
11,2nd,DAN vs RIN,RIN,DAN,Venuk Hemachandra,7,5,0,1,c: L Tully b: J Farrand
11,2nd,DAN vs RIN,RIN,DAN,Aaron Fernando,19,19,1,0,"run out (L Walker, J Martin)"
11,2nd,DAN vs RIN,RIN,DAN,Tom Morrison,75,52,7,3,c: P Gouge b: L Walker
11,2nd,DAN vs RIN,RIN,DAN,Max Marinic,14,15,0,1,c: H Flynn b: L Tully
11,2nd,DAN vs RIN,RIN,DAN,Sayed Rihan,24,15,4,0,not out
11,2nd,DAN vs RIN,RIN,DAN,Tyler Evans,6,2,0,1,b: J Martin
11,2nd,DAN vs RIN,RIN,DAN,Christian Smith,,1,0,0,c: L Walker b: J Martin
11,2nd,DAN vs RIN,RIN,DAN,Hayden Wrigglesworth,1,1,0,0,not out
11,2nd,DAN vs RIN,RIN,DAN,Parth Hirani,,,,,did not bat
11,2nd,DAN vs RIN,DAN,RIN,Patrick Gouge,17,12,3,0,c: A Chhina b: P Hirani
11,2nd,DAN vs RIN,DAN,RIN,daniel ivanovic,43,36,6,0,b: M Marinic
11,2nd,DAN vs RIN,DAN,RIN,Harry Flynn,,2,0,0,b: P Hirani
11,2nd,DAN vs RIN,DAN,RIN,Mark Donegan,91,36,6,9,c: T Evans b: H Wrigglesworth
11,2nd,DAN vs RIN,DAN,RIN,Matthew Mountain,17,13,0,1,not out
11,2nd,DAN vs RIN,DAN,RIN,Luke Tully,4,6,0,0,not out
11,2nd,DAN vs RIN,DAN,RIN,Jackson Edwards,,,,,did not bat
11,2nd,DAN vs RIN,DAN,RIN,Jonathan Farrand,,,,,did not bat
11,2nd,DAN vs RIN,DAN,RIN,Gabe Lawson,,,,,did not bat
11,2nd,DAN vs RIN,DAN,RIN,Jack Martin,,,,,did not bat
11,2nd,DAN vs RIN,DAN,RIN,Bailey O’Riley,,,,,did not bat
11,2nd,DAN vs RIN,DAN,RIN,Liam Walker,,,,,did not bat
11,2nd,RIC vs FRA,FRA,RIC,Tyler Hoffman,1,3,0,0,st: S van Wijk b: L Hose
11,2nd,RIC vs FRA,FRA,RIC,Jack Iverson,57,48,3,2,c: J Matheson b: H Wallace
11,2nd,RIC vs FRA,FRA,RIC,Archit Bhatia,3,5,0,0,c: L Hose b: H Mohade
11,2nd,RIC vs FRA,FRA,RIC,Kurt Heigl,46,43,3,0,not out
11,2nd,RIC vs FRA,FRA,RIC,Thomas Purcell,5,3,1,0,b: L Hose
11,2nd,RIC vs FRA,FRA,RIC,Max Parker,2,5,0,0,c: L McConnell b: J Matheson
11,2nd,RIC vs FRA,FRA,RIC,Griffin Box,11,6,0,1,c: J Matheson b: H Wallace
11,2nd,RIC vs FRA,FRA,RIC,Callum McIlveen,17,7,3,0,not out
11,2nd,RIC vs FRA,FRA,RIC,Caiden Dobson,,,,,did not bat
11,2nd,RIC vs FRA,FRA,RIC,Luke McCann,,,,,did not bat
11,2nd,RIC vs FRA,FRA,RIC,Prithish Pancholi,,,,,did not bat
11,2nd,RIC vs FRA,FRA,RIC,Jack Trevethan,,,,,did not bat
11,2nd,RIC vs FRA,RIC,FRA,Lucas McConnell,5,5,1,0,lbw: G Box
11,2nd,RIC vs FRA,RIC,FRA,Cooper Remy,6,8,1,0,c: C McIlveen b: J Trevethan
11,2nd,RIC vs FRA,RIC,FRA,Joshua Edwards,15,19,1,0,c: M Parker b: L McCann
11,2nd,RIC vs FRA,RIC,FRA,Sean van Wijk,9,13,1,0,c: M Parker b: P Pancholi
11,2nd,RIC vs FRA,RIC,FRA,Sean Parker,28,15,2,2,lbw: C Dobson
11,2nd,RIC vs FRA,RIC,FRA,Patrick Parsons,19,20,1,1,b: C McIlveen
11,2nd,RIC vs FRA,RIC,FRA,Matthew Gapes,3,4,0,0,c: T Purcell b: C Dobson
11,2nd,RIC vs FRA,RIC,FRA,Harsh Laxmikant Mohade,11,11,0,0,c: C McIlveen b: J Trevethan
11,2nd,RIC vs FRA,RIC,FRA,Harrison Wallace,,3,0,0,c: C McIlveen b: J Trevethan
11,2nd,RIC vs FRA,RIC,FRA,Lachlan Hose,,2,0,0,c: M Parker b: J Trevethan
11,2nd,RIC vs FRA,RIC,FRA,Jye Dignan,4,6,0,0,not out
11,2nd,RIC vs FRA,RIC,FRA,Jamie Matheson,,,,,did not bat
11,2nd,GEE vs ESS,ESS,GEE,Ryan Aikman,17,17,2,0,c&b: A Mishra
11,2nd,GEE vs ESS,ESS,GEE,Lincoln Koliba,42,39,5,0,c&b: A Mishra
11,2nd,GEE vs ESS,ESS,GEE,Cody Brogden,3,3,0,0,c: E Brne b: A Mishra
11,2nd,GEE vs ESS,ESS,GEE,Ted Bain,1,3,0,0,c: J Parsons b: A Mishra
11,2nd,GEE vs ESS,ESS,GEE,Santhosh Ramireddy,2,4,0,0,b: H Robertson
11,2nd,GEE vs ESS,ESS,GEE,Monty Maloney,6,6,1,0,b: I Dhanoa
11,2nd,GEE vs ESS,ESS,GEE,Sam Croft,29,23,3,0,b: N Rai
11,2nd,GEE vs ESS,ESS,GEE,Josh Collins,7,11,0,0,lbw: I Dhanoa
11,2nd,GEE vs ESS,ESS,GEE,Paawan Sharma,15,14,2,0,not out
11,2nd,GEE vs ESS,ESS,GEE,Patrick Sullivan,1,2,0,0,c: K Darji b: N Rai
11,2nd,GEE vs ESS,ESS,GEE,Joshua Slater,0,1,0,0,not out
11,2nd,GEE vs ESS,ESS,GEE,Nathan Harper,,,,,did not bat
11,2nd,GEE vs ESS,GEE,ESS,Aidan Salvado,36,40,6,0,lbw: J Collins
11,2nd,GEE vs ESS,GEE,ESS,Nicholas Markovski,9,7,0,1,c: b: N Harper
11,2nd,GEE vs ESS,GEE,ESS,Ikroop Dhanoa,29,27,3,0,c: S Ramireddy b: P Sullivan
11,2nd,GEE vs ESS,GEE,ESS,Harvinder Singh,20,16,2,1,b: S Croft
11,2nd,GEE vs ESS,GEE,ESS,Jarrod Parsons,3,10,0,0,st: R Aikman b: S Croft
11,2nd,GEE vs ESS,GEE,ESS,Arin Mishra,16,11,0,1,not out
11,2nd,GEE vs ESS,GEE,ESS,Vihanga Fernando,7,7,0,0,b: S Croft
11,2nd,GEE vs ESS,GEE,ESS,Krit Darji,1,2,0,0,not out
11,2nd,GEE vs ESS,GEE,ESS,Ethan Brne,,,,,did not bat
11,2nd,GEE vs ESS,GEE,ESS,Navdeep Rai,,,,,did not bat
11,2nd,GEE vs ESS,GEE,ESS,Henry Robertson,,,,,did not bat
11,2nd,GEE vs ESS,GEE,ESS,Liam Tobin,,,,,did not bat
11,2nd,PRA vs KIN,KIN,PRA,Lachlan Zissis,33,16,3,3,c: H Fischbacher b: B Keppetipola
11,2nd,PRA vs KIN,KIN,PRA,Travis Jackson,5,5,1,0,c&b: J Moraitis
11,2nd,PRA vs KIN,KIN,PRA,Max Delaney,56,41,6,0,st: H Mckenzie b: R Majoka
11,2nd,PRA vs KIN,KIN,PRA,William Collins,42,27,2,2,b: R Laghmani
11,2nd,PRA vs KIN,KIN,PRA,Will Scott,20,14,1,1,c: B Keppetipola b: H Fischbacher
11,2nd,PRA vs KIN,KIN,PRA,Oliver Willett,24,15,4,0,c: B Keppetipola b: J Moraitis
11,2nd,PRA vs KIN,KIN,PRA,Nathan A Munasinghe,1,1,0,0,run out (J Moraitis)
11,2nd,PRA vs KIN,KIN,PRA,Saksham Kapoor,2,2,0,0,not out
11,2nd,PRA vs KIN,KIN,PRA,James Boyce,3,2,0,0,not out
11,2nd,PRA vs KIN,KIN,PRA,Hugh Birchall,,,,,did not bat
11,2nd,PRA vs KIN,KIN,PRA,Max Keogh,,,,,did not bat
11,2nd,PRA vs KIN,KIN,PRA,Parth Rath,,,,,did not bat
11,2nd,PRA vs KIN,PRA,KIN,Herbie Fischbacher,2,4,0,0,c: S Kapoor b: W Scott
11,2nd,PRA vs KIN,PRA,KIN,Redwan Laghmani,1,3,0,0,c&b: W Collins
11,2nd,PRA vs KIN,PRA,KIN,Vithum Sathyajith,13,16,0,0,c: M Keogh b: J Boyce
11,2nd,PRA vs KIN,PRA,KIN,Brendan Plumb,,2,0,0,c: O Willett b: W Scott
11,2nd,PRA vs KIN,PRA,KIN,Simo Ivetic,14,20,1,0,c: O Willett b: J Boyce
11,2nd,PRA vs KIN,PRA,KIN,Hamish Mckenzie,10,10,1,0,not out
11,2nd,PRA vs KIN,PRA,KIN,Rehan Majoka,2,3,0,0,not out
11,2nd,PRA vs KIN,PRA,KIN,Luke Ajani,,,,,did not bat
11,2nd,PRA vs KIN,PRA,KIN,Bhanuka Keppetipola,,,,,did not bat
11,2nd,PRA vs KIN,PRA,KIN,Keiran Mant,,,,,did not bat
11,2nd,PRA vs KIN,PRA,KIN,Jamie Moraitis,,,,,did not bat
11,2nd,PRA vs KIN,PRA,KIN,Luke Sullivan,,,,,did not bat
11,2nd,FOO vs CAM,CAM,FOO,Aayan Nadeem,12,9,2,0,c: S Olsen b: A Nicholls
11,2nd,FOO vs CAM,CAM,FOO,Max Hatzoglou,,1,0,0,c: C Fitzsimmons b: A Nicholls
11,2nd,FOO vs CAM,CAM,FOO,Alfie Miles,9,8,1,0,c&b: A Nicholls
11,2nd,FOO vs CAM,CAM,FOO,Ashton Frost,9,11,1,0,"run out (G McComb, C Fitzsimmons)"
11,2nd,FOO vs CAM,CAM,FOO,Daksh Kumar,11,16,0,0,st: G McComb b: K Prior
11,2nd,FOO vs CAM,CAM,FOO,Dezi Carter,22,36,0,0,b: D Pietz
11,2nd,FOO vs CAM,CAM,FOO,Cam Jenkins,6,12,0,0,run out (K Prior)
11,2nd,FOO vs CAM,CAM,FOO,Luke Gilham,6,8,1,0,b: R Jamieson
11,2nd,FOO vs CAM,CAM,FOO,Lachlan Fitzgerald,15,11,2,1,c: A Pawha b: D Pietz
11,2nd,FOO vs CAM,CAM,FOO,Blake Aggelis,5,5,0,0,c: G McComb b: S Paramesh
11,2nd,FOO vs CAM,CAM,FOO,Aiden D'Souza,1,3,0,0,not out
11,2nd,FOO vs CAM,CAM,FOO,Declan O'Brien,,,,,did not bat
11,2nd,FOO vs CAM,FOO,CAM,Adit Pawha,39,31,4,1,b: A Frost
11,2nd,FOO vs CAM,FOO,CAM,Prajay Paramesh,9,8,1,0,c: A Nadeem b: A Frost
11,2nd,FOO vs CAM,FOO,CAM,Tom Scott,30,30,2,1,b: A Frost
11,2nd,FOO vs CAM,FOO,CAM,Coby Fitzsimmons,16,14,1,1,not out
11,2nd,FOO vs CAM,FOO,CAM,Griffin McComb,15,17,0,2,not out
11,2nd,FOO vs CAM,FOO,CAM,Reuben Jamieson,,,,,did not bat
11,2nd,FOO vs CAM,FOO,CAM,Aidan Nicholls,,,,,did not bat
11,2nd,FOO vs CAM,FOO,CAM,Samuel Olsen,,,,,did not bat
11,2nd,FOO vs CAM,FOO,CAM,Sacheen R Paramesh,,,,,did not bat
11,2nd,FOO vs CAM,FOO,CAM,Daniel Pietz,,,,,did not bat
11,2nd,FOO vs CAM,FOO,CAM,Kevin Prior,,,,,did not bat
11,2nd,FOO vs CAM,FOO,CAM,DAKSH SAINI,,,,,did not bat
11,2nd,GRE vs ST,ST,GRE,Kanishk Bollu,15,16,2,0,c: G Barnes b: J Gray
11,2nd,GRE vs ST,ST,GRE,Aryan Sharma,6,10,1,0,c&b: L Gandy
11,2nd,GRE vs ST,ST,GRE,Angus Webb,23,26,2,0,c: J Cunnington b: L Graf
11,2nd,GRE vs ST,ST,GRE,Conroy Burton,53,46,4,0,not out
11,2nd,GRE vs ST,ST,GRE,Panav Jaura,21,17,1,1,c: J Cunnington b: H Jones
11,2nd,GRE vs ST,ST,GRE,Lewis Dichiera,4,2,1,0,c: J Kennedy b: H Jones
11,2nd,GRE vs ST,ST,GRE,Bernard Kelly,5,3,1,0,not out
11,2nd,GRE vs ST,ST,GRE,Michael Cross,,,,,did not bat
11,2nd,GRE vs ST,ST,GRE,Declan Highgate,,,,,did not bat
11,2nd,GRE vs ST,ST,GRE,Aidan McConnell,,,,,did not bat
11,2nd,GRE vs ST,ST,GRE,Eshann Singh,,,,,did not bat
11,2nd,GRE vs ST,ST,GRE,Tobias Sutherland,,,,,did not bat
11,2nd,GRE vs ST,GRE,ST,Jack Cunnington,13,15,2,0,not out
11,2nd,GRE vs ST,GRE,ST,Ashish Ashish,14,15,2,0,not out
11,2nd,GRE vs ST,GRE,ST,Guy Barnes,,,,,did not bat
11,2nd,GRE vs ST,GRE,ST,Reyaan Farooq,,,,,did not bat
11,2nd,GRE vs ST,GRE,ST,Luke Gandy,,,,,did not bat
11,2nd,GRE vs ST,GRE,ST,Lachlan Graf,,,,,did not bat
11,2nd,GRE vs ST,GRE,ST,Henry Gray,,,,,did not bat
11,2nd,GRE vs ST,GRE,ST,James Gray,,,,,did not bat
11,2nd,GRE vs ST,GRE,ST,Harry Jones,,,,,did not bat
11,2nd,GRE vs ST,GRE,ST,Jobe Kennedy,,,,,did not bat
11,2nd,GRE vs ST,GRE,ST,Angus Newman,,,,,did not bat
11,2nd,GRE vs ST,GRE,ST,Cooper Rojko,,,,,did not bat
11,2nd,NOR vs CAS,CAS,NOR,Michael Jephcott,16,17,3,0,c: V Mohotty b: A Adihetty
11,2nd,NOR vs CAS,CAS,NOR,Bailey Hosemans,44,34,2,3,c: J Long b: A Abeyesekera
11,2nd,NOR vs CAS,CAS,NOR,Samson Storey,10,14,1,0,c: C Benedek b: M Sheridan
11,2nd,NOR vs CAS,CAS,NOR,Daniel Lalor,26,24,1,1,c: N Kasarla b: J Stevenson
11,2nd,NOR vs CAS,CAS,NOR,Earl Dicesare,3,7,0,0,c: N England b: J Stevenson
11,2nd,NOR vs CAS,CAS,NOR,Ben Pereara,7,9,0,0,c: N Kasarla b: J Stevenson
11,2nd,NOR vs CAS,CAS,NOR,Thomas Cuthbert,6,8,0,0,"run out (V Mohotty, J Stevenson)"
11,2nd,NOR vs CAS,CAS,NOR,Ryan Siede,,3,0,0,c: L Wilton b: E Allaway
11,2nd,NOR vs CAS,CAS,NOR,Adam Howard,1,2,0,0,b: E Allaway
11,2nd,NOR vs CAS,CAS,NOR,Jimmy Anderson,1,1,0,0,"run out (J Stevenson, N England)"
11,2nd,NOR vs CAS,CAS,NOR,Roby Lane,0,1,0,0,not out
11,2nd,NOR vs CAS,CAS,NOR,Ethan Sharkey,,,,,did not bat
11,2nd,NOR vs CAS,NOR,CAS,Jacob Long,28,33,1,1,c: J Anderson b: E Sharkey
11,2nd,NOR vs CAS,NOR,CAS,Jaskabeer Singh,10,16,2,0,c: D Lalor b: E Dicesare
11,2nd,NOR vs CAS,NOR,CAS,Aaron Abeyesekera,41,17,3,3,c: J Anderson b: R Siede
11,2nd,NOR vs CAS,NOR,CAS,Vinu Mohotty,9,13,0,0,run out (R Lane)
11,2nd,NOR vs CAS,NOR,CAS,Chris Benedek,20,18,2,0,not out
11,2nd,NOR vs CAS,NOR,CAS,Lenny Wilton,12,8,1,1,not out
11,2nd,NOR vs CAS,NOR,CAS,Ashvin Adihetty,,,,,did not bat
11,2nd,NOR vs CAS,NOR,CAS,Evan Allaway,,,,,did not bat
11,2nd,NOR vs CAS,NOR,CAS,Nicholas England,,,,,did not bat
11,2nd,NOR vs CAS,NOR,CAS,Nikhil Reddy Kasarla,,,,,did not bat
11,2nd,NOR vs CAS,NOR,CAS,Matthew Sheridan,,,,,did not bat
11,2nd,NOR vs CAS,NOR,CAS,Jack Stevenson,,,,,did not bat
12,2nd,ESS vs CAR,CAR,ESS,Aidan Salvado,9,32,1,0,c: A Poppa b: S Morrow
12,2nd,ESS vs CAR,CAR,ESS,Nicholas Markovski,6,12,1,0,c: A Sriram b: N Brennan
12,2nd,ESS vs CAR,CAR,ESS,Simrth Singh Gill,14,18,2,0,c: N Ross b: L Brasher
12,2nd,ESS vs CAR,CAR,ESS,Vihanga Fernando,18,50,3,0,c: L Shinn-mahony b: H Edwards
12,2nd,ESS vs CAR,CAR,ESS,Liam Tobin,,4,0,0,c: A Poppa b: S Morrow
12,2nd,ESS vs CAR,CAR,ESS,Jarrod Parsons,34,65,4,0,c: K Lucas b: H Edwards
12,2nd,ESS vs CAR,CAR,ESS,Krit Darji,17,36,1,0,run out (A Smillie)
12,2nd,ESS vs CAR,CAR,ESS,Arin Mishra,20,23,3,0,c: A Smillie b: A Sriram
12,2nd,ESS vs CAR,CAR,ESS,Ethan Brne,,2,0,0,b: H Edwards
12,2nd,ESS vs CAR,CAR,ESS,Henry Robertson,,4,0,0,run out (N Ross)
12,2nd,ESS vs CAR,CAR,ESS,Jacob Pawlowicz,2,2,0,0,not out
12,2nd,ESS vs CAR,CAR,ESS,Navdeep Rai,,,,,did not bat
12,2nd,ESS vs CAR,ESS,CAR,Keir Lucas,22,34,4,0,c: E Brne b: A Mishra
12,2nd,ESS vs CAR,ESS,CAR,Spencer Wray,7,21,1,0,c: E Brne b: A Mishra
12,2nd,ESS vs CAR,ESS,CAR,Andrew Lewis Poppa,20,22,2,0,c: N Markovski b: J Pawlowicz
12,2nd,ESS vs CAR,ESS,CAR,Lachlan Shinn-mahony,36,74,3,0,not out
12,2nd,ESS vs CAR,ESS,CAR,Nicholas Ross,50,55,7,1,not out
12,2nd,ESS vs CAR,ESS,CAR,Lucas Brasher,,,,,did not bat
12,2nd,ESS vs CAR,ESS,CAR,Nicholas Brennan,,,,,did not bat
12,2nd,ESS vs CAR,ESS,CAR,Lucas Cavigan,,,,,did not bat
12,2nd,ESS vs CAR,ESS,CAR,Henry Edwards,,,,,did not bat
12,2nd,ESS vs CAR,ESS,CAR,Sean Morrow,,,,,did not bat
12,2nd,ESS vs CAR,ESS,CAR,Aaron Smillie,,,,,did not bat
12,2nd,ESS vs CAR,ESS,CAR,Akshith Sriram,,,,,did not bat
12,2nd,FRA vs DAN,DAN,FRA,Matthew Gapes,96,121,6,3,c: P Hirani b: A Fernando
12,2nd,FRA vs DAN,DAN,FRA,Lucas McConnell,56,74,8,0,c: A Chhina b: M Marinic
12,2nd,FRA vs DAN,DAN,FRA,Sean van Wijk,51,75,2,0,not out
12,2nd,FRA vs DAN,DAN,FRA,Sean Parker,10,15,0,0,b: H Wrigglesworth
12,2nd,FRA vs DAN,DAN,FRA,Patrick Parsons,24,17,3,0,not out
12,2nd,FRA vs DAN,DAN,FRA,Mitchell Cestnik,,,,,did not bat
12,2nd,FRA vs DAN,DAN,FRA,Liam Cox,,,,,did not bat
12,2nd,FRA vs DAN,DAN,FRA,Lachlan Curtis,,,,,did not bat
12,2nd,FRA vs DAN,DAN,FRA,Joshua Edwards,,,,,did not bat
12,2nd,FRA vs DAN,DAN,FRA,Lachlan Hose,,,,,did not bat
12,2nd,FRA vs DAN,DAN,FRA,Harsh Laxmikant Mohade,,,,,did not bat
12,2nd,FRA vs DAN,DAN,FRA,Harrison Wallace,,,,,did not bat
12,2nd,FRA vs DAN,FRA,DAN,Venuk Hemachandra,80,105,9,0,c: b: L Curtis
12,2nd,FRA vs DAN,FRA,DAN,Abhikaran Singh Chhina,18,28,2,0,lbw: M Cestnik
12,2nd,FRA vs DAN,FRA,DAN,Vishesh Bansal,34,43,6,0,c: M Cestnik b: L Curtis
12,2nd,FRA vs DAN,FRA,DAN,Aaron Fernando,24,27,3,0,b: L Hose
12,2nd,FRA vs DAN,FRA,DAN,Max Marinic,33,45,2,2,lbw: M Cestnik
12,2nd,FRA vs DAN,FRA,DAN,Sayed Rihan,22,24,1,0,c: P Parsons b: L Cox
12,2nd,FRA vs DAN,FRA,DAN,Adam McMaster,5,9,0,0,c: S van Wijk b: H Mohade
12,2nd,FRA vs DAN,FRA,DAN,Barathan Mahadeva,6,4,1,0,c: S van Wijk b: H Mohade
12,2nd,FRA vs DAN,FRA,DAN,Tyler Evans,17,7,1,1,not out
12,2nd,FRA vs DAN,FRA,DAN,Hayden Wrigglesworth,6,5,1,0,not out
12,2nd,FRA vs DAN,FRA,DAN,Parth Hirani,,,,,did not bat
12,2nd,PRA vs MEL,MEL,PRA,Lachlan Zissis,45,56,6,0,c: N du Toit b: R Murphy
12,2nd,PRA vs MEL,MEL,PRA,Oliver Willett,2,7,0,0,c: O Gunning b: G Hannah
12,2nd,PRA vs MEL,MEL,PRA,Travis Jackson,53,76,4,2,b: T Reid
12,2nd,PRA vs MEL,MEL,PRA,Charlie Giles,6,17,0,0,c: C Lill b: K Parrott
12,2nd,PRA vs MEL,MEL,PRA,Will Scott,15,27,3,0,c: R Raman b: G Hannah
12,2nd,PRA vs MEL,MEL,PRA,Nicholas Morrey,,4,0,0,c: R Raman b: K Parrott
12,2nd,PRA vs MEL,MEL,PRA,Riley Backhouse,27,52,3,0,c: C Lill b: J Curtain
12,2nd,PRA vs MEL,MEL,PRA,Nathan A Munasinghe,39,41,3,0,b: T Reid
12,2nd,PRA vs MEL,MEL,PRA,James Boyce,8,13,0,0,c: O Gunning b: G Hannah
12,2nd,PRA vs MEL,MEL,PRA,Hugh Birchall,1,6,0,0,c: C Lill b: J Curtain
12,2nd,PRA vs MEL,MEL,PRA,Parth Rath,8,7,1,0,not out
12,2nd,PRA vs MEL,MEL,PRA,Max Keogh,,,,,did not bat
12,2nd,PRA vs MEL,PRA,MEL,Oliver Gunning,4,3,1,0,c: O Willett b: C Giles
12,2nd,PRA vs MEL,PRA,MEL,Yuvraj Sharma,,13,0,0,c: J Boyce b: C Giles
12,2nd,PRA vs MEL,PRA,MEL,Nikki du Toit,11,35,1,0,c: T Jackson b: M Keogh
12,2nd,PRA vs MEL,PRA,MEL,Charles Lill,43,68,6,0,lbw: J Boyce
12,2nd,PRA vs MEL,PRA,MEL,Ritin Raman,63,91,4,1,b: C Giles
12,2nd,PRA vs MEL,PRA,MEL,Hugh Hyslop,36,52,3,0,c: R Backhouse b: C Giles
12,2nd,PRA vs MEL,PRA,MEL,Kyle Parrott,13,13,2,0,c: T Jackson b: H Birchall
12,2nd,PRA vs MEL,PRA,MEL,Tom Reid,5,6,0,0,run out (O Willett)
12,2nd,PRA vs MEL,PRA,MEL,Roland Murphy,4,11,0,0,c: T Jackson b: H Birchall
12,2nd,PRA vs MEL,PRA,MEL,Joe Curtain,,0,0,0,"run out (O Willett, M Keogh)"
12,2nd,PRA vs MEL,PRA,MEL,Isaac Bepey,2,2,0,0,not out
12,2nd,PRA vs MEL,PRA,MEL,Glenn Hannah,,,,,did not bat
12,2nd,FOO vs RIC,RIC,FOO,Max Hatzoglou,17,22,1,1,c: J Trevethan b: L McCann
12,2nd,FOO vs RIC,RIC,FOO,Aayan Nadeem,144,142,13,4,c: M Parker b: G Box
12,2nd,FOO vs RIC,RIC,FOO,Bailey Toseland,4,19,0,0,c: M Parker b: G Box
12,2nd,FOO vs RIC,RIC,FOO,Ashton Frost,15,25,1,0,run out (M Parker)
12,2nd,FOO vs RIC,RIC,FOO,Dezi Carter,17,29,1,0,c: M Parker b: J Trevethan
12,2nd,FOO vs RIC,RIC,FOO,Daksh Kumar,13,16,2,0,c: P Pancholi b: J Ash
12,2nd,FOO vs RIC,RIC,FOO,Cam Jenkins,15,23,1,0,run out (M Parker)
12,2nd,FOO vs RIC,RIC,FOO,Lachlan Fitzgerald,43,21,5,3,c: P Pancholi b: J Trevethan
12,2nd,FOO vs RIC,RIC,FOO,Luke Gilham,1,2,0,0,run out ()
12,2nd,FOO vs RIC,RIC,FOO,Alfie Miles,5,3,1,0,not out
12,2nd,FOO vs RIC,RIC,FOO,Blake Aggelis,,,,,did not bat
12,2nd,FOO vs RIC,RIC,FOO,Aiden D'Souza,,,,,did not bat
12,2nd,FOO vs RIC,FOO,RIC,Tyler Hoffman,21,30,3,0,c: C Jenkins b: A Frost
12,2nd,FOO vs RIC,FOO,RIC,Jack Iverson,28,34,3,0,c: B Aggelis b: A D'Souza
12,2nd,FOO vs RIC,FOO,RIC,Kurt Heigl,82,101,3,0,b: B Toseland
12,2nd,FOO vs RIC,FOO,RIC,Ranbir Singh,37,46,3,1,c: M Hatzoglou b: B Aggelis
12,2nd,FOO vs RIC,FOO,RIC,Archit Bhatia,48,41,4,1,c: A Miles b: B Aggelis
12,2nd,FOO vs RIC,FOO,RIC,Griffin Box,2,4,0,0,st: C Jenkins b: B Aggelis
12,2nd,FOO vs RIC,FOO,RIC,Max Parker,7,9,0,0,b: L Fitzgerald
12,2nd,FOO vs RIC,FOO,RIC,Callum McIlveen,5,3,1,0,c: C Jenkins b: L Fitzgerald
12,2nd,FOO vs RIC,FOO,RIC,Prithish Pancholi,7,6,1,0,b: L Fitzgerald
12,2nd,FOO vs RIC,FOO,RIC,Joshua Ash,10,9,0,0,not out
12,2nd,FOO vs RIC,FOO,RIC,Jack Trevethan,4,5,0,0,"run out (A Miles, A Frost)"
12,2nd,FOO vs RIC,FOO,RIC,Luke McCann,0,0,0,0,not out
12,2nd,MEL vs FIT,FIT,MEL,Tom Mileto,5,21,0,0,b: G Khatra
12,2nd,MEL vs FIT,FIT,MEL,Janak Prakash,23,27,3,0,c: L De Silva b: G Khatra
12,2nd,MEL vs FIT,FIT,MEL,Michael Forwood,33,64,2,0,"run out (G Khatra, L De Silva)"
12,2nd,MEL vs FIT,FIT,MEL,Benjamin Rolfs,2,8,0,0,c: L De Silva b: G Khatra
12,2nd,MEL vs FIT,FIT,MEL,Ali Khan,4,3,1,0,b: G Khatra
12,2nd,MEL vs FIT,FIT,MEL,Naman Sharma,1,2,0,0,c: L De Silva b: A Robinson
12,2nd,MEL vs FIT,FIT,MEL,Elliott Durrant,35,63,3,0,b: J Dossor
12,2nd,MEL vs FIT,FIT,MEL,Om Patel,20,21,2,0,c: M Bremner b: B Richardson
12,2nd,MEL vs FIT,FIT,MEL,Tim Young,,1,0,0,c: L De Silva b: B Richardson
12,2nd,MEL vs FIT,FIT,MEL,Jack Lyndon,6,11,0,1,c: G Khatra b: B Richardson
12,2nd,MEL vs FIT,FIT,MEL,James Browning,2,14,0,0,not out
12,2nd,MEL vs FIT,FIT,MEL,Krish Kumar,,,,,did not bat
12,2nd,MEL vs FIT,MEL,FIT,Brodie Richardson,10,7,2,0,b: J Lyndon
12,2nd,MEL vs FIT,MEL,FIT,Blake Podesta,4,3,1,0,c: B Rolfs b: J Browning
12,2nd,MEL vs FIT,MEL,FIT,Aryan Sharma,44,77,6,0,not out
12,2nd,MEL vs FIT,MEL,FIT,Zachary Macciocca,10,21,1,0,c: T Young b: J Prakash
12,2nd,MEL vs FIT,MEL,FIT,Matthew Bremner,55,65,6,1,not out
12,2nd,MEL vs FIT,MEL,FIT,Lishan De Silva,,,,,did not bat
12,2nd,MEL vs FIT,MEL,FIT,Joseph Dossor,,,,,did not bat
12,2nd,MEL vs FIT,MEL,FIT,Rupptaz Kharoud,,,,,did not bat
12,2nd,MEL vs FIT,MEL,FIT,Gurnaz Khatra,,,,,did not bat
12,2nd,MEL vs FIT,MEL,FIT,Angus Robinson,,,,,did not bat
12,2nd,MEL vs FIT,MEL,FIT,Liam Russell,,,,,did not bat
12,2nd,MEL vs FIT,MEL,FIT,Harry Smith,,,,,did not bat
12,2nd,MEL vs FIT,MEL,FIT,Kobe Smith,,,,,did not bat
12,2nd,GRE vs CAS,CAS,GRE,Kanishk Bollu,21,46,3,0,c: A Adihetty b: J Stevenson
12,2nd,GRE vs CAS,CAS,GRE,Aryan Sharma,21,31,4,0,c: N England b: J Stevenson
12,2nd,GRE vs CAS,CAS,GRE,Angus Webb,35,60,4,0,c: J Singh b: M Sheridan
12,2nd,GRE vs CAS,CAS,GRE,Conroy Burton,114,101,11,2,not out
12,2nd,GRE vs CAS,CAS,GRE,Panav Jaura,5,8,0,0,c&b: N Avari
12,2nd,GRE vs CAS,CAS,GRE,Bernard Kelly,43,44,5,0,c: V Mohotty b: J Long
12,2nd,GRE vs CAS,CAS,GRE,Chandramauli Sridev,18,11,1,0,not out
12,2nd,GRE vs CAS,CAS,GRE,Michael Cross,,,,,did not bat
12,2nd,GRE vs CAS,CAS,GRE,Nirmana Fernando,,,,,did not bat
12,2nd,GRE vs CAS,CAS,GRE,Declan Highgate,,,,,did not bat
12,2nd,GRE vs CAS,CAS,GRE,Eshann Singh,,,,,did not bat
12,2nd,GRE vs CAS,CAS,GRE,Tobias Sutherland,,,,,did not bat
12,2nd,GRE vs CAS,GRE,CAS,Jacob Long,31,35,5,0,c: B Kelly b: D Highgate
12,2nd,GRE vs CAS,GRE,CAS,Lenny Wilton,145,121,19,1,c&b: T Sutherland
12,2nd,GRE vs CAS,GRE,CAS,Vinu Mohotty,25,36,1,0,b: C Sridev
12,2nd,GRE vs CAS,GRE,CAS,Jaskabeer Singh,50,55,3,2,c: A Webb b: N Fernando
12,2nd,GRE vs CAS,GRE,CAS,William Halton,6,10,1,0,not out
12,2nd,GRE vs CAS,GRE,CAS,Nicholas England,11,15,1,0,not out
12,2nd,GRE vs CAS,GRE,CAS,Ashvin Adihetty,,,,,did not bat
12,2nd,GRE vs CAS,GRE,CAS,Evan Allaway,,,,,did not bat
12,2nd,GRE vs CAS,GRE,CAS,Neville Avari,,,,,did not bat
12,2nd,GRE vs CAS,GRE,CAS,Nikhil Reddy Kasarla,,,,,did not bat
12,2nd,GRE vs CAS,GRE,CAS,Matthew Sheridan,,,,,did not bat
12,2nd,GRE vs CAS,GRE,CAS,Jack Stevenson,,,,,did not bat
12,2nd,ST vs GEE,GEE,ST,Jack Cunnington,25,45,2,0,c: R Aikman b: J Slater
12,2nd,ST vs GEE,GEE,ST,Ashish Ashish,15,21,1,0,c: R Aikman b: S Croft
12,2nd,ST vs GEE,GEE,ST,Cooper Rojko,62,101,4,1,st: R Aikman b: J Slater
12,2nd,ST vs GEE,GEE,ST,Angus Newman,,4,0,0,lbw: J Slater
12,2nd,ST vs GEE,GEE,ST,Reyaan Farooq,131,114,14,4,not out
12,2nd,ST vs GEE,GEE,ST,Henry Gray,12,15,1,0,c: K Helwig b: O Haberfield
12,2nd,ST vs GEE,GEE,ST,Guy Barnes,2,1,0,0,not out
12,2nd,ST vs GEE,GEE,ST,Luke Gandy,,,,,did not bat
12,2nd,ST vs GEE,GEE,ST,Lachlan Graf,,,,,did not bat
12,2nd,ST vs GEE,GEE,ST,James Gray,,,,,did not bat
12,2nd,ST vs GEE,GEE,ST,Harry Jones,,,,,did not bat
12,2nd,ST vs GEE,GEE,ST,Jobe Kennedy,,,,,did not bat
12,2nd,ST vs GEE,ST,GEE,Ryan Aikman,11,24,1,0,c: G Barnes b: L Graf
12,2nd,ST vs GEE,ST,GEE,Santhosh Ramireddy,67,85,5,0,c: H Gray b: J Kennedy
12,2nd,ST vs GEE,ST,GEE,Cody Brogden,69,80,4,1,b: L Graf
12,2nd,ST vs GEE,ST,GEE,Ted Bain,8,14,0,0,c: L Graf b: H Jones
12,2nd,ST vs GEE,ST,GEE,Liam Biddiscombe,37,35,1,0,c: G Barnes b: H Jones
12,2nd,ST vs GEE,ST,GEE,Monty Maloney,15,22,1,0,b: A Newman
12,2nd,ST vs GEE,ST,GEE,Sam Croft,1,4,0,0,c: G Barnes b: H Jones
12,2nd,ST vs GEE,ST,GEE,Kyle Bienefelt,6,13,0,0,b: L Gandy
12,2nd,ST vs GEE,ST,GEE,Paawan Sharma,17,13,1,0,not out
12,2nd,ST vs GEE,ST,GEE,Oliver Haberfield,1,2,0,0,"run out (H Gray, G Barnes)"
12,2nd,ST vs GEE,ST,GEE,Kieren Helwig,12,9,0,1,not out
12,2nd,ST vs GEE,ST,GEE,Joshua Slater,,,,,did not bat
12,2nd,CAM vs RIN,RIN,CAM,Prajay Paramesh,64,103,5,0,c: P Mishra b: G Lawson
12,2nd,CAM vs RIN,RIN,CAM,Tom Scott,12,28,0,0,lbw: L Walker
12,2nd,CAM vs RIN,RIN,CAM,Coby Fitzsimmons,39,57,4,0,run out (H Flynn)
12,2nd,CAM vs RIN,RIN,CAM,Griffin McComb,2,13,0,0,b: J Farrand
12,2nd,CAM vs RIN,RIN,CAM,Samuel Olsen,17,33,0,0,lbw: J Farrand
12,2nd,CAM vs RIN,RIN,CAM,Jakey Pietz,2,5,0,0,b: J Farrand
12,2nd,CAM vs RIN,RIN,CAM,Daniel Pietz,10,10,2,0,c: d ivanovic b: G Lawson
12,2nd,CAM vs RIN,RIN,CAM,Charlie Grummitt,12,16,0,0,not out
12,2nd,CAM vs RIN,RIN,CAM,Reuben Jamieson,37,29,0,3,c: M Mountain b: L Walker
12,2nd,CAM vs RIN,RIN,CAM,Christopher Gorman,0,0,0,0,not out
12,2nd,CAM vs RIN,RIN,CAM,Kevin Prior,,,,,did not bat
12,2nd,CAM vs RIN,RIN,CAM,DAKSH SAINI,,,,,did not bat
12,2nd,CAM vs RIN,CAM,RIN,Patrick Gouge,,7,0,0,c: C Fitzsimmons b: R Jamieson
12,2nd,CAM vs RIN,CAM,RIN,Prabhav Mishra,,4,0,0,c: P Paramesh b: C Gorman
12,2nd,CAM vs RIN,CAM,RIN,daniel ivanovic,4,13,0,0,b: C Gorman
12,2nd,CAM vs RIN,CAM,RIN,Mark Donegan,4,8,0,0,c: C Grummitt b: R Jamieson
12,2nd,CAM vs RIN,CAM,RIN,Matthew Mountain,89,104,11,1,c: C Grummitt b: C Gorman
12,2nd,CAM vs RIN,CAM,RIN,Harry Flynn,,3,0,0,c: C Grummitt b: C Gorman
12,2nd,CAM vs RIN,CAM,RIN,Luke Tully,6,14,1,0,c: J Pietz b: C Gorman
12,2nd,CAM vs RIN,CAM,RIN,Jackson Edwards,,3,0,0,c: P Paramesh b: C Gorman
12,2nd,CAM vs RIN,CAM,RIN,Bailey O’Riley,6,6,0,0,lbw: J Pietz
12,2nd,CAM vs RIN,CAM,RIN,Gabe Lawson,19,37,3,0,c: C Grummitt b: D SAINI
12,2nd,CAM vs RIN,CAM,RIN,Jonathan Farrand,7,25,0,0,not out
12,2nd,CAM vs RIN,CAM,RIN,Liam Walker,0,0,0,0,not out
12,2nd,KIN vs NOR,NOR,KIN,Luke Ajani,6,14,1,0,c: B Hosemans b: A Howard
12,2nd,KIN vs NOR,NOR,KIN,Thaveesh Attanayake,36,36,5,0,c: N Barone b: E Sharkey
12,2nd,KIN vs NOR,NOR,KIN,Vithum Sathyajith,10,12,0,0,b: R Lane
12,2nd,KIN vs NOR,NOR,KIN,Simo Ivetic,6,24,0,0,c: N Barone b: E Sharkey
12,2nd,KIN vs NOR,NOR,KIN,Brendan Plumb,19,47,1,0,c: N Barone b: A Howard
12,2nd,KIN vs NOR,NOR,KIN,Hamish Mckenzie,,2,0,0,b: E Sharkey
12,2nd,KIN vs NOR,NOR,KIN,Luke Sullivan,4,22,1,0,lbw: E Dicesare
12,2nd,KIN vs NOR,NOR,KIN,Herbie Fischbacher,3,10,0,0,c: R Lane b: A Howard
12,2nd,KIN vs NOR,NOR,KIN,Bhanuka Keppetipola,,1,0,0,c: N Barone b: A Howard
12,2nd,KIN vs NOR,NOR,KIN,Rehan Majoka,8,39,0,0,"run out (S Storey, N Barone)"
12,2nd,KIN vs NOR,NOR,KIN,Redwan Laghmani,16,33,1,0,not out
12,2nd,KIN vs NOR,NOR,KIN,Jamie Moraitis,,,,,did not bat
12,2nd,KIN vs NOR,KIN,NOR,Michael Jephcott,79,86,9,2,not out
12,2nd,KIN vs NOR,KIN,NOR,Bailey Hosemans,6,9,1,0,c: H Mckenzie b: H Fischbacher
12,2nd,KIN vs NOR,KIN,NOR,Samson Storey,7,16,1,0,lbw: B Keppetipola
12,2nd,KIN vs NOR,KIN,NOR,Daniel Lalor,22,39,1,0,not out
12,2nd,KIN vs NOR,KIN,NOR,Noah Barone,,,,,did not bat
12,2nd,KIN vs NOR,KIN,NOR,Earl Dicesare,,,,,did not bat
12,2nd,KIN vs NOR,KIN,NOR,Adam Howard,,,,,did not bat
12,2nd,KIN vs NOR,KIN,NOR,Archie Lalor,,,,,did not bat
12,2nd,KIN vs NOR,KIN,NOR,Roby Lane,,,,,did not bat
12,2nd,KIN vs NOR,KIN,NOR,Ben Pereara,,,,,did not bat
12,2nd,KIN vs NOR,KIN,NOR,Michael Rogneda,,,,,did not bat
12,2nd,KIN vs NOR,KIN,NOR,Ethan Sharkey,,,,,did not bat
13,2nd,KIN vs ST,ST,KIN,Luke Ajani,16,36,0,0,b: J Kennedy
13,2nd,KIN vs ST,ST,KIN,Thaveesh Attanayake,29,44,5,0,c: L Graf b: J Kennedy
13,2nd,KIN vs ST,ST,KIN,Vithum Sathyajith,37,57,2,1,c: H Gray b: L Graf
13,2nd,KIN vs ST,ST,KIN,Simo Ivetic,27,67,1,0,c: G Barnes b: D McComb
13,2nd,KIN vs ST,ST,KIN,Brendan Plumb,1,9,0,0,b: L Gandy
13,2nd,KIN vs ST,ST,KIN,Hamish Mckenzie,,7,0,0,st: G Barnes b: J Kennedy
13,2nd,KIN vs ST,ST,KIN,Jock McKenzie,6,16,0,0,c: G Barnes b: D McComb
13,2nd,KIN vs ST,ST,KIN,Herbie Fischbacher,22,32,0,1,c: L Gandy b: D McComb
13,2nd,KIN vs ST,ST,KIN,Bhanuka Keppetipola,27,22,3,0,not out
13,2nd,KIN vs ST,ST,KIN,Rehan Majoka,5,9,0,0,c: A Newman b: L Graf
13,2nd,KIN vs ST,ST,KIN,Redwan Laghmani,1,2,0,0,not out
13,2nd,KIN vs ST,ST,KIN,Jamie Moraitis,,,,,did not bat
13,2nd,KIN vs ST,KIN,ST,Dan Meddings,58,77,7,1,lbw: B Keppetipola
13,2nd,KIN vs ST,KIN,ST,Ashish Ashish,27,39,2,0,b: R Majoka
13,2nd,KIN vs ST,KIN,ST,Angus Newman,27,52,2,0,c: L Ajani b: T Attanayake
13,2nd,KIN vs ST,KIN,ST,Will Ashton,7,21,0,0,c: J McKenzie b: B Keppetipola
13,2nd,KIN vs ST,KIN,ST,Henry Gray,35,21,3,2,not out
13,2nd,KIN vs ST,KIN,ST,Guy Barnes,22,20,2,1,not out
13,2nd,KIN vs ST,KIN,ST,Luke Gandy,,,,,did not bat
13,2nd,KIN vs ST,KIN,ST,Lachlan Graf,,,,,did not bat
13,2nd,KIN vs ST,KIN,ST,James Gray,,,,,did not bat
13,2nd,KIN vs ST,KIN,ST,Jobe Kennedy,,,,,did not bat
13,2nd,KIN vs ST,KIN,ST,Declan McComb,,,,,did not bat
13,2nd,CAM vs FRA,FRA,CAM,Adit Pawha,23,26,5,0,c: S Parker b: L Cox
13,2nd,CAM vs FRA,FRA,CAM,Tom Scott,51,59,6,2,lbw: L Hose
13,2nd,CAM vs FRA,FRA,CAM,Jack Di Stefano,1,8,0,0,c: S van Wijk b: L Cox
13,2nd,CAM vs FRA,FRA,CAM,Coby Fitzsimmons,62,64,7,1,b: H Mohade
13,2nd,CAM vs FRA,FRA,CAM,Griffin McComb,100,103,9,1,not out
13,2nd,CAM vs FRA,FRA,CAM,Samuel Olsen,28,32,0,1,"run out (N Hurley, S van Wijk)"
13,2nd,CAM vs FRA,FRA,CAM,Daniel Pietz,21,11,2,1,c: P Parsons b: N Hurley
13,2nd,CAM vs FRA,FRA,CAM,Christopher Gorman,,,,,did not bat
13,2nd,CAM vs FRA,FRA,CAM,Finlay McGrotty,,,,,did not bat
13,2nd,CAM vs FRA,FRA,CAM,Kevin Prior,,,,,did not bat
13,2nd,CAM vs FRA,FRA,CAM,DAKSH SAINI,,,,,did not bat
13,2nd,CAM vs FRA,CAM,FRA,Lachlan Curtis,33,22,3,2,b: C Fitzsimmons
13,2nd,CAM vs FRA,CAM,FRA,Patrick Parsons,49,82,2,1,c: C Gorman b: S Olsen
13,2nd,CAM vs FRA,CAM,FRA,Oscar Scott-Waters,,3,0,0,b: K Prior
13,2nd,CAM vs FRA,CAM,FRA,Sean Parker,10,22,1,0,c: G McComb b: K Prior
13,2nd,CAM vs FRA,CAM,FRA,Sean van Wijk,7,18,1,0,c: T Scott b: D Pietz
13,2nd,CAM vs FRA,CAM,FRA,Noah Langham,12,17,2,0,lbw: S Olsen
13,2nd,CAM vs FRA,CAM,FRA,Mitchell Cestnik,,3,0,0,c: C Fitzsimmons b: D SAINI
13,2nd,CAM vs FRA,CAM,FRA,Harsh Laxmikant Mohade,13,20,1,0,c&b: C Fitzsimmons
13,2nd,CAM vs FRA,CAM,FRA,Liam Cox,12,17,2,0,c: D Pietz b: C Fitzsimmons
13,2nd,CAM vs FRA,CAM,FRA,Jye Dignan,,2,0,0,lbw: K Prior
13,2nd,CAM vs FRA,CAM,FRA,Lachlan Hose,0,3,0,0,not out
13,2nd,CAM vs FRA,CAM,FRA,Ned Hurley,,,,,did not bat
13,2nd,RIN vs MEL,MEL,RIN,Patrick Gouge,6,19,0,0,c: B Rolfs b: J Lyndon
13,2nd,RIN vs MEL,MEL,RIN,Harry Flynn,51,106,2,0,c: K Kumar b: J Browning
13,2nd,RIN vs MEL,MEL,RIN,daniel ivanovic,38,44,3,0,c: M Gome b: K Kumar
13,2nd,RIN vs MEL,MEL,RIN,Mark Donegan,6,9,1,0,c: B Rolfs b: E Durrant
13,2nd,RIN vs MEL,MEL,RIN,Matthew Mountain,29,39,3,0,c: B Rolfs b: J Lyndon
13,2nd,RIN vs MEL,MEL,RIN,Prabhav Mishra,35,36,1,2,c&b: J Prakash
13,2nd,RIN vs MEL,MEL,RIN,Jackson Edwards,7,14,0,0,c: A Khan b: J Lyndon
13,2nd,RIN vs MEL,MEL,RIN,Bailey O’Riley,29,25,0,1,not out
13,2nd,RIN vs MEL,MEL,RIN,Gabe Lawson,,1,0,0,b: J Prakash
13,2nd,RIN vs MEL,MEL,RIN,Jack Martin,,2,0,0,c&b: J Browning
13,2nd,RIN vs MEL,MEL,RIN,Liam Walker,4,5,0,0,not out
13,2nd,RIN vs MEL,MEL,RIN,Jonathan Farrand,,,,,did not bat
13,2nd,RIN vs MEL,RIN,MEL,Tom Mileto,47,84,3,0,c: J Edwards b: P Mishra
13,2nd,RIN vs MEL,RIN,MEL,Janak Prakash,62,71,8,0,c: M Donegan b: B O’Riley
13,2nd,RIN vs MEL,RIN,MEL,Michael Forwood,1,7,0,0,c: J Edwards b: J Farrand
13,2nd,RIN vs MEL,RIN,MEL,Ali Khan,10,22,0,0,c: J Farrand b: P Mishra
13,2nd,RIN vs MEL,RIN,MEL,Elliott Durrant,5,21,0,0,c: J Edwards b: J Martin
13,2nd,RIN vs MEL,RIN,MEL,Benjamin Rolfs,,1,0,0,lbw: P Mishra
13,2nd,RIN vs MEL,RIN,MEL,Naman Sharma,21,32,1,0,c: P Gouge b: B O’Riley
13,2nd,RIN vs MEL,RIN,MEL,Om Patel,35,36,1,1,c: P Gouge b: J Martin
13,2nd,RIN vs MEL,RIN,MEL,Matthew Gome,3,5,0,0,c: P Gouge b: P Mishra
13,2nd,RIN vs MEL,RIN,MEL,Jack Lyndon,7,12,0,0,not out
13,2nd,RIN vs MEL,RIN,MEL,James Browning,5,9,0,0,c: J Edwards b: J Martin
13,2nd,RIN vs MEL,RIN,MEL,Krish Kumar,,,,,did not bat
13,2nd,FOO vs FIT,FIT,FOO,Max Hatzoglou,102,138,5,3,not out
13,2nd,FOO vs FIT,FIT,FOO,Aayan Nadeem,16,35,1,0,c: L De Silva b: B Taeuber
13,2nd,FOO vs FIT,FIT,FOO,Bailey Toseland,7,17,1,0,c: J Dossor b: M Bremner
13,2nd,FOO vs FIT,FIT,FOO,Ashton Frost,12,46,0,0,c: L De Silva b: K Lukies
13,2nd,FOO vs FIT,FIT,FOO,Noah Panaia,9,6,2,0,c: M Bremner b: K Lukies
13,2nd,FOO vs FIT,FIT,FOO,Declan O'Brien,5,8,1,0,run out (M Phelan)
13,2nd,FOO vs FIT,FIT,FOO,Dezi Carter,35,47,3,0,"run out (Z Macciocca, G Khatra)"
13,2nd,FOO vs FIT,FIT,FOO,Lachlan Fitzgerald,,1,0,0,c: B Richardson b: B Taeuber
13,2nd,FOO vs FIT,FIT,FOO,Cam Jenkins,0,3,0,0,not out
13,2nd,FOO vs FIT,FIT,FOO,Blake Aggelis,,,,,did not bat
13,2nd,FOO vs FIT,FIT,FOO,Aiden D'Souza,,,,,did not bat
13,2nd,FOO vs FIT,FIT,FOO,Daniel Wilczynski,,,,,did not bat
13,2nd,FOO vs FIT,FOO,FIT,Brodie Richardson,1,6,0,0,c: A Nadeem b: A Frost
13,2nd,FOO vs FIT,FOO,FIT,Blake Podesta,16,12,3,0,c: C Jenkins b: D Wilczynski
13,2nd,FOO vs FIT,FOO,FIT,Aryan Sharma,13,26,2,0,lbw: D Wilczynski
13,2nd,FOO vs FIT,FOO,FIT,Mark Phelan,77,97,7,0,not out
13,2nd,FOO vs FIT,FOO,FIT,Zachary Macciocca,21,24,3,0,c&b: L Fitzgerald
13,2nd,FOO vs FIT,FOO,FIT,Matthew Bremner,18,34,0,0,lbw: B Toseland
13,2nd,FOO vs FIT,FOO,FIT,Lishan De Silva,37,66,3,0,not out
13,2nd,FOO vs FIT,FOO,FIT,Joseph Dossor,,,,,did not bat
13,2nd,FOO vs FIT,FOO,FIT,Gurnaz Khatra,,,,,did not bat
13,2nd,FOO vs FIT,FOO,FIT,Kepler Lukies,,,,,did not bat
13,2nd,FOO vs FIT,FOO,FIT,Harry Smith,,,,,did not bat
13,2nd,FOO vs FIT,FOO,FIT,Braden Taeuber,,,,,did not bat
13,2nd,GRE vs DAN,DAN,GRE,Kanishk Bollu,8,18,1,0,lbw: P Hirani
13,2nd,GRE vs DAN,DAN,GRE,Odil Perera,67,93,7,0,lbw: A Fernando
13,2nd,GRE vs DAN,DAN,GRE,Angus Webb,7,17,0,0,st: A Mohan b: G Seneviratne
13,2nd,GRE vs DAN,DAN,GRE,Robbie O’Brien,67,96,2,0,c: T Evans b: P Hirani
13,2nd,GRE vs DAN,DAN,GRE,Gurbaaz Hundal,5,11,0,0,b: T Evans
13,2nd,GRE vs DAN,DAN,GRE,Bernard Kelly,59,56,3,2,not out
13,2nd,GRE vs DAN,DAN,GRE,Lewis Dichiera,1,4,0,0,c: A Mohan b: G Seneviratne
13,2nd,GRE vs DAN,DAN,GRE,Chandramauli Sridev,7,6,1,0,not out
13,2nd,GRE vs DAN,DAN,GRE,Michael Cross,,,,,did not bat
13,2nd,GRE vs DAN,DAN,GRE,Nirmana Fernando,,,,,did not bat
13,2nd,GRE vs DAN,DAN,GRE,Declan Highgate,,,,,did not bat
13,2nd,GRE vs DAN,DAN,GRE,Tobias Sutherland,,,,,did not bat
13,2nd,GRE vs DAN,GRE,DAN,Ryan Hammel,6,17,0,0,b: M Cross
13,2nd,GRE vs DAN,GRE,DAN,Abhikaran Singh Chhina,48,66,3,1,c: G Hundal b: D Highgate
13,2nd,GRE vs DAN,GRE,DAN,Vishesh Bansal,20,27,2,1,c: G Hundal b: T Sutherland
13,2nd,GRE vs DAN,GRE,DAN,Aaron Fernando,13,17,1,0,b: N Fernando
13,2nd,GRE vs DAN,GRE,DAN,Max Marinic,1,10,0,0,c: B Kelly b: L Dichiera
13,2nd,GRE vs DAN,GRE,DAN,Gehan Seneviratne,5,22,0,0,c: M Cross b: L Dichiera
13,2nd,GRE vs DAN,GRE,DAN,Aryan Mohan,10,20,0,0,b: T Sutherland
13,2nd,GRE vs DAN,GRE,DAN,Sayed Rihan,17,31,0,0,b: M Cross
13,2nd,GRE vs DAN,GRE,DAN,Tyler Evans,24,31,3,0,c: R O’Brien b: C Sridev
13,2nd,GRE vs DAN,GRE,DAN,Adam McMaster,40,28,4,0,not out
13,2nd,GRE vs DAN,GRE,DAN,Parth Hirani,4,16,0,0,run out (T Sutherland)
13,2nd,CAR vs PRA,PRA,CAR,Keir Lucas,6,15,0,0,c: O Willett b: W Collins
13,2nd,CAR vs PRA,PRA,CAR,Spencer Wray,63,93,9,0,lbw: P Rath
13,2nd,CAR vs PRA,PRA,CAR,Lachlan Shinn-mahony,19,33,3,0,b: D Malcolm
13,2nd,CAR vs PRA,PRA,CAR,Lucas Cavigan,29,54,1,0,run out (D Malcolm)
13,2nd,CAR vs PRA,PRA,CAR,Nicholas Ross,64,52,4,3,c: M Keogh b: H Birchall
13,2nd,CAR vs PRA,PRA,CAR,Akshith Sriram,41,51,2,0,run out (O Willett)
13,2nd,CAR vs PRA,PRA,CAR,Jack Atkinson,1,2,0,0,not out
13,2nd,CAR vs PRA,PRA,CAR,Henry Edwards,0,1,0,0,not out
13,2nd,CAR vs PRA,PRA,CAR,Lucas Brasher,,,,,did not bat
13,2nd,CAR vs PRA,PRA,CAR,Nicholas Brennan,,,,,did not bat
13,2nd,CAR vs PRA,PRA,CAR,Sean Morrow,,,,,did not bat
13,2nd,CAR vs PRA,PRA,CAR,Aaron Smillie,,,,,did not bat
13,2nd,CAR vs PRA,CAR,PRA,Oliver Willett,5,11,1,0,b: N Brennan
13,2nd,CAR vs PRA,CAR,PRA,Travis Jackson,18,22,2,1,lbw: A Smillie
13,2nd,CAR vs PRA,CAR,PRA,Damon Malcolm,29,52,2,0,c&b: H Edwards
13,2nd,CAR vs PRA,CAR,PRA,Charlie Giles,12,23,2,0,b: L Brasher
13,2nd,CAR vs PRA,CAR,PRA,William Collins,1,9,0,0,c: A Smillie b: L Brasher
13,2nd,CAR vs PRA,CAR,PRA,Will Scott,2,6,0,0,c: S Morrow b: L Brasher
13,2nd,CAR vs PRA,CAR,PRA,Riley Backhouse,72,87,4,1,b: N Brennan
13,2nd,CAR vs PRA,CAR,PRA,Nicholas Morrey,60,71,3,0,c: L Cavigan b: A Smillie
13,2nd,CAR vs PRA,CAR,PRA,James Boyce,,1,0,0,b: N Brennan
13,2nd,CAR vs PRA,CAR,PRA,Hugh Birchall,,4,0,0,c: S Wray b: A Smillie
13,2nd,CAR vs PRA,CAR,PRA,Parth Rath,2,6,0,0,not out
13,2nd,CAR vs PRA,CAR,PRA,Max Keogh,,,,,did not bat
13,2nd,GEE vs CAS,CAS,GEE,Ryan Aikman,54,88,2,0,"run out (J Singh, N England)"
13,2nd,GEE vs CAS,CAS,GEE,Nathan Caulfield,44,68,4,0,c: E Allaway b: M Sheridan
13,2nd,GEE vs CAS,CAS,GEE,Cody Brogden,1,8,0,0,c: W Halton b: M Sheridan
13,2nd,GEE vs CAS,CAS,GEE,Santhosh Ramireddy,41,71,2,0,c: M Sheridan b: E Allaway
13,2nd,GEE vs CAS,CAS,GEE,Ted Bain,23,31,1,0,c: L Wilton b: J Stevenson
13,2nd,GEE vs CAS,CAS,GEE,Liam Biddiscombe,7,9,0,0,c: J Stevenson b: J Long
13,2nd,GEE vs CAS,CAS,GEE,Sam Croft,7,28,0,0,c: N England b: E Allaway
13,2nd,GEE vs CAS,CAS,GEE,Josh Collins,20,0,1,1,not out
13,2nd,GEE vs CAS,CAS,GEE,Kyle Bienefelt,,0,0,0,lbw: E Allaway
13,2nd,GEE vs CAS,CAS,GEE,Oliver Haberfield,11,0,1,0,not out
13,2nd,GEE vs CAS,CAS,GEE,Joshua Slater,,,,,did not bat
13,2nd,GEE vs CAS,GEE,CAS,Jacob Long,21,26,4,0,c: R Aikman b: J Slater
13,2nd,GEE vs CAS,GEE,CAS,Lenny Wilton,17,21,2,0,c: J Collins b: J Slater
13,2nd,GEE vs CAS,GEE,CAS,Ahmed Raza,79,95,10,1,not out
13,2nd,GEE vs CAS,GEE,CAS,Jaskabeer Singh,36,51,2,1,c: N Caulfield b: L Biddiscombe
13,2nd,GEE vs CAS,GEE,CAS,Chris Benedek,45,51,3,2,c: J Collins b: K Bienefelt
13,2nd,GEE vs CAS,GEE,CAS,Nicholas England,2,2,0,0,not out
13,2nd,GEE vs CAS,GEE,CAS,Evan Allaway,,,,,did not bat
13,2nd,GEE vs CAS,GEE,CAS,Neville Avari,,,,,did not bat
13,2nd,GEE vs CAS,GEE,CAS,William Halton,,,,,did not bat
13,2nd,GEE vs CAS,GEE,CAS,Nikhil Reddy Kasarla,,,,,did not bat
13,2nd,GEE vs CAS,GEE,CAS,Matthew Sheridan,,,,,did not bat
13,2nd,GEE vs CAS,GEE,CAS,Jack Stevenson,,,,,did not bat
13,2nd,RIC vs ESS,ESS,RIC,Tyler Hoffman,146,147,14,3,not out
13,2nd,RIC vs ESS,ESS,RIC,Jack Iverson,17,19,3,0,c: E Brne b: L Busk
13,2nd,RIC vs ESS,ESS,RIC,Kurt Heigl,110,126,6,0,"run out (P Wasiewicz, E Brne)"
13,2nd,RIC vs ESS,ESS,RIC,Ranbir Singh,4,7,0,0,run out (E Brne)
13,2nd,RIC vs ESS,ESS,RIC,Archit Bhatia,7,3,0,1,run out (E Brne)
13,2nd,RIC vs ESS,ESS,RIC,Griffin Box,2,1,0,0,not out
13,2nd,RIC vs ESS,ESS,RIC,Joshua Ash,,,,,did not bat
13,2nd,RIC vs ESS,ESS,RIC,Callum McIlveen,,,,,did not bat
13,2nd,RIC vs ESS,ESS,RIC,Prithish Pancholi,,,,,did not bat
13,2nd,RIC vs ESS,ESS,RIC,Max Parker,,,,,did not bat
13,2nd,RIC vs ESS,ESS,RIC,Jack Trevethan,,,,,did not bat
13,2nd,RIC vs ESS,ESS,RIC,Charlie Wigney,,,,,did not bat
13,2nd,RIC vs ESS,RIC,ESS,Aidan Salvado,2,9,0,0,lbw: C Wigney
13,2nd,RIC vs ESS,RIC,ESS,Nicholas Markovski,7,15,0,0,c: M Parker b: J Trevethan
13,2nd,RIC vs ESS,RIC,ESS,Liam Tobin,4,11,0,0,c: M Parker b: C Wigney
13,2nd,RIC vs ESS,RIC,ESS,Paul Wasiewicz,43,58,3,1,c: A Bhatia b: C McIlveen
13,2nd,RIC vs ESS,RIC,ESS,Vihanga Fernando,20,38,2,1,c: G Box b: P Pancholi
13,2nd,RIC vs ESS,RIC,ESS,Jarrod Parsons,2,10,0,0,b: C McIlveen
13,2nd,RIC vs ESS,RIC,ESS,Arin Mishra,35,40,2,1,lbw: C McIlveen
13,2nd,RIC vs ESS,RIC,ESS,Krit Darji,7,15,1,0,c: J Trevethan b: C McIlveen
13,2nd,RIC vs ESS,RIC,ESS,Noah Guida,34,48,5,0,c: P Pancholi b: G Box
13,2nd,RIC vs ESS,RIC,ESS,Ethan Brne,23,33,0,0,not out
13,2nd,RIC vs ESS,RIC,ESS,Henry Robertson,17,21,0,0,c: T Hoffman b: R Singh
13,2nd,RIC vs ESS,RIC,ESS,Lachie Busk,,,,,did not bat
13,2nd,NOR vs MEL,MEL,NOR,Michael Jephcott,6,9,0,0,c: R Raman b: J Sullivan
13,2nd,NOR vs MEL,MEL,NOR,Bailey Hosemans,13,45,0,0,c: N du Toit b: I Bepey
13,2nd,NOR vs MEL,MEL,NOR,Samson Storey,5,21,0,0,c: H Hyslop b: J Sullivan
13,2nd,NOR vs MEL,MEL,NOR,Daniel Lalor,42,69,3,1,c: R Raman b: J Rosham
13,2nd,NOR vs MEL,MEL,NOR,Archie Lalor,46,50,7,0,c: J Rosham b: W McGillivray
13,2nd,NOR vs MEL,MEL,NOR,Ben Pereara,20,29,1,1,c: B Wickham b: J Sullivan
13,2nd,NOR vs MEL,MEL,NOR,Earl Dicesare,7,11,1,0,c: R Raman b: I Bepey
13,2nd,NOR vs MEL,MEL,NOR,Noah Barone,1,6,0,0,c: R Raman b: R Murphy
13,2nd,NOR vs MEL,MEL,NOR,Adam Howard,52,45,5,3,not out
13,2nd,NOR vs MEL,MEL,NOR,Roby Lane,3,7,0,0,b: W McGillivray
13,2nd,NOR vs MEL,MEL,NOR,Ethan Sharkey,4,5,1,0,"run out (J Sullivan, W McGillivray)"
13,2nd,NOR vs MEL,MEL,NOR,Connor Burchall,,,,,did not bat
13,2nd,NOR vs MEL,NOR,MEL,Charles Lill,7,7,1,0,b: A Howard
13,2nd,NOR vs MEL,NOR,MEL,Oliver Gunning,20,22,2,1,b: E Dicesare
13,2nd,NOR vs MEL,NOR,MEL,Nikki du Toit,41,74,2,1,c: B Hosemans b: S Storey
13,2nd,NOR vs MEL,NOR,MEL,Benjamin Wickham,26,45,2,0,b: R Lane
13,2nd,NOR vs MEL,NOR,MEL,Ritin Raman,62,75,8,0,not out
13,2nd,NOR vs MEL,NOR,MEL,Hugh Hyslop,34,67,1,0,c: C Burchall b: D Lalor
13,2nd,NOR vs MEL,NOR,MEL,James Rosham,4,1,1,0,not out
13,2nd,NOR vs MEL,NOR,MEL,Isaac Bepey,,,,,did not bat
13,2nd,NOR vs MEL,NOR,MEL,Phil Halbish,,,,,did not bat
13,2nd,NOR vs MEL,NOR,MEL,Wilson McGillivray,,,,,did not bat
13,2nd,NOR vs MEL,NOR,MEL,Roland Murphy,,,,,did not bat
13,2nd,NOR vs MEL,NOR,MEL,Jack Sullivan,,,,,did not bat
14,2nd,1st ST vs 1st NOR,1st NOR,1st ST,Dan Meddings,,6,0,0,c: B Pereara b: E Sharkey
14,2nd,1st ST vs 1st NOR,1st NOR,1st ST,Ashish Ashish,74,100,11,1,lbw: E Sharkey
14,2nd,1st ST vs 1st NOR,1st NOR,1st ST,Angus Newman,44,97,7,0,c: M Stables b: E Sharkey
14,2nd,1st ST vs 1st NOR,1st NOR,1st ST,Jack Cunnington,71,90,12,0,c: B Hosemans b: R Lane
14,2nd,1st ST vs 1st NOR,1st NOR,1st ST,Reyaan Farooq,17,16,2,1,c: N Barone b: E Sharkey
14,2nd,1st ST vs 1st NOR,1st NOR,1st ST,Henry Gray,74,105,14,0,b: C Burchall
14,2nd,1st ST vs 1st NOR,1st NOR,1st ST,Guy Barnes,51,80,6,0,not out
14,2nd,1st ST vs 1st NOR,1st NOR,1st ST,Declan McComb,19,18,3,0,not out
14,2nd,1st ST vs 1st NOR,1st NOR,1st ST,Harry Jones,,,,,did not bat
14,2nd,1st ST vs 1st NOR,1st NOR,1st ST,James Gray,,,,,did not bat
14,2nd,1st ST vs 1st NOR,1st NOR,1st ST,Jobe Kennedy,,,,,did not bat
14,2nd,1st ST vs 1st NOR,1st NOR,1st ST,Lachlan Graf,,,,,did not bat
14,2nd,1st ST vs 1st NOR,1st ST,1st NOR,Michael Jephcott,37,47,6,0,lbw: H Jones
14,2nd,1st ST vs 1st NOR,1st ST,1st NOR,Bailey Hosemans,9,47,1,0,c: L Graf b: J Gray
14,2nd,1st ST vs 1st NOR,1st ST,1st NOR,Marcus Stables,4,8,1,0,lbw: H Jones
14,2nd,1st ST vs 1st NOR,1st ST,1st NOR,Daniel Lalor,4,28,1,0,c: H Gray b: J Gray
14,2nd,1st ST vs 1st NOR,1st ST,1st NOR,Archie Lalor,34,47,5,0,b: J Gray
14,2nd,1st ST vs 1st NOR,1st ST,1st NOR,Ben Pereara,8,29,0,0,b: H Jones
14,2nd,1st ST vs 1st NOR,1st ST,1st NOR,Samson Storey,9,31,1,0,c: G Barnes b: J Gray
14,2nd,1st ST vs 1st NOR,1st ST,1st NOR,Noah Barone,45,85,7,0,b: J Gray
14,2nd,1st ST vs 1st NOR,1st ST,1st NOR,Tremayne Ryder,,2,0,0,c: L Graf b: J Gray
14,2nd,1st ST vs 1st NOR,1st ST,1st NOR,Roby Lane,18,37,1,1,c: J Kennedy b: J Gray
14,2nd,1st ST vs 1st NOR,1st ST,1st NOR,Ethan Sharkey,10,30,1,0,not out
14,2nd,1st FOO vs 1st GRE,1st GRE,1st FOO,Aayan Nadeem,6,5,1,0,c: M Cross b: D Highgate
14,2nd,1st FOO vs 1st GRE,1st GRE,1st FOO,Max Hatzoglou,1,2,0,0,c: H Fitzgerald b: D Highgate
14,2nd,1st FOO vs 1st GRE,1st GRE,1st FOO,Declan O'Brien,134,153,20,2,c: G Hundal b: M Cross
14,2nd,1st FOO vs 1st GRE,1st GRE,1st FOO,Ashton Frost,136,244,15,1,not out
14,2nd,1st FOO vs 1st GRE,1st GRE,1st FOO,Bailey Toseland,65,96,10,0,c: M Cross b: S Clark
14,2nd,1st FOO vs 1st GRE,1st GRE,1st FOO,Noah Panaia,26,25,2,1,not out
14,2nd,1st FOO vs 1st GRE,1st GRE,1st FOO,Blake Aggelis,,,,,did not bat
14,2nd,1st FOO vs 1st GRE,1st GRE,1st FOO,Lachlan Campbell,,,,,did not bat
14,2nd,1st FOO vs 1st GRE,1st GRE,1st FOO,Dezi Carter,,,,,did not bat
14,2nd,1st FOO vs 1st GRE,1st GRE,1st FOO,Aiden D'Souza,,,,,did not bat
14,2nd,1st FOO vs 1st GRE,1st GRE,1st FOO,Luke Gilham,,,,,did not bat
14,2nd,1st FOO vs 1st GRE,1st GRE,1st FOO,Cam Jenkins,,,,,did not bat
14,2nd,1st FOO vs 1st GRE,1st FOO,1st GRE,Kanishk Bollu,11,29,2,0,c: C Jenkins b: A Frost
14,2nd,1st FOO vs 1st GRE,1st FOO,1st GRE,Odil Perera,78,82,11,1,c: D O'Brien b: B Toseland
14,2nd,1st FOO vs 1st GRE,1st FOO,1st GRE,Angus Webb,4,4,1,0,c: C Jenkins b: A Frost
14,2nd,1st FOO vs 1st GRE,1st FOO,1st GRE,Robbie O’Brien,148,250,13,1,c: A Frost b: L Campbell
14,2nd,1st FOO vs 1st GRE,1st FOO,1st GRE,Gurbaaz Hundal,11,37,1,0,c: N Panaia b: A D'Souza
14,2nd,1st FOO vs 1st GRE,1st FOO,1st GRE,Harry Fitzgerald,51,54,8,0,st: C Jenkins b: B Aggelis
14,2nd,1st FOO vs 1st GRE,1st FOO,1st GRE,Chandramauli Sridev,59,104,5,0,not out
14,2nd,1st FOO vs 1st GRE,1st FOO,1st GRE,Samuel Clark,0,0,0,0,not out
14,2nd,1st FOO vs 1st GRE,1st FOO,1st GRE,Michael Cross,,,,,did not bat
14,2nd,1st FOO vs 1st GRE,1st FOO,1st GRE,Nirmana Fernando,,,,,did not bat
14,2nd,1st FOO vs 1st GRE,1st FOO,1st GRE,Declan Highgate,,,,,did not bat
14,2nd,1st FOO vs 1st GRE,1st FOO,1st GRE,Eshann Singh,,,,,did not bat
14,2nd,1st CAS vs 1st KIN,1st KIN,1st CAS,Jacob Long,42,86,5,0,c&b: B Keppetipola
14,2nd,1st CAS vs 1st KIN,1st KIN,1st CAS,Lenny Wilton,48,55,7,0,b: T Attanayake
14,2nd,1st CAS vs 1st KIN,1st KIN,1st CAS,Ahmed Raza,43,82,6,1,c&b: B Keppetipola
14,2nd,1st CAS vs 1st KIN,1st KIN,1st CAS,Jaskabeer Singh,8,21,1,0,c: B Plumb b: R Majoka
14,2nd,1st CAS vs 1st KIN,1st KIN,1st CAS,Nikhil Reddy Kasarla,39,80,6,0,c: T Attanayake b: R Majoka
14,2nd,1st CAS vs 1st KIN,1st KIN,1st CAS,Nicholas England,7,31,0,0,c: C Aldridge b: B Keppetipola
14,2nd,1st CAS vs 1st KIN,1st KIN,1st CAS,William Halton,6,13,1,0,c: C Aldridge b: B Keppetipola
14,2nd,1st CAS vs 1st KIN,1st KIN,1st CAS,Akshay Ramkumar,,4,0,0,"run out (B Keppetipola, J McKenzie)"
14,2nd,1st CAS vs 1st KIN,1st KIN,1st CAS,Evan Allaway,57,76,11,0,b: K Scott
14,2nd,1st CAS vs 1st KIN,1st KIN,1st CAS,Neville Avari,37,61,6,0,not out
14,2nd,1st CAS vs 1st KIN,1st KIN,1st CAS,Jack Stevenson,,7,0,0,lbw: B Keppetipola
14,2nd,1st CAS vs 1st KIN,1st KIN,1st CAS,Matthew Sheridan,,,,,did not bat
14,2nd,1st CAS vs 1st KIN,1st CAS,1st KIN,Luke Ajani,46,137,5,0,b: A Ramkumar
14,2nd,1st CAS vs 1st KIN,1st CAS,1st KIN,Thaveesh Attanayake,119,179,17,1,b: N Avari
14,2nd,1st CAS vs 1st KIN,1st CAS,1st KIN,Brendan Plumb,,23,0,0,b: N Avari
14,2nd,1st CAS vs 1st KIN,1st CAS,1st KIN,Hamish Mckenzie,40,114,5,0,c: J Long b: N Avari
14,2nd,1st CAS vs 1st KIN,1st CAS,1st KIN,Luke Sullivan,43,83,6,0,not out
14,2nd,1st CAS vs 1st KIN,1st CAS,1st KIN,Charlie Aldridge,18,21,2,0,lbw: N Avari
14,2nd,1st CAS vs 1st KIN,1st CAS,1st KIN,Jock McKenzie,21,83,4,0,not out
14,2nd,1st ESS vs 1st MEL,1st MEL,1st ESS,Aidan Salvado,2,11,0,0,run out (M Forwood)
14,2nd,1st ESS vs 1st MEL,1st MEL,1st ESS,Nicholas Markovski,7,11,1,0,lbw: J Browning
14,2nd,1st ESS vs 1st MEL,1st MEL,1st ESS,Simrth Singh Gill,14,21,2,0,c: M Gome b: J Browning
14,2nd,1st ESS vs 1st MEL,1st MEL,1st ESS,Paul Wasiewicz,15,64,2,0,lbw: O Patel
14,2nd,1st ESS vs 1st MEL,1st MEL,1st ESS,Liam Tobin,8,21,0,0,c: M Gome b: J Prakash
14,2nd,1st ESS vs 1st MEL,1st MEL,1st ESS,Ethan Brne,42,107,4,0,b: K Kumar
14,2nd,1st ESS vs 1st MEL,1st MEL,1st ESS,Jarrod Parsons,15,80,1,0,c: T Young b: E Durrant
14,2nd,1st ESS vs 1st MEL,1st MEL,1st ESS,Arin Mishra,,9,0,0,b: K Kumar
14,2nd,1st ESS vs 1st MEL,1st MEL,1st ESS,Krit Darji,7,21,1,0,not out
14,2nd,1st ESS vs 1st MEL,1st MEL,1st ESS,Henry Robertson,12,11,2,0,lbw: O Patel
14,2nd,1st ESS vs 1st MEL,1st MEL,1st ESS,Navdeep Rai,,7,0,0,b: O Patel
14,2nd,1st ESS vs 1st MEL,1st MEL,1st ESS,Lachie Busk,,,,,did not bat
14,2nd,1st ESS vs 1st MEL,1st ESS,1st MEL,Tom Mileto,31,92,2,0,c: b: J Parsons
14,2nd,1st ESS vs 1st MEL,1st ESS,1st MEL,Michael Forwood,8,13,1,0,c: E Brne b: L Busk
14,2nd,1st ESS vs 1st MEL,1st ESS,1st MEL,Naman Sharma,3,32,0,0,c: H Robertson b: A Mishra
14,2nd,1st ESS vs 1st MEL,1st ESS,1st MEL,Janak Prakash,118,147,16,1,b: K Darji
14,2nd,1st ESS vs 1st MEL,1st ESS,1st MEL,Ali Khan,5,12,1,0,b: L Busk
14,2nd,1st ESS vs 1st MEL,1st ESS,1st MEL,Om Patel,,6,0,0,c: L Tobin b: N Rai
14,2nd,1st ESS vs 1st MEL,1st ESS,1st MEL,Elliott Durrant,16,40,2,0,c: A Salvado b: N Rai
14,2nd,1st ESS vs 1st MEL,1st ESS,1st MEL,Tim Young,18,13,1,1,lbw: K Darji
14,2nd,1st ESS vs 1st MEL,1st ESS,1st MEL,Matthew Gome,5,10,1,0,b: K Darji
14,2nd,1st ESS vs 1st MEL,1st ESS,1st MEL,James Browning,8,7,2,0,not out
14,2nd,1st ESS vs 1st MEL,1st ESS,1st MEL,Krish Kumar,6,9,1,0,lbw: K Darji
14,2nd,1st ESS vs 1st MEL,1st ESS,1st MEL,Brodie O'Donnell,,,,,did not bat
14,2nd,1st ESS vs 1st MEL,1st ESS,2nd ESS,Simrth Singh Gill,13,19,3,0,b: J Browning
14,2nd,1st ESS vs 1st MEL,1st ESS,2nd ESS,Nicholas Markovski,22,35,2,0,c: M Gome b: J Browning
14,2nd,1st ESS vs 1st MEL,1st ESS,2nd ESS,Paul Wasiewicz,54,146,6,1,not out
14,2nd,1st ESS vs 1st MEL,1st ESS,2nd ESS,Arin Mishra,11,15,1,0,lbw: K Kumar
14,2nd,1st ESS vs 1st MEL,1st ESS,2nd ESS,Liam Tobin,4,27,0,0,c: A Khan b: E Durrant
14,2nd,1st ESS vs 1st MEL,1st ESS,2nd ESS,Aidan Salvado,6,31,1,0,b: J Browning
14,2nd,1st ESS vs 1st MEL,1st ESS,2nd ESS,Ethan Brne,38,64,4,0,not out
14,2nd,1st ESS vs 1st MEL,1st ESS,2nd ESS,Lachie Busk,,,,,did not bat
14,2nd,1st ESS vs 1st MEL,1st ESS,2nd ESS,Krit Darji,,,,,did not bat
14,2nd,1st ESS vs 1st MEL,1st ESS,2nd ESS,Jarrod Parsons,,,,,did not bat
14,2nd,1st ESS vs 1st MEL,1st ESS,2nd ESS,Navdeep Rai,,,,,did not bat
14,2nd,1st ESS vs 1st MEL,1st ESS,2nd ESS,Henry Robertson,,,,,did not bat
14,2nd,1st FIT vs 1st GEE,1st GEE,1st FIT,Angus Roach,7,12,1,0,c: K Helwig b: O Haberfield
14,2nd,1st FIT vs 1st GEE,1st GEE,1st FIT,Blake Podesta,,2,0,0,c: S Croft b: O Haberfield
14,2nd,1st FIT vs 1st GEE,1st GEE,1st FIT,Aryan Sharma,53,184,5,0,c: R Aikman b: K Helwig
14,2nd,1st FIT vs 1st GEE,1st GEE,1st FIT,Zachary Macciocca,30,70,3,0,c: R Aikman b: L Biddiscombe
14,2nd,1st FIT vs 1st GEE,1st GEE,1st FIT,Matthew Bremner,13,25,3,0,c: R Aikman b: K Helwig
14,2nd,1st FIT vs 1st GEE,1st GEE,1st FIT,Brodie Richardson,74,139,8,0,c: C Brogden b: L Neate
14,2nd,1st FIT vs 1st GEE,1st GEE,1st FIT,Lishan De Silva,,5,0,0,"run out (R Aikman, C Brogden)"
14,2nd,1st FIT vs 1st GEE,1st GEE,1st FIT,Kepler Lukies,,20,0,0,lbw: S Croft
14,2nd,1st FIT vs 1st GEE,1st GEE,1st FIT,Liam Myott,6,31,1,0,c: L Biddiscombe b: O Haberfield
14,2nd,1st FIT vs 1st GEE,1st GEE,1st FIT,Kobe Smith,6,44,1,0,not out
14,2nd,1st FIT vs 1st GEE,1st GEE,1st FIT,Harry Smith,8,34,0,0,b: T Bain
14,2nd,1st FIT vs 1st GEE,1st GEE,1st FIT,Rahul Surendran,,,,,did not bat
14,2nd,1st FIT vs 1st GEE,1st FIT,1st GEE,Cody Brogden,1,7,0,0,c: R Surendran b: K Smith
14,2nd,1st FIT vs 1st GEE,1st FIT,1st GEE,Ryan Aikman,41,149,2,0,c: M Bremner b: H Smith
14,2nd,1st FIT vs 1st GEE,1st FIT,1st GEE,Ted Bain,29,93,3,0,b: K Smith
14,2nd,1st FIT vs 1st GEE,1st FIT,1st GEE,Santhosh Ramireddy,69,131,4,2,c: B Podesta b: B Richardson
14,2nd,1st FIT vs 1st GEE,1st FIT,1st GEE,Fletcher Cozens,8,52,0,0,lbw: K Lukies
14,2nd,1st FIT vs 1st GEE,1st FIT,1st GEE,Liam Biddiscombe,32,67,1,1,not out
14,2nd,1st FIT vs 1st GEE,1st FIT,1st GEE,Sam Croft,12,30,2,0,b: K Lukies
14,2nd,1st FIT vs 1st GEE,1st FIT,1st GEE,Josh Collins,3,3,0,0,lbw: K Lukies
14,2nd,1st FIT vs 1st GEE,1st FIT,1st GEE,Oliver Haberfield,9,14,0,1,not out
14,2nd,1st FIT vs 1st GEE,1st FIT,1st GEE,Kieren Helwig,,,,,did not bat
14,2nd,1st FIT vs 1st GEE,1st FIT,1st GEE,Lachlan Neate,,,,,did not bat
14,2nd,1st FIT vs 1st GEE,1st FIT,1st GEE,Joshua Slater,,,,,did not bat
14,2nd,1st MEL vs 1st FRA,1st FRA,1st MEL,Charles Lill,119,157,20,1,c: M Cestnik b: J Hay
14,2nd,1st MEL vs 1st FRA,1st FRA,1st MEL,Oliver Gunning,13,12,3,0,c: P Parsons b: M Cestnik
14,2nd,1st MEL vs 1st FRA,1st FRA,1st MEL,Nikki du Toit,152,246,16,0,c: P Parsons b: H Mohade
14,2nd,1st MEL vs 1st FRA,1st FRA,1st MEL,Benjamin Wickham,18,29,0,0,lbw: L Curtis
14,2nd,1st MEL vs 1st FRA,1st FRA,1st MEL,Ritin Raman,101,96,11,0,not out
14,2nd,1st MEL vs 1st FRA,1st FRA,1st MEL,Hugh Hyslop,18,18,2,0,not out
14,2nd,1st MEL vs 1st FRA,1st FRA,1st MEL,Samuel Field,,,,,did not bat
14,2nd,1st MEL vs 1st FRA,1st FRA,1st MEL,Phil Halbish,,,,,did not bat
14,2nd,1st MEL vs 1st FRA,1st FRA,1st MEL,Roland Murphy,,,,,did not bat
14,2nd,1st MEL vs 1st FRA,1st FRA,1st MEL,Tom Reid,,,,,did not bat
14,2nd,1st MEL vs 1st FRA,1st FRA,1st MEL,Yuvraj Sharma,,,,,did not bat
14,2nd,1st MEL vs 1st FRA,1st FRA,1st MEL,Nicholas Xavier,,,,,did not bat
14,2nd,1st MEL vs 1st FRA,1st MEL,1st FRA,Lachlan Walsh,33,82,5,0,c: S Field b: R Murphy
14,2nd,1st MEL vs 1st FRA,1st MEL,1st FRA,Patrick Parsons,32,46,6,0,c: R Raman b: T Reid
14,2nd,1st MEL vs 1st FRA,1st MEL,1st FRA,Harsh Laxmikant Mohade,7,21,1,0,c: R Raman b: R Murphy
14,2nd,1st MEL vs 1st FRA,1st MEL,1st FRA,Sam Gove,68,79,12,0,b: T Reid
14,2nd,1st MEL vs 1st FRA,1st MEL,1st FRA,Sean Parker,,2,0,0,c: H Hyslop b: R Murphy
14,2nd,1st MEL vs 1st FRA,1st MEL,1st FRA,Noah Langham,13,55,1,0,c: B Wickham b: R Murphy
14,2nd,1st MEL vs 1st FRA,1st MEL,1st FRA,Lachlan Curtis,2,3,0,0,lbw: R Murphy
14,2nd,1st MEL vs 1st FRA,1st MEL,1st FRA,Mitchell Cestnik,14,30,2,0,c: N Xavier b: C Lill
14,2nd,1st MEL vs 1st FRA,1st MEL,1st FRA,Jack Hay,27,80,4,0,not out
14,2nd,1st MEL vs 1st FRA,1st MEL,1st FRA,Ned Hurley,29,51,3,0,c: R Murphy b: S Field
14,2nd,1st MEL vs 1st FRA,1st MEL,1st FRA,Lachlan Hose,1,30,0,0,c: R Raman b: N Xavier
14,2nd,1st MEL vs 1st FRA,1st MEL,1st FRA,Jamie Matheson,,,,,did not bat
14,2nd,1st PRA vs 1st RIC,1st RIC,1st PRA,Oliver Willett,3,12,0,0,c: P Pancholi b: J Trevethan
14,2nd,1st PRA vs 1st RIC,1st RIC,1st PRA,Travis Jackson,15,63,1,0,c: J Trevethan b: P Pancholi
14,2nd,1st PRA vs 1st RIC,1st RIC,1st PRA,Charlie Giles,10,17,1,0,c: R Singh b: G Box
14,2nd,1st PRA vs 1st RIC,1st RIC,1st PRA,Riley Backhouse,2,9,0,0,c: J Hinds b: G Box
14,2nd,1st PRA vs 1st RIC,1st RIC,1st PRA,Nicholas Morrey,79,217,10,0,c: M Parker b: G Box
14,2nd,1st PRA vs 1st RIC,1st RIC,1st PRA,William Collins,17,57,2,0,"run out (C Wigney, M Parker)"
14,2nd,1st PRA vs 1st RIC,1st RIC,1st PRA,Will Scott,23,72,3,0,c: G Box b: C Wigney
14,2nd,1st PRA vs 1st RIC,1st RIC,1st PRA,Jack Hope-Bell,62,112,4,0,c: C Dobson b: G Box
14,2nd,1st PRA vs 1st RIC,1st RIC,1st PRA,James Boyce,10,20,1,0,c: J Iverson b: G Box
14,2nd,1st PRA vs 1st RIC,1st RIC,1st PRA,Hugh Birchall,5,31,0,0,b: J Trevethan
14,2nd,1st PRA vs 1st RIC,1st RIC,1st PRA,Parth Rath,0,1,0,0,not out
14,2nd,1st PRA vs 1st RIC,1st RIC,1st PRA,Max Keogh,,,,,did not bat
14,2nd,1st PRA vs 1st RIC,1st PRA,1st RIC,Tyler Hoffman,27,83,0,0,c: O Willett b: H Birchall
14,2nd,1st PRA vs 1st RIC,1st PRA,1st RIC,Jack Iverson,2,15,0,0,b: M Keogh
14,2nd,1st PRA vs 1st RIC,1st PRA,1st RIC,Ranbir Singh,1,4,0,0,c: T Jackson b: M Keogh
14,2nd,1st PRA vs 1st RIC,1st PRA,1st RIC,Jacob Hinds,,2,0,0,lbw: M Keogh
14,2nd,1st PRA vs 1st RIC,1st PRA,1st RIC,Archit Bhatia,103,171,12,2,lbw: C Giles
14,2nd,1st PRA vs 1st RIC,1st PRA,1st RIC,Max Parker,58,157,5,0,not out
14,2nd,1st PRA vs 1st RIC,1st PRA,1st RIC,Griffin Box,46,61,7,0,not out
14,2nd,1st PRA vs 1st RIC,1st PRA,1st RIC,Caiden Dobson,,,,,did not bat
14,2nd,1st PRA vs 1st RIC,1st PRA,1st RIC,Callum McIlveen,,,,,did not bat
14,2nd,1st PRA vs 1st RIC,1st PRA,1st RIC,Prithish Pancholi,,,,,did not bat
14,2nd,1st PRA vs 1st RIC,1st PRA,1st RIC,Jack Trevethan,,,,,did not bat
14,2nd,1st PRA vs 1st RIC,1st PRA,1st RIC,Charlie Wigney,,,,,did not bat
14,2nd,1st CAM vs 1st DAN,1st DAN,1st CAM,Samuel Olsen,25,105,4,0,c: A Fernando b: T Evans
14,2nd,1st CAM vs 1st DAN,1st DAN,1st CAM,Tom Scott,68,124,9,2,c: S Rihan b: H Wrigglesworth
14,2nd,1st CAM vs 1st DAN,1st DAN,1st CAM,Coby Fitzsimmons,51,67,6,2,c: V Bansal b: P Hirani
14,2nd,1st CAM vs 1st DAN,1st DAN,1st CAM,Griffin McComb,65,105,8,1,b: V Bansal
14,2nd,1st CAM vs 1st DAN,1st DAN,1st CAM,Adit Pawha,,6,0,0,b: A McMaster
14,2nd,1st CAM vs 1st DAN,1st DAN,1st CAM,Charles Simondson,31,39,5,0,c: B Mahadeva b: A Fernando
14,2nd,1st CAM vs 1st DAN,1st DAN,1st CAM,Finlay McGrotty,8,28,0,0,run out (H Wrigglesworth)
14,2nd,1st CAM vs 1st DAN,1st DAN,1st CAM,Jakey Pietz,14,25,1,0,c: A Chhina b: A Fernando
14,2nd,1st CAM vs 1st DAN,1st DAN,1st CAM,Daniel Pietz,5,9,1,0,st: B Mahadeva b: A Fernando
14,2nd,1st CAM vs 1st DAN,1st DAN,1st CAM,Christopher Gorman,10,16,0,0,not out
14,2nd,1st CAM vs 1st DAN,1st DAN,1st CAM,Simarjit Pawar,11,14,2,0,not out
14,2nd,1st CAM vs 1st DAN,1st DAN,1st CAM,Kevin Prior,,,,,did not bat
14,2nd,1st CAM vs 1st DAN,1st CAM,1st DAN,Ryan Hammel,46,111,2,0,lbw: C Simondson
14,2nd,1st CAM vs 1st DAN,1st CAM,1st DAN,Aryan Mohan,10,24,2,0,c: F McGrotty b: C Gorman
14,2nd,1st CAM vs 1st DAN,1st CAM,1st DAN,Vishesh Bansal,68,97,9,1,lbw: C Simondson
14,2nd,1st CAM vs 1st DAN,1st CAM,1st DAN,Aaron Fernando,,14,0,0,c: C Fitzsimmons b: C Simondson
14,2nd,1st CAM vs 1st DAN,1st CAM,1st DAN,Max Marinic,84,148,4,2,c: S Pawar b: C Simondson
14,2nd,1st CAM vs 1st DAN,1st CAM,1st DAN,Abhikaran Singh Chhina,16,26,1,1,c: C Simondson b: C Fitzsimmons
14,2nd,1st CAM vs 1st DAN,1st CAM,1st DAN,Sayed Rihan,10,43,1,0,c: F McGrotty b: C Simondson
14,2nd,1st CAM vs 1st DAN,1st CAM,1st DAN,Barathan Mahadeva,18,45,3,0,c: C Fitzsimmons b: S Olsen
14,2nd,1st CAM vs 1st DAN,1st CAM,1st DAN,Adam McMaster,,2,0,0,lbw: S Olsen
14,2nd,1st CAM vs 1st DAN,1st CAM,1st DAN,Hayden Wrigglesworth,17,46,1,0,c: F McGrotty b: D Pietz
14,2nd,1st CAM vs 1st DAN,1st CAM,1st DAN,Tyler Evans,1,3,0,0,not out
14,2nd,1st CAM vs 1st DAN,1st CAM,1st DAN,Parth Hirani,,,,,did not bat
14,2nd,1st RIN vs 1st CAR,1st CAR,1st RIN,Patrick Gouge,125,230,15,0,c: A Smillie b: V Bush
14,2nd,1st RIN vs 1st CAR,1st CAR,1st RIN,Harry Flynn,91,169,11,0,b: S Morrow
14,2nd,1st RIN vs 1st CAR,1st CAR,1st RIN,daniel ivanovic,15,27,2,0,c: b: N Brennan
14,2nd,1st RIN vs 1st CAR,1st CAR,1st RIN,Mark Donegan,1,7,0,0,c: S Wray b: S Morrow
14,2nd,1st RIN vs 1st CAR,1st CAR,1st RIN,Matthew Mountain,54,69,4,0,c: S Morrow b: N Brennan
14,2nd,1st RIN vs 1st CAR,1st CAR,1st RIN,Prabhav Mishra,11,14,1,0,st: S Wray b: L Brasher
14,2nd,1st RIN vs 1st CAR,1st CAR,1st RIN,Luke Tully,11,12,0,0,b: N Brennan
14,2nd,1st RIN vs 1st CAR,1st CAR,1st RIN,Jackson Edwards,6,5,1,0,b: A Smillie
14,2nd,1st RIN vs 1st CAR,1st CAR,1st RIN,Bailey O’Riley,1,4,0,0,not out
14,2nd,1st RIN vs 1st CAR,1st CAR,1st RIN,Liam Walker,7,4,0,1,b: N Brennan
14,2nd,1st RIN vs 1st CAR,1st CAR,1st RIN,Jonathan Farrand,,,,,did not bat
14,2nd,1st RIN vs 1st CAR,1st CAR,1st RIN,Jack Martin,,,,,did not bat
14,2nd,1st RIN vs 1st CAR,1st RIN,1st CAR,Keir Lucas,143,262,16,1,lbw: P Mishra
14,2nd,1st RIN vs 1st CAR,1st RIN,1st CAR,Spencer Wray,6,20,1,0,c: J Edwards b: L Tully
14,2nd,1st RIN vs 1st CAR,1st RIN,1st CAR,Guntaas Brar,32,39,4,0,st: J Edwards b: M Mountain
14,2nd,1st RIN vs 1st CAR,1st RIN,1st CAR,Lachlan Shinn-mahony,2,3,0,0,"run out (P Gouge, J Edwards)"
14,2nd,1st RIN vs 1st CAR,1st RIN,1st CAR,Akshith Sriram,71,152,10,0,c: J Farrand b: M Mountain
14,2nd,1st RIN vs 1st CAR,1st RIN,1st CAR,Izan Shaikh,66,52,8,2,not out
14,2nd,1st RIN vs 1st CAR,1st RIN,1st CAR,Jack Atkinson,1,1,0,0,not out
14,2nd,1st RIN vs 1st CAR,1st RIN,1st CAR,Lucas Brasher,,,,,did not bat
14,2nd,1st RIN vs 1st CAR,1st RIN,1st CAR,Nicholas Brennan,,,,,did not bat
14,2nd,1st RIN vs 1st CAR,1st RIN,1st CAR,Vincent Bush,,,,,did not bat
14,2nd,1st RIN vs 1st CAR,1st RIN,1st CAR,Sean Morrow,,,,,did not bat
14,2nd,1st RIN vs 1st CAR,1st RIN,1st CAR,Aaron Smillie,,,,,did not bat
15,2nd,1st FIT vs 1st FRA,1st FRA,1st FIT,Aryan Sharma,1,7,0,0,b: J Hay
15,2nd,1st FIT vs 1st FRA,1st FRA,1st FIT,Angus Roach,115,252,15,0,lbw: N Hurley
15,2nd,1st FIT vs 1st FRA,1st FRA,1st FIT,Matthew Bremner,31,68,3,0,c: L Walsh b: T Nandini
15,2nd,1st FIT vs 1st FRA,1st FRA,1st FIT,Zachary Macciocca,37,131,3,0,b: M Cestnik
15,2nd,1st FIT vs 1st FRA,1st FRA,1st FIT,tom kellar,4,3,1,0,c: P Parsons b: J Dignan
15,2nd,1st FIT vs 1st FRA,1st FRA,1st FIT,Brodie Richardson,36,46,4,0,c: P Parsons b: J Hay
15,2nd,1st FIT vs 1st FRA,1st FRA,1st FIT,Max Bradley,2,9,0,0,c: P Parsons b: J Hay
15,2nd,1st FIT vs 1st FRA,1st FRA,1st FIT,Miller Childs,9,10,1,0,c: S van Wijk b: M Cestnik
15,2nd,1st FIT vs 1st FRA,1st FRA,1st FIT,Kepler Lukies,5,4,1,0,c: J Edwards b: N Hurley
15,2nd,1st FIT vs 1st FRA,1st FRA,1st FIT,Liam Myott,1,4,0,0,c: S van Wijk b: M Cestnik
15,2nd,1st FIT vs 1st FRA,1st FRA,1st FIT,Kobe Smith,2,1,0,0,not out
15,2nd,1st FIT vs 1st FRA,1st FRA,1st FIT,Harry Smith,,,,,did not bat
15,2nd,1st FIT vs 1st FRA,1st FIT,1st FRA,Lachlan Walsh,1,15,0,0,lbw: K Smith
15,2nd,1st FIT vs 1st FRA,1st FIT,1st FRA,Patrick Parsons,6,29,0,0,c: t kellar b: K Smith
15,2nd,1st FIT vs 1st FRA,1st FIT,1st FRA,Lucas McConnell,43,104,5,0,c: Z Macciocca b: H Smith
15,2nd,1st FIT vs 1st FRA,1st FIT,1st FRA,Harsh Laxmikant Mohade,,4,0,0,b: H Smith
15,2nd,1st FIT vs 1st FRA,1st FIT,1st FRA,Sean van Wijk,,5,0,0,b: H Smith
15,2nd,1st FIT vs 1st FRA,1st FIT,1st FRA,Joshua Edwards,1,6,0,0,c: Z Macciocca b: M Childs
15,2nd,1st FIT vs 1st FRA,1st FIT,1st FRA,Noah Langham,18,79,3,0,run out (L Myott)
15,2nd,1st FIT vs 1st FRA,1st FIT,1st FRA,Mitchell Cestnik,14,27,1,0,c&b: L Myott
15,2nd,1st FIT vs 1st FRA,1st FIT,1st FRA,Jack Hay,28,77,4,0,not out
15,2nd,1st FIT vs 1st FRA,1st FIT,1st FRA,Ned Hurley,8,75,1,0,c: L Myott b: B Richardson
15,2nd,1st FIT vs 1st FRA,1st FIT,1st FRA,Jye Dignan,13,20,1,0,c: A Sharma b: L Myott
15,2nd,1st FIT vs 1st FRA,1st FIT,1st FRA,Tanush Nandini,,,,,did not bat
15,2nd,1st ST vs 1st CAM,1st CAM,1st ST,Dan Meddings,2,18,0,0,c: F McGrotty b: A Nicholls
15,2nd,1st ST vs 1st CAM,1st CAM,1st ST,Ashish Ashish,18,40,1,0,c: F McGrotty b: J Pietz
15,2nd,1st ST vs 1st CAM,1st CAM,1st ST,Angus Newman,66,186,3,0,"run out (D SAINI, F McGrotty)"
15,2nd,1st ST vs 1st CAM,1st CAM,1st ST,Jack Cunnington,15,33,1,1,c: L Smith b: J Pietz
15,2nd,1st ST vs 1st CAM,1st CAM,1st ST,Reyaan Farooq,25,36,4,1,c: C Fitzsimmons b: K Prior
15,2nd,1st ST vs 1st CAM,1st CAM,1st ST,Henry Gray,29,68,3,0,c: D Pietz b: C Fitzsimmons
15,2nd,1st ST vs 1st CAM,1st CAM,1st ST,Guy Barnes,51,118,5,0,c: G McComb b: K Prior
15,2nd,1st ST vs 1st CAM,1st CAM,1st ST,Declan McComb,,8,0,0,lbw: D Pietz
15,2nd,1st ST vs 1st CAM,1st CAM,1st ST,James Gray,14,31,0,0,c: D Pietz b: K Prior
15,2nd,1st ST vs 1st CAM,1st CAM,1st ST,Lachlan Graf,21,29,3,0,not out
15,2nd,1st ST vs 1st CAM,1st CAM,1st ST,Harry Jones,4,6,0,0,c: F McGrotty b: K Prior
15,2nd,1st ST vs 1st CAM,1st CAM,1st ST,Aaron Harding,,,,,did not bat
15,2nd,1st ST vs 1st CAM,1st ST,1st CAM,Lucas Smith,1,12,0,0,c: H Gray b: A Harding
15,2nd,1st ST vs 1st CAM,1st ST,1st CAM,Tom Scott,50,202,2,1,not out
15,2nd,1st ST vs 1st CAM,1st ST,1st CAM,Coby Fitzsimmons,24,54,1,0,c&b: J Gray
15,2nd,1st ST vs 1st CAM,1st ST,1st CAM,Griffin McComb,27,84,4,0,c: A Newman b: A Harding
15,2nd,1st ST vs 1st CAM,1st ST,1st CAM,Samuel Olsen,,6,0,0,c: R Farooq b: A Harding
15,2nd,1st ST vs 1st CAM,1st ST,1st CAM,Finlay McGrotty,,1,0,0,c: G Barnes b: A Harding
15,2nd,1st ST vs 1st CAM,1st ST,1st CAM,Jakey Pietz,21,53,4,0,c: A Harding b: J Gray
15,2nd,1st ST vs 1st CAM,1st ST,1st CAM,Daniel Pietz,,4,0,0,c: H Jones b: J Gray
15,2nd,1st ST vs 1st CAM,1st ST,1st CAM,Kevin Prior,2,13,0,0,c: G Barnes b: T Paddington
15,2nd,1st ST vs 1st CAM,1st ST,1st CAM,Christopher Gorman,4,12,0,0,lbw: T Paddington
15,2nd,1st ST vs 1st CAM,1st ST,1st CAM,Aidan Nicholls,,12,0,0,c: R Farooq b: A Harding
15,2nd,1st ST vs 1st CAM,1st ST,1st CAM,DAKSH SAINI,,,,,did not bat
15,2nd,1st PRA vs 1st MEL,1st MEL,1st PRA,Oliver Willett,2,12,0,0,c: M Gome b: K Kumar
15,2nd,1st PRA vs 1st MEL,1st MEL,1st PRA,Travis Jackson,37,142,5,0,c: J Browning b: B O'Donnell
15,2nd,1st PRA vs 1st MEL,1st MEL,1st PRA,Charlie Giles,9,11,1,0,c: N Sharma b: J Browning
15,2nd,1st PRA vs 1st MEL,1st MEL,1st PRA,Riley Backhouse,,6,0,0,c: E Durrant b: J Stevenson
15,2nd,1st PRA vs 1st MEL,1st MEL,1st PRA,Nicholas Morrey,107,210,16,0,c: A Khan b: O Patel
15,2nd,1st PRA vs 1st MEL,1st MEL,1st PRA,William Collins,29,79,3,1,c: M Forwood b: E Durrant
15,2nd,1st PRA vs 1st MEL,1st MEL,1st PRA,Will Scott,47,55,8,1,c: B O'Donnell b: O Patel
15,2nd,1st PRA vs 1st MEL,1st MEL,1st PRA,Jack Hope-Bell,32,25,5,1,c: M Gome b: J Browning
15,2nd,1st PRA vs 1st MEL,1st MEL,1st PRA,Sam Beer,19,23,4,0,b: J Stevenson
15,2nd,1st PRA vs 1st MEL,1st MEL,1st PRA,James Boyce,15,20,1,1,c: O Patel b: J Browning
15,2nd,1st PRA vs 1st MEL,1st MEL,1st PRA,Hugh Birchall,1,26,0,0,not out
15,2nd,1st PRA vs 1st MEL,1st MEL,1st PRA,Max Keogh,,,,,did not bat
15,2nd,1st PRA vs 1st MEL,1st MEL,1st PRA,Pranav Menon,,,,,did not bat
15,2nd,1st PRA vs 1st MEL,1st PRA,1st MEL,Tom Mileto,54,114,10,0,c: T Jackson b: S Beer
15,2nd,1st PRA vs 1st MEL,1st PRA,1st MEL,Michael Forwood,32,23,6,0,b: J Boyce
15,2nd,1st PRA vs 1st MEL,1st PRA,1st MEL,Naman Sharma,30,86,4,0,"run out (C Giles, W Collins)"
15,2nd,1st PRA vs 1st MEL,1st PRA,1st MEL,Ali Khan,8,36,1,0,b: J Boyce
15,2nd,1st PRA vs 1st MEL,1st PRA,1st MEL,Om Patel,4,7,1,0,b: S Beer
15,2nd,1st PRA vs 1st MEL,1st PRA,1st MEL,Elliott Durrant,4,21,1,0,b: P Menon
15,2nd,1st PRA vs 1st MEL,1st PRA,1st MEL,Tim Young,13,24,2,0,c: T Jackson b: P Menon
15,2nd,1st PRA vs 1st MEL,1st PRA,1st MEL,Matthew Gome,12,24,2,0,lbw: J Boyce
15,2nd,1st PRA vs 1st MEL,1st PRA,1st MEL,James Browning,10,58,0,0,not out
15,2nd,1st PRA vs 1st MEL,1st PRA,1st MEL,Krish Kumar,8,29,1,0,b: J Boyce
15,2nd,1st PRA vs 1st MEL,1st PRA,1st MEL,Brodie O'Donnell,1,9,0,0,c: W Scott b: H Birchall
15,2nd,1st PRA vs 1st MEL,1st PRA,1st MEL,Jacob Stevenson,,,,,did not bat
15,2nd,1st NOR vs 1st ESS,1st ESS,1st NOR,Michael Jephcott,31,47,5,0,c: H Robertson b: A Mishra
15,2nd,1st NOR vs 1st ESS,1st ESS,1st NOR,James Shadbolt,16,75,2,0,c: E Brne b: N Rai
15,2nd,1st NOR vs 1st ESS,1st ESS,1st NOR,Daniel Lalor,1,1,0,0,run out (K Darji)
15,2nd,1st NOR vs 1st ESS,1st ESS,1st NOR,Michael Hay,3,16,0,0,c: N Markovski b: N Rai
15,2nd,1st NOR vs 1st ESS,1st ESS,1st NOR,Marcus Stables,,6,0,0,lbw: A Mishra
15,2nd,1st NOR vs 1st ESS,1st ESS,1st NOR,Michael Sacchetta,,5,0,0,c: N Markovski b: A Mishra
15,2nd,1st NOR vs 1st ESS,1st ESS,1st NOR,Samson Storey,71,115,9,3,c: K Darji b: N Rai
15,2nd,1st NOR vs 1st ESS,1st ESS,1st NOR,Noah Barone,10,22,0,1,c: N Rai b: A Mishra
15,2nd,1st NOR vs 1st ESS,1st ESS,1st NOR,Tremayne Ryder,16,49,0,1,lbw: K Darji
15,2nd,1st NOR vs 1st ESS,1st ESS,1st NOR,Roby Lane,11,34,1,0,not out
15,2nd,1st NOR vs 1st ESS,1st ESS,1st NOR,Ethan Sharkey,3,19,0,0,lbw: H Robertson
15,2nd,1st NOR vs 1st ESS,1st ESS,1st NOR,Leonardo Manteit,,,,,did not bat
15,2nd,1st NOR vs 1st ESS,1st NOR,1st ESS,Liam Tobin,44,121,8,0,c: N Barone b: L Manteit
15,2nd,1st NOR vs 1st ESS,1st NOR,1st ESS,Aidan Salvado,19,66,1,0,c: M Stables b: L Manteit
15,2nd,1st NOR vs 1st ESS,1st NOR,1st ESS,Ethan Brne,,4,0,0,b: L Manteit
15,2nd,1st NOR vs 1st ESS,1st NOR,1st ESS,Paul Wasiewicz,,9,0,0,c: M Hay b: L Manteit
15,2nd,1st NOR vs 1st ESS,1st NOR,1st ESS,Henry Robertson,19,67,2,0,c: N Barone b: E Sharkey
15,2nd,1st NOR vs 1st ESS,1st NOR,1st ESS,Simrth Singh Gill,6,14,1,0,c: M Stables b: E Sharkey
15,2nd,1st NOR vs 1st ESS,1st NOR,1st ESS,Nicholas Markovski,37,63,4,1,not out
15,2nd,1st NOR vs 1st ESS,1st NOR,1st ESS,Jarrod Parsons,3,26,0,0,c: M Stables b: R Lane
15,2nd,1st NOR vs 1st ESS,1st NOR,1st ESS,Krit Darji,1,22,0,0,c: N Barone b: R Lane
15,2nd,1st NOR vs 1st ESS,1st NOR,1st ESS,Arin Mishra,1,11,0,0,c: N Barone b: R Lane
15,2nd,1st NOR vs 1st ESS,1st NOR,1st ESS,Navdeep Rai,,1,0,0,c: N Barone b: R Lane
15,2nd,1st NOR vs 1st ESS,1st NOR,1st ESS,Lachie Busk,,,,,did not bat
15,2nd,1st NOR vs 1st ESS,1st NOR,2nd NOR,Michael Jephcott,9,35,2,0,not out
15,2nd,1st NOR vs 1st ESS,1st NOR,2nd NOR,James Shadbolt,,4,0,0,b: N Rai
15,2nd,1st NOR vs 1st ESS,1st NOR,2nd NOR,Daniel Lalor,5,13,1,0,c: N Markovski b: L Busk
15,2nd,1st NOR vs 1st ESS,1st NOR,2nd NOR,Marcus Stables,15,20,1,1,not out
15,2nd,1st NOR vs 1st ESS,1st NOR,2nd NOR,Noah Barone,,,,,did not bat
15,2nd,1st NOR vs 1st ESS,1st NOR,2nd NOR,Michael Hay,,,,,did not bat
15,2nd,1st NOR vs 1st ESS,1st NOR,2nd NOR,Roby Lane,,,,,did not bat
15,2nd,1st NOR vs 1st ESS,1st NOR,2nd NOR,Leonardo Manteit,,,,,did not bat
15,2nd,1st NOR vs 1st ESS,1st NOR,2nd NOR,Tremayne Ryder,,,,,did not bat
15,2nd,1st NOR vs 1st ESS,1st NOR,2nd NOR,Michael Sacchetta,,,,,did not bat
15,2nd,1st NOR vs 1st ESS,1st NOR,2nd NOR,Ethan Sharkey,,,,,did not bat
15,2nd,1st NOR vs 1st ESS,1st NOR,2nd NOR,Samson Storey,,,,,did not bat
15,2nd,1st KIN vs 1st GRE,1st GRE,1st KIN,Luke Ajani,,2,0,0,b: T Sutherland
15,2nd,1st KIN vs 1st GRE,1st GRE,1st KIN,Simo Ivetic,8,28,2,0,c: H Fitzgerald b: T Sutherland
15,2nd,1st KIN vs 1st GRE,1st GRE,1st KIN,Brendan Plumb,23,116,4,0,c: H Fitzgerald b: T Sutherland
15,2nd,1st KIN vs 1st GRE,1st GRE,1st KIN,Jonathan Vincent,,3,0,0,lbw: T Sutherland
15,2nd,1st KIN vs 1st GRE,1st GRE,1st KIN,Luke Sullivan,8,24,2,0,c: H Fitzgerald b: L Dichiera
15,2nd,1st KIN vs 1st GRE,1st GRE,1st KIN,Hamish Mckenzie,59,111,9,0,c: C Burton b: L Dichiera
15,2nd,1st KIN vs 1st GRE,1st GRE,1st KIN,Charlie Aldridge,53,83,9,0,b: A Fernando
15,2nd,1st KIN vs 1st GRE,1st GRE,1st KIN,Jock McKenzie,15,49,3,0,b: E Singh
15,2nd,1st KIN vs 1st GRE,1st GRE,1st KIN,Bhanuka Keppetipola,39,67,4,1,c: N Fernando b: L Dichiera
15,2nd,1st KIN vs 1st GRE,1st GRE,1st KIN,Rehan Majoka,39,84,5,0,c: T Sutherland b: E Singh
15,2nd,1st KIN vs 1st GRE,1st GRE,1st KIN,Kyle Scott,5,21,1,0,not out
15,2nd,1st KIN vs 1st GRE,1st GRE,1st KIN,Bradley Stow,,,,,did not bat
15,2nd,1st KIN vs 1st GRE,1st KIN,1st GRE,Gurbaaz Hundal,12,7,2,0,lbw: B Stow
15,2nd,1st KIN vs 1st GRE,1st KIN,1st GRE,Panav Jaura,30,61,4,1,c: S Ivetic b: R Majoka
15,2nd,1st KIN vs 1st GRE,1st KIN,1st GRE,Angus Webb,17,32,3,0,c: J McKenzie b: L Sullivan
15,2nd,1st KIN vs 1st GRE,1st KIN,1st GRE,Conroy Burton,,5,0,0,b: L Sullivan
15,2nd,1st KIN vs 1st GRE,1st KIN,1st GRE,Harry Fitzgerald,20,30,3,0,hit wicket b: R Majoka
15,2nd,1st KIN vs 1st GRE,1st KIN,1st GRE,Ashley Fernando,50,88,6,1,not out
15,2nd,1st KIN vs 1st GRE,1st KIN,1st GRE,Lewis Dichiera,6,24,0,0,c&b: R Majoka
15,2nd,1st KIN vs 1st GRE,1st KIN,1st GRE,Chandramauli Sridev,,9,0,0,b: R Majoka
15,2nd,1st KIN vs 1st GRE,1st KIN,1st GRE,Michael Cross,5,12,1,0,b: B Keppetipola
15,2nd,1st KIN vs 1st GRE,1st KIN,1st GRE,Nirmana Fernando,9,22,2,0,b: L Sullivan
15,2nd,1st KIN vs 1st GRE,1st KIN,1st GRE,Tobias Sutherland,9,29,1,0,run out (J McKenzie)
15,2nd,1st KIN vs 1st GRE,1st KIN,1st GRE,Eshann Singh,,,,,did not bat
15,2nd,1st KIN vs 1st GRE,1st KIN,2nd KIN,Luke Ajani,5,16,1,0,b: T Sutherland
15,2nd,1st KIN vs 1st GRE,1st KIN,2nd KIN,Luke Sullivan,5,14,1,0,not out
15,2nd,1st KIN vs 1st GRE,1st KIN,2nd KIN,Jonathan Vincent,0,0,0,0,not out
15,2nd,1st KIN vs 1st GRE,1st KIN,2nd KIN,Charlie Aldridge,,,,,did not bat
15,2nd,1st KIN vs 1st GRE,1st KIN,2nd KIN,Simo Ivetic,,,,,did not bat
15,2nd,1st KIN vs 1st GRE,1st KIN,2nd KIN,Bhanuka Keppetipola,,,,,did not bat
15,2nd,1st KIN vs 1st GRE,1st KIN,2nd KIN,Rehan Majoka,,,,,did not bat
15,2nd,1st KIN vs 1st GRE,1st KIN,2nd KIN,Hamish Mckenzie,,,,,did not bat
15,2nd,1st KIN vs 1st GRE,1st KIN,2nd KIN,Jock McKenzie,,,,,did not bat
15,2nd,1st KIN vs 1st GRE,1st KIN,2nd KIN,Brendan Plumb,,,,,did not bat
15,2nd,1st KIN vs 1st GRE,1st KIN,2nd KIN,Kyle Scott,,,,,did not bat
15,2nd,1st KIN vs 1st GRE,1st KIN,2nd KIN,Bradley Stow,,,,,did not bat
15,2nd,1st GEE vs 1st DAN,1st DAN,1st GEE,Ryan Aikman,98,236,6,2,st: B Mahadeva b: V Bansal
15,2nd,1st GEE vs 1st DAN,1st DAN,1st GEE,Cody Brogden,68,119,13,0,b: V Bansal
15,2nd,1st GEE vs 1st DAN,1st DAN,1st GEE,Ted Bain,9,20,2,0,c: b: H Wrigglesworth
15,2nd,1st GEE vs 1st DAN,1st DAN,1st GEE,Santhosh Ramireddy,11,15,1,0,run out (A Chhina)
15,2nd,1st GEE vs 1st DAN,1st DAN,1st GEE,Fletcher Cozens,80,146,8,0,not out
15,2nd,1st GEE vs 1st DAN,1st DAN,1st GEE,Liam Biddiscombe,31,32,2,1,st: B Mahadeva b: A Fernando
15,2nd,1st GEE vs 1st DAN,1st DAN,1st GEE,Sam Croft,7,14,0,0,not out
15,2nd,1st GEE vs 1st DAN,1st DAN,1st GEE,Josh Collins,,,,,did not bat
15,2nd,1st GEE vs 1st DAN,1st DAN,1st GEE,Joshua Slater,,,,,did not bat
15,2nd,1st GEE vs 1st DAN,1st DAN,1st GEE,Kieren Helwig,,,,,did not bat
15,2nd,1st GEE vs 1st DAN,1st DAN,1st GEE,Lachlan Neate,,,,,did not bat
15,2nd,1st GEE vs 1st DAN,1st DAN,1st GEE,Oliver Haberfield,,,,,did not bat
15,2nd,1st GEE vs 1st DAN,1st GEE,1st DAN,Aryan Mohan,35,82,5,0,b: L Biddiscombe
15,2nd,1st GEE vs 1st DAN,1st GEE,1st DAN,Venuk Hemachandra,68,88,14,0,b: J Collins
15,2nd,1st GEE vs 1st DAN,1st GEE,1st DAN,Vishesh Bansal,,2,0,0,b: J Slater
15,2nd,1st GEE vs 1st DAN,1st GEE,1st DAN,Aaron Fernando,47,91,9,0,c: C Brogden b: O Haberfield
15,2nd,1st GEE vs 1st DAN,1st GEE,1st DAN,Rohan Chandel,21,71,3,0,c: b: L Neate
15,2nd,1st GEE vs 1st DAN,1st GEE,1st DAN,Sayed Rihan,,7,0,0,c: T Bain b: L Neate
15,2nd,1st GEE vs 1st DAN,1st GEE,1st DAN,Barathan Mahadeva,2,17,0,0,c: b: L Neate
15,2nd,1st GEE vs 1st DAN,1st GEE,1st DAN,Nathan Giove,5,20,1,0,not out
15,2nd,1st GEE vs 1st DAN,1st GEE,1st DAN,Adam McMaster,,3,0,0,c: J Slater b: L Neate
15,2nd,1st GEE vs 1st DAN,1st GEE,1st DAN,Hayden Wrigglesworth,,6,0,0,c: C Brogden b: L Neate
15,2nd,1st GEE vs 1st DAN,1st GEE,1st DAN,Parth Hirani,,15,0,0,run out (F Cozens)
15,2nd,1st GEE vs 1st DAN,1st GEE,1st DAN,Abhikaran Singh Chhina,0,0,0,0,not out
15,2nd,1st FOO vs 1st CAS,1st CAS,1st FOO,Max Hatzoglou,15,18,2,0,c: W Halton b: E Allaway
15,2nd,1st FOO vs 1st CAS,1st CAS,1st FOO,Aayan Nadeem,108,120,20,0,c: J Singh b: E Allaway
15,2nd,1st FOO vs 1st CAS,1st CAS,1st FOO,Declan O'Brien,6,17,0,0,c: A Raza b: K Sridhar
15,2nd,1st FOO vs 1st CAS,1st CAS,1st FOO,Ashton Frost,62,123,6,1,c: J Long b: K Sridhar
15,2nd,1st FOO vs 1st CAS,1st CAS,1st FOO,Bailey Toseland,20,77,2,0,c: J Long b: N Avari
15,2nd,1st FOO vs 1st CAS,1st CAS,1st FOO,Noah Panaia,47,66,8,0,b: N Avari
15,2nd,1st FOO vs 1st CAS,1st CAS,1st FOO,Dezi Carter,42,84,3,1,c: J Singh b: E Allaway
15,2nd,1st FOO vs 1st CAS,1st CAS,1st FOO,Daksh Kumar,25,63,3,0,b: E Allaway
15,2nd,1st FOO vs 1st CAS,1st CAS,1st FOO,Cam Jenkins,30,33,3,1,c: K Sridhar b: E Allaway
15,2nd,1st FOO vs 1st CAS,1st CAS,1st FOO,Luke Gilham,21,30,4,0,not out
15,2nd,1st FOO vs 1st CAS,1st CAS,1st FOO,Blake Aggelis,,2,0,0,c: N England b: E Allaway
15,2nd,1st FOO vs 1st CAS,1st FOO,1st CAS,Jacob Long,22,51,3,0,c: C Jenkins b: L Gilham
15,2nd,1st FOO vs 1st CAS,1st FOO,1st CAS,Lenny Wilton,16,23,4,0,b: A D'Souza
15,2nd,1st FOO vs 1st CAS,1st FOO,1st CAS,William Halton,28,49,5,0,c: N Panaia b: L Gilham
15,2nd,1st FOO vs 1st CAS,1st FOO,1st CAS,Jaskabeer Singh,1,11,0,0,b: B Toseland
15,2nd,1st FOO vs 1st CAS,1st FOO,1st CAS,Nikhil Reddy Kasarla,55,90,4,0,c: D Kumar b: B Aggelis
15,2nd,1st FOO vs 1st CAS,1st FOO,1st CAS,Nicholas England,56,101,2,1,b: B Toseland
15,2nd,1st FOO vs 1st CAS,1st FOO,1st CAS,Krishna Sridhar,1,16,0,0,c: b: B Toseland
15,2nd,1st FOO vs 1st CAS,1st FOO,1st CAS,Akshay Ramkumar,,2,0,0,c: b: B Toseland
15,2nd,1st FOO vs 1st CAS,1st FOO,1st CAS,Evan Allaway,,9,0,0,c: A Nadeem b: B Aggelis
15,2nd,1st FOO vs 1st CAS,1st FOO,1st CAS,Neville Avari,7,9,0,0,c: B Aggelis b: B Toseland
15,2nd,1st FOO vs 1st CAS,1st FOO,1st CAS,Matthew Sheridan,1,1,0,0,not out
15,2nd,1st FOO vs 1st CAS,1st FOO,1st CAS,Ahmed Raza,,,,,did not bat
15,2nd,1st RIC vs 1st RIN,1st RIN,1st RIC,Tyler Hoffman,6,28,1,0,c: d ivanovic b: J Farrand
15,2nd,1st RIC vs 1st RIN,1st RIN,1st RIC,Joshua Richardson,10,49,0,0,c: L Walker b: H Flynn
15,2nd,1st RIC vs 1st RIN,1st RIN,1st RIC,Tim Goodman,8,29,1,0,c: M Mountain b: J Martin
15,2nd,1st RIC vs 1st RIN,1st RIN,1st RIC,Jacob Hinds,38,38,3,2,lbw: T Sugumar
15,2nd,1st RIC vs 1st RIN,1st RIN,1st RIC,Ranbir Singh,4,19,0,0,c: H Flynn b: T Sugumar
15,2nd,1st RIC vs 1st RIN,1st RIN,1st RIC,Max Parker,49,164,4,0,c: J Edwards b: L Walker
15,2nd,1st RIC vs 1st RIN,1st RIN,1st RIC,Jack Iverson,34,75,5,0,b: J Cameron
15,2nd,1st RIC vs 1st RIN,1st RIN,1st RIC,Callum McIlveen,38,60,5,1,c: L Walker b: H Flynn
15,2nd,1st RIC vs 1st RIN,1st RIN,1st RIC,Prithish Pancholi,6,22,1,0,c&b: J Cameron
15,2nd,1st RIC vs 1st RIN,1st RIN,1st RIC,Joshua Ash,0,3,0,0,not out
15,2nd,1st RIC vs 1st RIN,1st RIN,1st RIC,Jack Trevethan,,1,0,0,c: M Donegan b: J Cameron
15,2nd,1st RIC vs 1st RIN,1st RIN,1st RIC,Luke McCann,,,,,did not bat
15,2nd,1st RIC vs 1st RIN,1st RIC,1st RIN,Charlie Moore,15,33,2,0,c: M Parker b: J Trevethan
15,2nd,1st RIC vs 1st RIN,1st RIC,1st RIN,Harry Flynn,20,43,2,0,b: J Trevethan
15,2nd,1st RIC vs 1st RIN,1st RIC,1st RIN,Timothy Sugumar,22,46,2,0,c: J Ash b: P Pancholi
15,2nd,1st RIC vs 1st RIN,1st RIC,1st RIN,daniel ivanovic,12,14,2,0,b: L McCann
15,2nd,1st RIC vs 1st RIN,1st RIC,1st RIN,Matthew Mountain,91,136,11,1,c: M Parker b: J Ash
15,2nd,1st RIC vs 1st RIN,1st RIC,1st RIN,Mark Donegan,15,61,2,0,c: T Goodman b: C McIlveen
15,2nd,1st RIC vs 1st RIN,1st RIC,1st RIN,Luke Ivanovic,64,71,10,0,c: M Parker b: J Hinds
15,2nd,1st RIC vs 1st RIN,1st RIC,1st RIN,Jackson Edwards,20,34,3,0,not out
15,2nd,1st RIC vs 1st RIN,1st RIC,1st RIN,Liam Walker,0,0,0,0,not out
15,2nd,1st RIC vs 1st RIN,1st RIC,1st RIN,Jarryd Cameron,,,,,did not bat
15,2nd,1st RIC vs 1st RIN,1st RIC,1st RIN,Jonathan Farrand,,,,,did not bat
15,2nd,1st RIC vs 1st RIN,1st RIC,1st RIN,Jack Martin,,,,,did not bat
15,2nd,1st MEL vs 1st CAR,1st CAR,1st MEL,Charles Lill,12,18,2,0,c: S Wray b: V Bush
15,2nd,1st MEL vs 1st CAR,1st CAR,1st MEL,James Meehan,4,32,0,0,c: S Wray b: S Morrow
15,2nd,1st MEL vs 1st CAR,1st CAR,1st MEL,Nikki du Toit,85,219,8,0,c: K Lucas b: H Edwards
15,2nd,1st MEL vs 1st CAR,1st CAR,1st MEL,Oliver Gunning,37,64,4,0,c: S Wray b: L Brasher
15,2nd,1st MEL vs 1st CAR,1st CAR,1st MEL,Ritin Raman,103,165,8,1,c: S Wray b: V Bush
15,2nd,1st MEL vs 1st CAR,1st CAR,1st MEL,Benjamin Wickham,10,21,1,0,lbw: H Edwards
15,2nd,1st MEL vs 1st CAR,1st CAR,1st MEL,Hugh Hyslop,42,43,4,2,not out
15,2nd,1st MEL vs 1st CAR,1st CAR,1st MEL,Samuel Field,7,26,0,0,c: J Beer b: V Bush
15,2nd,1st MEL vs 1st CAR,1st CAR,1st MEL,Glenn Hannah,1,5,0,0,not out
15,2nd,1st MEL vs 1st CAR,1st CAR,1st MEL,Phil Halbish,,,,,did not bat
15,2nd,1st MEL vs 1st CAR,1st CAR,1st MEL,Wilson McGillivray,,,,,did not bat
15,2nd,1st MEL vs 1st CAR,1st CAR,1st MEL,Tom Reid,,,,,did not bat
15,2nd,1st MEL vs 1st CAR,1st CAR,1st MEL,Nicholas Xavier,,,,,did not bat
15,2nd,1st MEL vs 1st CAR,1st MEL,1st CAR,Keir Lucas,32,87,5,1,c: W McGillivray b: G Hannah
15,2nd,1st MEL vs 1st CAR,1st MEL,1st CAR,Spencer Wray,63,104,8,1,c: R Raman b: S Field
15,2nd,1st MEL vs 1st CAR,1st MEL,1st CAR,Guntaas Brar,25,63,3,0,c: B Wickham b: S Field
15,2nd,1st MEL vs 1st CAR,1st MEL,1st CAR,Lachlan Shinn-mahony,47,109,7,0,c: J Meehan b: W McGillivray
15,2nd,1st MEL vs 1st CAR,1st MEL,1st CAR,Nicholas Ross,31,39,6,0,c: P Halbish b: G Hannah
15,2nd,1st MEL vs 1st CAR,1st MEL,1st CAR,Akshith Sriram,31,68,2,0,c: R Raman b: G Hannah
15,2nd,1st MEL vs 1st CAR,1st MEL,1st CAR,Izan Shaikh,10,10,2,0,c: H Hyslop b: S Field
15,2nd,1st MEL vs 1st CAR,1st MEL,1st CAR,Henry Edwards,10,18,1,0,b: S Field
15,2nd,1st MEL vs 1st CAR,1st MEL,1st CAR,Vincent Bush,1,9,0,0,not out
15,2nd,1st MEL vs 1st CAR,1st MEL,1st CAR,Lucas Brasher,,2,0,0,b: G Hannah
15,2nd,1st MEL vs 1st CAR,1st MEL,1st CAR,Sean Morrow,,3,0,0,lbw: G Hannah
15,2nd,1st MEL vs 1st CAR,1st MEL,1st CAR,Jack Beer,,,,,did not bat
16,2nd,1st DAN vs 1st MEL,1st MEL,1st DAN,Sayed Rihan,20,74,2,0,c: J Meehan b: S Field
16,2nd,1st DAN vs 1st MEL,1st MEL,1st DAN,Aryan Mohan,60,111,8,0,c: T Cesaro b: P Halbish
16,2nd,1st DAN vs 1st MEL,1st MEL,1st DAN,Vishesh Bansal,29,72,2,0,c: B Wickham b: P Halbish
16,2nd,1st DAN vs 1st MEL,1st MEL,1st DAN,Aaron Fernando,1,4,0,0,c: O Gunning b: P Halbish
16,2nd,1st DAN vs 1st MEL,1st MEL,1st DAN,Barathan Mahadeva,7,34,0,0,c: O Gunning b: T Cesaro
16,2nd,1st DAN vs 1st MEL,1st MEL,1st DAN,Kartikay Sharma,92,181,8,0,"run out (B Wickham, R Raman)"
16,2nd,1st DAN vs 1st MEL,1st MEL,1st DAN,Nathan Giove,6,30,0,0,c: S Anderson b: I Bepey
16,2nd,1st DAN vs 1st MEL,1st MEL,1st DAN,Hayden Wrigglesworth,45,84,6,0,c: R Raman b: I Bepey
16,2nd,1st DAN vs 1st MEL,1st MEL,1st DAN,Neil D'Souza,8,23,1,0,c: H Hyslop b: P Halbish
16,2nd,1st DAN vs 1st MEL,1st MEL,1st DAN,Adam McMaster,21,26,4,0,c: T Reid b: S Field
16,2nd,1st DAN vs 1st MEL,1st MEL,1st DAN,Ashton Ceeney,7,8,0,0,not out
16,2nd,1st DAN vs 1st MEL,1st MEL,1st DAN,Parth Hirani,,,,,did not bat
16,2nd,1st DAN vs 1st MEL,1st DAN,1st MEL,Charles Lill,9,12,2,0,b: A McMaster
16,2nd,1st DAN vs 1st MEL,1st DAN,1st MEL,James Meehan,4,6,1,0,c: B Mahadeva b: A McMaster
16,2nd,1st DAN vs 1st MEL,1st DAN,1st MEL,Benjamin Wickham,5,10,1,0,c: B Mahadeva b: A McMaster
16,2nd,1st DAN vs 1st MEL,1st DAN,1st MEL,Oliver Gunning,162,212,25,2,not out
16,2nd,1st DAN vs 1st MEL,1st DAN,1st MEL,Ritin Raman,123,155,16,1,c: A Mohan b: K Sharma
16,2nd,1st DAN vs 1st MEL,1st DAN,1st MEL,Hugh Hyslop,2,14,0,0,lbw: N D'Souza
16,2nd,1st DAN vs 1st MEL,1st DAN,1st MEL,Sam Anderson,6,3,0,0,not out
16,2nd,1st DAN vs 1st MEL,1st DAN,1st MEL,Isaac Bepey,,,,,did not bat
16,2nd,1st DAN vs 1st MEL,1st DAN,1st MEL,Thomas Cesaro,,,,,did not bat
16,2nd,1st DAN vs 1st MEL,1st DAN,1st MEL,Samuel Field,,,,,did not bat
16,2nd,1st DAN vs 1st MEL,1st DAN,1st MEL,Phil Halbish,,,,,did not bat
16,2nd,1st DAN vs 1st MEL,1st DAN,1st MEL,Tom Reid,,,,,did not bat
16,2nd,1st FIT vs 1st KIN,1st KIN,1st FIT,Aryan Sharma,6,22,1,0,c&b: K Scott
16,2nd,1st FIT vs 1st KIN,1st KIN,1st FIT,Matthew Bremner,68,165,4,0,run out (J Vincent)
16,2nd,1st FIT vs 1st KIN,1st KIN,1st FIT,Mark Phelan,,3,0,0,c: J McKenzie b: K Scott
16,2nd,1st FIT vs 1st KIN,1st KIN,1st FIT,Zachary Macciocca,33,110,1,0,c: B Keppetipola b: R Majoka
16,2nd,1st FIT vs 1st KIN,1st KIN,1st FIT,tom kellar,16,56,0,0,c: C Aldridge b: R Majoka
16,2nd,1st FIT vs 1st KIN,1st KIN,1st FIT,Brodie Richardson,6,32,1,0,"run out (R Majoka, J McKenzie)"
16,2nd,1st FIT vs 1st KIN,1st KIN,1st FIT,Max Bradley,17,42,2,0,c: R Gunatilake b: R Majoka
16,2nd,1st FIT vs 1st KIN,1st KIN,1st FIT,Miller Childs,2,28,0,0,c: C Aldridge b: R Majoka
16,2nd,1st FIT vs 1st KIN,1st KIN,1st FIT,Kepler Lukies,3,14,0,0,b: K Scott
16,2nd,1st FIT vs 1st KIN,1st KIN,1st FIT,Liam Myott,2,6,0,0,not out
16,2nd,1st FIT vs 1st KIN,1st KIN,1st FIT,Harry Smith,1,8,0,0,lbw: R Majoka
16,2nd,1st FIT vs 1st KIN,1st KIN,1st FIT,Rahul Surendran,,,,,did not bat
16,2nd,1st FIT vs 1st KIN,1st FIT,1st KIN,Luke Ajani,23,73,2,1,c&b: H Smith
16,2nd,1st FIT vs 1st KIN,1st FIT,1st KIN,Roshan Gunatilake,49,136,3,1,c: t kellar b: H Smith
16,2nd,1st FIT vs 1st KIN,1st FIT,1st KIN,Simo Ivetic,4,41,0,0,c: A Sharma b: R Surendran
16,2nd,1st FIT vs 1st KIN,1st FIT,1st KIN,Jonathan Vincent,,4,0,0,lbw: R Surendran
16,2nd,1st FIT vs 1st KIN,1st FIT,1st KIN,Luke Sullivan,,5,0,0,c: B Richardson b: R Surendran
16,2nd,1st FIT vs 1st KIN,1st FIT,1st KIN,Hamish Mckenzie,,7,0,0,c: M Phelan b: R Surendran
16,2nd,1st FIT vs 1st KIN,1st FIT,1st KIN,Charlie Aldridge,62,101,7,1,not out
16,2nd,1st FIT vs 1st KIN,1st FIT,1st KIN,Jock McKenzie,25,95,2,0,c: M Phelan b: H Smith
16,2nd,1st FIT vs 1st KIN,1st FIT,1st KIN,Bhanuka Keppetipola,0,7,0,0,not out
16,2nd,1st FIT vs 1st KIN,1st FIT,1st KIN,Rehan Majoka,,,,,did not bat
16,2nd,1st FIT vs 1st KIN,1st FIT,1st KIN,Kyle Scott,,,,,did not bat
16,2nd,1st FIT vs 1st KIN,1st FIT,1st KIN,Bradley Stow,,,,,did not bat
16,2nd,1st CAS vs 1st RIN,1st RIN,1st CAS,Jacob Long,6,16,0,0,c: H Flynn b: J Cameron
16,2nd,1st CAS vs 1st RIN,1st RIN,1st CAS,Lenny Wilton,15,16,3,0,b: J Cameron
16,2nd,1st CAS vs 1st RIN,1st RIN,1st CAS,William Halton,12,54,1,0,c: J Farrand b: H Flynn
16,2nd,1st CAS vs 1st RIN,1st RIN,1st CAS,Nikhil Reddy Kasarla,53,115,7,0,b: J Cameron
16,2nd,1st CAS vs 1st RIN,1st RIN,1st CAS,Nicholas England,9,47,0,0,lbw: J Cameron
16,2nd,1st CAS vs 1st RIN,1st RIN,1st CAS,Aaron Blanch,13,60,0,0,st: J Edwards b: H Flynn
16,2nd,1st CAS vs 1st RIN,1st RIN,1st CAS,Krishna Sridhar,51,119,8,0,c: M Donegan b: J Cameron
16,2nd,1st CAS vs 1st RIN,1st RIN,1st CAS,Evan Allaway,7,13,1,0,c: P Gouge b: H Flynn
16,2nd,1st CAS vs 1st RIN,1st RIN,1st CAS,Tristan Booth,3,52,0,0,b: T Sugumar
16,2nd,1st CAS vs 1st RIN,1st RIN,1st CAS,Neville Avari,21,25,4,0,not out
16,2nd,1st CAS vs 1st RIN,1st RIN,1st CAS,Matthew Sheridan,,2,0,0,c&b: L Walker
16,2nd,1st CAS vs 1st RIN,1st RIN,1st CAS,Chris Benedek,,,,,did not bat
16,2nd,1st CAS vs 1st RIN,1st CAS,1st RIN,Charlie Moore,30,81,4,0,c: W Halton b: J Long
16,2nd,1st CAS vs 1st RIN,1st CAS,1st RIN,Harry Flynn,22,65,2,0,c: N England b: E Allaway
16,2nd,1st CAS vs 1st RIN,1st CAS,1st RIN,Patrick Gouge,73,201,6,0,not out
16,2nd,1st CAS vs 1st RIN,1st CAS,1st RIN,Timothy Sugumar,29,65,5,0,c: N England b: N Avari
16,2nd,1st CAS vs 1st RIN,1st CAS,1st RIN,daniel ivanovic,,4,0,0,c: C Benedek b: N Avari
16,2nd,1st CAS vs 1st RIN,1st CAS,1st RIN,Mark Donegan,3,27,0,0,c: C Benedek b: T Booth
16,2nd,1st CAS vs 1st RIN,1st CAS,1st RIN,Luke Ivanovic,13,20,2,0,b: N Avari
16,2nd,1st CAS vs 1st RIN,1st CAS,1st RIN,Jackson Edwards,1,9,0,0,c: C Benedek b: T Booth
16,2nd,1st CAS vs 1st RIN,1st CAS,1st RIN,Jarryd Cameron,7,32,1,0,c: E Allaway b: N Avari
16,2nd,1st CAS vs 1st RIN,1st CAS,1st RIN,Liam Walker,2,18,0,0,c: L Wilton b: E Allaway
16,2nd,1st CAS vs 1st RIN,1st CAS,1st RIN,Jonathan Farrand,1,12,0,0,c: C Benedek b: N Avari
16,2nd,1st CAS vs 1st RIN,1st CAS,1st RIN,Jack Martin,0,0,0,0,not out
16,2nd,1st FOO vs 1st ESS,1st ESS,1st FOO,Aayan Nadeem,47,61,7,1,b: A Mishra
16,2nd,1st FOO vs 1st ESS,1st ESS,1st FOO,Cam Jenkins,2,7,0,0,lbw: N Rai
16,2nd,1st FOO vs 1st ESS,1st ESS,1st FOO,Declan O'Brien,177,174,15,7,b: A Cornish
16,2nd,1st FOO vs 1st ESS,1st ESS,1st FOO,Ashton Frost,,4,0,0,lbw: A Cornish
16,2nd,1st FOO vs 1st ESS,1st ESS,1st FOO,Noah Panaia,36,70,2,1,c: L Tobin b: A Cornish
16,2nd,1st FOO vs 1st ESS,1st ESS,1st FOO,Bailey Toseland,4,7,1,0,c: E Brne b: J Parsons
16,2nd,1st FOO vs 1st ESS,1st ESS,1st FOO,Max Birthisel,79,159,6,2,c: L Tobin b: A Cornish
16,2nd,1st FOO vs 1st ESS,1st ESS,1st FOO,Dezi Carter,34,86,3,0,not out
16,2nd,1st FOO vs 1st ESS,1st ESS,1st FOO,Daksh Kumar,20,38,2,0,not out
16,2nd,1st FOO vs 1st ESS,1st ESS,1st FOO,Aiden D'Souza,,,,,did not bat
16,2nd,1st FOO vs 1st ESS,1st ESS,1st FOO,Blake Aggelis,,,,,did not bat
16,2nd,1st FOO vs 1st ESS,1st ESS,1st FOO,Luke Gilham,,,,,did not bat
16,2nd,1st FOO vs 1st ESS,1st ESS,1st FOO,Max Hatzoglou,,,,,did not bat
16,2nd,1st FOO vs 1st ESS,1st FOO,1st ESS,Liam Tobin,19,51,2,0,c: C Jenkins b: M Birthisel
16,2nd,1st FOO vs 1st ESS,1st FOO,1st ESS,Aidan Salvado,1,4,0,0,b: A Frost
16,2nd,1st FOO vs 1st ESS,1st FOO,1st ESS,Vihanga Fernando,31,42,5,0,c: D O'Brien b: A D'Souza
16,2nd,1st FOO vs 1st ESS,1st FOO,1st ESS,Paul Wasiewicz,23,35,1,0,c: C Jenkins b: B Aggelis
16,2nd,1st FOO vs 1st ESS,1st FOO,1st ESS,Nicholas Markovski,5,13,1,0,c: B Aggelis b: A D'Souza
16,2nd,1st FOO vs 1st ESS,1st FOO,1st ESS,Jackson Martin,23,57,3,0,c: C Jenkins b: B Aggelis
16,2nd,1st FOO vs 1st ESS,1st FOO,1st ESS,Jarrod Parsons,19,37,2,0,c: C Jenkins b: B Toseland
16,2nd,1st FOO vs 1st ESS,1st FOO,1st ESS,Ethan Brne,109,160,14,0,not out
16,2nd,1st FOO vs 1st ESS,1st FOO,1st ESS,Arin Mishra,18,32,0,0,c: C Jenkins b: B Toseland
16,2nd,1st FOO vs 1st ESS,1st FOO,1st ESS,Noah Guida,7,18,0,0,c: C Jenkins b: B Toseland
16,2nd,1st FOO vs 1st ESS,1st FOO,1st ESS,Navdeep Rai,12,64,2,0,c: C Jenkins b: M Birthisel
16,2nd,1st GRE vs 1st MEL,1st MEL,1st GRE,Kanishk Bollu,16,101,2,0,c: A Young b: B O'Donnell
16,2nd,1st GRE vs 1st MEL,1st MEL,1st GRE,Gurbaaz Hundal,37,57,4,0,c: N Sharma b: O Patel
16,2nd,1st GRE vs 1st MEL,1st MEL,1st GRE,Angus Webb,,13,0,0,c: B Rolfs b: O Patel
16,2nd,1st GRE vs 1st MEL,1st MEL,1st GRE,Conroy Burton,2,13,0,0,"run out (B Rolfs, T Young)"
16,2nd,1st GRE vs 1st MEL,1st MEL,1st GRE,Ashley Fernando,28,89,3,0,c: T Young b: K Kumar
16,2nd,1st GRE vs 1st MEL,1st MEL,1st GRE,Bernard Kelly,15,27,2,0,b: B O'Donnell
16,2nd,1st GRE vs 1st MEL,1st MEL,1st GRE,Armann Singh,65,115,7,0,c&b: B O'Donnell
16,2nd,1st GRE vs 1st MEL,1st MEL,1st GRE,Chandramauli Sridev,47,104,5,0,c: B Rolfs b: O Patel
16,2nd,1st GRE vs 1st MEL,1st MEL,1st GRE,Michael Cross,5,12,0,0,c: T Young b: J Stevenson
16,2nd,1st GRE vs 1st MEL,1st MEL,1st GRE,Samuel Clark,8,50,0,0,c: C Hastings b: J Browning
16,2nd,1st GRE vs 1st MEL,1st MEL,1st GRE,Ivan Zmak,0,10,0,0,not out
16,2nd,1st GRE vs 1st MEL,1st MEL,1st GRE,Eshann Singh,,,,,did not bat
16,2nd,1st GRE vs 1st MEL,1st GRE,1st MEL,Connor Hastings,56,140,4,0,c: G Hundal b: A Singh
16,2nd,1st GRE vs 1st MEL,1st GRE,1st MEL,Tom Mileto,129,182,17,0,not out
16,2nd,1st GRE vs 1st MEL,1st GRE,1st MEL,Naman Sharma,43,51,3,2,not out
16,2nd,1st GRE vs 1st MEL,1st GRE,1st MEL,James Browning,,,,,did not bat
16,2nd,1st GRE vs 1st MEL,1st GRE,1st MEL,Michael Forwood,,,,,did not bat
16,2nd,1st GRE vs 1st MEL,1st GRE,1st MEL,Krish Kumar,,,,,did not bat
16,2nd,1st GRE vs 1st MEL,1st GRE,1st MEL,Brodie O'Donnell,,,,,did not bat
16,2nd,1st GRE vs 1st MEL,1st GRE,1st MEL,Om Patel,,,,,did not bat
16,2nd,1st GRE vs 1st MEL,1st GRE,1st MEL,Benjamin Rolfs,,,,,did not bat
16,2nd,1st GRE vs 1st MEL,1st GRE,1st MEL,Jacob Stevenson,,,,,did not bat
16,2nd,1st GRE vs 1st MEL,1st GRE,1st MEL,Andrew Young,,,,,did not bat
16,2nd,1st GRE vs 1st MEL,1st GRE,1st MEL,Tim Young,,,,,did not bat
16,2nd,1st CAR vs 1st CAM,1st CAM,1st CAR,Keir Lucas,42,65,8,0,c: F McGrotty b: K Prior
16,2nd,1st CAR vs 1st CAM,1st CAM,1st CAR,Spencer Wray,4,10,1,0,c: F McGrotty b: D Pietz
16,2nd,1st CAR vs 1st CAM,1st CAM,1st CAR,Guntaas Brar,12,8,1,0,b: A Nicholls
16,2nd,1st CAR vs 1st CAM,1st CAM,1st CAR,Lachlan Shinn-mahony,71,130,10,0,c: C Fitzsimmons b: J Pietz
16,2nd,1st CAR vs 1st CAM,1st CAM,1st CAR,Akshith Sriram,26,82,3,0,c: C Fitzsimmons b: J Pietz
16,2nd,1st CAR vs 1st CAM,1st CAM,1st CAR,Izan Shaikh,8,18,2,0,lbw: J Pietz
16,2nd,1st CAR vs 1st CAM,1st CAM,1st CAR,Henry Edwards,3,12,0,0,b: C Fitzsimmons
16,2nd,1st CAR vs 1st CAM,1st CAM,1st CAR,Seth McGinty,1,31,0,0,c: A Pawha b: K Prior
16,2nd,1st CAR vs 1st CAM,1st CAM,1st CAR,Vincent Bush,4,17,1,0,lbw: J Pietz
16,2nd,1st CAR vs 1st CAM,1st CAM,1st CAR,Lucas Brasher,4,11,1,0,c: F McGrotty b: J Pietz
16,2nd,1st CAR vs 1st CAM,1st CAM,1st CAR,Sean Morrow,1,15,0,0,not out
16,2nd,1st CAR vs 1st CAM,1st CAM,1st CAR,Cameron Stevenson,,,,,did not bat
16,2nd,1st CAR vs 1st CAM,1st CAR,1st CAM,Lucas Smith,11,80,1,0,b: H Edwards
16,2nd,1st CAR vs 1st CAM,1st CAR,1st CAM,Tom Scott,7,16,1,0,run out (A Sriram)
16,2nd,1st CAR vs 1st CAM,1st CAR,1st CAM,Coby Fitzsimmons,53,86,8,1,c: K Lucas b: S McGinty
16,2nd,1st CAR vs 1st CAM,1st CAR,1st CAM,Aidan Nicholls,,27,0,0,c: H Edwards b: C Stevenson
16,2nd,1st CAR vs 1st CAM,1st CAR,1st CAM,Griffin McComb,6,23,1,0,lbw: C Stevenson
16,2nd,1st CAR vs 1st CAM,1st CAR,1st CAM,Adit Pawha,67,111,7,0,not out
16,2nd,1st CAR vs 1st CAM,1st CAR,1st CAM,Samuel Olsen,3,18,0,0,b: C Stevenson
16,2nd,1st CAR vs 1st CAM,1st CAR,1st CAM,Finlay McGrotty,21,60,3,0,b: L Brasher
16,2nd,1st CAR vs 1st CAM,1st CAR,1st CAM,Jakey Pietz,9,27,0,0,b: C Stevenson
16,2nd,1st CAR vs 1st CAM,1st CAR,1st CAM,Daniel Pietz,8,12,2,0,b: S McGinty
16,2nd,1st CAR vs 1st CAM,1st CAR,1st CAM,Kevin Prior,18,20,2,1,c: S Wray b: V Bush
16,2nd,1st CAR vs 1st CAM,1st CAR,1st CAM,Christopher Gorman,,,,,did not bat
16,2nd,1st CAR vs 1st CAM,1st CAR,2nd CAR,Keir Lucas,18,26,3,0,not out
16,2nd,1st CAR vs 1st CAM,1st CAR,2nd CAR,Spencer Wray,,10,0,0,c: C Fitzsimmons b: A Nicholls
16,2nd,1st CAR vs 1st CAM,1st CAR,2nd CAR,Guntaas Brar,3,12,0,0,not out
16,2nd,1st CAR vs 1st CAM,1st CAR,2nd CAR,Lucas Brasher,,,,,did not bat
16,2nd,1st CAR vs 1st CAM,1st CAR,2nd CAR,Vincent Bush,,,,,did not bat
16,2nd,1st CAR vs 1st CAM,1st CAR,2nd CAR,Henry Edwards,,,,,did not bat
16,2nd,1st CAR vs 1st CAM,1st CAR,2nd CAR,Seth McGinty,,,,,did not bat
16,2nd,1st CAR vs 1st CAM,1st CAR,2nd CAR,Sean Morrow,,,,,did not bat
16,2nd,1st CAR vs 1st CAM,1st CAR,2nd CAR,Izan Shaikh,,,,,did not bat
16,2nd,1st CAR vs 1st CAM,1st CAR,2nd CAR,Lachlan Shinn-mahony,,,,,did not bat
16,2nd,1st CAR vs 1st CAM,1st CAR,2nd CAR,Akshith Sriram,,,,,did not bat
16,2nd,1st CAR vs 1st CAM,1st CAR,2nd CAR,Cameron Stevenson,,,,,did not bat
16,2nd,1st FRA vs 1st GEE,1st GEE,1st FRA,Patrick Parsons,100,136,14,2,c: C Paull b: K Helwig
16,2nd,1st FRA vs 1st GEE,1st GEE,1st FRA,Matthew Gapes,17,20,3,0,c: C Paull b: K Bienefelt
16,2nd,1st FRA vs 1st GEE,1st GEE,1st FRA,Lucas McConnell,,2,0,0,c: N Caulfield b: K Bienefelt
16,2nd,1st FRA vs 1st GEE,1st GEE,1st FRA,Sean van Wijk,42,81,5,0,c: C Paull b: K Bienefelt
16,2nd,1st FRA vs 1st GEE,1st GEE,1st FRA,Joshua Edwards,,7,0,0,run out (S Croft)
16,2nd,1st FRA vs 1st GEE,1st GEE,1st FRA,Noah Langham,32,97,3,0,b: L Biddiscombe
16,2nd,1st FRA vs 1st GEE,1st GEE,1st FRA,Lachlan Curtis,87,94,12,3,c: C Paull b: J Slater
16,2nd,1st FRA vs 1st GEE,1st GEE,1st FRA,Mitchell Cestnik,27,46,3,0,c: L Koliba b: J Collins
16,2nd,1st FRA vs 1st GEE,1st GEE,1st FRA,Jack Hay,33,63,3,1,not out
16,2nd,1st FRA vs 1st GEE,1st GEE,1st FRA,Ned Hurley,,4,0,0,b: J Slater
16,2nd,1st FRA vs 1st GEE,1st GEE,1st FRA,Jye Dignan,18,27,1,0,not out
16,2nd,1st FRA vs 1st GEE,1st GEE,1st FRA,Tanush Nandini,,,,,did not bat
16,2nd,1st FRA vs 1st GEE,1st FRA,1st GEE,Cody Brogden,27,27,6,0,c: S van Wijk b: N Hurley
16,2nd,1st FRA vs 1st GEE,1st FRA,1st GEE,Lincoln Koliba,75,127,10,1,c&b: M Cestnik
16,2nd,1st FRA vs 1st GEE,1st FRA,1st GEE,Nathan Caulfield,,2,0,0,c: P Parsons b: N Hurley
16,2nd,1st FRA vs 1st GEE,1st FRA,1st GEE,Santhosh Ramireddy,35,50,4,0,c: L McConnell b: J Dignan
16,2nd,1st FRA vs 1st GEE,1st FRA,1st GEE,Fletcher Cozens,60,101,7,0,b: L Curtis
16,2nd,1st FRA vs 1st GEE,1st FRA,1st GEE,Liam Biddiscombe,58,104,5,1,b: J Hay
16,2nd,1st FRA vs 1st GEE,1st FRA,1st GEE,Corey Paull,29,84,4,0,st: S van Wijk b: L Curtis
16,2nd,1st FRA vs 1st GEE,1st FRA,1st GEE,Sam Croft,14,54,2,0,lbw: J Dignan
16,2nd,1st FRA vs 1st GEE,1st FRA,1st GEE,Josh Collins,1,6,0,0,c&b: J Dignan
16,2nd,1st FRA vs 1st GEE,1st FRA,1st GEE,Kyle Bienefelt,29,22,6,0,c: S van Wijk b: T Nandini
16,2nd,1st FRA vs 1st GEE,1st FRA,1st GEE,Kieren Helwig,0,0,0,0,not out
16,2nd,1st PRA vs 1st NOR,1st NOR,1st PRA,Jack Hope-Bell,20,31,4,0,c: N Barone b: M Rogneda
16,2nd,1st PRA vs 1st NOR,1st NOR,1st PRA,Travis Jackson,34,57,5,0,b: T Ryder
16,2nd,1st PRA vs 1st NOR,1st NOR,1st PRA,Oliver Willett,27,59,4,0,c: N Barone b: L Manteit
16,2nd,1st PRA vs 1st NOR,1st NOR,1st PRA,Charlie Giles,4,16,1,0,b: L Manteit
16,2nd,1st PRA vs 1st NOR,1st NOR,1st PRA,Nicholas Morrey,12,39,1,0,c&b: R Lane
16,2nd,1st PRA vs 1st NOR,1st NOR,1st PRA,William Collins,,20,0,0,b: R Lane
16,2nd,1st PRA vs 1st NOR,1st NOR,1st PRA,Will Scott,4,12,1,0,c: D Lalor b: M Rogneda
16,2nd,1st PRA vs 1st NOR,1st NOR,1st PRA,Sam Beer,43,61,5,2,c: M Jephcott b: R Lane
16,2nd,1st PRA vs 1st NOR,1st NOR,1st PRA,James Boyce,48,71,3,2,not out
16,2nd,1st PRA vs 1st NOR,1st NOR,1st PRA,Pranav Menon,11,14,1,0,lbw: R Lane
16,2nd,1st PRA vs 1st NOR,1st NOR,1st PRA,Hugh Birchall,,13,0,0,c: M Stables b: R Lane
16,2nd,1st PRA vs 1st NOR,1st NOR,1st PRA,Max Keogh,,,,,did not bat
16,2nd,1st PRA vs 1st NOR,1st PRA,1st NOR,Michael Jephcott,,4,0,0,c: O Willett b: S Beer
16,2nd,1st PRA vs 1st NOR,1st PRA,1st NOR,Bailey Hosemans,22,67,1,0,c: T Jackson b: J Boyce
16,2nd,1st PRA vs 1st NOR,1st PRA,1st NOR,Daniel Lalor,33,93,6,0,c: T Jackson b: H Birchall
16,2nd,1st PRA vs 1st NOR,1st PRA,1st NOR,Roby Lane,5,31,1,0,c: T Jackson b: H Birchall
16,2nd,1st PRA vs 1st NOR,1st PRA,1st NOR,Sam Harbinson,21,33,5,0,c: T Jackson b: S Beer
16,2nd,1st PRA vs 1st NOR,1st PRA,1st NOR,Marcus Stables,24,46,5,0,c: T Jackson b: S Beer
16,2nd,1st PRA vs 1st NOR,1st PRA,1st NOR,Michael Sacchetta,51,128,8,0,c: C Giles b: H Birchall
16,2nd,1st PRA vs 1st NOR,1st PRA,1st NOR,Noah Barone,23,61,2,0,c: O Willett b: H Birchall
16,2nd,1st PRA vs 1st NOR,1st PRA,1st NOR,Michael Rogneda,23,32,2,1,c: N Morrey b: S Beer
16,2nd,1st PRA vs 1st NOR,1st PRA,1st NOR,Leonardo Manteit,0,0,0,0,not out
16,2nd,1st PRA vs 1st NOR,1st PRA,1st NOR,Thomas Lambert,,1,0,0,b: H Birchall
16,2nd,1st PRA vs 1st NOR,1st PRA,1st NOR,Tremayne Ryder,,,,,did not bat
16,2nd,1st ST vs 1st RIC,1st RIC,1st ST,Ashish Ashish,54,108,8,0,c: J Richardson b: J Ash
16,2nd,1st ST vs 1st RIC,1st RIC,1st ST,Dan Meddings,58,190,5,0,c: J Richardson b: C McIlveen
16,2nd,1st ST vs 1st RIC,1st RIC,1st ST,Jack Cunnington,30,49,4,0,b: C McIlveen
16,2nd,1st ST vs 1st RIC,1st RIC,1st ST,Gurbir Singh,29,57,2,0,c: J Richardson b: J Iverson
16,2nd,1st ST vs 1st RIC,1st RIC,1st ST,Reyaan Farooq,76,72,11,2,c: J Richardson b: C McIlveen
16,2nd,1st ST vs 1st RIC,1st RIC,1st ST,Henry Gray,20,31,2,1,c: M Parker b: J Ash
16,2nd,1st ST vs 1st RIC,1st RIC,1st ST,Guy Barnes,38,32,3,1,not out
16,2nd,1st ST vs 1st RIC,1st RIC,1st ST,Declan McComb,5,16,0,0,c: B Rose b: J Ash
16,2nd,1st ST vs 1st RIC,1st RIC,1st ST,James Gray,15,21,0,0,not out
16,2nd,1st ST vs 1st RIC,1st RIC,1st ST,Lachlan Graf,,,,,did not bat
16,2nd,1st ST vs 1st RIC,1st RIC,1st ST,Aaron Harding,,,,,did not bat
16,2nd,1st ST vs 1st RIC,1st RIC,1st ST,Harry Jones,,,,,did not bat
16,2nd,1st ST vs 1st RIC,1st ST,1st RIC,Tyler Hoffman,27,97,0,0,run out (D Meddings)
16,2nd,1st ST vs 1st RIC,1st ST,1st RIC,Joshua Richardson,11,18,0,0,c: D Meddings b: H Jones
16,2nd,1st ST vs 1st RIC,1st ST,1st RIC,Tim Goodman,1,5,0,0,lbw: A Harding
16,2nd,1st ST vs 1st RIC,1st ST,1st RIC,Ranbir Singh,33,90,4,0,c: J Gray b: A Harding
16,2nd,1st ST vs 1st RIC,1st ST,1st RIC,Max Parker,16,46,1,0,c: J Gray b: D McComb
16,2nd,1st ST vs 1st RIC,1st ST,1st RIC,Jack Iverson,13,50,2,0,c: G Barnes b: D McComb
16,2nd,1st ST vs 1st RIC,1st ST,1st RIC,Brendan Rose,30,62,3,0,c: R Farooq b: A Harding
16,2nd,1st ST vs 1st RIC,1st ST,1st RIC,Callum McIlveen,6,13,1,0,c: G Barnes b: D McComb
16,2nd,1st ST vs 1st RIC,1st ST,1st RIC,Joshua Ash,1,6,0,0,c&b: J Gray
16,2nd,1st ST vs 1st RIC,1st ST,1st RIC,Jack Trevethan,20,65,1,0,b: J Gray
16,2nd,1st ST vs 1st RIC,1st ST,1st RIC,Charlie Wigney,6,48,1,0,not out
16,2nd,1st ST vs 1st RIC,1st ST,1st RIC,Luke McCann,,,,,did not bat
16,2nd,1st ST vs 1st RIC,1st ST,1st RIC,Prithish Pancholi,,,,,did not bat
17,2nd,1st RIC vs 1st CAS,1st CAS,1st RIC,Joshua Richardson,34,168,4,0,c: N Avari b: M Sheridan
17,2nd,1st RIC vs 1st CAS,1st CAS,1st RIC,Tyler Hoffman,2,15,0,0,c: L Wilton b: E Allaway
17,2nd,1st RIC vs 1st CAS,1st CAS,1st RIC,Kurt Heigl,23,62,3,0,b: J Stevenson
17,2nd,1st RIC vs 1st CAS,1st CAS,1st RIC,Tim Goodman,75,122,8,1,b: M Sheridan
17,2nd,1st RIC vs 1st CAS,1st CAS,1st RIC,Max Parker,4,10,1,0,c: b: M Sheridan
17,2nd,1st RIC vs 1st CAS,1st CAS,1st RIC,Jack Iverson,49,101,5,0,c&b: A Ramkumar
17,2nd,1st RIC vs 1st CAS,1st CAS,1st RIC,Thomas Purcell,,6,0,0,c: E Allaway b: M Sheridan
17,2nd,1st RIC vs 1st CAS,1st CAS,1st RIC,Callum McIlveen,40,51,4,1,c: b: E Allaway
17,2nd,1st RIC vs 1st CAS,1st CAS,1st RIC,Joshua Ash,10,17,2,0,lbw: E Allaway
17,2nd,1st RIC vs 1st CAS,1st CAS,1st RIC,Jack Trevethan,4,7,0,0,c: b: E Allaway
17,2nd,1st RIC vs 1st CAS,1st CAS,1st RIC,Jackson Reed,1,1,0,0,not out
17,2nd,1st RIC vs 1st CAS,1st CAS,1st RIC,Luke McCann,,,,,did not bat
17,2nd,1st RIC vs 1st CAS,1st RIC,1st CAS,Jacob Long,24,81,1,0,c&b: J Ash
17,2nd,1st RIC vs 1st CAS,1st RIC,1st CAS,Lenny Wilton,46,59,8,1,"run out (K Heigl, M Parker)"
17,2nd,1st RIC vs 1st CAS,1st RIC,1st CAS,Aaron Blanch,6,18,1,0,lbw: C McIlveen
17,2nd,1st RIC vs 1st CAS,1st RIC,1st CAS,Daud Malik,10,45,0,0,c: J Iverson b: J Ash
17,2nd,1st RIC vs 1st CAS,1st RIC,1st CAS,Nikhil Reddy Kasarla,1,27,0,0,c: T Purcell b: C McIlveen
17,2nd,1st RIC vs 1st CAS,1st RIC,1st CAS,Nicholas England,1,3,0,0,lbw: C McIlveen
17,2nd,1st RIC vs 1st CAS,1st RIC,1st CAS,Krishna Sridhar,,8,0,0,b: J Ash
17,2nd,1st RIC vs 1st CAS,1st RIC,1st CAS,Akshay Ramkumar,6,11,1,0,b: C McIlveen
17,2nd,1st RIC vs 1st CAS,1st RIC,1st CAS,Evan Allaway,,3,0,0,lbw: C McIlveen
17,2nd,1st RIC vs 1st CAS,1st RIC,1st CAS,Neville Avari,,2,0,0,b: C McIlveen
17,2nd,1st RIC vs 1st CAS,1st RIC,1st CAS,Jack Stevenson,0,4,0,0,not out
17,2nd,1st RIC vs 1st CAS,1st RIC,1st CAS,Matthew Sheridan,,,,,did not bat
17,2nd,1st RIC vs 1st CAS,1st RIC,2nd CAS,Jacob Long,31,75,2,0,c: M Parker b: J Ash
17,2nd,1st RIC vs 1st CAS,1st RIC,2nd CAS,Lenny Wilton,24,27,3,0,c: K Heigl b: G Box
17,2nd,1st RIC vs 1st CAS,1st RIC,2nd CAS,Aaron Blanch,54,80,6,2,c: T Purcell b: C McIlveen
17,2nd,1st RIC vs 1st CAS,1st RIC,2nd CAS,Daud Malik,6,18,0,0,c: T Hoffman b: T Goodman
17,2nd,1st RIC vs 1st CAS,1st RIC,2nd CAS,Nikhil Reddy Kasarla,24,64,4,0,not out
17,2nd,1st RIC vs 1st CAS,1st RIC,2nd CAS,Nicholas England,6,13,0,0,c: T Purcell b: C McIlveen
17,2nd,1st RIC vs 1st CAS,1st RIC,2nd CAS,Krishna Sridhar,6,11,0,0,b: J Ash
17,2nd,1st RIC vs 1st CAS,1st RIC,2nd CAS,Akshay Ramkumar,1,7,0,0,not out
17,2nd,1st RIC vs 1st CAS,1st RIC,2nd CAS,Evan Allaway,,,,,did not bat
17,2nd,1st RIC vs 1st CAS,1st RIC,2nd CAS,Neville Avari,,,,,did not bat
17,2nd,1st RIC vs 1st CAS,1st RIC,2nd CAS,Matthew Sheridan,,,,,did not bat
17,2nd,1st RIC vs 1st CAS,1st RIC,2nd CAS,Jack Stevenson,,,,,did not bat
17,2nd,1st FOO vs 1st PRA,1st PRA,1st FOO,Cam Jenkins,11,30,2,0,c: N Munasinghe b: C Giles
17,2nd,1st FOO vs 1st PRA,1st PRA,1st FOO,Aayan Nadeem,35,46,8,0,c: O Willett b: M Keogh
17,2nd,1st FOO vs 1st PRA,1st PRA,1st FOO,Declan O'Brien,16,28,4,0,c: J Boyce b: M Keogh
17,2nd,1st FOO vs 1st PRA,1st PRA,1st FOO,Ashton Frost,20,66,2,0,lbw: C Giles
17,2nd,1st FOO vs 1st PRA,1st PRA,1st FOO,Noah Panaia,12,32,2,0,c: P Menon b: M Keogh
17,2nd,1st FOO vs 1st PRA,1st PRA,1st FOO,Bailey Toseland,69,153,10,2,c: O Willett b: P Menon
17,2nd,1st FOO vs 1st PRA,1st PRA,1st FOO,Max Birthisel,8,39,1,0,c: P Menon b: S Beer
17,2nd,1st FOO vs 1st PRA,1st PRA,1st FOO,Dezi Carter,2,16,0,0,lbw: J Boyce
17,2nd,1st FOO vs 1st PRA,1st PRA,1st FOO,Tanish Taneja,29,89,4,1,c: O Willett b: N Morrey
17,2nd,1st FOO vs 1st PRA,1st PRA,1st FOO,Luke Gilham,11,29,2,0,c: H Nicholls b: S Beer
17,2nd,1st FOO vs 1st PRA,1st PRA,1st FOO,Blake Aggelis,4,5,1,0,not out
17,2nd,1st FOO vs 1st PRA,1st PRA,1st FOO,Aiden D'Souza,,,,,did not bat
17,2nd,1st FOO vs 1st PRA,1st PRA,1st FOO,Max Hatzoglou,,,,,did not bat
17,2nd,1st FOO vs 1st PRA,1st FOO,1st PRA,Henry Nicholls,,11,0,0,b: A Frost
17,2nd,1st FOO vs 1st PRA,1st FOO,1st PRA,Jack Hope-Bell,7,14,1,0,lbw: M Birthisel
17,2nd,1st FOO vs 1st PRA,1st FOO,1st PRA,Nathan A Munasinghe,26,20,3,1,c: B Toseland b: M Birthisel
17,2nd,1st FOO vs 1st PRA,1st FOO,1st PRA,Sam Beer,28,99,4,0,c: C Jenkins b: B Toseland
17,2nd,1st FOO vs 1st PRA,1st FOO,1st PRA,Travis Jackson,2,14,0,0,c: C Jenkins b: M Birthisel
17,2nd,1st FOO vs 1st PRA,1st FOO,1st PRA,Charlie Giles,,5,0,0,c: M Hatzoglou b: M Birthisel
17,2nd,1st FOO vs 1st PRA,1st FOO,1st PRA,Nicholas Morrey,27,105,2,0,c: C Jenkins b: M Birthisel
17,2nd,1st FOO vs 1st PRA,1st FOO,1st PRA,Pranav Menon,63,128,4,0,not out
17,2nd,1st FOO vs 1st PRA,1st FOO,1st PRA,Oliver Willett,27,54,3,0,"run out (B Aggelis, C Jenkins)"
17,2nd,1st FOO vs 1st PRA,1st FOO,1st PRA,James Boyce,8,27,1,0,c: D Carter b: B Aggelis
17,2nd,1st FOO vs 1st PRA,1st FOO,1st PRA,William Collins,7,17,1,0,c: C Jenkins b: A D'Souza
17,2nd,1st FOO vs 1st PRA,1st FOO,1st PRA,Max Keogh,,,,,did not bat
17,2nd,1st CAM vs 1st MEL,1st MEL,1st CAM,Lucas Smith,40,160,5,0,c: M Parrott b: T Reid
17,2nd,1st CAM vs 1st MEL,1st MEL,1st CAM,Tom Scott,69,154,9,1,c: J Meehan b: R Desai
17,2nd,1st CAM vs 1st MEL,1st MEL,1st CAM,Coby Fitzsimmons,15,19,2,0,c: C Lill b: T Reid
17,2nd,1st CAM vs 1st MEL,1st MEL,1st CAM,Griffin McComb,30,52,3,0,c: C Kellaway b: S Field
17,2nd,1st CAM vs 1st MEL,1st MEL,1st CAM,Adit Pawha,53,93,7,0,"run out (J Meehan, S Field)"
17,2nd,1st CAM vs 1st MEL,1st MEL,1st CAM,Samuel Olsen,7,28,1,0,lbw: R Desai
17,2nd,1st CAM vs 1st MEL,1st MEL,1st CAM,Finlay McGrotty,20,45,1,0,c: H Hyslop b: J Driscoll
17,2nd,1st CAM vs 1st MEL,1st MEL,1st CAM,Jakey Pietz,1,16,0,0,c: C Lill b: R Desai
17,2nd,1st CAM vs 1st MEL,1st MEL,1st CAM,Daniel Pietz,15,20,3,0,c: B Wickham b: J Driscoll
17,2nd,1st CAM vs 1st MEL,1st MEL,1st CAM,Kevin Prior,1,8,0,0,not out
17,2nd,1st CAM vs 1st MEL,1st MEL,1st CAM,Aidan Nicholls,,1,0,0,"run out (H Hyslop, B Wickham)"
17,2nd,1st CAM vs 1st MEL,1st MEL,1st CAM,Christopher Gorman,,,,,did not bat
17,2nd,1st CAM vs 1st MEL,1st CAM,1st MEL,Charles Lill,50,99,9,0,c: F McGrotty b: A Nicholls
17,2nd,1st CAM vs 1st MEL,1st CAM,1st MEL,James Meehan,1,4,0,0,c: F McGrotty b: A Nicholls
17,2nd,1st CAM vs 1st MEL,1st CAM,1st MEL,********,,1,0,0,b: A Nicholls
17,2nd,1st CAM vs 1st MEL,1st CAM,1st MEL,Oliver Gunning,12,32,1,0,c&b: D Pietz
17,2nd,1st CAM vs 1st MEL,1st CAM,1st MEL,Christopher Kellaway,77,157,8,0,c: J Pietz b: C Gorman
17,2nd,1st CAM vs 1st MEL,1st CAM,1st MEL,Benjamin Wickham,47,96,5,0,c: b: A Nicholls
17,2nd,1st CAM vs 1st MEL,1st CAM,1st MEL,Hugh Hyslop,31,67,4,0,not out
17,2nd,1st CAM vs 1st MEL,1st CAM,1st MEL,Max Parrott,18,24,3,0,"run out (D Pietz, J Pietz)"
17,2nd,1st CAM vs 1st MEL,1st CAM,1st MEL,Rishi Desai,23,50,2,0,not out
17,2nd,1st CAM vs 1st MEL,1st CAM,1st MEL,Joshua Driscoll,,,,,did not bat
17,2nd,1st CAM vs 1st MEL,1st CAM,1st MEL,Samuel Field,,,,,did not bat
17,2nd,1st CAM vs 1st MEL,1st CAM,1st MEL,Phil Halbish,,,,,did not bat
17,2nd,1st CAM vs 1st MEL,1st CAM,1st MEL,Tom Reid,,,,,did not bat
17,2nd,1st MEL vs 1st NOR,1st NOR,1st MEL,Connor Hastings,10,19,2,0,c: N Barone b: L Manteit
17,2nd,1st MEL vs 1st NOR,1st NOR,1st MEL,Tom Mileto,128,226,14,2,c: N Barone b: M Pearce
17,2nd,1st MEL vs 1st NOR,1st NOR,1st MEL,Naman Sharma,21,44,1,1,c: D Lalor b: M Pearce
17,2nd,1st MEL vs 1st NOR,1st NOR,1st MEL,Michael Forwood,14,25,1,0,c: N Barone b: L Manteit
17,2nd,1st MEL vs 1st NOR,1st NOR,1st MEL,Benjamin Rolfs,116,176,17,0,c: B Hosemans b: R Lane
17,2nd,1st MEL vs 1st NOR,1st NOR,1st MEL,Andrew Young,2,3,0,0,not out
17,2nd,1st MEL vs 1st NOR,1st NOR,1st MEL,Tim Young,15,9,3,0,not out
17,2nd,1st MEL vs 1st NOR,1st NOR,1st MEL,James Browning,,,,,did not bat
17,2nd,1st MEL vs 1st NOR,1st NOR,1st MEL,Krish Kumar,,,,,did not bat
17,2nd,1st MEL vs 1st NOR,1st NOR,1st MEL,Brodie O'Donnell,,,,,did not bat
17,2nd,1st MEL vs 1st NOR,1st NOR,1st MEL,Om Patel,,,,,did not bat
17,2nd,1st MEL vs 1st NOR,1st NOR,1st MEL,Jacob Stevenson,,,,,did not bat
17,2nd,1st MEL vs 1st NOR,1st MEL,1st NOR,Bailey Hosemans,4,29,0,0,lbw: J Browning
17,2nd,1st MEL vs 1st NOR,1st MEL,1st NOR,Noah Barone,,1,0,0,lbw: K Kumar
17,2nd,1st MEL vs 1st NOR,1st MEL,1st NOR,Roby Lane,3,36,0,0,c: A Young b: K Kumar
17,2nd,1st MEL vs 1st NOR,1st MEL,1st NOR,Daniel Lalor,16,41,0,0,c: M Forwood b: O Patel
17,2nd,1st MEL vs 1st NOR,1st MEL,1st NOR,Samson Storey,11,52,1,0,c: T Mileto b: J Stevenson
17,2nd,1st MEL vs 1st NOR,1st MEL,1st NOR,Marcus Stables,19,30,2,0,c: T Young b: O Patel
17,2nd,1st MEL vs 1st NOR,1st MEL,1st NOR,Michael Sacchetta,30,61,2,0,c: A Young b: J Browning
17,2nd,1st MEL vs 1st NOR,1st MEL,1st NOR,Ryan Siede,35,118,2,0,not out
17,2nd,1st MEL vs 1st NOR,1st MEL,1st NOR,Michael Rogneda,,2,0,0,c: T Young b: J Browning
17,2nd,1st MEL vs 1st NOR,1st MEL,1st NOR,Matthew Pearce,17,35,0,0,c: T Young b: K Kumar
17,2nd,1st MEL vs 1st NOR,1st MEL,1st NOR,Leonardo Manteit,,29,0,0,lbw: O Patel
17,2nd,1st MEL vs 1st NOR,1st MEL,1st NOR,Thomas Lambert,0,0,0,0,not out
17,2nd,1st KIN vs 1st FRA,1st FRA,1st KIN,Luke Ajani,32,113,3,0,c: L McConnell b: L Curtis
17,2nd,1st KIN vs 1st FRA,1st FRA,1st KIN,Roshan Gunatilake,1,6,0,0,c: S van Wijk b: H Wallace
17,2nd,1st KIN vs 1st FRA,1st FRA,1st KIN,Simo Ivetic,25,45,5,0,b: L Kranzbuhler
17,2nd,1st KIN vs 1st FRA,1st FRA,1st KIN,Jonathan Vincent,2,4,0,0,c: S van Wijk b: L Kranzbuhler
17,2nd,1st KIN vs 1st FRA,1st FRA,1st KIN,Luke Sullivan,6,21,1,0,c: T Nandini b: L Kranzbuhler
17,2nd,1st KIN vs 1st FRA,1st FRA,1st KIN,Hamish Mckenzie,19,42,3,0,run out (L Kranzbuhler)
17,2nd,1st KIN vs 1st FRA,1st FRA,1st KIN,Charlie Aldridge,,3,0,0,lbw: L Curtis
17,2nd,1st KIN vs 1st FRA,1st FRA,1st KIN,Jock McKenzie,13,41,1,0,c: L McConnell b: L Curtis
17,2nd,1st KIN vs 1st FRA,1st FRA,1st KIN,Saad Khattak,14,29,1,1,b: T Nandini
17,2nd,1st KIN vs 1st FRA,1st FRA,1st KIN,Bhanuka Keppetipola,5,6,1,0,c: L McConnell b: T Nandini
17,2nd,1st KIN vs 1st FRA,1st FRA,1st KIN,Kyle Scott,0,7,0,0,not out
17,2nd,1st KIN vs 1st FRA,1st FRA,1st KIN,Bradley Stow,,,,,did not bat
17,2nd,1st KIN vs 1st FRA,1st KIN,1st FRA,Patrick Parsons,68,90,10,2,b: L Sullivan
17,2nd,1st KIN vs 1st FRA,1st KIN,1st FRA,Matthew Gapes,24,46,3,0,c: B Stow b: B Keppetipola
17,2nd,1st KIN vs 1st FRA,1st KIN,1st FRA,Lucas McConnell,8,22,1,0,c: L Ajani b: S Khattak
17,2nd,1st KIN vs 1st FRA,1st KIN,1st FRA,Luke Kranzbuhler,36,14,1,5,c: B Stow b: B Keppetipola
17,2nd,1st KIN vs 1st FRA,1st KIN,1st FRA,Lachlan Curtis,1,5,0,0,b: L Sullivan
17,2nd,1st KIN vs 1st FRA,1st KIN,1st FRA,Sean van Wijk,,4,0,0,lbw: B Keppetipola
17,2nd,1st KIN vs 1st FRA,1st KIN,1st FRA,Mitchell Cestnik,3,7,0,0,run out (B Keppetipola)
17,2nd,1st KIN vs 1st FRA,1st KIN,1st FRA,Noah Langham,7,14,0,0,b: L Sullivan
17,2nd,1st KIN vs 1st FRA,1st KIN,1st FRA,Harrison Wallace,5,8,0,0,c: B Keppetipola b: L Sullivan
17,2nd,1st KIN vs 1st FRA,1st KIN,1st FRA,Ned Hurley,1,1,0,0,not out
17,2nd,1st KIN vs 1st FRA,1st KIN,1st FRA,Jye Dignan,,,,,did not bat
17,2nd,1st KIN vs 1st FRA,1st KIN,1st FRA,Lachlan Hose,,,,,did not bat
17,2nd,1st KIN vs 1st FRA,1st KIN,1st FRA,Tanush Nandini,,,,,did not bat
17,2nd,1st KIN vs 1st FRA,1st KIN,2nd KIN,Luke Ajani,30,87,3,0,c: L McConnell b: J Dignan
17,2nd,1st KIN vs 1st FRA,1st KIN,2nd KIN,Roshan Gunatilake,110,167,15,3,run out (M Cestnik)
17,2nd,1st KIN vs 1st FRA,1st KIN,2nd KIN,Simo Ivetic,8,29,1,0,c: L McConnell b: L Hose
17,2nd,1st KIN vs 1st FRA,1st KIN,2nd KIN,Jonathan Vincent,26,28,2,2,b: H Wallace
17,2nd,1st KIN vs 1st FRA,1st KIN,2nd KIN,Luke Sullivan,15,15,2,1,c: S van Wijk b: L Hose
17,2nd,1st KIN vs 1st FRA,1st KIN,2nd KIN,Hamish Mckenzie,11,27,1,0,c: P Parsons b: J Dignan
17,2nd,1st KIN vs 1st FRA,1st KIN,2nd KIN,Charlie Aldridge,12,25,0,1,c: N Hurley b: L McConnell
17,2nd,1st KIN vs 1st FRA,1st KIN,2nd KIN,Jock McKenzie,36,34,5,0,c&b: L Curtis
17,2nd,1st KIN vs 1st FRA,1st KIN,2nd KIN,Bhanuka Keppetipola,58,34,5,5,not out
17,2nd,1st KIN vs 1st FRA,1st KIN,2nd KIN,Kyle Scott,2,15,0,0,c: N Langham b: L Curtis
17,2nd,1st KIN vs 1st FRA,1st KIN,2nd KIN,Saad Khattak,,,,,did not bat
17,2nd,1st KIN vs 1st FRA,1st KIN,2nd KIN,Bradley Stow,,,,,did not bat
17,2nd,1st KIN vs 1st FRA,1st KIN,2nd FRA,Patrick Parsons,7,16,0,0,c: H Mckenzie b: B Stow
17,2nd,1st KIN vs 1st FRA,1st KIN,2nd FRA,Lachlan Curtis,24,13,3,1,c: K Scott b: B Stow
17,2nd,1st KIN vs 1st FRA,1st KIN,2nd FRA,Lucas McConnell,33,26,3,1,b: L Sullivan
17,2nd,1st KIN vs 1st FRA,1st KIN,2nd FRA,Luke Kranzbuhler,9,5,0,1,c: L Ajani b: B Stow
17,2nd,1st KIN vs 1st FRA,1st KIN,2nd FRA,Mitchell Cestnik,15,14,1,0,b: B Stow
17,2nd,1st KIN vs 1st FRA,1st KIN,2nd FRA,Matthew Gapes,42,47,5,0,not out
17,2nd,1st KIN vs 1st FRA,1st KIN,2nd FRA,Sean van Wijk,5,30,0,0,c: C Aldridge b: B Keppetipola
17,2nd,1st KIN vs 1st FRA,1st KIN,2nd FRA,Noah Langham,2,14,0,0,not out
17,2nd,1st KIN vs 1st FRA,1st KIN,2nd FRA,Jye Dignan,,,,,did not bat
17,2nd,1st KIN vs 1st FRA,1st KIN,2nd FRA,Lachlan Hose,,,,,did not bat
17,2nd,1st KIN vs 1st FRA,1st KIN,2nd FRA,Ned Hurley,,,,,did not bat
17,2nd,1st KIN vs 1st FRA,1st KIN,2nd FRA,Tanush Nandini,,,,,did not bat
17,2nd,1st KIN vs 1st FRA,1st KIN,2nd FRA,Harrison Wallace,,,,,did not bat
17,2nd,1st GEE vs 1st GRE,1st GRE,1st GEE,Lincoln Koliba,,5,0,0,b: D Highgate
17,2nd,1st GEE vs 1st GRE,1st GRE,1st GEE,Nathan Caulfield,13,25,3,0,c: C Burton b: D Highgate
17,2nd,1st GEE vs 1st GRE,1st GRE,1st GEE,Cody Brogden,20,64,3,0,c: G Hundal b: C Sridev
17,2nd,1st GEE vs 1st GRE,1st GRE,1st GEE,Santhosh Ramireddy,5,8,1,0,b: D Highgate
17,2nd,1st GEE vs 1st GRE,1st GRE,1st GEE,Fletcher Cozens,105,174,16,0,run out (D Highgate)
17,2nd,1st GEE vs 1st GRE,1st GRE,1st GEE,Liam Biddiscombe,6,21,0,0,c: C Burton b: K Bollu
17,2nd,1st GEE vs 1st GRE,1st GRE,1st GEE,Corey Paull,68,138,11,1,c: C Sridev b: S Clark
17,2nd,1st GEE vs 1st GRE,1st GRE,1st GEE,Sam Croft,10,34,2,0,c: I Zmak b: D Highgate
17,2nd,1st GEE vs 1st GRE,1st GRE,1st GEE,Josh Collins,46,66,9,0,not out
17,2nd,1st GEE vs 1st GRE,1st GRE,1st GEE,Thomas Neate,15,26,2,0,c: I Zmak b: C Sridev
17,2nd,1st GEE vs 1st GRE,1st GRE,1st GEE,Joshua Slater,11,19,1,0,not out
17,2nd,1st GEE vs 1st GRE,1st GRE,1st GEE,Kieren Helwig,,,,,did not bat
17,2nd,1st GEE vs 1st GRE,1st GEE,1st GRE,Kanishk Bollu,8,20,1,0,lbw: J Slater
17,2nd,1st GEE vs 1st GRE,1st GEE,1st GRE,Gurbaaz Hundal,59,92,8,0,c: N Caulfield b: K Helwig
17,2nd,1st GEE vs 1st GRE,1st GEE,1st GRE,Angus Webb,2,10,0,0,c: L Koliba b: J Slater
17,2nd,1st GEE vs 1st GRE,1st GEE,1st GRE,Conroy Burton,15,19,3,0,c: L Biddiscombe b: J Collins
17,2nd,1st GEE vs 1st GRE,1st GEE,1st GRE,Ashley Fernando,1,23,0,0,lbw: J Collins
17,2nd,1st GEE vs 1st GRE,1st GEE,1st GRE,Panav Jaura,4,32,0,0,c: S Ramireddy b: J Collins
17,2nd,1st GEE vs 1st GRE,1st GEE,1st GRE,Chandramauli Sridev,13,23,2,0,c: K Helwig b: S Croft
17,2nd,1st GEE vs 1st GRE,1st GEE,1st GRE,Declan Highgate,17,27,3,0,not out
17,2nd,1st GEE vs 1st GRE,1st GEE,1st GRE,Samuel Clark,3,4,0,0,lbw: K Helwig
17,2nd,1st GEE vs 1st GRE,1st GEE,1st GRE,Michael Cross,,5,0,0,b: K Helwig
17,2nd,1st GEE vs 1st GRE,1st GEE,1st GRE,Ivan Zmak,,3,0,0,c: N Caulfield b: K Helwig
17,2nd,1st GEE vs 1st GRE,1st GEE,1st GRE,Eshann Singh,,,,,did not bat
17,2nd,1st GEE vs 1st GRE,1st GEE,2nd GRE,Kanishk Bollu,,3,0,0,lbw: J Slater
17,2nd,1st GEE vs 1st GRE,1st GEE,2nd GRE,Gurbaaz Hundal,54,34,10,1,c: F Cozens b: J Collins
17,2nd,1st GEE vs 1st GRE,1st GEE,2nd GRE,Angus Webb,35,61,5,0,not out
17,2nd,1st GEE vs 1st GRE,1st GEE,2nd GRE,Conroy Burton,5,17,1,0,not out
17,2nd,1st GEE vs 1st GRE,1st GEE,2nd GRE,Samuel Clark,,,,,did not bat
17,2nd,1st GEE vs 1st GRE,1st GEE,2nd GRE,Michael Cross,,,,,did not bat
17,2nd,1st GEE vs 1st GRE,1st GEE,2nd GRE,Ashley Fernando,,,,,did not bat
17,2nd,1st GEE vs 1st GRE,1st GEE,2nd GRE,Declan Highgate,,,,,did not bat
17,2nd,1st GEE vs 1st GRE,1st GEE,2nd GRE,Panav Jaura,,,,,did not bat
17,2nd,1st GEE vs 1st GRE,1st GEE,2nd GRE,Eshann Singh,,,,,did not bat
17,2nd,1st GEE vs 1st GRE,1st GEE,2nd GRE,Chandramauli Sridev,,,,,did not bat
17,2nd,1st GEE vs 1st GRE,1st GEE,2nd GRE,Ivan Zmak,,,,,did not bat
17,2nd,1st ESS vs 1st FIT,1st FIT,1st ESS,Liam Tobin,123,290,13,0,c: M Bremner b: K Smith
17,2nd,1st ESS vs 1st FIT,1st FIT,1st ESS,Aidan Salvado,3,29,0,0,c: M Bremner b: R Surendran
17,2nd,1st ESS vs 1st FIT,1st FIT,1st ESS,Vihanga Fernando,14,35,2,0,c: M Phelan b: L Myott
17,2nd,1st ESS vs 1st FIT,1st FIT,1st ESS,Paul Wasiewicz,2,20,0,0,c: Z Macciocca b: R Surendran
17,2nd,1st ESS vs 1st FIT,1st FIT,1st ESS,Simrth Singh Gill,41,64,2,5,c: t kellar b: B Richardson
17,2nd,1st ESS vs 1st FIT,1st FIT,1st ESS,Jackson Martin,11,28,1,0,c: Z Macciocca b: K Smith
17,2nd,1st ESS vs 1st FIT,1st FIT,1st ESS,Ethan Brne,58,121,7,1,c: L Myott b: K Smith
17,2nd,1st ESS vs 1st FIT,1st FIT,1st ESS,Jarrod Parsons,11,15,0,0,c: Z Macciocca b: B Taeuber
17,2nd,1st ESS vs 1st FIT,1st FIT,1st ESS,Arin Mishra,9,14,0,0,c: B Richardson b: K Smith
17,2nd,1st ESS vs 1st FIT,1st FIT,1st ESS,Noah Guida,12,11,0,1,c: Z Macciocca b: K Smith
17,2nd,1st ESS vs 1st FIT,1st FIT,1st ESS,Navdeep Rai,4,7,0,0,not out
17,2nd,1st ESS vs 1st FIT,1st FIT,1st ESS,Aaron Cornish,,,,,did not bat
17,2nd,1st ESS vs 1st FIT,1st ESS,1st FIT,tom kellar,17,39,2,0,c: P Wasiewicz b: A Mishra
17,2nd,1st ESS vs 1st FIT,1st ESS,1st FIT,Matthew Bremner,110,166,14,1,b: N Guida
17,2nd,1st ESS vs 1st FIT,1st ESS,1st FIT,Aryan Sharma,35,116,3,0,c: J Martin b: A Cornish
17,2nd,1st ESS vs 1st FIT,1st ESS,1st FIT,Mark Phelan,20,53,1,0,c: S Gill b: A Cornish
17,2nd,1st ESS vs 1st FIT,1st ESS,1st FIT,Zachary Macciocca,19,38,3,0,c: E Brne b: J Parsons
17,2nd,1st ESS vs 1st FIT,1st ESS,1st FIT,Brodie Richardson,28,28,2,2,c: P Wasiewicz b: N Guida
17,2nd,1st ESS vs 1st FIT,1st ESS,1st FIT,Max Bradley,23,39,4,0,not out
17,2nd,1st ESS vs 1st FIT,1st ESS,1st FIT,Braden Taeuber,2,11,0,0,c: A Cornish b: N Guida
17,2nd,1st ESS vs 1st FIT,1st ESS,1st FIT,Liam Myott,1,11,0,0,not out
17,2nd,1st ESS vs 1st FIT,1st ESS,1st FIT,Miller Childs,,,,,did not bat
17,2nd,1st ESS vs 1st FIT,1st ESS,1st FIT,Harry Smith,,,,,did not bat
17,2nd,1st ESS vs 1st FIT,1st ESS,1st FIT,Kobe Smith,,,,,did not bat
17,2nd,1st ESS vs 1st FIT,1st ESS,1st FIT,Rahul Surendran,,,,,did not bat
17,2nd,1st RIN vs 1st ST,1st ST,1st RIN,Charlie Moore,44,53,4,0,lbw: D McComb
17,2nd,1st RIN vs 1st ST,1st ST,1st RIN,Harry Flynn,9,27,0,0,c: J Cunnington b: H Jones
17,2nd,1st RIN vs 1st ST,1st ST,1st RIN,Patrick Gouge,41,79,5,0,c&b: J Gray
17,2nd,1st RIN vs 1st ST,1st ST,1st RIN,Timothy Sugumar,4,17,1,0,c: H Gray b: L Graf
17,2nd,1st RIN vs 1st ST,1st ST,1st RIN,daniel ivanovic,9,21,2,0,b: A Harding
17,2nd,1st RIN vs 1st ST,1st ST,1st RIN,Mark Donegan,,1,0,0,c: G Barnes b: A Harding
17,2nd,1st RIN vs 1st ST,1st ST,1st RIN,Luke Ivanovic,25,22,4,0,c: G Barnes b: H Jones
17,2nd,1st RIN vs 1st ST,1st ST,1st RIN,Jackson Edwards,,8,0,0,c: G Barnes b: H Jones
17,2nd,1st RIN vs 1st ST,1st ST,1st RIN,Jarryd Cameron,5,30,0,0,c: R Farooq b: D McComb
17,2nd,1st RIN vs 1st ST,1st ST,1st RIN,Liam Walker,8,30,2,0,lbw: J Gray
17,2nd,1st RIN vs 1st ST,1st ST,1st RIN,Jonathan Farrand,0,1,0,0,not out
17,2nd,1st RIN vs 1st ST,1st RIN,1st ST,Dan Meddings,36,89,1,1,c&b: C Moore
17,2nd,1st RIN vs 1st ST,1st RIN,1st ST,Ashish Ashish,7,9,1,0,c: J Edwards b: J Farrand
17,2nd,1st RIN vs 1st ST,1st RIN,1st ST,Jack Cunnington,94,147,10,0,c: P Gouge b: J Farrand
17,2nd,1st RIN vs 1st ST,1st RIN,1st ST,Gurbir Singh,20,54,2,0,c: d ivanovic b: J Cameron
17,2nd,1st RIN vs 1st ST,1st RIN,1st ST,Reyaan Farooq,12,11,1,0,c: P Gouge b: T Sugumar
17,2nd,1st RIN vs 1st ST,1st RIN,1st ST,Henry Gray,8,6,1,0,not out
17,2nd,1st RIN vs 1st ST,1st RIN,1st ST,Guy Barnes,5,4,0,0,not out
17,2nd,1st RIN vs 1st ST,1st RIN,1st ST,Lachlan Graf,,,,,did not bat
17,2nd,1st RIN vs 1st ST,1st RIN,1st ST,James Gray,,,,,did not bat
17,2nd,1st RIN vs 1st ST,1st RIN,1st ST,Aaron Harding,,,,,did not bat
17,2nd,1st RIN vs 1st ST,1st RIN,1st ST,Harry Jones,,,,,did not bat
17,2nd,1st RIN vs 1st ST,1st RIN,1st ST,Declan McComb,,,,,did not bat
17,2nd,1st RIN vs 1st ST,1st RIN,1st ST,Angus Newman,,,,,did not bat
17,2nd,1st RIN vs 1st ST,1st RIN,1st ST,Thomas Paddington,,,,,did not bat
17,2nd,1st RIN vs 1st ST,1st RIN,2nd RIN,Charlie Moore,,1,0,0,b: T Paddington
17,2nd,1st RIN vs 1st ST,1st RIN,2nd RIN,Harry Flynn,5,20,0,0,c: G Barnes b: H Jones
17,2nd,1st RIN vs 1st ST,1st RIN,2nd RIN,Patrick Gouge,4,4,0,0,b: T Paddington
17,2nd,1st RIN vs 1st ST,1st RIN,2nd RIN,Timothy Sugumar,21,72,3,0,c&b: J Gray
17,2nd,1st RIN vs 1st ST,1st RIN,2nd RIN,daniel ivanovic,90,163,14,0,c: H Gray b: J Gray
17,2nd,1st RIN vs 1st ST,1st RIN,2nd RIN,Mark Donegan,,16,0,0,c: T Paddington b: A Harding
17,2nd,1st RIN vs 1st ST,1st RIN,2nd RIN,Luke Ivanovic,8,36,0,0,b: J Gray
17,2nd,1st RIN vs 1st ST,1st RIN,2nd RIN,Jackson Edwards,31,74,3,0,not out
17,2nd,1st RIN vs 1st ST,1st RIN,2nd RIN,Jarryd Cameron,17,53,3,0,not out
17,2nd,1st RIN vs 1st ST,1st RIN,2nd RIN,Jonathan Farrand,,,,,did not bat
17,2nd,1st RIN vs 1st ST,1st RIN,2nd RIN,Liam Walker,,,,,did not bat
17,2nd,1st DAN vs 1st CAR,1st CAR,1st DAN,Sayed Rihan,23,96,1,0,c: L Brasher b: A Smillie
17,2nd,1st DAN vs 1st CAR,1st CAR,1st DAN,Aryan Mohan,41,72,6,0,b: A Smillie
17,2nd,1st DAN vs 1st CAR,1st CAR,1st DAN,Josh Duffield,,5,0,0,c: S Wray b: S Morrow
17,2nd,1st DAN vs 1st CAR,1st CAR,1st DAN,Aaron Fernando,60,83,10,1,c: A Sriram b: S Morrow
17,2nd,1st DAN vs 1st CAR,1st CAR,1st DAN,Ashton Ceeney,,2,0,0,c: G Brar b: S Morrow
17,2nd,1st DAN vs 1st CAR,1st CAR,1st DAN,Kartikay Sharma,28,63,4,0,c: N Ross b: H Edwards
17,2nd,1st DAN vs 1st CAR,1st CAR,1st DAN,Hayden Wrigglesworth,9,16,1,0,c: A Sriram b: L Brasher
17,2nd,1st DAN vs 1st CAR,1st CAR,1st DAN,Barathan Mahadeva,,13,0,0,c: L Shinn-mahony b: A Smillie
17,2nd,1st DAN vs 1st CAR,1st CAR,1st DAN,Adam McMaster,5,16,1,0,c: L Brasher b: S Morrow
17,2nd,1st DAN vs 1st CAR,1st CAR,1st DAN,Neil D'Souza,5,7,1,0,c: A Sriram b: A Smillie
17,2nd,1st DAN vs 1st CAR,1st CAR,1st DAN,Rachit Sharma,0,3,0,0,not out
17,2nd,1st DAN vs 1st CAR,1st CAR,1st DAN,Parth Hirani,,,,,did not bat
17,2nd,1st DAN vs 1st CAR,1st DAN,1st CAR,Keir Lucas,27,40,4,0,c: A Mohan b: H Wrigglesworth
17,2nd,1st DAN vs 1st CAR,1st DAN,1st CAR,Spencer Wray,12,24,1,0,c: A Mohan b: H Wrigglesworth
17,2nd,1st DAN vs 1st CAR,1st DAN,1st CAR,Guntaas Brar,79,125,13,0,c: A Ceeney b: R Sharma
17,2nd,1st DAN vs 1st CAR,1st DAN,1st CAR,Nicholas Ross,4,5,1,0,b: R Sharma
17,2nd,1st DAN vs 1st CAR,1st DAN,1st CAR,Lachlan Shinn-mahony,90,153,13,0,c: B Mahadeva b: A Fernando
17,2nd,1st DAN vs 1st CAR,1st DAN,1st CAR,Akshith Sriram,42,72,3,2,c: A Ceeney b: A Fernando
17,2nd,1st DAN vs 1st CAR,1st DAN,1st CAR,Izan Shaikh,31,28,1,1,lbw: A Fernando
17,2nd,1st DAN vs 1st CAR,1st DAN,1st CAR,Henry Edwards,13,10,2,0,not out
17,2nd,1st DAN vs 1st CAR,1st DAN,1st CAR,Lucas Brasher,,,,,did not bat
17,2nd,1st DAN vs 1st CAR,1st DAN,1st CAR,Seth McGinty,,,,,did not bat
17,2nd,1st DAN vs 1st CAR,1st DAN,1st CAR,Sean Morrow,,,,,did not bat
17,2nd,1st DAN vs 1st CAR,1st DAN,1st CAR,Aaron Smillie,,,,,did not bat
17,2nd,1st DAN vs 1st CAR,1st DAN,2nd DAN,Barathan Mahadeva,12,28,2,0,not out
17,2nd,1st DAN vs 1st CAR,1st DAN,2nd DAN,Aryan Mohan,60,44,11,1,not out
17,2nd,1st DAN vs 1st CAR,1st DAN,2nd DAN,Ashton Ceeney,,,,,did not bat
17,2nd,1st DAN vs 1st CAR,1st DAN,2nd DAN,Neil D'Souza,,,,,did not bat
17,2nd,1st DAN vs 1st CAR,1st DAN,2nd DAN,Josh Duffield,,,,,did not bat
17,2nd,1st DAN vs 1st CAR,1st DAN,2nd DAN,Aaron Fernando,,,,,did not bat
17,2nd,1st DAN vs 1st CAR,1st DAN,2nd DAN,Parth Hirani,,,,,did not bat
17,2nd,1st DAN vs 1st CAR,1st DAN,2nd DAN,Adam McMaster,,,,,did not bat
17,2nd,1st DAN vs 1st CAR,1st DAN,2nd DAN,Sayed Rihan,,,,,did not bat
17,2nd,1st DAN vs 1st CAR,1st DAN,2nd DAN,Kartikay Sharma,,,,,did not bat
17,2nd,1st DAN vs 1st CAR,1st DAN,2nd DAN,Rachit Sharma,,,,,did not bat
17,2nd,1st DAN vs 1st CAR,1st DAN,2nd DAN,Hayden Wrigglesworth,,,,,did not bat
1,3rd,1st FIT vs 1st ESS,1st ESS,1st FIT,Blake Podesta,71,60,14,0,c: J Pawlowicz b: J Badhaan
1,3rd,1st FIT vs 1st ESS,1st ESS,1st FIT,Billy Rayner,4,2,1,0,c: M Singh b: M Abdul Wasay
1,3rd,1st FIT vs 1st ESS,1st ESS,1st FIT,Syed Shayan Ahmad,,22,0,0,lbw: M Abdul Wasay
1,3rd,1st FIT vs 1st ESS,1st ESS,1st FIT,Lishan De Silva,17,27,3,0,c&b: J Badhaan
1,3rd,1st FIT vs 1st ESS,1st ESS,1st FIT,James Heaney,93,135,11,1,c: J Badhaan b: J Pawlowicz
1,3rd,1st FIT vs 1st ESS,1st ESS,1st FIT,Liam Russell,15,28,2,0,c: J Badhaan b: J Pawlowicz
1,3rd,1st FIT vs 1st ESS,1st ESS,1st FIT,Benjamin Donnellan,,4,0,0,c: M Singh b: J Pawlowicz
1,3rd,1st FIT vs 1st ESS,1st ESS,1st FIT,Addison Forbes,6,35,0,0,lbw: J Pawlowicz
1,3rd,1st FIT vs 1st ESS,1st ESS,1st FIT,Joel Maaskant,8,15,1,0,b: J Pawlowicz
1,3rd,1st FIT vs 1st ESS,1st ESS,1st FIT,Joseph Dossor,,4,0,0,c: H doherty b: A Cornish
1,3rd,1st FIT vs 1st ESS,1st ESS,1st FIT,Edison Waghorn,12,32,1,0,not out
1,3rd,1st FIT vs 1st ESS,1st ESS,1st FIT,Rahul Surendran,,,,,did not bat
1,3rd,1st FIT vs 1st ESS,1st FIT,1st ESS,Zachary Beniwal,45,109,5,0,c: J Heaney b: A Forbes
1,3rd,1st FIT vs 1st ESS,1st FIT,1st ESS,Vanshjot Sandhu,,3,0,0,b: R Surendran
1,3rd,1st FIT vs 1st ESS,1st FIT,1st ESS,Sean Phillips-Williams,8,36,0,0,c: B Donnellan b: A Forbes
1,3rd,1st FIT vs 1st ESS,1st FIT,1st ESS,Jessraj Badhaan,44,75,7,1,c: B Donnellan b: J Dossor
1,3rd,1st FIT vs 1st ESS,1st FIT,1st ESS,Heath doherty,,6,0,0,lbw: R Surendran
1,3rd,1st FIT vs 1st ESS,1st FIT,1st ESS,Samin Shafquat,14,40,1,0,c: S Shayan Ahmad b: J Maaskant
1,3rd,1st FIT vs 1st ESS,1st FIT,1st ESS,Paramvir Singh,3,10,0,0,b: A Forbes
1,3rd,1st FIT vs 1st ESS,1st FIT,1st ESS,Maan Fabian Singh,9,29,1,0,lbw: J Maaskant
1,3rd,1st FIT vs 1st ESS,1st FIT,1st ESS,Luay Miraz,2,15,0,0,c: L De Silva b: A Forbes
1,3rd,1st FIT vs 1st ESS,1st FIT,1st ESS,Jacob Pawlowicz,21,50,3,0,c: B Donnellan b: R Surendran
1,3rd,1st FIT vs 1st ESS,1st FIT,1st ESS,Aaron Cornish,17,29,0,0,not out
1,3rd,1st FIT vs 1st ESS,1st FIT,1st ESS,Muhammad Abdul Wasay,,,,,did not bat
1,3rd,1st FIT vs 1st ESS,1st FIT,2nd FIT,Blake Podesta,62,55,9,3,not out
1,3rd,1st FIT vs 1st ESS,1st FIT,2nd FIT,Billy Rayner,9,29,1,0,not out
1,3rd,1st FIT vs 1st ESS,1st FIT,2nd FIT,Lishan De Silva,,,,,did not bat
1,3rd,1st FIT vs 1st ESS,1st FIT,2nd FIT,Benjamin Donnellan,,,,,did not bat
1,3rd,1st FIT vs 1st ESS,1st FIT,2nd FIT,Joseph Dossor,,,,,did not bat
1,3rd,1st FIT vs 1st ESS,1st FIT,2nd FIT,Addison Forbes,,,,,did not bat
1,3rd,1st FIT vs 1st ESS,1st FIT,2nd FIT,James Heaney,,,,,did not bat
1,3rd,1st FIT vs 1st ESS,1st FIT,2nd FIT,Joel Maaskant,,,,,did not bat
1,3rd,1st FIT vs 1st ESS,1st FIT,2nd FIT,Liam Russell,,,,,did not bat
1,3rd,1st FIT vs 1st ESS,1st FIT,2nd FIT,Syed Shayan Ahmad,,,,,did not bat
1,3rd,1st FIT vs 1st ESS,1st FIT,2nd FIT,Rahul Surendran,,,,,did not bat
1,3rd,1st FIT vs 1st ESS,1st FIT,2nd FIT,Edison Waghorn,,,,,did not bat
1,3rd,1st KIN vs 1st MEL,1st MEL,1st KIN,Rohith Chapalamadugu,1,2,0,0,c: N Xavier b: T Cesaro
1,3rd,1st KIN vs 1st MEL,1st MEL,1st KIN,Manpreet Singh,79,194,6,1,c: O Wood b: T Cesaro
1,3rd,1st KIN vs 1st MEL,1st MEL,1st KIN,Roshan Gunatilake,51,121,4,2,c: S Anderson b: K Williamson
1,3rd,1st KIN vs 1st MEL,1st MEL,1st KIN,Aditya Chowdhary,2,15,0,0,c&b: C Wolf
1,3rd,1st KIN vs 1st MEL,1st MEL,1st KIN,Jock McKenzie,,4,0,0,c: K Parrott b: K Williamson
1,3rd,1st KIN vs 1st MEL,1st MEL,1st KIN,Mohamed Vailisseri,24,50,1,2,c: N Xavier b: K Williamson
1,3rd,1st KIN vs 1st MEL,1st MEL,1st KIN,Sanithu Rajapaksha,,9,0,0,lbw: K Williamson
1,3rd,1st KIN vs 1st MEL,1st MEL,1st KIN,Kovid Katta,5,16,1,0,c: K Williamson b: I Bepey
1,3rd,1st KIN vs 1st MEL,1st MEL,1st KIN,Arunkarthik Mannarsamy,11,25,1,0,not out
1,3rd,1st KIN vs 1st MEL,1st MEL,1st KIN,Max Ralph,,2,0,0,b: I Bepey
1,3rd,1st KIN vs 1st MEL,1st MEL,1st KIN,Bradley Stow,22,31,3,0,c: K Parrott b: K Williamson
1,3rd,1st KIN vs 1st MEL,1st MEL,1st KIN,Andrew Johnson,,,,,did not bat
1,3rd,1st KIN vs 1st MEL,1st MEL,1st KIN,Arish Surani,,,,,did not bat
1,3rd,1st KIN vs 1st MEL,1st MEL,1st KIN,Gurdarshan Kaushik,,,,,did not bat
1,3rd,1st KIN vs 1st MEL,1st MEL,1st KIN,Joel Ajani,,,,,did not bat
1,3rd,1st KIN vs 1st MEL,1st KIN,1st MEL,Oscar Wood,34,41,7,0,c: M Vailisseri b: K Katta
1,3rd,1st KIN vs 1st MEL,1st KIN,1st MEL,Yuvraj Sharma,70,118,8,3,c: A Chowdhary b: S Rajapaksha
1,3rd,1st KIN vs 1st MEL,1st KIN,1st MEL,Sam Anderson,14,39,2,0,b: S Rajapaksha
1,3rd,1st KIN vs 1st MEL,1st KIN,1st MEL,Brendan Reddell,21,63,3,0,run out (R Gunatilake)
1,3rd,1st KIN vs 1st MEL,1st KIN,1st MEL,Kyle Parrott,63,55,10,1,not out
1,3rd,1st KIN vs 1st MEL,1st KIN,1st MEL,Yash Goel,1,17,0,0,not out
1,3rd,1st RIN vs 1st MEL,1st MEL,1st RIN,Charlie Moore,,3,0,0,c: M Gome b: A Ingpen
1,3rd,1st RIN vs 1st MEL,1st MEL,1st RIN,Rohan Ervine,,2,0,0,c: L Hatzoglou b: H Kremer-Slevin
1,3rd,1st RIN vs 1st MEL,1st MEL,1st RIN,Paawan Dave,33,68,2,0,c: L Bienvenu b: L Hatzoglou
1,3rd,1st RIN vs 1st MEL,1st MEL,1st RIN,Luke Ivanovic,171,180,27,0,c: M Gome b: A Ingpen
1,3rd,1st RIN vs 1st MEL,1st MEL,1st RIN,Will Banfield,52,91,6,0,c: A Harms b: E Durrant
1,3rd,1st RIN vs 1st MEL,1st MEL,1st RIN,Trent Wynne,4,20,0,0,c: L Bienvenu b: E Durrant
1,3rd,1st RIN vs 1st MEL,1st MEL,1st RIN,George Lyons,12,39,0,0,c: A Khan b: A Ingpen
1,3rd,1st RIN vs 1st MEL,1st MEL,1st RIN,Isaac Macklin,37,43,6,0,c: W Waters b: A Harms
1,3rd,1st RIN vs 1st MEL,1st MEL,1st RIN,Jarryd Cameron,7,19,0,0,c: T Perera b: E Durrant
1,3rd,1st RIN vs 1st MEL,1st MEL,1st RIN,Darcy Noonan,4,8,0,0,not out
1,3rd,1st RIN vs 1st MEL,1st MEL,1st RIN,Xavier Noonan,,3,0,0,c: M Gome b: A Harms
1,3rd,1st RIN vs 1st MEL,1st MEL,1st RIN,Zachary Seal,,,,,did not bat
1,3rd,1st RIN vs 1st MEL,1st RIN,1st MEL,Lucien Bienvenu,1,14,0,0,c: T Wynne b: J Cameron
1,3rd,1st RIN vs 1st MEL,1st RIN,1st MEL,Matthew Gome,5,9,1,0,c: R Ervine b: D Noonan
1,3rd,1st RIN vs 1st MEL,1st RIN,1st MEL,Ali Khan,8,14,1,0,b: J Cameron
1,3rd,1st RIN vs 1st MEL,1st RIN,1st MEL,Elliott Durrant,22,28,2,0,lbw: J Cameron
1,3rd,1st RIN vs 1st MEL,1st RIN,1st MEL,Raj Nand,27,42,3,0,c: T Wynne b: C Moore
1,3rd,1st RIN vs 1st MEL,1st RIN,1st MEL,Hunter Kremer-Slevin,1,22,0,0,c: L Ivanovic b: D Noonan
1,3rd,1st RIN vs 1st MEL,1st RIN,1st MEL,Tharindu Perera,28,43,4,0,b: Z Seal
1,3rd,1st RIN vs 1st MEL,1st RIN,1st MEL,Will Waters,,5,0,0,c: T Wynne b: C Moore
1,3rd,1st RIN vs 1st MEL,1st RIN,1st MEL,Aanlin Cheeran,16,30,2,0,b: I Macklin
1,3rd,1st RIN vs 1st MEL,1st RIN,1st MEL,Alex Ingpen,23,76,2,0,not out
1,3rd,1st RIN vs 1st MEL,1st RIN,1st MEL,Angus Harms,18,54,3,0,lbw: I Macklin
1,3rd,1st RIN vs 1st MEL,1st RIN,1st MEL,Leo Hatzoglou,,,,,did not bat
1,3rd,1st GEE vs 1st ST,1st ST,1st GEE,Jake Klein,5,12,0,0,c: J Smith b: W Jackson
1,3rd,1st GEE vs 1st ST,1st ST,1st GEE,Jacob Chislett,37,91,5,0,c: T Deighton b: A Hussain
1,3rd,1st GEE vs 1st ST,1st ST,1st GEE,Ted Bain,25,39,4,0,c: W Ashton b: A Hussain
1,3rd,1st GEE vs 1st ST,1st ST,1st GEE,Corey Paull,6,34,0,1,st: W Ashton b: A Hussain
1,3rd,1st GEE vs 1st ST,1st ST,1st GEE,Monty Maloney,8,36,0,0,c: B Smith b: T Deighton
1,3rd,1st GEE vs 1st ST,1st ST,1st GEE,Hamish Craig,68,102,8,1,c: W Ashton b: L Ashen
1,3rd,1st GEE vs 1st ST,1st ST,1st GEE,Brodie Craig,42,70,6,1,c: B Smith b: T Deighton
1,3rd,1st GEE vs 1st ST,1st ST,1st GEE,Joshua Mastin,56,133,6,1,c: D de Silva b: J Kennedy
1,3rd,1st GEE vs 1st ST,1st ST,1st GEE,Paawan Sharma,7,8,1,0,c: G Singh b: D de Silva
1,3rd,1st GEE vs 1st ST,1st ST,1st GEE,Will Rodda,32,60,5,0,b: Y Lidder
1,3rd,1st GEE vs 1st ST,1st ST,1st GEE,Toby Cunningham,4,44,0,0,not out
1,3rd,1st GEE vs 1st ST,1st ST,1st GEE,Lachlan Watson,,,,,did not bat
1,3rd,1st GEE vs 1st ST,1st GEE,1st ST,James Smith,,5,0,0,c: C Paull b: W Rodda
1,3rd,1st GEE vs 1st ST,1st GEE,1st ST,Luke Ashen,22,20,1,2,c: L Watson b: W Rodda
1,3rd,1st GEE vs 1st ST,1st GEE,1st ST,Barnaby Smith,34,72,4,0,c: C Paull b: T Cunningham
1,3rd,1st GEE vs 1st ST,1st GEE,1st ST,Gurbir Singh,53,150,6,0,b: W Rodda
1,3rd,1st GEE vs 1st ST,1st GEE,1st ST,Will Ashton,,6,0,0,st: C Paull b: P Sharma
1,3rd,1st GEE vs 1st ST,1st GEE,1st ST,Jobe Kennedy,1,7,0,0,c: C Paull b: T Cunningham
1,3rd,1st GEE vs 1st ST,1st GEE,1st ST,Tom Deighton,18,76,2,0,b: W Rodda
1,3rd,1st GEE vs 1st ST,1st GEE,1st ST,Dinuk de Silva,,14,0,0,c: T Cunningham b: P Sharma
1,3rd,1st GEE vs 1st ST,1st GEE,1st ST,Walter Jackson,1,8,0,0,c: C Paull b: P Sharma
1,3rd,1st GEE vs 1st ST,1st GEE,1st ST,Angus Robson,4,16,0,0,c: P Sharma b: W Rodda
1,3rd,1st GEE vs 1st ST,1st GEE,1st ST,Yuvraj Lidder,8,15,1,0,not out
1,3rd,1st GEE vs 1st ST,1st GEE,1st ST,Aga Danish Hussain,,,,,did not bat
1,3rd,1st GEE vs 1st ST,1st GEE,2nd GEE,Jacob Chislett,0,0,0,0,not out
1,3rd,1st GEE vs 1st ST,1st GEE,2nd GEE,Jake Klein,0,0,0,0,not out
1,3rd,1st GEE vs 1st ST,1st GEE,2nd GEE,Ted Bain,,,,,did not bat
1,3rd,1st GEE vs 1st ST,1st GEE,2nd GEE,Brodie Craig,,,,,did not bat
1,3rd,1st GEE vs 1st ST,1st GEE,2nd GEE,Hamish Craig,,,,,did not bat
1,3rd,1st GEE vs 1st ST,1st GEE,2nd GEE,Toby Cunningham,,,,,did not bat
1,3rd,1st GEE vs 1st ST,1st GEE,2nd GEE,Monty Maloney,,,,,did not bat
1,3rd,1st GEE vs 1st ST,1st GEE,2nd GEE,Joshua Mastin,,,,,did not bat
1,3rd,1st GEE vs 1st ST,1st GEE,2nd GEE,Corey Paull,,,,,did not bat
1,3rd,1st GEE vs 1st ST,1st GEE,2nd GEE,Will Rodda,,,,,did not bat
1,3rd,1st GEE vs 1st ST,1st GEE,2nd GEE,Paawan Sharma,,,,,did not bat
1,3rd,1st GEE vs 1st ST,1st GEE,2nd GEE,Lachlan Watson,,,,,did not bat
2,3rd,1st GEE vs 1st FIT,1st FIT,1st GEE,Jacob Chislett,2,7,0,0,lbw: A Forbes
2,3rd,1st GEE vs 1st FIT,1st FIT,1st GEE,Jake Klein,7,20,1,0,c: B Donnellan b: A Forbes
2,3rd,1st GEE vs 1st FIT,1st FIT,1st GEE,Ted Bain,52,80,8,0,c: B Donnellan b: A Forbes
2,3rd,1st GEE vs 1st FIT,1st FIT,1st GEE,Corey Paull,31,95,1,0,c: M Childs b: A Forbes
2,3rd,1st GEE vs 1st FIT,1st FIT,1st GEE,Monty Maloney,27,72,2,0,b: R Surendran
2,3rd,1st GEE vs 1st FIT,1st FIT,1st GEE,Hamish Craig,5,24,1,0,lbw: E Waghorn
2,3rd,1st GEE vs 1st FIT,1st FIT,1st GEE,Brodie Craig,18,50,3,0,c: B Donnellan b: R Surendran
2,3rd,1st GEE vs 1st FIT,1st FIT,1st GEE,Joshua Mastin,,13,0,0,lbw: E Waghorn
2,3rd,1st GEE vs 1st FIT,1st FIT,1st GEE,Will Rodda,13,40,2,0,not out
2,3rd,1st GEE vs 1st FIT,1st FIT,1st GEE,Paawan Sharma,7,27,1,0,c: M Childs b: E Waghorn
2,3rd,1st GEE vs 1st FIT,1st FIT,1st GEE,Toby Cunningham,1,9,0,0,lbw: M Childs
2,3rd,1st GEE vs 1st FIT,1st FIT,1st GEE,Lachlan Watson,,,,,did not bat
2,3rd,1st GEE vs 1st FIT,1st GEE,1st FIT,Blake Podesta,61,78,7,3,b: W Rodda
2,3rd,1st GEE vs 1st FIT,1st GEE,1st FIT,Billy Rayner,1,20,0,0,c: C Paull b: L Watson
2,3rd,1st GEE vs 1st FIT,1st GEE,1st FIT,Syed Shayan Ahmad,31,78,4,0,c: C Paull b: L Watson
2,3rd,1st GEE vs 1st FIT,1st GEE,1st FIT,Lishan De Silva,10,36,1,0,run out (P Sharma)
2,3rd,1st GEE vs 1st FIT,1st GEE,1st FIT,James Heaney,11,43,1,0,b: P Sharma
2,3rd,1st GEE vs 1st FIT,1st GEE,1st FIT,Miller Childs,10,31,0,0,c: C Paull b: W Rodda
2,3rd,1st GEE vs 1st FIT,1st GEE,1st FIT,Liam Russell,15,53,0,0,not out
2,3rd,1st GEE vs 1st FIT,1st GEE,1st FIT,Benjamin Donnellan,2,20,0,0,lbw: W Rodda
2,3rd,1st GEE vs 1st FIT,1st GEE,1st FIT,Addison Forbes,,7,0,0,c&b: P Sharma
2,3rd,1st GEE vs 1st FIT,1st GEE,1st FIT,Joseph Dossor,2,19,0,0,c: C Paull b: W Rodda
2,3rd,1st GEE vs 1st FIT,1st GEE,1st FIT,Edison Waghorn,7,21,1,0,c: C Paull b: P Sharma
2,3rd,1st GEE vs 1st FIT,1st GEE,1st FIT,Rahul Surendran,,,,,did not bat
2,3rd,1st GEE vs 1st FIT,1st GEE,2nd GEE,Jake Klein,17,23,2,0,not out
2,3rd,1st GEE vs 1st FIT,1st GEE,2nd GEE,Jacob Chislett,14,24,1,0,b: R Surendran
2,3rd,1st GEE vs 1st FIT,1st GEE,2nd GEE,Brodie Craig,0,2,0,0,not out
2,3rd,1st GEE vs 1st FIT,1st GEE,2nd GEE,Ted Bain,,,,,did not bat
2,3rd,1st GEE vs 1st FIT,1st GEE,2nd GEE,Hamish Craig,,,,,did not bat
2,3rd,1st GEE vs 1st FIT,1st GEE,2nd GEE,Toby Cunningham,,,,,did not bat
2,3rd,1st GEE vs 1st FIT,1st GEE,2nd GEE,Monty Maloney,,,,,did not bat
2,3rd,1st GEE vs 1st FIT,1st GEE,2nd GEE,Joshua Mastin,,,,,did not bat
2,3rd,1st GEE vs 1st FIT,1st GEE,2nd GEE,Corey Paull,,,,,did not bat
2,3rd,1st GEE vs 1st FIT,1st GEE,2nd GEE,Will Rodda,,,,,did not bat
2,3rd,1st GEE vs 1st FIT,1st GEE,2nd GEE,Paawan Sharma,,,,,did not bat
2,3rd,1st GEE vs 1st FIT,1st GEE,2nd GEE,Lachlan Watson,,,,,did not bat
2,3rd,1st MEL vs 1st RIN,1st RIN,1st MEL,Oscar Wood,3,9,0,0,b: I Macklin
2,3rd,1st MEL vs 1st RIN,1st RIN,1st MEL,Yuvraj Sharma,8,7,2,0,c: R Ervine b: J Cameron
2,3rd,1st MEL vs 1st RIN,1st RIN,1st MEL,Sam Anderson,170,292,19,0,not out
2,3rd,1st MEL vs 1st RIN,1st RIN,1st MEL,Brendan Reddell,34,56,6,0,c: Z Seal b: C Moore
2,3rd,1st MEL vs 1st RIN,1st RIN,1st MEL,Kyle Parrott,28,46,3,0,c: M Premaratne b: I Macklin
2,3rd,1st MEL vs 1st RIN,1st RIN,1st MEL,Max Parrott,10,19,0,0,lbw: X Noonan
2,3rd,1st MEL vs 1st RIN,1st RIN,1st MEL,Charlie Wolf,55,90,5,0,c: R Ervine b: X Noonan
2,3rd,1st MEL vs 1st RIN,1st RIN,1st MEL,Samuel Field,29,46,4,0,lbw: J Cameron
2,3rd,1st MEL vs 1st RIN,1st RIN,1st MEL,Kyle Williamson,,3,0,0,c: I Macklin b: J Cameron
2,3rd,1st MEL vs 1st RIN,1st RIN,1st MEL,Thomas Cesaro,,5,0,0,lbw: I Macklin
2,3rd,1st MEL vs 1st RIN,1st RIN,1st MEL,Isaac Bepey,2,6,0,0,c: R Ervine b: J Cameron
2,3rd,1st MEL vs 1st RIN,1st RIN,1st MEL,Nicholas Xavier,,,,,did not bat
2,3rd,1st MEL vs 1st RIN,1st MEL,1st RIN,Charlie Moore,6,4,1,0,c: Y Sharma b: I Bepey
2,3rd,1st MEL vs 1st RIN,1st MEL,1st RIN,Rohan Ervine,39,51,5,0,c: S Field b: S Anderson
2,3rd,1st MEL vs 1st RIN,1st MEL,1st RIN,Paawan Dave,,2,0,0,b: I Bepey
2,3rd,1st MEL vs 1st RIN,1st MEL,1st RIN,Luke Ivanovic,5,8,1,0,c: M Parrott b: T Cesaro
2,3rd,1st MEL vs 1st RIN,1st MEL,1st RIN,Will Banfield,48,74,8,0,c: M Parrott b: K Williamson
2,3rd,1st MEL vs 1st RIN,1st MEL,1st RIN,Trent Wynne,5,15,1,0,b: S Anderson
2,3rd,1st MEL vs 1st RIN,1st MEL,1st RIN,George Lyons,,17,0,0,b: K Williamson
2,3rd,1st MEL vs 1st RIN,1st MEL,1st RIN,Isaac Macklin,3,13,0,0,st: M Parrott b: K Williamson
2,3rd,1st MEL vs 1st RIN,1st MEL,1st RIN,Jarryd Cameron,3,9,0,0,c: S Anderson b: K Williamson
2,3rd,1st MEL vs 1st RIN,1st MEL,1st RIN,Xavier Noonan,,10,0,0,b: S Field
2,3rd,1st MEL vs 1st RIN,1st MEL,1st RIN,Michain Premaratne,4,4,1,0,not out
2,3rd,1st MEL vs 1st RIN,1st MEL,1st RIN,Zachary Seal,,,,,did not bat
3,3rd,1st MEL vs 1st GEE,1st GEE,1st MEL,Oscar Wood,64,112,9,0,b: K Bienefelt
3,3rd,1st MEL vs 1st GEE,1st GEE,1st MEL,Yuvraj Sharma,4,3,1,0,b: K Bienefelt
3,3rd,1st MEL vs 1st GEE,1st GEE,1st MEL,Sam Anderson,10,32,2,0,b: K Bienefelt
3,3rd,1st MEL vs 1st GEE,1st GEE,1st MEL,Brendan Reddell,8,24,1,0,c: J Klein b: W Rodda
3,3rd,1st MEL vs 1st GEE,1st GEE,1st MEL,Kyle Parrott,36,63,5,0,b: P Sharma
3,3rd,1st MEL vs 1st GEE,1st GEE,1st MEL,Max Parrott,44,77,6,0,c: C Paull b: L Watson
3,3rd,1st MEL vs 1st GEE,1st GEE,1st MEL,Charlie Wolf,13,38,2,0,c&b: P Sharma
3,3rd,1st MEL vs 1st GEE,1st GEE,1st MEL,Samuel Field,68,119,10,0,lbw: L Watson
3,3rd,1st MEL vs 1st GEE,1st GEE,1st MEL,Kyle Williamson,51,109,5,0,b: L Watson
3,3rd,1st MEL vs 1st GEE,1st GEE,1st MEL,Thomas Cesaro,12,36,1,0,not out
3,3rd,1st MEL vs 1st GEE,1st GEE,1st MEL,Isaac Bepey,6,28,0,0,not out
3,3rd,1st MEL vs 1st GEE,1st GEE,1st MEL,Nicholas Xavier,,,,,did not bat
3,3rd,1st MEL vs 1st GEE,1st MEL,1st GEE,Jake Klein,126,206,9,0,b: S Field
3,3rd,1st MEL vs 1st GEE,1st MEL,1st GEE,Jacob Chislett,24,74,3,0,c&b: S Field
3,3rd,1st MEL vs 1st GEE,1st MEL,1st GEE,Ted Bain,2,6,0,0,lbw: K Williamson
3,3rd,1st MEL vs 1st GEE,1st MEL,1st GEE,Tom Courtney,7,32,1,0,c: K Williamson b: S Field
3,3rd,1st MEL vs 1st GEE,1st MEL,1st GEE,Corey Paull,46,87,3,1,c: T Cesaro b: K Williamson
3,3rd,1st MEL vs 1st GEE,1st MEL,1st GEE,Monty Maloney,42,40,5,0,"run out (C Wolf, M Parrott)"
3,3rd,1st MEL vs 1st GEE,1st MEL,1st GEE,Joshua Mastin,4,9,0,0,run out (B Reddell)
3,3rd,1st MEL vs 1st GEE,1st MEL,1st GEE,Kyle Bienefelt,5,12,0,0,c: K Williamson b: S Field
3,3rd,1st MEL vs 1st GEE,1st MEL,1st GEE,Will Rodda,13,13,1,0,c: I Bepey b: K Williamson
3,3rd,1st MEL vs 1st GEE,1st MEL,1st GEE,Paawan Sharma,,3,0,0,st: M Parrott b: K Williamson
3,3rd,1st MEL vs 1st GEE,1st MEL,1st GEE,Toby Cunningham,5,16,0,0,not out
3,3rd,1st MEL vs 1st GEE,1st MEL,1st GEE,Lachlan Watson,,,,,did not bat
3,3rd,1st MEL vs 1st GEE,1st MEL,2nd MEL,Yuvraj Sharma,0,0,0,0,not out
3,3rd,1st MEL vs 1st GEE,1st MEL,2nd MEL,Oscar Wood,0,0,0,0,not out
3,3rd,1st MEL vs 1st GEE,1st MEL,2nd MEL,Sam Anderson,,,,,did not bat
3,3rd,1st MEL vs 1st GEE,1st MEL,2nd MEL,Isaac Bepey,,,,,did not bat
3,3rd,1st MEL vs 1st GEE,1st MEL,2nd MEL,Thomas Cesaro,,,,,did not bat
3,3rd,1st MEL vs 1st GEE,1st MEL,2nd MEL,Samuel Field,,,,,did not bat
3,3rd,1st MEL vs 1st GEE,1st MEL,2nd MEL,Kyle Parrott,,,,,did not bat
3,3rd,1st MEL vs 1st GEE,1st MEL,2nd MEL,Max Parrott,,,,,did not bat
3,3rd,1st MEL vs 1st GEE,1st MEL,2nd MEL,Brendan Reddell,,,,,did not bat
3,3rd,1st MEL vs 1st GEE,1st MEL,2nd MEL,Kyle Williamson,,,,,did not bat
3,3rd,1st MEL vs 1st GEE,1st MEL,2nd MEL,Charlie Wolf,,,,,did not bat
3,3rd,1st MEL vs 1st GEE,1st MEL,2nd MEL,Nicholas Xavier,,,,,did not bat
4,3rd,GEE vs MEL,MEL,GEE,Jake Klein,5,14,1,0,c: O Wood b: J Driscoll
4,3rd,GEE vs MEL,MEL,GEE,Jacob Chislett,1,9,0,0,c: O Wood b: J Driscoll
4,3rd,GEE vs MEL,MEL,GEE,Ted Bain,5,29,1,0,c: B Reddell b: T Thompson
4,3rd,GEE vs MEL,MEL,GEE,Tom Courtney,,4,0,0,lbw: J Driscoll
4,3rd,GEE vs MEL,MEL,GEE,Sam Croft,,3,0,0,c: K Williamson b: J Driscoll
4,3rd,GEE vs MEL,MEL,GEE,Corey Paull,74,99,6,2,c: S Anderson b: J Driscoll
4,3rd,GEE vs MEL,MEL,GEE,Joshua Mastin,78,102,6,1,not out
4,3rd,GEE vs MEL,MEL,GEE,Kyle Bienefelt,22,11,3,1,not out
4,3rd,GEE vs MEL,MEL,GEE,Toby Cunningham,,,,,did not bat
4,3rd,GEE vs MEL,MEL,GEE,Logan Haberfield,,,,,did not bat
4,3rd,GEE vs MEL,MEL,GEE,Lachlan Watson,,,,,did not bat
4,3rd,GEE vs MEL,GEE,MEL,Sam Anderson,4,4,1,0,c: T Bain b: L Watson
4,3rd,GEE vs MEL,GEE,MEL,Hugh Hyslop,19,19,1,2,b: K Bienefelt
4,3rd,GEE vs MEL,GEE,MEL,Yuvraj Sharma,24,35,4,0,c: C Paull b: K Bienefelt
4,3rd,GEE vs MEL,GEE,MEL,Brendan Reddell,2,8,0,0,b: S Croft
4,3rd,GEE vs MEL,GEE,MEL,Alistair McCooke,18,30,0,1,"run out (T Bain, C Paull)"
4,3rd,GEE vs MEL,GEE,MEL,Yash Goel,3,12,0,0,c: J Klein b: T Bain
4,3rd,GEE vs MEL,GEE,MEL,Oscar Wood,33,37,4,1,c&b: T Cunningham
4,3rd,GEE vs MEL,GEE,MEL,Rishi Desai,4,16,0,0,b: T Bain
4,3rd,GEE vs MEL,GEE,MEL,Kyle Williamson,18,18,3,0,c: C Paull b: T Cunningham
4,3rd,GEE vs MEL,GEE,MEL,Joshua Driscoll,13,27,1,0,not out
4,3rd,GEE vs MEL,GEE,MEL,Trent Thompson,4,20,0,0,c: L Watson b: K Bienefelt
4,3rd,GEE vs MEL,GEE,MEL,Isaac Bepey,,,,,did not bat
4,3rd,CAM vs KIN,KIN,CAM,Lucas Jones,63,131,4,1,lbw: A Mannarsamy
4,3rd,CAM vs KIN,KIN,CAM,Jack Di Stefano,33,43,6,0,c: B Stow b: G Kaushik
4,3rd,CAM vs KIN,KIN,CAM,Griffin McComb,63,65,3,3,c: N Mccolough b: J Moraitis
4,3rd,CAM vs KIN,KIN,CAM,Aarav Iyer,12,22,1,0,c: M Vailisseri b: J Moraitis
4,3rd,CAM vs KIN,KIN,CAM,James Jarrett,7,7,1,0,c: B Stow b: J Moraitis
4,3rd,CAM vs KIN,KIN,CAM,Charlie Grummitt,1,1,0,0,not out
4,3rd,CAM vs KIN,KIN,CAM,Adam Rixon,4,1,1,0,not out
4,3rd,CAM vs KIN,KIN,CAM,Simarjit Pawar,,,,,did not bat
4,3rd,CAM vs KIN,KIN,CAM,Andrew Procopiou,,,,,did not bat
4,3rd,CAM vs KIN,KIN,CAM,Ronit Rehal,,,,,did not bat
4,3rd,CAM vs KIN,KIN,CAM,DAKSH SAINI,,,,,did not bat
4,3rd,CAM vs KIN,KIN,CAM,Anthony Stubbs,,,,,did not bat
4,3rd,CAM vs KIN,CAM,KIN,Noah Mccolough,19,39,2,0,c: A Stubbs b: D SAINI
4,3rd,CAM vs KIN,CAM,KIN,Aditya Chowdhary,21,50,2,0,"run out (A Iyer, G McComb)"
4,3rd,CAM vs KIN,CAM,KIN,Roshan Gunatilake,55,85,6,1,c: R Rehal b: A Rixon
4,3rd,CAM vs KIN,CAM,KIN,Jock McKenzie,4,6,1,0,b: L Jones
4,3rd,CAM vs KIN,CAM,KIN,Mohamed Vailisseri,7,19,0,0,c: A Stubbs b: S Pawar
4,3rd,CAM vs KIN,CAM,KIN,Keiran Mant,19,29,2,0,b: A Rixon
4,3rd,CAM vs KIN,CAM,KIN,Kovid Katta,,2,0,0,run out (R Rehal)
4,3rd,CAM vs KIN,CAM,KIN,Arunkarthik Mannarsamy,31,26,2,1,run out (S Pawar)
4,3rd,CAM vs KIN,CAM,KIN,Anurag Thakur,15,14,0,1,c: R Rehal b: S Pawar
4,3rd,CAM vs KIN,CAM,KIN,Jamie Moraitis,1,2,0,0,not out
4,3rd,CAM vs KIN,CAM,KIN,Bradley Stow,2,2,0,0,not out
4,3rd,CAM vs KIN,CAM,KIN,Gurdarshan Kaushik,,,,,did not bat
4,3rd,FIT vs RIN,RIN,FIT,Blake Podesta,80,60,10,4,c: L Ivanovic b: L Payne
4,3rd,FIT vs RIN,RIN,FIT,Billy Rayner,9,19,2,0,c: L Ivanovic b: J Cameron
4,3rd,FIT vs RIN,RIN,FIT,Armaan Datta,30,42,3,1,c: R Ervine b: L Payne
4,3rd,FIT vs RIN,RIN,FIT,Max Bradley,29,32,2,1,c: P Dave b: M Mountain
4,3rd,FIT vs RIN,RIN,FIT,Benjamin Donnellan,86,70,5,4,not out
4,3rd,FIT vs RIN,RIN,FIT,Ronan Culloty,6,13,1,0,c: R Ervine b: I Macklin
4,3rd,FIT vs RIN,RIN,FIT,Harrison Sheers,8,10,0,1,lbw: M Mountain
4,3rd,FIT vs RIN,RIN,FIT,Alex Cole,20,25,1,0,c: P Dave b: J Cameron
4,3rd,FIT vs RIN,RIN,FIT,Addison Forbes,4,1,1,0,not out
4,3rd,FIT vs RIN,RIN,FIT,Joseph Dossor,,,,,did not bat
4,3rd,FIT vs RIN,RIN,FIT,Joel Maaskant,,,,,did not bat
4,3rd,FIT vs RIN,RIN,FIT,Nicholas Sheridan,,,,,did not bat
4,3rd,FIT vs RIN,FIT,RIN,Matthew Mountain,9,20,2,0,c: B Podesta b: A Forbes
4,3rd,FIT vs RIN,FIT,RIN,Rohan Ervine,5,7,1,0,c: B Donnellan b: A Forbes
4,3rd,FIT vs RIN,FIT,RIN,Trent Wynne,41,51,7,0,b: J Maaskant
4,3rd,FIT vs RIN,FIT,RIN,Luke Ivanovic,61,60,5,2,run out (B Podesta)
4,3rd,FIT vs RIN,FIT,RIN,Will Banfield,39,47,5,1,c: B Podesta b: R Culloty
4,3rd,FIT vs RIN,FIT,RIN,Paawan Dave,26,32,3,0,c: b: N Sheridan
4,3rd,FIT vs RIN,FIT,RIN,Isaac Macklin,5,12,0,0,c: B Donnellan b: J Dossor
4,3rd,FIT vs RIN,FIT,RIN,Jarryd Cameron,3,8,0,0,c: B Donnellan b: N Sheridan
4,3rd,FIT vs RIN,FIT,RIN,Xavier Noonan,5,9,0,0,b: N Sheridan
4,3rd,FIT vs RIN,FIT,RIN,Lachlan Payne,10,6,0,1,c: b: N Sheridan
4,3rd,FIT vs RIN,FIT,RIN,Ezra Horneman,1,1,0,0,not out
4,3rd,FIT vs RIN,FIT,RIN,Darcy Noonan,,,,,did not bat
4,3rd,DAN vs MEL,MEL,DAN,Rohan Chandel,10,19,1,0,lbw: J Stevenson
4,3rd,DAN vs MEL,MEL,DAN,Aryan Mohan,114,121,14,0,not out
4,3rd,DAN vs MEL,MEL,DAN,Sayed Rihan,80,94,5,3,c: W Waters b: R Jesper
4,3rd,DAN vs MEL,MEL,DAN,Liam Antonello,17,11,2,0,c: B O'Donnell b: R Jesper
4,3rd,DAN vs MEL,MEL,DAN,Shehzad Singh,26,13,0,2,not out
4,3rd,DAN vs MEL,MEL,DAN,Rikhil Bharadwaj,,,,,did not bat
4,3rd,DAN vs MEL,MEL,DAN,Neil D'Souza,,,,,did not bat
4,3rd,DAN vs MEL,MEL,DAN,Nathan Giove,,,,,did not bat
4,3rd,DAN vs MEL,MEL,DAN,Parth Hirani,,,,,did not bat
4,3rd,DAN vs MEL,MEL,DAN,Barathan Mahadeva,,,,,did not bat
4,3rd,DAN vs MEL,MEL,DAN,Thenuka Perera,,,,,did not bat
4,3rd,DAN vs MEL,MEL,DAN,Nick Thurgood,,,,,did not bat
4,3rd,DAN vs MEL,DAN,MEL,Lucien Bienvenu,28,31,4,0,c: b: R Chandel
4,3rd,DAN vs MEL,DAN,MEL,Naman Sharma,55,67,9,0,c: B Mahadeva b: T Perera
4,3rd,DAN vs MEL,DAN,MEL,Ali Khan,,7,0,0,c&b: R Chandel
4,3rd,DAN vs MEL,DAN,MEL,Andrew Young,32,41,2,0,b: P Hirani
4,3rd,DAN vs MEL,DAN,MEL,Hugo Bienvenu,4,9,0,0,c: S Rihan b: T Perera
4,3rd,DAN vs MEL,DAN,MEL,Will Waters,7,11,0,0,run out (A Mohan)
4,3rd,DAN vs MEL,DAN,MEL,Tharindu Perera,10,14,1,0,c: R Chandel b: L Antonello
4,3rd,DAN vs MEL,DAN,MEL,Henri du Toit,1,8,0,0,c: N Thurgood b: P Hirani
4,3rd,DAN vs MEL,DAN,MEL,Rowan Jesper,17,18,2,0,c: L Antonello b: R Chandel
4,3rd,DAN vs MEL,DAN,MEL,Jacob Stevenson,8,13,0,0,c: B Mahadeva b: R Bharadwaj
4,3rd,DAN vs MEL,DAN,MEL,Brodie O'Donnell,15,12,2,0,not out
4,3rd,DAN vs MEL,DAN,MEL,Alex Ingpen,,,,,did not bat
4,3rd,FOO vs NOR,NOR,FOO,Alfie Miles,17,16,3,0,lbw: T Ryder
4,3rd,FOO vs NOR,NOR,FOO,Fayzan Abdul Sathaar,64,78,8,2,c: C Burchall b: R Siede
4,3rd,FOO vs NOR,NOR,FOO,Ryder obrien,56,107,7,1,c: M Stables b: C Burchall
4,3rd,FOO vs NOR,NOR,FOO,Dezi Carter,23,35,1,0,not out
4,3rd,FOO vs NOR,NOR,FOO,Traveen Pandithakoralege,15,10,1,1,c: M Stables b: R Siede
4,3rd,FOO vs NOR,NOR,FOO,Lachlan Campbell,38,23,5,1,c: Z Mills b: C Burchall
4,3rd,FOO vs NOR,NOR,FOO,Riyan Bhasin,,2,0,0,lbw: C Burchall
4,3rd,FOO vs NOR,NOR,FOO,Samuel Wood,5,5,0,0,not out
4,3rd,FOO vs NOR,NOR,FOO,Aiden D'Souza,,,,,did not bat
4,3rd,FOO vs NOR,NOR,FOO,Karthikeya Rallapalli,,,,,did not bat
4,3rd,FOO vs NOR,NOR,FOO,Harshal S Suresh,,,,,did not bat
4,3rd,FOO vs NOR,NOR,FOO,Stewart Wilson,,,,,did not bat
4,3rd,FOO vs NOR,FOO,NOR,Thomas Cuthbert,107,127,15,1,not out
4,3rd,FOO vs NOR,FOO,NOR,Aryaman Bhardwaj,58,47,9,1,c: S Wood b: K Rallapalli
4,3rd,FOO vs NOR,FOO,NOR,Ben Pereara,38,65,3,0,c: S Wood b: K Rallapalli
4,3rd,FOO vs NOR,FOO,NOR,Marcus Stables,21,22,3,0,not out
4,3rd,FOO vs NOR,FOO,NOR,Jimmy Anderson,,,,,did not bat
4,3rd,FOO vs NOR,FOO,NOR,Connor Burchall,,,,,did not bat
4,3rd,FOO vs NOR,FOO,NOR,Earl Dicesare,,,,,did not bat
4,3rd,FOO vs NOR,FOO,NOR,Qasim Khan,,,,,did not bat
4,3rd,FOO vs NOR,FOO,NOR,Zac Mills,,,,,did not bat
4,3rd,FOO vs NOR,FOO,NOR,Nicholas Pereara,,,,,did not bat
4,3rd,FOO vs NOR,FOO,NOR,Tremayne Ryder,,,,,did not bat
4,3rd,FOO vs NOR,FOO,NOR,Ryan Siede,,,,,did not bat
4,3rd,CAS vs ST,ST,CAS,Enrique Sidhu,4,7,0,0,lbw: O Pender
4,3rd,CAS vs ST,ST,CAS,Aaron D'souza,5,20,1,0,b: W Jackson
4,3rd,CAS vs ST,ST,CAS,Harmanpreet Singh,14,10,1,1,c: A Fox b: O Pender
4,3rd,CAS vs ST,ST,CAS,William Halton,15,31,0,0,run out (Y Lidder)
4,3rd,CAS vs ST,ST,CAS,Siddharth Neelakantan,18,41,2,0,lbw: A Hussain
4,3rd,CAS vs ST,ST,CAS,Aaron Blanch,24,29,0,2,c: D Meddings b: T Deighton
4,3rd,CAS vs ST,ST,CAS,Akith Abeywickrama,31,53,3,0,c: Y Lidder b: W Jackson
4,3rd,CAS vs ST,ST,CAS,Krishna Sridhar,41,61,1,0,not out
4,3rd,CAS vs ST,ST,CAS,Neville Avari,33,23,4,1,not out
4,3rd,CAS vs ST,ST,CAS,Matthew Blanch,,,,,did not bat
4,3rd,CAS vs ST,ST,CAS,Nate Murphy,,,,,did not bat
4,3rd,CAS vs ST,ST,CAS,Rison Wickramasurendra,,,,,did not bat
4,3rd,CAS vs ST,CAS,ST,Dan Meddings,31,46,2,1,c: A Abeywickrama b: R Wickramasurendra
4,3rd,CAS vs ST,CAS,ST,Luke Ashen,6,3,0,1,b: M Blanch
4,3rd,CAS vs ST,CAS,ST,James Smith,23,43,3,0,c: R Wickramasurendra b: K Sridhar
4,3rd,CAS vs ST,CAS,ST,Gurbir Singh,17,41,0,0,c: N Avari b: A Blanch
4,3rd,CAS vs ST,CAS,ST,Tom Deighton,5,3,1,0,lbw: N Avari
4,3rd,CAS vs ST,CAS,ST,Jobe Kennedy,63,98,4,1,not out
4,3rd,CAS vs ST,CAS,ST,Adam Fox,45,32,3,2,not out
4,3rd,CAS vs ST,CAS,ST,Aga Danish Hussain,,,,,did not bat
4,3rd,CAS vs ST,CAS,ST,Walter Jackson,,,,,did not bat
4,3rd,CAS vs ST,CAS,ST,Yuvraj Lidder,,,,,did not bat
4,3rd,CAS vs ST,CAS,ST,Orlando Pender,,,,,did not bat
4,3rd,PRA vs ESS,ESS,PRA,Nathan A Munasinghe,80,119,6,3,st: S Simhadri b: J Pawlowicz
4,3rd,PRA vs ESS,ESS,PRA,Travis Jackson,47,55,4,1,b: J Pawlowicz
4,3rd,PRA vs ESS,ESS,PRA,Jesse van Rooyen,47,44,3,1,c: K Darji b: J Pawlowicz
4,3rd,PRA vs ESS,ESS,PRA,Jack Hope-Bell,19,18,3,0,c: P Singh b: A Mishra
4,3rd,PRA vs ESS,ESS,PRA,William Collins,8,12,0,0,b: J Pawlowicz
4,3rd,PRA vs ESS,ESS,PRA,Rex Macalister,23,17,0,1,not out
4,3rd,PRA vs ESS,ESS,PRA,Saksham Kapoor,7,7,0,0,not out
4,3rd,PRA vs ESS,ESS,PRA,Hamish Braden,,,,,did not bat
4,3rd,PRA vs ESS,ESS,PRA,Nicholas Graves,,,,,did not bat
4,3rd,PRA vs ESS,ESS,PRA,Liam McGain,,,,,did not bat
4,3rd,PRA vs ESS,ESS,PRA,Nigel K Munasinghe,,,,,did not bat
4,3rd,PRA vs ESS,ESS,PRA,Luke Pearse,,,,,did not bat
4,3rd,PRA vs ESS,PRA,ESS,Aidan Salvado,87,110,8,0,c: N Munasinghe b: N Graves
4,3rd,PRA vs ESS,PRA,ESS,Zachary Beniwal,3,19,0,0,c: J Hope-Bell b: S Kapoor
4,3rd,PRA vs ESS,PRA,ESS,Sean Phillips-Williams,40,75,3,0,b: L McGain
4,3rd,PRA vs ESS,PRA,ESS,Vanshjot Sandhu,13,12,1,0,c&b: L McGain
4,3rd,PRA vs ESS,PRA,ESS,Arin Mishra,18,12,3,0,c: J Hope-Bell b: L McGain
4,3rd,PRA vs ESS,PRA,ESS,Krit Darji,3,8,0,0,c: N Munasinghe b: L McGain
4,3rd,PRA vs ESS,PRA,ESS,Jessraj Badhaan,29,17,0,3,not out
4,3rd,PRA vs ESS,PRA,ESS,Paramvir Singh,26,15,2,1,not out
4,3rd,PRA vs ESS,PRA,ESS,Jacob Pawlowicz,,,,,did not bat
4,3rd,PRA vs ESS,PRA,ESS,Agamjot Sandhu,,,,,did not bat
4,3rd,PRA vs ESS,PRA,ESS,Jasper Wilson-Keir,,,,,did not bat
4,3rd,GRE vs FRA,FRA,GRE,Sesath Anuradha,7,20,1,0,c: J Hay b: J Gibbs
4,3rd,GRE vs FRA,FRA,GRE,Muhammad Taha Rabbani,,5,0,0,"run out (J Hay, N Langham)"
4,3rd,GRE vs FRA,FRA,GRE,Angus Webb,11,42,0,0,c&b: T Shahzad
4,3rd,GRE vs FRA,FRA,GRE,Anthony Grobler,17,31,2,0,b: J Hay
4,3rd,GRE vs FRA,FRA,GRE,Aryan Sharma,34,56,2,1,c: J Gibbs b: J Dignan
4,3rd,GRE vs FRA,FRA,GRE,M. Wasantha,10,19,1,0,lbw: J Dignan
4,3rd,GRE vs FRA,FRA,GRE,Ali Saleemi,37,48,2,1,c: J Edwards b: J Hay
4,3rd,GRE vs FRA,FRA,GRE,Xavier Cooknell,3,14,0,0,b: J Dignan
4,3rd,GRE vs FRA,FRA,GRE,Lueder de Podolinsky,8,15,2,0,st: N Langham b: J Dignan
4,3rd,GRE vs FRA,FRA,GRE,Eshann Singh,1,2,0,0,c: N Langham b: A McIlroy
4,3rd,GRE vs FRA,FRA,GRE,Rikard Friedrich,3,14,0,0,not out
4,3rd,GRE vs FRA,GRE,FRA,Oscar Scott-Waters,20,38,1,0,c: S Anuradha b: X Cooknell
4,3rd,GRE vs FRA,GRE,FRA,Matthew Stone,66,93,9,0,c: b: R Friedrich
4,3rd,GRE vs FRA,GRE,FRA,Harish Salwathura,5,4,0,0,lbw: X Cooknell
4,3rd,GRE vs FRA,GRE,FRA,Josh Hotston,2,5,0,0,c: A Grobler b: M Rabbani
4,3rd,GRE vs FRA,GRE,FRA,Joshua Edwards,18,34,2,1,c: A Sharma b: A Saleemi
4,3rd,GRE vs FRA,GRE,FRA,Noah Langham,16,17,3,0,not out
4,3rd,GRE vs FRA,GRE,FRA,Jack Hay,4,3,1,0,not out
4,3rd,GRE vs FRA,GRE,FRA,Jye Dignan,,,,,did not bat
4,3rd,GRE vs FRA,GRE,FRA,Jared Gibbs,,,,,did not bat
4,3rd,GRE vs FRA,GRE,FRA,Aaron McIlroy,,,,,did not bat
4,3rd,GRE vs FRA,GRE,FRA,Talal Shahzad,,,,,did not bat
4,3rd,RIC vs CAR,CAR,RIC,Charlie Morris,16,29,2,0,c: B O’Connor b: N Brennan
4,3rd,RIC vs CAR,CAR,RIC,Joshua Richardson,10,21,0,0,c: J Atkinson b: T Marchant
4,3rd,RIC vs CAR,CAR,RIC,Lachlan Giblett,44,76,2,0,c: H Simpson b: V Bush
4,3rd,RIC vs CAR,CAR,RIC,Archit Bhatia,74,86,3,5,c: N Brennan b: V Bush
4,3rd,RIC vs CAR,CAR,RIC,Ethan Loy-Abrahams,31,26,2,2,c: I Shaikh b: N Brennan
4,3rd,RIC vs CAR,CAR,RIC,Rhonan Appleby,7,12,0,0,c: T Marchant b: N Brennan
4,3rd,RIC vs CAR,CAR,RIC,Navnith Satyan,11,14,0,0,not out
4,3rd,RIC vs CAR,CAR,RIC,Ethan Kolaritsch,1,2,0,0,lbw: J Atkinson
4,3rd,RIC vs CAR,CAR,RIC,Caiden Dobson,1,2,0,0,c&b: J Atkinson
4,3rd,RIC vs CAR,CAR,RIC,Ethan Lovell,1,3,0,0,b: V Bush
4,3rd,RIC vs CAR,CAR,RIC,Charlie Wigney,1,1,0,0,run out (H Simpson)
4,3rd,RIC vs CAR,CAR,RIC,Chris Hall,,,,,did not bat
4,3rd,RIC vs CAR,RIC,CAR,Izan Shaikh,6,14,1,0,c: C Dobson b: E Lovell
4,3rd,RIC vs CAR,RIC,CAR,Harry Simpson,2,13,0,0,c: C Morris b: E Lovell
4,3rd,RIC vs CAR,RIC,CAR,Nicanor Martel,44,85,1,0,b: E Kolaritsch
4,3rd,RIC vs CAR,RIC,CAR,Jack Atkinson,40,69,1,0,c: C Hall b: E Lovell
4,3rd,RIC vs CAR,RIC,CAR,Nicholas Ross,58,30,5,3,c: b: C Wigney
4,3rd,RIC vs CAR,RIC,CAR,James Pettitt,4,10,0,0,c: C Hall b: E Loy-Abrahams
4,3rd,RIC vs CAR,RIC,CAR,Braydon O’Connor,1,7,0,0,b: E Loy-Abrahams
4,3rd,RIC vs CAR,RIC,CAR,Vincent Bush,15,10,0,1,c: L Giblett b: C Wigney
4,3rd,RIC vs CAR,RIC,CAR,Nicholas Brennan,10,14,0,1,c: E Lovell b: C Wigney
4,3rd,RIC vs CAR,RIC,CAR,Jujhar Singh Tamber,3,3,0,0,not out
4,3rd,RIC vs CAR,RIC,CAR,Todd Marchant,,1,0,0,b: C Wigney
4,3rd,RIC vs CAR,RIC,CAR,Ashley Ward,0,0,0,0,not out
5,3rd,ST vs FIT,FIT,ST,Luke Ashen,37,20,3,3,c: A Datta b: B Podesta
5,3rd,ST vs FIT,FIT,ST,Dan Meddings,38,43,6,0,c: M Bradley b: J Maaskant
5,3rd,ST vs FIT,FIT,ST,James Smith,34,55,2,0,c: A Sharma b: L Rees
5,3rd,ST vs FIT,FIT,ST,Gurbir Singh,14,33,2,0,c: M Bradley b: J Dossor
5,3rd,ST vs FIT,FIT,ST,Tom Deighton,37,75,2,0,c: B Donnellan b: J Maaskant
5,3rd,ST vs FIT,FIT,ST,Will Hamilton,5,13,0,0,lbw: L Rees
5,3rd,ST vs FIT,FIT,ST,Walter Jackson,19,20,1,0,not out
5,3rd,ST vs FIT,FIT,ST,Dinuk de Silva,2,3,0,0,b: J Maaskant
5,3rd,ST vs FIT,FIT,ST,Yuvraj Lidder,,3,0,0,c: B Rayner b: J Maaskant
5,3rd,ST vs FIT,FIT,ST,Aga Danish Hussain,9,10,1,0,not out
5,3rd,ST vs FIT,FIT,ST,Orlando Pender,,,,,did not bat
5,3rd,ST vs FIT,ST,FIT,Blake Podesta,46,36,7,2,c: W Hamilton b: A Hussain
5,3rd,ST vs FIT,ST,FIT,Billy Rayner,44,77,3,0,c: b: T Deighton
5,3rd,ST vs FIT,ST,FIT,Armaan Datta,55,55,6,0,st: b: D de Silva
5,3rd,ST vs FIT,ST,FIT,Aryan Sharma,7,11,1,0,c: b: D de Silva
5,3rd,ST vs FIT,ST,FIT,Max Bradley,6,15,0,0,run out (A Hussain)
5,3rd,ST vs FIT,ST,FIT,Benjamin Donnellan,2,4,0,0,b: A Hussain
5,3rd,ST vs FIT,ST,FIT,Ronan Culloty,8,21,0,0,not out
5,3rd,ST vs FIT,ST,FIT,Addison Forbes,15,21,1,1,c: J Smith b: T Deighton
5,3rd,ST vs FIT,ST,FIT,Joel Maaskant,17,10,2,1,not out
5,3rd,ST vs FIT,ST,FIT,Joseph Dossor,,,,,did not bat
5,3rd,ST vs FIT,ST,FIT,Lachlan Rees,,,,,did not bat
5,3rd,ST vs FIT,ST,FIT,Nicholas Sheridan,,,,,did not bat
5,3rd,GEE vs RIC,RIC,GEE,Jake Klein,49,90,5,0,c: C Hall b: E Lovell
5,3rd,GEE vs RIC,RIC,GEE,Jacob Chislett,9,12,1,0,b: C Wigney
5,3rd,GEE vs RIC,RIC,GEE,Ted Bain,93,116,7,1,c: E Loy-Abrahams b: E Kolaritsch
5,3rd,GEE vs RIC,RIC,GEE,Tom Courtney,33,38,2,0,not out
5,3rd,GEE vs RIC,RIC,GEE,Monty Maloney,26,15,3,0,not out
5,3rd,GEE vs RIC,RIC,GEE,Kyle Bienefelt,,,,,did not bat
5,3rd,GEE vs RIC,RIC,GEE,Sam Croft,,,,,did not bat
5,3rd,GEE vs RIC,RIC,GEE,Toby Cunningham,,,,,did not bat
5,3rd,GEE vs RIC,RIC,GEE,Logan Haberfield,,,,,did not bat
5,3rd,GEE vs RIC,RIC,GEE,Joshua Mastin,,,,,did not bat
5,3rd,GEE vs RIC,RIC,GEE,Lachlan Watson,,,,,did not bat
5,3rd,GEE vs RIC,GEE,RIC,Charlie Morris,8,22,0,0,c: T Bain b: K Bienefelt
5,3rd,GEE vs RIC,GEE,RIC,Rhonan Appleby,,2,0,0,c: L Haberfield b: L Watson
5,3rd,GEE vs RIC,GEE,RIC,Lachlan Giblett,6,7,1,0,lbw: L Watson
5,3rd,GEE vs RIC,GEE,RIC,Harry Gell,24,47,0,0,retired
5,3rd,GEE vs RIC,GEE,RIC,Ethan Loy-Abrahams,2,3,0,0,c: b: K Bienefelt
5,3rd,GEE vs RIC,GEE,RIC,Joshua Richardson,12,41,1,0,st: L Haberfield b: S Croft
5,3rd,GEE vs RIC,GEE,RIC,Ethan Kolaritsch,2,17,0,0,run out (T Bain)
5,3rd,GEE vs RIC,GEE,RIC,Caiden Dobson,52,63,4,0,not out
5,3rd,GEE vs RIC,GEE,RIC,Ethan Lovell,37,43,2,1,c: T Courtney b: S Croft
5,3rd,GEE vs RIC,GEE,RIC,Chris Hall,25,26,2,0,not out
5,3rd,GEE vs RIC,GEE,RIC,Jackson Reed,,,,,did not bat
5,3rd,GEE vs RIC,GEE,RIC,Charlie Wigney,,,,,did not bat
5,3rd,CAM vs NOR,NOR,CAM,Lucas Jones,3,16,0,0,c: N Barone b: Z Mills
5,3rd,CAM vs NOR,NOR,CAM,Jack Di Stefano,54,83,6,0,c: T Ryder b: Q Khan
5,3rd,CAM vs NOR,NOR,CAM,Griffin McComb,100,91,9,4,c: Q Khan b: T Ryder
5,3rd,CAM vs NOR,NOR,CAM,James Jarrett,14,20,2,0,b: Q Khan
5,3rd,CAM vs NOR,NOR,CAM,Charlie Grummitt,47,41,6,1,c: Z Mills b: R Siede
5,3rd,CAM vs NOR,NOR,CAM,Aarav Iyer,,1,0,0,c: C Burchall b: T Ryder
5,3rd,CAM vs NOR,NOR,CAM,Anthony Stubbs,14,17,0,0,c: M Stables b: R Siede
5,3rd,CAM vs NOR,NOR,CAM,DAKSH SAINI,3,2,0,0,not out
5,3rd,CAM vs NOR,NOR,CAM,Benjamin Excell,,,,,did not bat
5,3rd,CAM vs NOR,NOR,CAM,Simarjit Pawar,,,,,did not bat
5,3rd,CAM vs NOR,NOR,CAM,Ronit Rehal,,,,,did not bat
5,3rd,CAM vs NOR,CAM,NOR,Aryaman Bhardwaj,25,14,6,0,c: L Jones b: S Pawar
5,3rd,CAM vs NOR,CAM,NOR,Imran Khan,68,130,4,0,not out
5,3rd,CAM vs NOR,CAM,NOR,Yashen Sharma,5,7,1,0,c: C Grummitt b: S Pawar
5,3rd,CAM vs NOR,CAM,NOR,Marcus Stables,,2,0,0,c: C Grummitt b: S Pawar
5,3rd,CAM vs NOR,CAM,NOR,Aarav Laxman,23,40,1,0,b: D SAINI
5,3rd,CAM vs NOR,CAM,NOR,Nicholas Pereara,5,21,0,0,run out (L Jones)
5,3rd,CAM vs NOR,CAM,NOR,Tremayne Ryder,2,4,0,0,run out (R Rehal)
5,3rd,CAM vs NOR,CAM,NOR,Ryan Siede,43,46,1,3,c: J Jarrett b: S Pawar
5,3rd,CAM vs NOR,CAM,NOR,Noah Barone,13,11,0,1,not out
5,3rd,CAM vs NOR,CAM,NOR,Connor Burchall,,,,,did not bat
5,3rd,CAM vs NOR,CAM,NOR,Qasim Khan,,,,,did not bat
5,3rd,CAM vs NOR,CAM,NOR,Zac Mills,,,,,did not bat
5,3rd,FOO vs MEL,MEL,FOO,Alfie Miles,35,42,4,0,c: A McCooke b: S Field
5,3rd,FOO vs MEL,MEL,FOO,Fayzan Abdul Sathaar,45,53,6,1,b: R Desai
5,3rd,FOO vs MEL,MEL,FOO,Ryder obrien,17,33,2,0,lbw: R Desai
5,3rd,FOO vs MEL,MEL,FOO,Dezi Carter,59,88,2,1,not out
5,3rd,FOO vs MEL,MEL,FOO,Abhishek Beniwal,14,23,1,0,c: O Wood b: R Desai
5,3rd,FOO vs MEL,MEL,FOO,Traveen Pandithakoralege,13,12,0,0,c: T Kenny b: S Field
5,3rd,FOO vs MEL,MEL,FOO,Tanish Taneja,15,20,1,0,not out
5,3rd,FOO vs MEL,MEL,FOO,Aiden D'Souza,,,,,did not bat
5,3rd,FOO vs MEL,MEL,FOO,Karthikeya Rallapalli,,,,,did not bat
5,3rd,FOO vs MEL,MEL,FOO,Harshal S Suresh,,,,,did not bat
5,3rd,FOO vs MEL,MEL,FOO,Stewart Wilson,,,,,did not bat
5,3rd,FOO vs MEL,MEL,FOO,Samuel Wood,,,,,did not bat
5,3rd,FOO vs MEL,FOO,MEL,Yash Goel,76,104,6,1,c: D Carter b: T Pandithakoralege
5,3rd,FOO vs MEL,FOO,MEL,Hugh Hyslop,21,23,4,0,lbw: A D'Souza
5,3rd,FOO vs MEL,FOO,MEL,Yuvraj Sharma,67,69,6,2,c: T Pandithakoralege b: H Suresh
5,3rd,FOO vs MEL,FOO,MEL,Brendan Reddell,38,40,3,0,not out
5,3rd,FOO vs MEL,FOO,MEL,Alistair McCooke,7,4,1,0,not out
5,3rd,FOO vs MEL,FOO,MEL,Rishi Desai,,,,,did not bat
5,3rd,FOO vs MEL,FOO,MEL,Samuel Field,,,,,did not bat
5,3rd,FOO vs MEL,FOO,MEL,Thomas Kenny,,,,,did not bat
5,3rd,FOO vs MEL,FOO,MEL,Trent Thompson,,,,,did not bat
5,3rd,FOO vs MEL,FOO,MEL,Kyle Williamson,,,,,did not bat
5,3rd,FOO vs MEL,FOO,MEL,Charlie Wolf,,,,,did not bat
5,3rd,FOO vs MEL,FOO,MEL,Oscar Wood,,,,,did not bat
5,3rd,CAS vs DAN,DAN,CAS,Harmanpreet Singh,3,12,0,0,c: C Smith b: P Hirani
5,3rd,CAS vs DAN,DAN,CAS,Aaron D'souza,2,12,0,0,c: C Smith b: P Hirani
5,3rd,CAS vs DAN,DAN,CAS,Siddharth Neelakantan,39,77,6,0,c: N D'Souza b: T Perera
5,3rd,CAS vs DAN,DAN,CAS,William Halton,31,52,5,0,b: N Giove
5,3rd,CAS vs DAN,DAN,CAS,Enrique Sidhu,30,41,4,0,c: N Thurgood b: T Perera
5,3rd,CAS vs DAN,DAN,CAS,Aaron Blanch,8,8,1,0,lbw: N Amarasinghe
5,3rd,CAS vs DAN,DAN,CAS,Akith Abeywickrama,5,10,0,0,c: R Chandel b: N Amarasinghe
5,3rd,CAS vs DAN,DAN,CAS,Krishna Sridhar,29,23,1,1,"run out (N D'Souza, C Smith)"
5,3rd,CAS vs DAN,DAN,CAS,Neville Avari,34,36,1,2,not out
5,3rd,CAS vs DAN,DAN,CAS,Matthew Blanch,0,0,0,0,not out
5,3rd,CAS vs DAN,DAN,CAS,Nate Murphy,,,,,did not bat
5,3rd,CAS vs DAN,DAN,CAS,Rison Wickramasurendra,,,,,did not bat
5,3rd,CAS vs DAN,CAS,DAN,Rohan Chandel,80,126,5,2,lbw: M Blanch
5,3rd,CAS vs DAN,CAS,DAN,Aryan Mohan,8,12,1,0,c: N Avari b: K Sridhar
5,3rd,CAS vs DAN,CAS,DAN,Liam Antonello,86,114,10,2,c: A Abeywickrama b: N Avari
5,3rd,CAS vs DAN,CAS,DAN,Christian Smith,17,16,1,1,not out
5,3rd,CAS vs DAN,CAS,DAN,Shehzad Singh,3,4,0,0,not out
5,3rd,CAS vs DAN,CAS,DAN,Nisith Amarasinghe,,,,,did not bat
5,3rd,CAS vs DAN,CAS,DAN,Rikhil Bharadwaj,,,,,did not bat
5,3rd,CAS vs DAN,CAS,DAN,Neil D'Souza,,,,,did not bat
5,3rd,CAS vs DAN,CAS,DAN,Nathan Giove,,,,,did not bat
5,3rd,CAS vs DAN,CAS,DAN,Parth Hirani,,,,,did not bat
5,3rd,CAS vs DAN,CAS,DAN,Thenuka Perera,,,,,did not bat
5,3rd,CAS vs DAN,CAS,DAN,Nick Thurgood,,,,,did not bat
5,3rd,ESS vs KIN,KIN,ESS,Zachary Beniwal,26,50,3,0,c: M Singh b: K Mant
5,3rd,ESS vs KIN,KIN,ESS,Vanshjot Sandhu,9,6,1,0,b: B Stow
5,3rd,ESS vs KIN,KIN,ESS,Arin Mishra,,2,0,0,b: B Stow
5,3rd,ESS vs KIN,KIN,ESS,Sean Phillips-Williams,18,36,2,0,c: R Gunatilake b: A Jain
5,3rd,ESS vs KIN,KIN,ESS,Krit Darji,92,101,8,4,not out
5,3rd,ESS vs KIN,KIN,ESS,Jessraj Badhaan,,4,0,0,b: A Jain
5,3rd,ESS vs KIN,KIN,ESS,Paramvir Singh,3,20,0,0,c: B Stow b: A Jain
5,3rd,ESS vs KIN,KIN,ESS,Luay Miraz,11,12,2,0,c: M Vailisseri b: A Thakur
5,3rd,ESS vs KIN,KIN,ESS,Maan Fabian Singh,18,29,1,0,c: R Gunatilake b: K Katta
5,3rd,ESS vs KIN,KIN,ESS,Aaron Cornish,,4,0,0,"run out (R Gunatilake, M Vailisseri)"
5,3rd,ESS vs KIN,KIN,ESS,Muhammad Abdul Wasay,1,10,0,0,not out
5,3rd,ESS vs KIN,KIN,ESS,Jasper Wilson-Keir,,,,,did not bat
5,3rd,ESS vs KIN,ESS,KIN,Abhishek Jain,,1,0,0,c: M Singh b: P Singh
5,3rd,ESS vs KIN,ESS,KIN,Roshan Gunatilake,29,56,5,0,c&b: M Abdul Wasay
5,3rd,ESS vs KIN,ESS,KIN,Rohith Chapalamadugu,61,77,7,1,c: M Singh b: A Mishra
5,3rd,ESS vs KIN,ESS,KIN,Jock McKenzie,57,82,7,0,not out
5,3rd,ESS vs KIN,ESS,KIN,Manpreet Singh,13,11,1,0,c: K Darji b: P Singh
5,3rd,ESS vs KIN,ESS,KIN,Mohamed Vailisseri,24,22,1,1,c: L Miraz b: M Abdul Wasay
5,3rd,ESS vs KIN,ESS,KIN,Keiran Mant,6,7,1,0,not out
5,3rd,ESS vs KIN,ESS,KIN,Kovid Katta,,,,,did not bat
5,3rd,ESS vs KIN,ESS,KIN,Gurdarshan Kaushik,,,,,did not bat
5,3rd,ESS vs KIN,ESS,KIN,Arunkarthik Mannarsamy,,,,,did not bat
5,3rd,ESS vs KIN,ESS,KIN,Bradley Stow,,,,,did not bat
5,3rd,ESS vs KIN,ESS,KIN,Anurag Thakur,,,,,did not bat
5,3rd,FRA vs PRA,PRA,FRA,Oscar Scott-Waters,23,39,3,0,b: P Rath
5,3rd,FRA vs PRA,PRA,FRA,Zayaan Arbab,52,84,4,0,lbw: N Munasinghe
5,3rd,FRA vs PRA,PRA,FRA,Ben Walker,,1,0,0,b: P Rath
5,3rd,FRA vs PRA,PRA,FRA,Matthew Stone,52,80,2,0,not out
5,3rd,FRA vs PRA,PRA,FRA,Harish Salwathura,9,16,1,0,c: L Pearse b: N Munasinghe
5,3rd,FRA vs PRA,PRA,FRA,Lachlan Curtis,16,25,1,0,c: L Pearse b: S Kapoor
5,3rd,FRA vs PRA,PRA,FRA,Noah Langham,22,26,1,0,not out
5,3rd,FRA vs PRA,PRA,FRA,Jared Gibbs,,,,,did not bat
5,3rd,FRA vs PRA,PRA,FRA,Aaron McIlroy,,,,,did not bat
5,3rd,FRA vs PRA,PRA,FRA,Max McLean,,,,,did not bat
5,3rd,FRA vs PRA,PRA,FRA,Joe Paulas,,,,,did not bat
5,3rd,FRA vs PRA,PRA,FRA,Talal Shahzad,,,,,did not bat
5,3rd,FRA vs PRA,FRA,PRA,Nathan A Munasinghe,21,28,3,0,run out (O Scott-Waters)
5,3rd,FRA vs PRA,FRA,PRA,Jack Hope-Bell,23,37,3,0,c: J Gibbs b: L Curtis
5,3rd,FRA vs PRA,FRA,PRA,Jesse van Rooyen,20,32,1,0,st: N Langham b: A McIlroy
5,3rd,FRA vs PRA,FRA,PRA,William Collins,51,82,3,0,c: J Gibbs b: J Paulas
5,3rd,FRA vs PRA,FRA,PRA,Sash Yuvaraj,44,54,3,0,lbw: T Shahzad
5,3rd,FRA vs PRA,FRA,PRA,Rex Macalister,3,10,0,0,c: O Scott-Waters b: L Curtis
5,3rd,FRA vs PRA,FRA,PRA,Luke Pearse,10,19,0,0,lbw: J Gibbs
5,3rd,FRA vs PRA,FRA,PRA,Alexander Pillay,2,3,0,0,not out
5,3rd,FRA vs PRA,FRA,PRA,Saksham Kapoor,4,4,0,0,not out
5,3rd,FRA vs PRA,FRA,PRA,Nicholas Graves,,,,,did not bat
5,3rd,FRA vs PRA,FRA,PRA,Nigel K Munasinghe,,,,,did not bat
5,3rd,FRA vs PRA,FRA,PRA,Parth Rath,,,,,did not bat
5,3rd,MEL vs CAR,CAR,MEL,Lucien Bienvenu,,1,0,0,c: N Martel b: L Dench
5,3rd,MEL vs CAR,CAR,MEL,Naman Sharma,21,42,1,0,c: R Edwards b: T Marchant
5,3rd,MEL vs CAR,CAR,MEL,Ali Khan,109,127,8,1,c: J Pettitt b: V Bush
5,3rd,MEL vs CAR,CAR,MEL,Andrew Young,7,25,0,0,c: N Ross b: N Brennan
5,3rd,MEL vs CAR,CAR,MEL,Connor Hastings,17,28,2,0,c: b: L Dench
5,3rd,MEL vs CAR,CAR,MEL,Will Waters,10,28,0,0,c: J Atkinson b: V Bush
5,3rd,MEL vs CAR,CAR,MEL,Henri du Toit,8,10,0,0,not out
5,3rd,MEL vs CAR,CAR,MEL,Rowan Jesper,,1,0,0,c: N Martel b: V Bush
5,3rd,MEL vs CAR,CAR,MEL,Hunter Kremer-Slevin,10,11,0,1,not out
5,3rd,MEL vs CAR,CAR,MEL,Alex Ingpen,,,,,did not bat
5,3rd,MEL vs CAR,CAR,MEL,Brodie O'Donnell,,,,,did not bat
5,3rd,MEL vs CAR,CAR,MEL,Jacob Stevenson,,,,,did not bat
5,3rd,MEL vs CAR,MEL,CAR,Izan Shaikh,9,10,2,0,c: L Bienvenu b: J Stevenson
5,3rd,MEL vs CAR,MEL,CAR,Harry Simpson,11,40,0,0,lbw: W Waters
5,3rd,MEL vs CAR,MEL,CAR,Nicanor Martel,33,57,2,1,b: W Waters
5,3rd,MEL vs CAR,MEL,CAR,Jack Atkinson,67,83,4,1,c: W Waters b: R Jesper
5,3rd,MEL vs CAR,MEL,CAR,Nicholas Ross,19,27,3,0,c: b: B O'Donnell
5,3rd,MEL vs CAR,MEL,CAR,James Pettitt,22,20,4,0,c: H du Toit b: R Jesper
5,3rd,MEL vs CAR,MEL,CAR,Rory Edwards,1,5,0,0,c&b: B O'Donnell
5,3rd,MEL vs CAR,MEL,CAR,Vincent Bush,,1,0,0,c: H du Toit b: B O'Donnell
5,3rd,MEL vs CAR,MEL,CAR,Nicholas Brennan,4,11,0,0,b: R Jesper
5,3rd,MEL vs CAR,MEL,CAR,Jujhar Singh Tamber,9,13,0,0,not out
5,3rd,MEL vs CAR,MEL,CAR,Todd Marchant,12,6,2,0,not out
5,3rd,GRE vs RIN,RIN,GRE,Sesath Anuradha,31,40,4,1,c: W Banfield b: Z Seal
5,3rd,GRE vs RIN,RIN,GRE,Aryan Sharma,58,69,6,3,b: I Macklin
5,3rd,GRE vs RIN,RIN,GRE,Angus Webb,52,59,9,1,lbw: I Macklin
5,3rd,GRE vs RIN,RIN,GRE,Muhammad Taha Rabbani,3,8,0,0,c: J Cameron b: X Noonan
5,3rd,GRE vs RIN,RIN,GRE,Arjun Sharma,34,48,3,0,run out (X Noonan)
5,3rd,GRE vs RIN,RIN,GRE,Anthony Grobler,2,3,0,0,c: C Moore b: X Noonan
5,3rd,GRE vs RIN,RIN,GRE,M. Wasantha,,1,0,0,c: J Cameron b: X Noonan
5,3rd,GRE vs RIN,RIN,GRE,Chandramauli Sridev,21,30,1,0,b: I Macklin
5,3rd,GRE vs RIN,RIN,GRE,Samuel Clark,9,9,1,0,not out
5,3rd,GRE vs RIN,RIN,GRE,Xavier Cooknell,3,6,0,0,not out
5,3rd,GRE vs RIN,RIN,GRE,Lueder de Podolinsky,,,,,did not bat
5,3rd,GRE vs RIN,RIN,GRE,Eshann Singh,,,,,did not bat
5,3rd,GRE vs RIN,GRE,RIN,Charlie Moore,8,5,1,0,b: S Clark
5,3rd,GRE vs RIN,GRE,RIN,Rohan Ervine,37,60,6,1,c: A Webb b: X Cooknell
5,3rd,GRE vs RIN,GRE,RIN,Matthew Mountain,118,111,19,2,not out
5,3rd,GRE vs RIN,GRE,RIN,Will Banfield,56,71,8,0,not out
5,3rd,GRE vs RIN,GRE,RIN,Jarryd Cameron,,,,,did not bat
5,3rd,GRE vs RIN,GRE,RIN,Paawan Dave,,,,,did not bat
5,3rd,GRE vs RIN,GRE,RIN,Ezra Horneman,,,,,did not bat
5,3rd,GRE vs RIN,GRE,RIN,George Lyons,,,,,did not bat
5,3rd,GRE vs RIN,GRE,RIN,Isaac Macklin,,,,,did not bat
5,3rd,GRE vs RIN,GRE,RIN,Darcy Noonan,,,,,did not bat
5,3rd,GRE vs RIN,GRE,RIN,Xavier Noonan,,,,,did not bat
5,3rd,GRE vs RIN,GRE,RIN,Zachary Seal,,,,,did not bat
6,3rd,CAM vs GRE,GRE,CAM,Lucas Jones,5,31,0,0,c: A Sharma b: C Sridev
6,3rd,CAM vs GRE,GRE,CAM,James Jarrett,7,21,1,0,run out (A Sharma)
6,3rd,CAM vs GRE,GRE,CAM,Griffin McComb,59,63,8,0,b: X Cooknell
6,3rd,CAM vs GRE,GRE,CAM,Charlie Grummitt,5,18,0,0,c: A Sharma b: X Cooknell
6,3rd,CAM vs GRE,GRE,CAM,Yuvin De Silva,29,48,3,0,not out
6,3rd,CAM vs GRE,GRE,CAM,Aarav Iyer,4,12,0,0,lbw: S Clark
6,3rd,CAM vs GRE,GRE,CAM,Anthony Stubbs,4,5,0,0,not out
6,3rd,CAM vs GRE,GRE,CAM,Simarjit Pawar,,,,,did not bat
6,3rd,CAM vs GRE,GRE,CAM,Andrew Procopiou,,,,,did not bat
6,3rd,CAM vs GRE,GRE,CAM,Ronit Rehal,,,,,did not bat
6,3rd,CAM vs GRE,GRE,CAM,Adam Rixon,,,,,did not bat
6,3rd,CAM vs GRE,CAM,GRE,Sesath Anuradha,63,103,6,0,not out
6,3rd,CAM vs GRE,CAM,GRE,Aryan Sharma,12,13,1,0,c: L Jones b: A Procopiou
6,3rd,CAM vs GRE,CAM,GRE,Ashley Fernando,4,12,0,0,c&b: A Rixon
6,3rd,CAM vs GRE,CAM,GRE,Arjun Sharma,17,36,0,0,c: C Grummitt b: A Rixon
6,3rd,CAM vs GRE,CAM,GRE,Muhammad Taha Rabbani,11,21,1,0,b: S Pawar
6,3rd,CAM vs GRE,CAM,GRE,Chandramauli Sridev,8,7,1,0,not out
6,3rd,CAM vs GRE,CAM,GRE,Samuel Clark,,,,,did not bat
6,3rd,CAM vs GRE,CAM,GRE,Xavier Cooknell,,,,,did not bat
6,3rd,CAM vs GRE,CAM,GRE,Lueder de Podolinsky,,,,,did not bat
6,3rd,CAM vs GRE,CAM,GRE,Anthony Grobler,,,,,did not bat
6,3rd,CAM vs GRE,CAM,GRE,Eshann Singh,,,,,did not bat
6,3rd,CAM vs GRE,CAM,GRE,M. Wasantha,,,,,did not bat
6,3rd,ESS vs RIN,RIN,ESS,Zachary Beniwal,43,60,7,0,run out (C Moore)
6,3rd,ESS vs RIN,RIN,ESS,Sean Phillips-Williams,6,18,0,0,c: I Macklin b: E Horneman
6,3rd,ESS vs RIN,RIN,ESS,Heath doherty,57,36,7,2,c: I Macklin b: X Noonan
6,3rd,ESS vs RIN,RIN,ESS,Vanshjot Sandhu,6,10,0,0,c: T Wynne b: L Payne
6,3rd,ESS vs RIN,RIN,ESS,Arin Mishra,19,13,1,2,c: J Cameron b: L Payne
6,3rd,ESS vs RIN,RIN,ESS,Jessraj Badhaan,37,30,3,1,not out
6,3rd,ESS vs RIN,RIN,ESS,Paramvir Singh,23,13,2,1,not out
6,3rd,ESS vs RIN,RIN,ESS,Muhammad Abdul Wasay,,,,,did not bat
6,3rd,ESS vs RIN,RIN,ESS,Aaron Cornish,,,,,did not bat
6,3rd,ESS vs RIN,RIN,ESS,Luay Miraz,,,,,did not bat
6,3rd,ESS vs RIN,RIN,ESS,Noah Panaia,,,,,did not bat
6,3rd,ESS vs RIN,RIN,ESS,Agamjot Sandhu,,,,,did not bat
6,3rd,ESS vs RIN,RIN,ESS,Maan Fabian Singh,,,,,did not bat
6,3rd,ESS vs RIN,ESS,RIN,Charlie Moore,41,21,8,0,st: M Singh b: H doherty
6,3rd,ESS vs RIN,ESS,RIN,Paawan Dave,40,65,4,0,c: L Miraz b: M Abdul Wasay
6,3rd,ESS vs RIN,ESS,RIN,Matthew Mountain,8,23,0,0,c: H doherty b: A Cornish
6,3rd,ESS vs RIN,ESS,RIN,Trent Wynne,71,60,6,2,not out
6,3rd,ESS vs RIN,ESS,RIN,Will Banfield,6,3,0,1,c&b: A Sandhu
6,3rd,ESS vs RIN,ESS,RIN,Isaac Macklin,16,11,2,0,not out
6,3rd,ESS vs RIN,ESS,RIN,Jarryd Cameron,,,,,did not bat
6,3rd,ESS vs RIN,ESS,RIN,Ezra Horneman,,,,,did not bat
6,3rd,ESS vs RIN,ESS,RIN,George Lyons,,,,,did not bat
6,3rd,ESS vs RIN,ESS,RIN,Darcy Noonan,,,,,did not bat
6,3rd,ESS vs RIN,ESS,RIN,Xavier Noonan,,,,,did not bat
6,3rd,ESS vs RIN,ESS,RIN,Lachlan Payne,,,,,did not bat
6,3rd,GEE vs KIN,KIN,GEE,Jake Klein,27,48,3,0,c: M Vailisseri b: A Mannarsamy
6,3rd,GEE vs KIN,KIN,GEE,Jacob Chislett,62,63,6,1,"run out (K Katta, M Vailisseri)"
6,3rd,GEE vs KIN,KIN,GEE,Monty Maloney,16,14,1,1,c&b: A Mannarsamy
6,3rd,GEE vs KIN,KIN,GEE,Sam Croft,37,33,2,1,c: R Gunatilake b: A Thakur
6,3rd,GEE vs KIN,KIN,GEE,Tom Courtney,24,19,2,0,not out
6,3rd,GEE vs KIN,KIN,GEE,Joshua Mastin,4,4,0,0,not out
6,3rd,GEE vs KIN,KIN,GEE,Oscar Agg,,,,,did not bat
6,3rd,GEE vs KIN,KIN,GEE,Toby Cunningham,,,,,did not bat
6,3rd,GEE vs KIN,KIN,GEE,Logan Haberfield,,,,,did not bat
6,3rd,GEE vs KIN,KIN,GEE,Parth Patel,,,,,did not bat
6,3rd,GEE vs KIN,KIN,GEE,Lachlan Watson,,,,,did not bat
6,3rd,GEE vs KIN,GEE,KIN,Abhishek Jain,14,20,2,0,c: L Haberfield b: S Croft
6,3rd,GEE vs KIN,GEE,KIN,Rohith Chapalamadugu,65,61,6,2,c: L Haberfield b: L Watson
6,3rd,GEE vs KIN,GEE,KIN,Roshan Gunatilake,4,10,0,0,"run out (S Croft, L Haberfield)"
6,3rd,GEE vs KIN,GEE,KIN,Jock McKenzie,16,27,1,0,c: L Haberfield b: T Cunningham
6,3rd,GEE vs KIN,GEE,KIN,Manpreet Singh,8,14,0,0,c: J Mastin b: M Maloney
6,3rd,GEE vs KIN,GEE,KIN,Mohamed Vailisseri,11,8,0,1,b: M Maloney
6,3rd,GEE vs KIN,GEE,KIN,Kovid Katta,24,20,2,1,c: L Haberfield b: L Watson
6,3rd,GEE vs KIN,GEE,KIN,Arunkarthik Mannarsamy,23,13,0,2,b: J Mastin
6,3rd,GEE vs KIN,GEE,KIN,Anurag Thakur,1,3,0,0,not out
6,3rd,GEE vs KIN,GEE,KIN,Bradley Stow,1,1,0,0,not out
6,3rd,GEE vs KIN,GEE,KIN,Gurdarshan Kaushik,,,,,did not bat
6,3rd,FIT vs CAS,CAS,FIT,Billy Rayner,51,105,4,0,c: b: N Avari
6,3rd,FIT vs CAS,CAS,FIT,Angus Roach,49,74,6,1,c: S Neelakantan b: N Avari
6,3rd,FIT vs CAS,CAS,FIT,Armaan Datta,1,4,0,0,st: W Halton b: R Wickramasurendra
6,3rd,FIT vs CAS,CAS,FIT,Aryan Sharma,54,53,4,2,not out
6,3rd,FIT vs CAS,CAS,FIT,Max Bradley,,2,0,0,c: W Halton b: N Avari
6,3rd,FIT vs CAS,CAS,FIT,Benjamin Donnellan,3,10,0,0,b: T Booth
6,3rd,FIT vs CAS,CAS,FIT,Lachlan Green,3,9,0,0,b: M Blanch
6,3rd,FIT vs CAS,CAS,FIT,Addison Forbes,31,15,4,1,not out
6,3rd,FIT vs CAS,CAS,FIT,Joseph Dossor,,,,,did not bat
6,3rd,FIT vs CAS,CAS,FIT,Joel Maaskant,,,,,did not bat
6,3rd,FIT vs CAS,CAS,FIT,Lachlan Rees,,,,,did not bat
6,3rd,FIT vs CAS,CAS,FIT,Harry Smith,,,,,did not bat
6,3rd,FIT vs CAS,FIT,CAS,Aaron D'souza,7,32,1,0,lbw: H Smith
6,3rd,FIT vs CAS,FIT,CAS,Harmanpreet Singh,2,12,0,0,run out (A Datta)
6,3rd,FIT vs CAS,FIT,CAS,Siddharth Neelakantan,,6,0,0,c: B Donnellan b: A Forbes
6,3rd,FIT vs CAS,FIT,CAS,William Halton,73,105,8,0,b: J Maaskant
6,3rd,FIT vs CAS,FIT,CAS,Enrique Sidhu,2,6,0,0,c: A Roach b: J Dossor
6,3rd,FIT vs CAS,FIT,CAS,Krishna Sridhar,32,70,1,0,c: B Donnellan b: H Smith
6,3rd,FIT vs CAS,FIT,CAS,Aaron Blanch,3,10,0,0,not out
6,3rd,FIT vs CAS,FIT,CAS,Neville Avari,1,3,0,0,c: B Donnellan b: J Maaskant
6,3rd,FIT vs CAS,FIT,CAS,Tristan Booth,6,6,1,0,c: A Roach b: A Forbes
6,3rd,FIT vs CAS,FIT,CAS,Matthew Blanch,,1,0,0,c: B Donnellan b: A Forbes
6,3rd,FIT vs CAS,FIT,CAS,Rison Wickramasurendra,,7,0,0,c: b: A Forbes
6,3rd,FIT vs CAS,FIT,CAS,Nate Murphy,,,,,did not bat
7,3rd,CAM vs FIT,FIT,CAM,Jack Di Stefano,32,36,0,1,c: M Bradley b: L Rees
7,3rd,CAM vs FIT,FIT,CAM,Lucas Smith,3,9,0,0,c: M Bradley b: R Surendran
7,3rd,CAM vs FIT,FIT,CAM,Charlie Grummitt,11,9,0,0,c: B Donnellan b: A Forbes
7,3rd,CAM vs FIT,FIT,CAM,James Jarrett,22,27,0,1,c: J Maaskant b: H Smith
7,3rd,CAM vs FIT,FIT,CAM,Lucas Jones,,1,0,0,lbw: L Rees
7,3rd,CAM vs FIT,FIT,CAM,Yuvin De Silva,31,23,3,1,not out
7,3rd,CAM vs FIT,FIT,CAM,Andrew Procopiou,22,17,1,0,c: b: J Maaskant
7,3rd,CAM vs FIT,FIT,CAM,Christopher Gorman,,,,,did not bat
7,3rd,CAM vs FIT,FIT,CAM,Simarjit Pawar,,,,,did not bat
7,3rd,CAM vs FIT,FIT,CAM,Adam Rixon,,,,,did not bat
7,3rd,CAM vs FIT,FIT,CAM,Anthony Stubbs,,,,,did not bat
7,3rd,CAM vs FIT,FIT,CAM,Thomas Vanderslik,,,,,did not bat
7,3rd,CAM vs FIT,CAM,FIT,Max Bradley,20,24,2,0,c&b: T Vanderslik
7,3rd,CAM vs FIT,CAM,FIT,Lucas Hales,,1,0,0,lbw: A Procopiou
7,3rd,CAM vs FIT,CAM,FIT,Armaan Datta,3,5,0,0,c: b: C Gorman
7,3rd,CAM vs FIT,CAM,FIT,Angus Roach,7,19,0,0,c: b: C Gorman
7,3rd,CAM vs FIT,CAM,FIT,Liam Russell,57,42,1,4,not out
7,3rd,CAM vs FIT,CAM,FIT,Benjamin Donnellan,22,22,0,0,not out
7,3rd,CAM vs FIT,CAM,FIT,Joseph Dossor,,,,,did not bat
7,3rd,CAM vs FIT,CAM,FIT,Addison Forbes,,,,,did not bat
7,3rd,CAM vs FIT,CAM,FIT,Joel Maaskant,,,,,did not bat
7,3rd,CAM vs FIT,CAM,FIT,Lachlan Rees,,,,,did not bat
7,3rd,CAM vs FIT,CAM,FIT,Harry Smith,,,,,did not bat
7,3rd,CAM vs FIT,CAM,FIT,Rahul Surendran,,,,,did not bat
7,3rd,FRA vs MEL,MEL,FRA,Ben Walker,,1,0,0,c: H Bienvenu b: H Kremer-Slevin
7,3rd,FRA vs MEL,MEL,FRA,Zayaan Arbab,1,4,0,0,c: A Ingpen b: J Stevenson
7,3rd,FRA vs MEL,MEL,FRA,Josh Hotston,18,19,0,0,c: W Waters b: B O'Donnell
7,3rd,FRA vs MEL,MEL,FRA,Dylan Gray,,4,0,0,c: H du Toit b: H Kremer-Slevin
7,3rd,FRA vs MEL,MEL,FRA,Matthew Stone,10,21,0,0,"run out (B O'Donnell, H du Toit)"
7,3rd,FRA vs MEL,MEL,FRA,Harish Salwathura,4,9,0,0,c: H du Toit b: A Ingpen
7,3rd,FRA vs MEL,MEL,FRA,Noah Langham,3,5,0,0,c&b: B O'Donnell
7,3rd,FRA vs MEL,MEL,FRA,Aryandeep Singh,21,17,1,2,c: H Takkar b: W Waters
7,3rd,FRA vs MEL,MEL,FRA,Aaron McIlroy,5,6,0,0,b: B O'Donnell
7,3rd,FRA vs MEL,MEL,FRA,Jared Gibbs,12,14,0,0,not out
7,3rd,FRA vs MEL,MEL,FRA,Tanush Nandini,1,3,0,0,not out
7,3rd,FRA vs MEL,MEL,FRA,Talal Shahzad,,,,,did not bat
7,3rd,FRA vs MEL,FRA,MEL,Lucien Bienvenu,30,34,2,0,not out
7,3rd,FRA vs MEL,FRA,MEL,Connor Hastings,32,36,3,0,b: A Singh
7,3rd,FRA vs MEL,FRA,MEL,Hugo Bienvenu,1,1,0,0,not out
7,3rd,FRA vs MEL,FRA,MEL,Henri du Toit,,,,,did not bat
7,3rd,FRA vs MEL,FRA,MEL,Alex Ingpen,,,,,did not bat
7,3rd,FRA vs MEL,FRA,MEL,Hunter Kremer-Slevin,,,,,did not bat
7,3rd,FRA vs MEL,FRA,MEL,Brodie O'Donnell,,,,,did not bat
7,3rd,FRA vs MEL,FRA,MEL,Toby Rawlings,,,,,did not bat
7,3rd,FRA vs MEL,FRA,MEL,Jacob Stevenson,,,,,did not bat
7,3rd,FRA vs MEL,FRA,MEL,Harshit Takkar,,,,,did not bat
7,3rd,FRA vs MEL,FRA,MEL,Will Waters,,,,,did not bat
7,3rd,FRA vs MEL,FRA,MEL,Andrew Young,,,,,did not bat
7,3rd,FOO vs DAN,DAN,FOO,Ryder obrien,15,17,2,0,c: N Amarasinghe b: A Sharma
7,3rd,FOO vs DAN,DAN,FOO,Riyan Bhasin,28,28,2,1,b: A Sharma
7,3rd,FOO vs DAN,DAN,FOO,Traveen Pandithakoralege,10,12,0,0,b: N Amarasinghe
7,3rd,FOO vs DAN,DAN,FOO,Priyansh Chokshi,47,32,5,2,not out
7,3rd,FOO vs DAN,DAN,FOO,Lachlan Campbell,8,10,1,0,"run out (A Sharma, N Amarasinghe)"
7,3rd,FOO vs DAN,DAN,FOO,Tanish Taneja,9,16,0,0,c: A Mohan b: N Giove
7,3rd,FOO vs DAN,DAN,FOO,Joshua Norsetter,12,6,2,0,not out
7,3rd,FOO vs DAN,DAN,FOO,William Pizaro,,,,,did not bat
7,3rd,FOO vs DAN,DAN,FOO,Shlok Shanbhag,,,,,did not bat
7,3rd,FOO vs DAN,DAN,FOO,Stewart Wilson,,,,,did not bat
7,3rd,FOO vs DAN,DAN,FOO,Samuel Wood,,,,,did not bat
7,3rd,FOO vs DAN,FOO,DAN,Nick Thurgood,,4,0,0,c: J Norsetter b: S Wilson
7,3rd,FOO vs DAN,FOO,DAN,Aryan Mohan,27,18,3,1,b: S Shanbhag
7,3rd,FOO vs DAN,FOO,DAN,Neil D'Souza,11,15,2,0,c: T Pandithakoralege b: J Norsetter
7,3rd,FOO vs DAN,FOO,DAN,Liam Antonello,31,28,3,1,c: S Wilson b: R Bhasin
7,3rd,FOO vs DAN,FOO,DAN,Shehzad Singh,3,6,0,0,c: W Pizaro b: R Bhasin
7,3rd,FOO vs DAN,FOO,DAN,Nathan Giove,24,20,0,3,c: S Wood b: W Pizaro
7,3rd,FOO vs DAN,FOO,DAN,Nisith Amarasinghe,4,7,0,0,c&b: R Bhasin
7,3rd,FOO vs DAN,FOO,DAN,Rohan Chandel,15,14,0,0,not out
7,3rd,FOO vs DAN,FOO,DAN,Advit Sharma,16,8,0,2,not out
7,3rd,FOO vs DAN,FOO,DAN,Rikhil Bharadwaj,,,,,did not bat
7,3rd,FOO vs DAN,FOO,DAN,Jett Kelly,,,,,did not bat
7,3rd,KIN vs RIN,RIN,KIN,Abhishek Jain,22,15,1,2,"run out (D Noonan, S Parab)"
7,3rd,KIN vs RIN,RIN,KIN,Rohith Chapalamadugu,,4,0,0,c: E Horneman b: J Cameron
7,3rd,KIN vs RIN,RIN,KIN,Roshan Gunatilake,41,39,3,1,c: D Noonan b: C Moore
7,3rd,KIN vs RIN,RIN,KIN,Jock McKenzie,44,42,6,0,lbw: C Moore
7,3rd,KIN vs RIN,RIN,KIN,Manpreet Singh,30,13,4,1,not out
7,3rd,KIN vs RIN,RIN,KIN,Kovid Katta,12,8,1,0,not out
7,3rd,KIN vs RIN,RIN,KIN,Gurdarshan Kaushik,,,,,did not bat
7,3rd,KIN vs RIN,RIN,KIN,Arunkarthik Mannarsamy,,,,,did not bat
7,3rd,KIN vs RIN,RIN,KIN,Bradley Stow,,,,,did not bat
7,3rd,KIN vs RIN,RIN,KIN,Anurag Thakur,,,,,did not bat
7,3rd,KIN vs RIN,RIN,KIN,Mohamed Vailisseri,,,,,did not bat
7,3rd,KIN vs RIN,KIN,RIN,Charlie Moore,54,50,4,2,c: G Kaushik b: A Mannarsamy
7,3rd,KIN vs RIN,KIN,RIN,Paawan Dave,6,4,0,1,c: A Jain b: A Mannarsamy
7,3rd,KIN vs RIN,KIN,RIN,Isaac Macklin,2,6,0,0,c: B Stow b: A Mannarsamy
7,3rd,KIN vs RIN,KIN,RIN,Will Banfield,6,13,0,0,c: B Stow b: G Kaushik
7,3rd,KIN vs RIN,KIN,RIN,George Lyons,49,37,4,1,not out
7,3rd,KIN vs RIN,KIN,RIN,Aiyaan Ariketty,9,10,0,0,not out
7,3rd,KIN vs RIN,KIN,RIN,Jarryd Cameron,,,,,did not bat
7,3rd,KIN vs RIN,KIN,RIN,Ezra Horneman,,,,,did not bat
7,3rd,KIN vs RIN,KIN,RIN,Darcy Noonan,,,,,did not bat
7,3rd,KIN vs RIN,KIN,RIN,Xavier Noonan,,,,,did not bat
7,3rd,KIN vs RIN,KIN,RIN,Shaunak Parab,,,,,did not bat
7,3rd,GEE vs NOR,NOR,GEE,Jacob Chislett,12,20,0,0,run out (N Pereara)
7,3rd,GEE vs NOR,NOR,GEE,Hamish Craig,,1,0,0,b: Z Mills
7,3rd,GEE vs NOR,NOR,GEE,Brodie Craig,21,23,2,1,c: M Stables b: M Ruwanpathirana
7,3rd,GEE vs NOR,NOR,GEE,Corey Paull,25,26,2,0,c&b: Q Khan
7,3rd,GEE vs NOR,NOR,GEE,Jake Klein,3,4,0,0,c: J Shadbolt b: Q Khan
7,3rd,GEE vs NOR,NOR,GEE,Tamar Holt,6,11,0,0,c: J Shadbolt b: Q Khan
7,3rd,GEE vs NOR,NOR,GEE,Joshua Mastin,10,14,1,0,b: M Ruwanpathirana
7,3rd,GEE vs NOR,NOR,GEE,Harry Emerson,8,5,1,0,c: A Bhardwaj b: C Burchall
7,3rd,GEE vs NOR,NOR,GEE,Will Rodda,4,9,0,0,c: A Bhardwaj b: T Ryder
7,3rd,GEE vs NOR,NOR,GEE,Lachlan Watson,4,5,0,0,not out
7,3rd,GEE vs NOR,NOR,GEE,oskar granberg,3,2,0,0,not out
7,3rd,GEE vs NOR,GEE,NOR,Aryaman Bhardwaj,30,21,2,2,c: B Craig b: J Mastin
7,3rd,GEE vs NOR,GEE,NOR,Yashen Sharma,11,12,1,0,"run out (H Craig, C Paull)"
7,3rd,GEE vs NOR,GEE,NOR,Marcus Stables,1,9,0,0,st: C Paull b: o granberg
7,3rd,GEE vs NOR,GEE,NOR,Tremayne Ryder,18,26,2,0,c: B Craig b: W Rodda
7,3rd,GEE vs NOR,GEE,NOR,Nicholas Pereara,8,9,1,0,lbw: J Mastin
7,3rd,GEE vs NOR,GEE,NOR,Aarav Laxman,,3,0,0,b: J Mastin
7,3rd,GEE vs NOR,GEE,NOR,James Shadbolt,8,11,0,0,b: L Watson
7,3rd,GEE vs NOR,GEE,NOR,Noah Barone,16,17,1,0,not out
7,3rd,GEE vs NOR,GEE,NOR,Zac Mills,9,7,1,0,not out
7,3rd,GEE vs NOR,GEE,NOR,Connor Burchall,,,,,did not bat
7,3rd,GEE vs NOR,GEE,NOR,Qasim Khan,,,,,did not bat
7,3rd,GEE vs NOR,GEE,NOR,Mandiv Ruwanpathirana,,,,,did not bat
7,3rd,RIC vs MEL,MEL,RIC,Charlie Morris,,8,0,0,c: S Field b: T Reid
7,3rd,RIC vs MEL,MEL,RIC,Hugh Lynch,1,6,0,0,c: S Johns b: T Cesaro
7,3rd,RIC vs MEL,MEL,RIC,Clancy McCormick,12,18,0,0,b: S Field
7,3rd,RIC vs MEL,MEL,RIC,Lachlan Giblett,18,28,1,0,c: S Johns b: T Cesaro
7,3rd,RIC vs MEL,MEL,RIC,Ethan Loy-Abrahams,2,7,0,0,c: C Wolf b: S Field
7,3rd,RIC vs MEL,MEL,RIC,James Sajeba,1,3,0,0,c: Y Goel b: T Reid
7,3rd,RIC vs MEL,MEL,RIC,Joshua Richardson,11,15,0,0,c&b: F Good
7,3rd,RIC vs MEL,MEL,RIC,Ethan Kolaritsch,9,11,0,0,b: F Good
7,3rd,RIC vs MEL,MEL,RIC,Ethan Lovell,15,18,1,0,b: T Reid
7,3rd,RIC vs MEL,MEL,RIC,Chris Hall,2,4,0,0,not out
7,3rd,RIC vs MEL,MEL,RIC,Charlie Wigney,5,3,1,0,not out
7,3rd,RIC vs MEL,MEL,RIC,Jackson Reed,,,,,did not bat
7,3rd,RIC vs MEL,RIC,MEL,Tom Reid,25,18,5,0,c: L Giblett b: J Reed
7,3rd,RIC vs MEL,RIC,MEL,Yuvraj Sharma,12,15,0,1,c&b: E Kolaritsch
7,3rd,RIC vs MEL,RIC,MEL,Alistair McCooke,8,11,0,0,c: J Sajeba b: E Kolaritsch
7,3rd,RIC vs MEL,RIC,MEL,Charlie Wolf,12,17,1,0,"run out (L Giblett, C Morris)"
7,3rd,RIC vs MEL,RIC,MEL,Yash Goel,,1,0,0,c: C Morris b: J Reed
7,3rd,RIC vs MEL,RIC,MEL,Sidney Johns,,7,0,0,c: C Hall b: J Sajeba
7,3rd,RIC vs MEL,RIC,MEL,Samuel Field,20,17,3,0,not out
7,3rd,RIC vs MEL,RIC,MEL,Nicholas Critchley,11,18,1,0,not out
7,3rd,RIC vs MEL,RIC,MEL,Thomas Cesaro,,,,,did not bat
7,3rd,RIC vs MEL,RIC,MEL,Fletcher Good,,,,,did not bat
7,3rd,RIC vs MEL,RIC,MEL,Simon O’Brien,,,,,did not bat
7,3rd,RIC vs MEL,RIC,MEL,Kyle Williamson,,,,,did not bat
7,3rd,CAR vs GRE,GRE,CAR,Izan Shaikh,2,3,0,0,c: A Grobler b: L de Podolinsky
7,3rd,CAR vs GRE,GRE,CAR,Nicanor Martel,40,44,5,0,c: C Brisbane b: S Clark
7,3rd,CAR vs GRE,GRE,CAR,Jack Atkinson,17,24,2,0,b: X Cooknell
7,3rd,CAR vs GRE,GRE,CAR,James Pettitt,5,13,0,0,c: A Sharma b: T Waring
7,3rd,CAR vs GRE,GRE,CAR,Garry Bhour,4,6,1,0,c: L de Podolinsky b: C Karaluwinne
7,3rd,CAR vs GRE,GRE,CAR,Jack Campbell,16,15,2,0,c: A Sharma b: S Clark
7,3rd,CAR vs GRE,GRE,CAR,Lewis Bouckley,2,3,0,0,not out
7,3rd,CAR vs GRE,GRE,CAR,Leo Dench,,,,,did not bat
7,3rd,CAR vs GRE,GRE,CAR,Todd Marchant,,,,,did not bat
7,3rd,CAR vs GRE,GRE,CAR,Aussie McIlwaine,,,,,did not bat
7,3rd,CAR vs GRE,GRE,CAR,Kanhai Patel,,,,,did not bat
7,3rd,CAR vs GRE,GRE,CAR,Ashley Ward,,,,,did not bat
7,3rd,CAR vs GRE,CAR,GRE,Sesath Anuradha,4,6,0,0,c: G Bhour b: A Ward
7,3rd,CAR vs GRE,CAR,GRE,Ashley Fernando,52,53,3,1,not out
7,3rd,CAR vs GRE,CAR,GRE,Arjun Sharma,,4,0,0,c: J Atkinson b: A Ward
7,3rd,CAR vs GRE,CAR,GRE,Muhammad Taha Rabbani,5,17,0,0,b: L Dench
7,3rd,CAR vs GRE,CAR,GRE,Anthony Grobler,21,23,1,0,not out
7,3rd,CAR vs GRE,CAR,GRE,Connor Brisbane,,,,,did not bat
7,3rd,CAR vs GRE,CAR,GRE,Samuel Clark,,,,,did not bat
7,3rd,CAR vs GRE,CAR,GRE,Xavier Cooknell,,,,,did not bat
7,3rd,CAR vs GRE,CAR,GRE,Lueder de Podolinsky,,,,,did not bat
7,3rd,CAR vs GRE,CAR,GRE,Charlie Karaluwinne,,,,,did not bat
7,3rd,CAR vs GRE,CAR,GRE,Trent Waring,,,,,did not bat
7,3rd,CAS vs PRA,PRA,CAS,Siddharth Neelakantan,2,4,0,0,c: A Pillay b: N Munasinghe
7,3rd,CAS vs PRA,PRA,CAS,Max Heffernan,14,10,2,0,run out (N Munasinghe)
7,3rd,CAS vs PRA,PRA,CAS,Aaron Blanch,26,35,2,0,b: J Hope-Bell
7,3rd,CAS vs PRA,PRA,CAS,Aaron D'souza,12,14,0,0,c: J Hope-Bell b: L McGain
7,3rd,CAS vs PRA,PRA,CAS,Enrique Sidhu,15,16,0,0,c: J Hope-Bell b: S Yuvaraj
7,3rd,CAS vs PRA,PRA,CAS,Felix Howard,23,22,1,1,run out (N Munasinghe)
7,3rd,CAS vs PRA,PRA,CAS,Neville Avari,4,8,0,0,c: L Pearse b: F Sainsbury
7,3rd,CAS vs PRA,PRA,CAS,Tristan Booth,5,7,0,0,st: L Pearse b: J Hope-Bell
7,3rd,CAS vs PRA,PRA,CAS,Rohan Mathew,2,2,0,0,not out
7,3rd,CAS vs PRA,PRA,CAS,Matthew Blanch,1,2,0,0,not out
7,3rd,CAS vs PRA,PRA,CAS,Ahmed Raza,,,,,did not bat
7,3rd,CAS vs PRA,PRA,CAS,Rison Wickramasurendra,,,,,did not bat
7,3rd,CAS vs PRA,CAS,PRA,Sash Yuvaraj,48,31,5,1,b: R Mathew
7,3rd,CAS vs PRA,CAS,PRA,Luke Pearse,3,13,0,0,st: F Howard b: N Avari
7,3rd,CAS vs PRA,CAS,PRA,Nathan A Munasinghe,23,16,2,1,st: F Howard b: A Blanch
7,3rd,CAS vs PRA,CAS,PRA,Jack Hope-Bell,9,11,0,0,c: b: R Mathew
7,3rd,CAS vs PRA,CAS,PRA,Jesse van Rooyen,9,20,0,0,b: A Blanch
7,3rd,CAS vs PRA,CAS,PRA,Rex Macalister,12,19,0,0,not out
7,3rd,CAS vs PRA,CAS,PRA,Rushil Ravi,1,3,0,0,not out
7,3rd,CAS vs PRA,CAS,PRA,Liam McGain,,,,,did not bat
7,3rd,CAS vs PRA,CAS,PRA,Nigel K Munasinghe,,,,,did not bat
7,3rd,CAS vs PRA,CAS,PRA,Alexander Pillay,,,,,did not bat
7,3rd,CAS vs PRA,CAS,PRA,Parth Rath,,,,,did not bat
7,3rd,CAS vs PRA,CAS,PRA,Fred Sainsbury,,,,,did not bat
7,3rd,ST vs ESS,ESS,ST,Adam Fox,1,4,0,0,c: A Mishra b: H doherty
7,3rd,ST vs ESS,ESS,ST,Tom Deighton,78,63,7,3,b: A Mishra
7,3rd,ST vs ESS,ESS,ST,Will Ashton,9,12,1,0,b: M Abdul Wasay
7,3rd,ST vs ESS,ESS,ST,Charlie Hester,7,9,0,0,c: H Robertson b: P Singh
7,3rd,ST vs ESS,ESS,ST,Gurbir Singh,,2,0,0,c: M Singh b: A Sandhu
7,3rd,ST vs ESS,ESS,ST,James Smith,16,18,1,0,lbw: A Mishra
7,3rd,ST vs ESS,ESS,ST,Callum Chasemore,9,7,1,0,not out
7,3rd,ST vs ESS,ESS,ST,Dinuk de Silva,4,4,0,0,c: H Robertson b: A Mishra
7,3rd,ST vs ESS,ESS,ST,Rishikesh Talwar,,1,0,0,run out (A Mishra)
7,3rd,ST vs ESS,ESS,ST,Yuvraj Lidder,1,1,0,0,not out
7,3rd,ST vs ESS,ESS,ST,Aga Danish Hussain,,,,,did not bat
7,3rd,ST vs ESS,ESS,ST,Orlando Pender,,,,,did not bat
7,3rd,ST vs ESS,ST,ESS,Arin Mishra,2,5,0,0,c: C Hester b: O Pender
7,3rd,ST vs ESS,ST,ESS,Vanshjot Sandhu,11,10,2,0,"run out (G Singh, C Hester)"
7,3rd,ST vs ESS,ST,ESS,Heath doherty,16,11,0,2,b: A Hussain
7,3rd,ST vs ESS,ST,ESS,Sean Phillips-Williams,7,11,1,0,b: D de Silva
7,3rd,ST vs ESS,ST,ESS,Zachary Beniwal,3,9,0,0,b: A Hussain
7,3rd,ST vs ESS,ST,ESS,Jessraj Badhaan,44,32,3,3,not out
7,3rd,ST vs ESS,ST,ESS,Paramvir Singh,39,25,2,3,not out
7,3rd,ST vs ESS,ST,ESS,Muhammad Abdul Wasay,,,,,did not bat
7,3rd,ST vs ESS,ST,ESS,Aaron Cornish,,,,,did not bat
7,3rd,ST vs ESS,ST,ESS,Henry Robertson,,,,,did not bat
7,3rd,ST vs ESS,ST,ESS,Agamjot Sandhu,,,,,did not bat
7,3rd,ST vs ESS,ST,ESS,Maan Fabian Singh,,,,,did not bat
8,3rd,NOR vs FIT,FIT,NOR,Aryaman Bhardwaj,,2,0,0,lbw: R Surendran
8,3rd,NOR vs FIT,FIT,NOR,Marcus Stables,25,20,4,0,c: B Donnellan b: A Forbes
8,3rd,NOR vs FIT,FIT,NOR,Zac Mills,14,6,0,2,c: L Hales b: H Smith
8,3rd,NOR vs FIT,FIT,NOR,Tremayne Ryder,,4,0,0,c: A Forbes b: H Smith
8,3rd,NOR vs FIT,FIT,NOR,Yashen Sharma,21,30,1,0,b: J Maaskant
8,3rd,NOR vs FIT,FIT,NOR,Nicholas Pereara,27,31,4,0,c: A Roach b: H Smith
8,3rd,NOR vs FIT,FIT,NOR,James Shadbolt,14,18,1,0,c: M Bradley b: H Smith
8,3rd,NOR vs FIT,FIT,NOR,Noah Barone,1,3,0,0,lbw: H Smith
8,3rd,NOR vs FIT,FIT,NOR,Mandiv Ruwanpathirana,12,5,1,1,not out
8,3rd,NOR vs FIT,FIT,NOR,Connor Burchall,1,1,0,0,not out
8,3rd,NOR vs FIT,FIT,NOR,Qasim Khan,,,,,did not bat
8,3rd,NOR vs FIT,FIT,NOR,Thomas Lambert,,,,,did not bat
8,3rd,NOR vs FIT,NOR,FIT,Lucas Hales,,1,0,0,c: Y Sharma b: Z Mills
8,3rd,NOR vs FIT,NOR,FIT,Max Bradley,10,10,0,1,c: T Ryder b: Z Mills
8,3rd,NOR vs FIT,NOR,FIT,Armaan Datta,17,27,2,0,lbw: Q Khan
8,3rd,NOR vs FIT,NOR,FIT,Angus Roach,49,40,8,0,not out
8,3rd,NOR vs FIT,NOR,FIT,Benjamin Donnellan,37,29,4,1,not out
8,3rd,NOR vs FIT,NOR,FIT,Joseph Dossor,,,,,did not bat
8,3rd,NOR vs FIT,NOR,FIT,Addison Forbes,,,,,did not bat
8,3rd,NOR vs FIT,NOR,FIT,Lachlan Green,,,,,did not bat
8,3rd,NOR vs FIT,NOR,FIT,Joel Maaskant,,,,,did not bat
8,3rd,NOR vs FIT,NOR,FIT,Lachlan Rees,,,,,did not bat
8,3rd,NOR vs FIT,NOR,FIT,Harry Smith,,,,,did not bat
8,3rd,NOR vs FIT,NOR,FIT,Rahul Surendran,,,,,did not bat
8,3rd,ST vs MEL,MEL,ST,Luke Ashen,29,10,2,3,b: J Stevenson
8,3rd,ST vs MEL,MEL,ST,Tom Deighton,7,16,0,0,b: A Ingpen
8,3rd,ST vs MEL,MEL,ST,Barnaby Smith,23,21,1,1,c: M Gome b: H Takkar
8,3rd,ST vs MEL,MEL,ST,Adam Fox,24,20,3,1,st: M Gome b: W Waters
8,3rd,ST vs MEL,MEL,ST,Dan Meddings,15,16,1,0,c: H Takkar b: J Stevenson
8,3rd,ST vs MEL,MEL,ST,Will Ashton,35,27,2,0,"run out (W Waters, M Gome)"
8,3rd,ST vs MEL,MEL,ST,Gurbir Singh,14,7,1,1,"run out (C Hastings, M Gome)"
8,3rd,ST vs MEL,MEL,ST,Will Hamilton,1,4,0,0,not out
8,3rd,ST vs MEL,MEL,ST,Walter Jackson,2,2,0,0,not out
8,3rd,ST vs MEL,MEL,ST,Dinuk de Silva,,,,,did not bat
8,3rd,ST vs MEL,MEL,ST,Aga Danish Hussain,,,,,did not bat
8,3rd,ST vs MEL,MEL,ST,Yuvraj Lidder,,,,,did not bat
8,3rd,ST vs MEL,ST,MEL,Connor Hastings,7,8,1,0,c: Y Lidder b: A Hussain
8,3rd,ST vs MEL,ST,MEL,Lucien Bienvenu,37,29,1,2,c: T Deighton b: Y Lidder
8,3rd,ST vs MEL,ST,MEL,Hugo Bienvenu,40,34,5,0,b: D de Silva
8,3rd,ST vs MEL,ST,MEL,Andrew Young,38,25,7,0,not out
8,3rd,ST vs MEL,ST,MEL,Matthew Gome,10,7,2,0,c: W Ashton b: B Smith
8,3rd,ST vs MEL,ST,MEL,Harshit Takkar,1,2,0,0,b: Y Lidder
8,3rd,ST vs MEL,ST,MEL,Toby Rawlings,24,13,4,0,not out
8,3rd,ST vs MEL,ST,MEL,Alex Ingpen,,,,,did not bat
8,3rd,ST vs MEL,ST,MEL,Hunter Kremer-Slevin,,,,,did not bat
8,3rd,ST vs MEL,ST,MEL,Brodie O'Donnell,,,,,did not bat
8,3rd,ST vs MEL,ST,MEL,Jacob Stevenson,,,,,did not bat
8,3rd,ST vs MEL,ST,MEL,Will Waters,,,,,did not bat
8,3rd,CAR vs CAS,CAS,CAR,Izan Shaikh,76,46,7,3,c: A D'souza b: R Wickramasurendra
8,3rd,CAR vs CAS,CAS,CAR,Nicanor Martel,39,36,2,2,c: M Blanch b: N Avari
8,3rd,CAR vs CAS,CAS,CAR,Jack Atkinson,13,19,0,0,c: N Avari b: M Blanch
8,3rd,CAR vs CAS,CAS,CAR,James Pettitt,6,10,0,0,b: M Blanch
8,3rd,CAR vs CAS,CAS,CAR,Garry Bhour,10,6,1,0,not out
8,3rd,CAR vs CAS,CAS,CAR,Jack Campbell,1,2,0,0,b: R Mathew
8,3rd,CAR vs CAS,CAS,CAR,Vincent Bush,1,1,0,0,not out
8,3rd,CAR vs CAS,CAS,CAR,Jack Beer,,,,,did not bat
8,3rd,CAR vs CAS,CAS,CAR,Leo Dench,,,,,did not bat
8,3rd,CAR vs CAS,CAS,CAR,Rory Edwards,,,,,did not bat
8,3rd,CAR vs CAS,CAS,CAR,Todd Marchant,,,,,did not bat
8,3rd,CAR vs CAS,CAS,CAR,Kanhai Patel,,,,,did not bat
8,3rd,CAR vs CAS,CAR,CAS,Max Heffernan,10,9,0,1,c: R Edwards b: T Marchant
8,3rd,CAR vs CAS,CAR,CAS,Ahmed Raza,19,23,1,0,c: R Edwards b: G Bhour
8,3rd,CAR vs CAS,CAR,CAS,Aaron Blanch,11,12,1,0,c: T Marchant b: K Patel
8,3rd,CAR vs CAS,CAR,CAS,William Halton,52,36,6,1,not out
8,3rd,CAR vs CAS,CAR,CAS,Siddharth Neelakantan,5,14,0,0,lbw: G Bhour
8,3rd,CAR vs CAS,CAR,CAS,Aaron D'souza,1,2,0,0,c: K Patel b: J Beer
8,3rd,CAR vs CAS,CAR,CAS,Enrique Sidhu,18,16,0,1,c: L Dench b: V Bush
8,3rd,CAR vs CAS,CAR,CAS,Neville Avari,9,8,1,0,c: K Patel b: T Marchant
8,3rd,CAR vs CAS,CAR,CAS,Tristan Booth,2,1,0,0,not out
8,3rd,CAR vs CAS,CAR,CAS,Matthew Blanch,,,,,did not bat
8,3rd,CAR vs CAS,CAR,CAS,Rohan Mathew,,,,,did not bat
8,3rd,CAR vs CAS,CAR,CAS,Rison Wickramasurendra,,,,,did not bat
8,3rd,RIC vs DAN,DAN,RIC,Joshua Richardson,,2,0,0,c: N Thurgood b: R Bharadwaj
8,3rd,RIC vs DAN,DAN,RIC,Hugh Lynch,39,48,2,0,b: N Giove
8,3rd,RIC vs DAN,DAN,RIC,Lachlan Giblett,2,5,0,0,b: R Chandel
8,3rd,RIC vs DAN,DAN,RIC,Ethan Loy-Abrahams,5,4,1,0,c: A Mohan b: R Chandel
8,3rd,RIC vs DAN,DAN,RIC,Charlie Morris,3,4,0,0,run out (N Thurgood)
8,3rd,RIC vs DAN,DAN,RIC,Chris Hall,30,28,4,0,c: N Thurgood b: T Perera
8,3rd,RIC vs DAN,DAN,RIC,Tom Cashman,21,22,0,1,b: A Sharma
8,3rd,RIC vs DAN,DAN,RIC,Ethan Kolaritsch,12,6,0,1,not out
8,3rd,RIC vs DAN,DAN,RIC,Ethan Lovell,3,3,0,0,not out
8,3rd,RIC vs DAN,DAN,RIC,Jackson Reed,,,,,did not bat
8,3rd,RIC vs DAN,DAN,RIC,Charlie Wigney,,,,,did not bat
8,3rd,RIC vs DAN,RIC,DAN,Aryan Mohan,16,8,4,0,c: C Hall b: E Lovell
8,3rd,RIC vs DAN,RIC,DAN,Jett Kelly,12,17,0,0,retired not out
8,3rd,RIC vs DAN,RIC,DAN,Liam Antonello,13,13,1,0,c: L Giblett b: E Kolaritsch
8,3rd,RIC vs DAN,RIC,DAN,Shehzad Singh,46,38,4,2,c: J Reed b: E Lovell
8,3rd,RIC vs DAN,RIC,DAN,Nisith Amarasinghe,23,29,2,0,c: E Kolaritsch b: E Loy-Abrahams
8,3rd,RIC vs DAN,RIC,DAN,Nathan Giove,11,11,1,0,not out
8,3rd,RIC vs DAN,RIC,DAN,Advit Sharma,3,2,0,0,not out
8,3rd,RIC vs DAN,RIC,DAN,Rikhil Bharadwaj,,,,,did not bat
8,3rd,RIC vs DAN,RIC,DAN,Rohan Chandel,,,,,did not bat
8,3rd,RIC vs DAN,RIC,DAN,Thenuka Perera,,,,,did not bat
8,3rd,RIC vs DAN,RIC,DAN,Nick Thurgood,,,,,did not bat
8,3rd,MEL vs KIN,KIN,MEL,Yuvraj Sharma,21,22,3,0,c: J McKenzie b: K Katta
8,3rd,MEL vs KIN,KIN,MEL,Max Parrott,28,23,1,2,c: R Chapalamadugu b: A Jain
8,3rd,MEL vs KIN,KIN,MEL,Kyle Parrott,20,15,1,1,c: M Singh b: K Katta
8,3rd,MEL vs KIN,KIN,MEL,Brendan Reddell,6,9,0,0,run out (A Jain)
8,3rd,MEL vs KIN,KIN,MEL,Sam Anderson,21,20,1,0,b: G Kaushik
8,3rd,MEL vs KIN,KIN,MEL,Charlie Wolf,38,23,5,0,not out
8,3rd,MEL vs KIN,KIN,MEL,Samuel Field,14,8,0,1,not out
8,3rd,MEL vs KIN,KIN,MEL,Thomas Cesaro,,,,,did not bat
8,3rd,MEL vs KIN,KIN,MEL,Josh Finkelstein,,,,,did not bat
8,3rd,MEL vs KIN,KIN,MEL,Fletcher Good,,,,,did not bat
8,3rd,MEL vs KIN,KIN,MEL,Tom Reid,,,,,did not bat
8,3rd,MEL vs KIN,KIN,MEL,Kyle Williamson,,,,,did not bat
8,3rd,MEL vs KIN,KIN,MEL,Nicholas Xavier,,,,,did not bat
8,3rd,MEL vs KIN,MEL,KIN,Rohith Chapalamadugu,33,31,4,1,c: B Reddell b: F Good
8,3rd,MEL vs KIN,MEL,KIN,Abhishek Jain,5,6,1,0,b: T Cesaro
8,3rd,MEL vs KIN,MEL,KIN,Roshan Gunatilake,30,35,0,1,c: K Parrott b: S Field
8,3rd,MEL vs KIN,MEL,KIN,Manpreet Singh,,2,0,0,c: M Parrott b: F Good
8,3rd,MEL vs KIN,MEL,KIN,Jock McKenzie,30,26,1,1,lbw: K Williamson
8,3rd,MEL vs KIN,MEL,KIN,Mohamed Vailisseri,6,6,1,0,lbw: T Cesaro
8,3rd,MEL vs KIN,MEL,KIN,Kovid Katta,1,3,0,0,b: J Finkelstein
8,3rd,MEL vs KIN,MEL,KIN,Arunkarthik Mannarsamy,6,6,1,0,st: M Parrott b: K Williamson
8,3rd,MEL vs KIN,MEL,KIN,Arish Surani,4,5,0,0,not out
8,3rd,MEL vs KIN,MEL,KIN,Anurag Thakur,5,4,1,0,not out
8,3rd,MEL vs KIN,MEL,KIN,Gurdarshan Kaushik,,,,,did not bat
8,3rd,MEL vs KIN,MEL,KIN,Bradley Stow,,,,,did not bat
8,3rd,CAM vs ESS,ESS,CAM,Lucas Smith,19,20,2,0,lbw: A Cornish
8,3rd,CAM vs ESS,ESS,CAM,Jack Di Stefano,39,46,1,1,c: Z Beniwal b: A Cornish
8,3rd,CAM vs ESS,ESS,CAM,Charlie Grummitt,44,41,2,0,not out
8,3rd,CAM vs ESS,ESS,CAM,Ed Winneke,11,14,0,0,not out
8,3rd,CAM vs ESS,ESS,CAM,Yuvin De Silva,,,,,did not bat
8,3rd,CAM vs ESS,ESS,CAM,Christopher Gorman,,,,,did not bat
8,3rd,CAM vs ESS,ESS,CAM,James Jarrett,,,,,did not bat
8,3rd,CAM vs ESS,ESS,CAM,Lucas Jones,,,,,did not bat
8,3rd,CAM vs ESS,ESS,CAM,Andrew Procopiou,,,,,did not bat
8,3rd,CAM vs ESS,ESS,CAM,Adam Rixon,,,,,did not bat
8,3rd,CAM vs ESS,ESS,CAM,Anthony Stubbs,,,,,did not bat
8,3rd,CAM vs ESS,ESS,CAM,Thomas Vanderslik,,,,,did not bat
8,3rd,CAM vs ESS,CAM,ESS,Heath doherty,1,2,0,0,c: A Rixon b: C Gorman
8,3rd,CAM vs ESS,CAM,ESS,Vanshjot Sandhu,66,38,4,5,c: A Rixon b: E Winneke
8,3rd,CAM vs ESS,CAM,ESS,Jessraj Badhaan,,1,0,0,b: C Gorman
8,3rd,CAM vs ESS,CAM,ESS,Sean Phillips-Williams,13,12,2,0,c: L Jones b: C Gorman
8,3rd,CAM vs ESS,CAM,ESS,Zachary Beniwal,42,43,5,0,not out
8,3rd,CAM vs ESS,CAM,ESS,Paramvir Singh,0,2,0,0,not out
8,3rd,CAM vs ESS,CAM,ESS,Krishna Chandak,,,,,did not bat
8,3rd,CAM vs ESS,CAM,ESS,Aaron Cornish,,,,,did not bat
8,3rd,CAM vs ESS,CAM,ESS,George Martindale,,,,,did not bat
8,3rd,CAM vs ESS,CAM,ESS,Luay Miraz,,,,,did not bat
8,3rd,CAM vs ESS,CAM,ESS,Agamjot Sandhu,,,,,did not bat
8,3rd,CAM vs ESS,CAM,ESS,Maan Fabian Singh,,,,,did not bat
8,3rd,RIN vs FRA,FRA,RIN,Charlie Moore,37,21,3,3,c: J Hay b: A Singh
8,3rd,RIN vs FRA,FRA,RIN,Prabhav Mishra,78,46,11,3,c: A McIlroy b: T Shahzad
8,3rd,RIN vs FRA,FRA,RIN,Luke Ivanovic,1,3,0,0,lbw: T Nandini
8,3rd,RIN vs FRA,FRA,RIN,Trent Wynne,21,34,3,0,c: J Hay b: T Shahzad
8,3rd,RIN vs FRA,FRA,RIN,Will Banfield,,3,0,0,c: J Hotston b: T Shahzad
8,3rd,RIN vs FRA,FRA,RIN,George Lyons,1,2,0,0,c: N Langham b: A McIlroy
8,3rd,RIN vs FRA,FRA,RIN,Isaac Macklin,9,8,0,1,not out
8,3rd,RIN vs FRA,FRA,RIN,Rohan Ervine,2,3,0,0,c: J Gibbs b: J Hay
8,3rd,RIN vs FRA,FRA,RIN,Jarryd Cameron,,1,0,0,c: A Singh b: J Hay
8,3rd,RIN vs FRA,FRA,RIN,Darcy Noonan,1,1,0,0,not out
8,3rd,RIN vs FRA,FRA,RIN,Xavier Noonan,,,,,did not bat
8,3rd,RIN vs FRA,FRA,RIN,Zachary Seal,,,,,did not bat
8,3rd,RIN vs FRA,RIN,FRA,Zayaan Arbab,16,20,2,0,c: R Ervine b: Z Seal
8,3rd,RIN vs FRA,RIN,FRA,Josh Hotston,15,23,1,0,b: Z Seal
8,3rd,RIN vs FRA,RIN,FRA,Oscar Scott-Waters,43,26,5,2,c: X Noonan b: P Mishra
8,3rd,RIN vs FRA,RIN,FRA,Dylan Gray,19,21,2,1,c: D Noonan b: X Noonan
8,3rd,RIN vs FRA,RIN,FRA,Matthew Stone,11,12,1,0,b: I Macklin
8,3rd,RIN vs FRA,RIN,FRA,Aryandeep Singh,5,3,1,0,c: P Mishra b: J Cameron
8,3rd,RIN vs FRA,RIN,FRA,Aaron McIlroy,1,3,0,0,b: I Macklin
8,3rd,RIN vs FRA,RIN,FRA,Noah Langham,14,8,3,0,not out
8,3rd,RIN vs FRA,RIN,FRA,Jack Hay,5,6,1,0,not out
8,3rd,RIN vs FRA,RIN,FRA,Jared Gibbs,,,,,did not bat
8,3rd,RIN vs FRA,RIN,FRA,Tanush Nandini,,,,,did not bat
8,3rd,RIN vs FRA,RIN,FRA,Talal Shahzad,,,,,did not bat
8,3rd,FOO vs GEE,GEE,FOO,Fayzan Abdul Sathaar,16,14,3,0,c: B Craig b: K Bienefelt
8,3rd,FOO vs GEE,GEE,FOO,Riyan Bhasin,37,43,1,0,c: T Courtney b: L Watson
8,3rd,FOO vs GEE,GEE,FOO,Ryder obrien,,2,0,0,b: K Bienefelt
8,3rd,FOO vs GEE,GEE,FOO,Priyansh Chokshi,40,32,1,1,c: L Watson b: T Neate
8,3rd,FOO vs GEE,GEE,FOO,Traveen Pandithakoralege,9,6,1,0,c: T Neate b: T Cunningham
8,3rd,FOO vs GEE,GEE,FOO,Lachlan Campbell,9,12,0,0,c: C Paull b: T Neate
8,3rd,FOO vs GEE,GEE,FOO,Samuel Wood,1,2,0,0,b: L Watson
8,3rd,FOO vs GEE,GEE,FOO,Tanish Taneja,8,8,1,0,not out
8,3rd,FOO vs GEE,GEE,FOO,Karthikeya Rallapalli,1,2,0,0,c: T Courtney b: T Neate
8,3rd,FOO vs GEE,GEE,FOO,William Pizaro,,,,,did not bat
8,3rd,FOO vs GEE,GEE,FOO,Harshal S Suresh,,,,,did not bat
8,3rd,FOO vs GEE,GEE,FOO,Stewart Wilson,,,,,did not bat
8,3rd,FOO vs GEE,FOO,GEE,Hamish Craig,10,7,2,0,c: S Wood b: K Rallapalli
8,3rd,FOO vs GEE,FOO,GEE,Jacob Chislett,27,34,3,0,run out (S Wood)
8,3rd,FOO vs GEE,FOO,GEE,Brodie Craig,50,44,4,2,not out
8,3rd,FOO vs GEE,FOO,GEE,Liam Biddiscombe,31,16,5,0,b: T Taneja
8,3rd,FOO vs GEE,FOO,GEE,Tom Courtney,2,4,0,0,not out
8,3rd,FOO vs GEE,FOO,GEE,Kyle Bienefelt,,,,,did not bat
8,3rd,FOO vs GEE,FOO,GEE,Toby Cunningham,,,,,did not bat
8,3rd,FOO vs GEE,FOO,GEE,oskar granberg,,,,,did not bat
8,3rd,FOO vs GEE,FOO,GEE,Joshua Mastin,,,,,did not bat
8,3rd,FOO vs GEE,FOO,GEE,Thomas Neate,,,,,did not bat
8,3rd,FOO vs GEE,FOO,GEE,Corey Paull,,,,,did not bat
8,3rd,FOO vs GEE,FOO,GEE,Lachlan Watson,,,,,did not bat
8,3rd,GRE vs PRA,PRA,GRE,Sesath Anuradha,,6,0,0,c: K Scott b: N Munasinghe
8,3rd,GRE vs PRA,PRA,GRE,Ashley Fernando,,3,0,0,c: N Munasinghe b: F Sainsbury
8,3rd,GRE vs PRA,PRA,GRE,Anthony Grobler,40,31,4,2,c: L Pearse b: J Hope-Bell
8,3rd,GRE vs PRA,PRA,GRE,Muhammad Taha Rabbani,1,5,0,0,b: N Munasinghe
8,3rd,GRE vs PRA,PRA,GRE,Arjun Sharma,,2,0,0,b: N Munasinghe
8,3rd,GRE vs PRA,PRA,GRE,Connor Brisbane,,3,0,0,c: K Scott b: N Munasinghe
8,3rd,GRE vs PRA,PRA,GRE,Samuel Clark,11,20,0,0,c: H Braden b: J Hope-Bell
8,3rd,GRE vs PRA,PRA,GRE,Xavier Cooknell,10,11,1,0,lbw: R Ravi
8,3rd,GRE vs PRA,PRA,GRE,Lueder de Podolinsky,13,22,1,0,"run out (L Pearse, K Scott)"
8,3rd,GRE vs PRA,PRA,GRE,Charlie Karaluwinne,10,15,1,0,not out
8,3rd,GRE vs PRA,PRA,GRE,Trent Waring,2,2,0,0,not out
8,3rd,GRE vs PRA,PRA,GRE,Mitch Clark,,,,,did not bat
8,3rd,GRE vs PRA,GRE,PRA,Jesse van Rooyen,4,4,1,0,b: S Clark
8,3rd,GRE vs PRA,GRE,PRA,Jack Hope-Bell,42,36,4,0,not out
8,3rd,GRE vs PRA,GRE,PRA,Kane Scott,21,15,3,1,c: A Grobler b: X Cooknell
8,3rd,GRE vs PRA,GRE,PRA,Rushil Ravi,33,27,4,0,not out
8,3rd,GRE vs PRA,GRE,PRA,Hamish Braden,,,,,did not bat
8,3rd,GRE vs PRA,GRE,PRA,Nicholas Graves,,,,,did not bat
8,3rd,GRE vs PRA,GRE,PRA,Liam McGain,,,,,did not bat
8,3rd,GRE vs PRA,GRE,PRA,Nigel K Munasinghe,,,,,did not bat
8,3rd,GRE vs PRA,GRE,PRA,Luke Pearse,,,,,did not bat
8,3rd,GRE vs PRA,GRE,PRA,Alexander Pillay,,,,,did not bat
8,3rd,GRE vs PRA,GRE,PRA,Fred Sainsbury,,,,,did not bat
8,3rd,GRE vs PRA,GRE,PRA,Sash Yuvaraj,,,,,did not bat
9,3rd,NOR vs KIN,KIN,NOR,Thomas Cuthbert,66,72,9,1,c: R Chapalamadugu b: A Mannarsamy
9,3rd,NOR vs KIN,KIN,NOR,Aryaman Bhardwaj,10,25,2,0,c: M Singh b: K Katta
9,3rd,NOR vs KIN,KIN,NOR,Marcus Stables,15,30,1,0,st: M Vailisseri b: G Kaushik
9,3rd,NOR vs KIN,KIN,NOR,James Shadbolt,9,31,0,0,c: K Katta b: G Kaushik
9,3rd,NOR vs KIN,KIN,NOR,Jimmy Anderson,17,36,1,0,lbw: A Surani
9,3rd,NOR vs KIN,KIN,NOR,Nicholas Pereara,1,4,0,0,lbw: G Kaushik
9,3rd,NOR vs KIN,KIN,NOR,Tremayne Ryder,43,43,2,1,c: B Stow b: A Surani
9,3rd,NOR vs KIN,KIN,NOR,Ryan Siede,24,22,3,0,not out
9,3rd,NOR vs KIN,KIN,NOR,Zac Mills,6,7,1,0,c: J McKenzie b: B Stow
9,3rd,NOR vs KIN,KIN,NOR,Qasim Khan,1,1,0,0,not out
9,3rd,NOR vs KIN,KIN,NOR,Connor Burchall,,,,,did not bat
9,3rd,NOR vs KIN,KIN,NOR,Mandiv Ruwanpathirana,,,,,did not bat
9,3rd,NOR vs KIN,NOR,KIN,Rohith Chapalamadugu,55,80,5,0,c: N Pereara b: Q Khan
9,3rd,NOR vs KIN,NOR,KIN,Manpreet Singh,45,61,4,2,c: C Burchall b: Q Khan
9,3rd,NOR vs KIN,NOR,KIN,Roshan Gunatilake,40,59,2,0,not out
9,3rd,NOR vs KIN,NOR,KIN,Jock McKenzie,9,20,1,0,c: J Anderson b: C Burchall
9,3rd,NOR vs KIN,NOR,KIN,Mohamed Vailisseri,,1,0,0,lbw: C Burchall
9,3rd,NOR vs KIN,NOR,KIN,Kovid Katta,20,35,0,0,b: M Ruwanpathirana
9,3rd,NOR vs KIN,NOR,KIN,Abhishek Jain,12,5,1,1,not out
9,3rd,NOR vs KIN,NOR,KIN,Gurdarshan Kaushik,,,,,did not bat
9,3rd,NOR vs KIN,NOR,KIN,Arunkarthik Mannarsamy,,,,,did not bat
9,3rd,NOR vs KIN,NOR,KIN,Keiran Mant,,,,,did not bat
9,3rd,NOR vs KIN,NOR,KIN,Bradley Stow,,,,,did not bat
9,3rd,NOR vs KIN,NOR,KIN,Arish Surani,,,,,did not bat
9,3rd,FOO vs RIC,RIC,FOO,Riyan Bhasin,18,35,1,0,c: J Conway b: E Kolaritsch
9,3rd,FOO vs RIC,RIC,FOO,Fayzan Abdul Sathaar,97,128,11,1,c: C Dobson b: J Reed
9,3rd,FOO vs RIC,RIC,FOO,Ryder obrien,45,69,3,3,c: L Giblett b: T Purcell
9,3rd,FOO vs RIC,RIC,FOO,Priyansh Chokshi,42,30,1,4,c: J Conway b: J Reed
9,3rd,FOO vs RIC,RIC,FOO,Lachlan Campbell,3,3,0,0,not out
9,3rd,FOO vs RIC,RIC,FOO,Traveen Pandithakoralege,11,5,2,0,not out
9,3rd,FOO vs RIC,RIC,FOO,William Pizaro,,,,,did not bat
9,3rd,FOO vs RIC,RIC,FOO,Harshal S Suresh,,,,,did not bat
9,3rd,FOO vs RIC,RIC,FOO,Liam Sutton,,,,,did not bat
9,3rd,FOO vs RIC,RIC,FOO,Tanish Taneja,,,,,did not bat
9,3rd,FOO vs RIC,RIC,FOO,Stewart Wilson,,,,,did not bat
9,3rd,FOO vs RIC,RIC,FOO,Samuel Wood,,,,,did not bat
9,3rd,FOO vs RIC,FOO,RIC,John Conway,1,7,0,0,c: T Pandithakoralege b: S Wilson
9,3rd,FOO vs RIC,FOO,RIC,Hugh Lynch,48,70,4,3,lbw: T Taneja
9,3rd,FOO vs RIC,FOO,RIC,Lachlan Giblett,9,8,1,0,run out (L Campbell)
9,3rd,FOO vs RIC,FOO,RIC,Joshua Richardson,52,60,6,0,c: S Wilson b: W Pizaro
9,3rd,FOO vs RIC,FOO,RIC,Thomas Purcell,46,39,3,2,c: R obrien b: T Taneja
9,3rd,FOO vs RIC,FOO,RIC,Chris Hall,30,38,0,0,not out
9,3rd,FOO vs RIC,FOO,RIC,Tom Cashman,1,5,0,0,b: T Taneja
9,3rd,FOO vs RIC,FOO,RIC,Caiden Dobson,5,9,0,0,"run out (S Wilson, S Wood)"
9,3rd,FOO vs RIC,FOO,RIC,Ethan Kolaritsch,23,20,1,1,not out
9,3rd,FOO vs RIC,FOO,RIC,Ethan Lovell,,,,,did not bat
9,3rd,FOO vs RIC,FOO,RIC,Jackson Reed,,,,,did not bat
9,3rd,FOO vs RIC,FOO,RIC,Charlie Wigney,,,,,did not bat
9,3rd,RIN vs CAM,CAM,RIN,Charlie Moore,73,69,5,3,c: J Di Stefano b: S Pawar
9,3rd,RIN vs CAM,CAM,RIN,Rohan Ervine,13,21,1,0,b: A Procopiou
9,3rd,RIN vs CAM,CAM,RIN,Luke Ivanovic,20,19,2,0,c: b: S Pawar
9,3rd,RIN vs CAM,CAM,RIN,Trent Wynne,24,73,0,0,b: R Rehal
9,3rd,RIN vs CAM,CAM,RIN,Will Banfield,44,53,4,0,b: T Vanderslik
9,3rd,RIN vs CAM,CAM,RIN,George Lyons,42,26,1,4,st: J Jarrett b: A Rixon
9,3rd,RIN vs CAM,CAM,RIN,Isaac Macklin,,1,0,0,run out (S Pawar)
9,3rd,RIN vs CAM,CAM,RIN,Jack Martin,1,4,0,0,st: J Jarrett b: A Rixon
9,3rd,RIN vs CAM,CAM,RIN,Jarryd Cameron,14,6,0,2,c: L Smith b: T Vanderslik
9,3rd,RIN vs CAM,CAM,RIN,Darcy Noonan,1,2,0,0,not out
9,3rd,RIN vs CAM,CAM,RIN,Xavier Noonan,,,,,did not bat
9,3rd,RIN vs CAM,CAM,RIN,Zachary Seal,,,,,did not bat
9,3rd,RIN vs CAM,RIN,CAM,Lucas Smith,5,24,0,0,b: J Cameron
9,3rd,RIN vs CAM,RIN,CAM,Jack Di Stefano,78,94,6,2,run out (Z Seal)
9,3rd,RIN vs CAM,RIN,CAM,James Jarrett,10,29,0,0,b: I Macklin
9,3rd,RIN vs CAM,RIN,CAM,Finlay McGrotty,16,21,0,1,run out (D Noonan)
9,3rd,RIN vs CAM,RIN,CAM,Yuvin De Silva,6,11,0,0,run out (G Lyons)
9,3rd,RIN vs CAM,RIN,CAM,Andrew Procopiou,15,17,2,0,c: X Noonan b: J Cameron
9,3rd,RIN vs CAM,RIN,CAM,Ed Winneke,22,19,2,0,c: C Moore b: I Macklin
9,3rd,RIN vs CAM,RIN,CAM,Anthony Stubbs,17,11,0,2,b: I Macklin
9,3rd,RIN vs CAM,RIN,CAM,Thomas Vanderslik,18,30,0,0,b: J Martin
9,3rd,RIN vs CAM,RIN,CAM,Simarjit Pawar,4,7,0,0,c: X Noonan b: D Noonan
9,3rd,RIN vs CAM,RIN,CAM,Adam Rixon,3,3,0,0,not out
9,3rd,MEL vs FIT,FIT,MEL,Connor Hastings,38,72,2,0,b: L Green
9,3rd,MEL vs FIT,FIT,MEL,Lucien Bienvenu,,4,0,0,lbw: A Forbes
9,3rd,MEL vs FIT,FIT,MEL,Andrew Young,,6,0,0,c: B Donnellan b: R Surendran
9,3rd,MEL vs FIT,FIT,MEL,Leo Hatzoglou,4,17,0,0,c: M Bradley b: L Rees
9,3rd,MEL vs FIT,FIT,MEL,Hugo Bienvenu,35,43,2,1,c: B Donnellan b: E Waghorn
9,3rd,MEL vs FIT,FIT,MEL,Matthew Gome,18,22,2,0,c&b: L Green
9,3rd,MEL vs FIT,FIT,MEL,Will Waters,12,34,0,0,b: L Rees
9,3rd,MEL vs FIT,FIT,MEL,Harshit Takkar,20,22,2,0,run out (J Maaskant)
9,3rd,MEL vs FIT,FIT,MEL,Brodie O'Donnell,1,4,0,0,run out (L Rees)
9,3rd,MEL vs FIT,FIT,MEL,Hunter Kremer-Slevin,7,13,1,0,not out
9,3rd,MEL vs FIT,FIT,MEL,Alex Ingpen,19,16,2,0,run out (B Donnellan)
9,3rd,MEL vs FIT,FIT,MEL,Jacob Stevenson,,,,,did not bat
9,3rd,MEL vs FIT,MEL,FIT,Billy Rayner,20,36,3,0,c: C Hastings b: B O'Donnell
9,3rd,MEL vs FIT,MEL,FIT,Angus Roach,51,91,3,1,c&b: W Waters
9,3rd,MEL vs FIT,MEL,FIT,Armaan Datta,11,24,0,0,st: M Gome b: W Waters
9,3rd,MEL vs FIT,MEL,FIT,Max Bradley,58,61,6,2,not out
9,3rd,MEL vs FIT,MEL,FIT,Benjamin Donnellan,21,29,0,0,not out
9,3rd,MEL vs FIT,MEL,FIT,Addison Forbes,,,,,did not bat
9,3rd,MEL vs FIT,MEL,FIT,Lachlan Green,,,,,did not bat
9,3rd,MEL vs FIT,MEL,FIT,Lucas Hales,,,,,did not bat
9,3rd,MEL vs FIT,MEL,FIT,Joel Maaskant,,,,,did not bat
9,3rd,MEL vs FIT,MEL,FIT,Lachlan Rees,,,,,did not bat
9,3rd,MEL vs FIT,MEL,FIT,Rahul Surendran,,,,,did not bat
9,3rd,MEL vs FIT,MEL,FIT,Edison Waghorn,,,,,did not bat
9,3rd,CAR vs ESS,ESS,CAR,Izan Shaikh,60,43,7,3,c: P Singh b: A Cornish
9,3rd,CAR vs ESS,ESS,CAR,Nicanor Martel,,8,0,0,c: G Martindale b: A Sandhu
9,3rd,CAR vs ESS,ESS,CAR,Jack Atkinson,20,22,3,0,c&b: H doherty
9,3rd,CAR vs ESS,ESS,CAR,James Pettitt,1,11,0,0,b: H doherty
9,3rd,CAR vs ESS,ESS,CAR,Harry Simpson,1,9,0,0,c: A Sandhu b: A Cornish
9,3rd,CAR vs ESS,ESS,CAR,Garry Bhour,4,17,0,0,c: J Badhaan b: H doherty
9,3rd,CAR vs ESS,ESS,CAR,Rory Edwards,59,78,7,2,c: A Sandhu b: G Martindale
9,3rd,CAR vs ESS,ESS,CAR,Vincent Bush,6,23,0,0,c: M Singh b: N Guida
9,3rd,CAR vs ESS,ESS,CAR,Kanhai Patel,24,44,0,0,not out
9,3rd,CAR vs ESS,ESS,CAR,Jujhar Singh Tamber,4,11,0,0,c: S Phillips-Williams b: P Singh
9,3rd,CAR vs ESS,ESS,CAR,Todd Marchant,8,7,0,1,not out
9,3rd,CAR vs ESS,ESS,CAR,Leo Dench,,,,,did not bat
9,3rd,CAR vs ESS,CAR,ESS,Zachary Beniwal,,10,0,0,c: N Martel b: L Dench
9,3rd,CAR vs ESS,CAR,ESS,Vanshjot Sandhu,41,29,6,1,lbw: T Marchant
9,3rd,CAR vs ESS,CAR,ESS,Sean Phillips-Williams,14,21,2,0,lbw: T Marchant
9,3rd,CAR vs ESS,CAR,ESS,Heath doherty,,3,0,0,c: H Simpson b: T Marchant
9,3rd,CAR vs ESS,CAR,ESS,Jessraj Badhaan,73,91,5,3,c: G Bhour b: J Tamber
9,3rd,CAR vs ESS,CAR,ESS,Hady Hegazy,4,18,0,0,b: T Marchant
9,3rd,CAR vs ESS,CAR,ESS,Paramvir Singh,2,4,0,0,c: H Simpson b: T Marchant
9,3rd,CAR vs ESS,CAR,ESS,Maan Fabian Singh,45,77,1,0,not out
9,3rd,CAR vs ESS,CAR,ESS,Noah Guida,6,10,0,0,b: V Bush
9,3rd,CAR vs ESS,CAR,ESS,Agamjot Sandhu,9,6,1,0,not out
9,3rd,CAR vs ESS,CAR,ESS,Aaron Cornish,,,,,did not bat
9,3rd,CAR vs ESS,CAR,ESS,George Martindale,,,,,did not bat
9,3rd,GRE vs CAS,CAS,GRE,Sesath Anuradha,41,87,3,0,b: K Sridhar
9,3rd,GRE vs CAS,CAS,GRE,Muhammad Taha Rabbani,6,10,1,0,c: F Howard b: R Mathew
9,3rd,GRE vs CAS,CAS,GRE,Anthony Grobler,28,38,3,0,run out (R Mathew)
9,3rd,GRE vs CAS,CAS,GRE,Ashley Fernando,4,11,0,0,c: T Booth b: R Wickramasurendra
9,3rd,GRE vs CAS,CAS,GRE,Arjun Sharma,28,50,0,0,c: F Howard b: R Mathew
9,3rd,GRE vs CAS,CAS,GRE,Connor Brisbane,2,10,0,0,c: F Howard b: M Blanch
9,3rd,GRE vs CAS,CAS,GRE,Samuel Clark,3,11,0,0,c: T Booth b: M Blanch
9,3rd,GRE vs CAS,CAS,GRE,Aidan McConnell,9,30,1,0,st: b: R Wickramasurendra
9,3rd,GRE vs CAS,CAS,GRE,Trent Waring,28,21,2,1,"run out (A Blanch, F Howard)"
9,3rd,GRE vs CAS,CAS,GRE,Charlie Karaluwinne,2,2,0,0,not out
9,3rd,GRE vs CAS,CAS,GRE,Mitch Clark,,,,,did not bat
9,3rd,GRE vs CAS,CAS,GRE,Rikard Friedrich,,,,,did not bat
9,3rd,GRE vs CAS,GRE,CAS,Max Heffernan,17,25,1,0,c: A Sharma b: A McConnell
9,3rd,GRE vs CAS,GRE,CAS,Aaron D'souza,9,16,2,0,c: M Rabbani b: M Clark
9,3rd,GRE vs CAS,GRE,CAS,Ahmed Raza,88,89,12,1,not out
9,3rd,GRE vs CAS,GRE,CAS,Aaron Blanch,25,27,2,1,c: M Rabbani b: C Karaluwinne
9,3rd,GRE vs CAS,GRE,CAS,Enrique Sidhu,9,14,1,0,c: C Karaluwinne b: A McConnell
9,3rd,GRE vs CAS,GRE,CAS,Siddharth Neelakantan,2,11,0,0,not out
9,3rd,GRE vs CAS,GRE,CAS,Matthew Blanch,,,,,did not bat
9,3rd,GRE vs CAS,GRE,CAS,Tristan Booth,,,,,did not bat
9,3rd,GRE vs CAS,GRE,CAS,Felix Howard,,,,,did not bat
9,3rd,GRE vs CAS,GRE,CAS,Rohan Mathew,,,,,did not bat
9,3rd,GRE vs CAS,GRE,CAS,Krishna Sridhar,,,,,did not bat
9,3rd,GRE vs CAS,GRE,CAS,Rison Wickramasurendra,,,,,did not bat
9,3rd,DAN vs FRA,FRA,DAN,Rohan Chandel,3,12,0,0,c: N Langham b: A McIlroy
9,3rd,DAN vs FRA,FRA,DAN,Aryan Mohan,2,13,0,0,lbw: A McIlroy
9,3rd,DAN vs FRA,FRA,DAN,Liam Antonello,53,78,4,1,st: N Langham b: T Nandini
9,3rd,DAN vs FRA,FRA,DAN,Shehzad Singh,51,55,1,6,c: M Stone b: T Nandini
9,3rd,DAN vs FRA,FRA,DAN,Christian Smith,16,21,0,2,b: T Shahzad
9,3rd,DAN vs FRA,FRA,DAN,Nathan Giove,16,27,2,0,b: T Nandini
9,3rd,DAN vs FRA,FRA,DAN,Nisith Amarasinghe,37,34,1,3,not out
9,3rd,DAN vs FRA,FRA,DAN,Advit Sharma,5,9,1,0,b: A McIlroy
9,3rd,DAN vs FRA,FRA,DAN,Nick Thurgood,23,21,0,2,not out
9,3rd,DAN vs FRA,FRA,DAN,Rikhil Bharadwaj,,,,,did not bat
9,3rd,DAN vs FRA,FRA,DAN,Thenuka Perera,,,,,did not bat
9,3rd,DAN vs FRA,DAN,FRA,Oscar Scott-Waters,17,31,3,0,lbw: R Bharadwaj
9,3rd,DAN vs FRA,DAN,FRA,Jesse Jewiss,8,18,1,0,c&b: R Chandel
9,3rd,DAN vs FRA,DAN,FRA,Josh Hotston,,5,0,0,b: R Chandel
9,3rd,DAN vs FRA,DAN,FRA,Noah Langham,20,42,2,0,c: S Singh b: N Thurgood
9,3rd,DAN vs FRA,DAN,FRA,Dylan Gray,35,30,2,3,b: N Thurgood
9,3rd,DAN vs FRA,DAN,FRA,Matthew Stone,24,35,3,0,c: N Giove b: T Perera
9,3rd,DAN vs FRA,DAN,FRA,Harish Salwathura,1,6,0,0,b: R Chandel
9,3rd,DAN vs FRA,DAN,FRA,Jack Hay,3,13,0,0,c: C Smith b: T Perera
9,3rd,DAN vs FRA,DAN,FRA,Aaron McIlroy,53,38,2,6,b: A Sharma
9,3rd,DAN vs FRA,DAN,FRA,Jye Dignan,13,27,1,0,b: N Giove
9,3rd,DAN vs FRA,DAN,FRA,Tanush Nandini,3,10,0,0,not out
9,3rd,DAN vs FRA,DAN,FRA,Talal Shahzad,0,0,0,0,not out
9,3rd,ST vs GEE,GEE,ST,Dan Meddings,110,119,5,2,not out
9,3rd,ST vs GEE,GEE,ST,Luke Ashen,19,6,2,1,c: C Paull b: L Watson
9,3rd,ST vs GEE,GEE,ST,Will Ashton,8,19,1,0,c: C Paull b: T Neate
9,3rd,ST vs GEE,GEE,ST,Barnaby Smith,71,86,7,1,c: T Cunningham b: L Watson
9,3rd,ST vs GEE,GEE,ST,Adam Fox,18,15,3,0,c: H Craig b: L Watson
9,3rd,ST vs GEE,GEE,ST,Tom Deighton,,6,0,0,lbw: W Rodda
9,3rd,ST vs GEE,GEE,ST,Gurbir Singh,5,7,0,0,b: W Rodda
9,3rd,ST vs GEE,GEE,ST,Walter Jackson,12,14,1,0,not out
9,3rd,ST vs GEE,GEE,ST,Dinuk de Silva,,,,,did not bat
9,3rd,ST vs GEE,GEE,ST,Aga Danish Hussain,,,,,did not bat
9,3rd,ST vs GEE,GEE,ST,Yuvraj Lidder,,,,,did not bat
9,3rd,ST vs GEE,GEE,ST,Orlando Pender,,,,,did not bat
9,3rd,ST vs GEE,ST,GEE,Jake Klein,55,85,3,0,c: W Ashton b: D de Silva
9,3rd,ST vs GEE,ST,GEE,Jacob Chislett,71,82,9,0,c: A Fox b: T Deighton
9,3rd,ST vs GEE,ST,GEE,Brodie Craig,1,2,0,0,lbw: T Deighton
9,3rd,ST vs GEE,ST,GEE,Tom Courtney,1,7,0,0,lbw: A Hussain
9,3rd,ST vs GEE,ST,GEE,Corey Paull,,1,0,0,b: T Deighton
9,3rd,ST vs GEE,ST,GEE,Hamish Craig,53,50,7,0,c: A Fox b: W Jackson
9,3rd,ST vs GEE,ST,GEE,Joshua Mastin,9,14,0,1,b: O Pender
9,3rd,ST vs GEE,ST,GEE,Thomas Neate,18,13,2,0,not out
9,3rd,ST vs GEE,ST,GEE,Will Rodda,14,12,0,1,b: W Jackson
9,3rd,ST vs GEE,ST,GEE,Toby Cunningham,,1,0,0,c: W Ashton b: O Pender
9,3rd,ST vs GEE,ST,GEE,Lachlan Watson,3,4,0,0,not out
9,3rd,ST vs GEE,ST,GEE,oskar granberg,,,,,did not bat
9,3rd,PRA vs MEL,MEL,PRA,Jack Hope-Bell,4,9,0,0,c: B Reddell b: T Cesaro
9,3rd,PRA vs MEL,MEL,PRA,Jesse van Rooyen,19,20,3,0,c: N Xavier b: T Cesaro
9,3rd,PRA vs MEL,MEL,PRA,Kane Scott,4,9,1,0,lbw: J Finkelstein
9,3rd,PRA vs MEL,MEL,PRA,Alexander Pillay,18,37,2,0,st: M Parrott b: K Williamson
9,3rd,PRA vs MEL,MEL,PRA,Sash Yuvaraj,8,21,0,0,c: M Parrott b: K Williamson
9,3rd,PRA vs MEL,MEL,PRA,Charlie Graham,5,17,0,0,st: M Parrott b: F Good
9,3rd,PRA vs MEL,MEL,PRA,Rushil Ravi,7,19,1,0,b: F Good
9,3rd,PRA vs MEL,MEL,PRA,Luke Pearse,2,15,0,0,b: S Anderson
9,3rd,PRA vs MEL,MEL,PRA,Hamish Braden,,2,0,0,c: M Parrott b: S Anderson
9,3rd,PRA vs MEL,MEL,PRA,Liam McGain,2,20,0,0,b: S Anderson
9,3rd,PRA vs MEL,MEL,PRA,Logan Collins,3,11,0,0,not out
9,3rd,PRA vs MEL,MEL,PRA,Nigel K Munasinghe,,,,,did not bat
9,3rd,PRA vs MEL,PRA,MEL,Oscar Wood,54,46,6,2,not out
9,3rd,PRA vs MEL,PRA,MEL,Yash Goel,27,41,3,0,c: L Pearse b: J Hope-Bell
9,3rd,PRA vs MEL,PRA,MEL,Sam Anderson,0,3,0,0,not out
9,3rd,PRA vs MEL,PRA,MEL,Thomas Cesaro,,,,,did not bat
9,3rd,PRA vs MEL,PRA,MEL,Samuel Field,,,,,did not bat
9,3rd,PRA vs MEL,PRA,MEL,Josh Finkelstein,,,,,did not bat
9,3rd,PRA vs MEL,PRA,MEL,Fletcher Good,,,,,did not bat
9,3rd,PRA vs MEL,PRA,MEL,Max Parrott,,,,,did not bat
9,3rd,PRA vs MEL,PRA,MEL,Brendan Reddell,,,,,did not bat
9,3rd,PRA vs MEL,PRA,MEL,Kyle Williamson,,,,,did not bat
9,3rd,PRA vs MEL,PRA,MEL,Charlie Wolf,,,,,did not bat
9,3rd,PRA vs MEL,PRA,MEL,Nicholas Xavier,,,,,did not bat
10,3rd,ESS vs RIC,RIC,ESS,Zachary Beniwal,7,22,0,0,lbw: N Satyan
10,3rd,ESS vs RIC,RIC,ESS,Vanshjot Sandhu,22,21,3,0,c: L Giblett b: N Satyan
10,3rd,ESS vs RIC,RIC,ESS,Sean Phillips-Williams,24,51,3,0,c: L Giblett b: T Purcell
10,3rd,ESS vs RIC,RIC,ESS,Heath doherty,26,38,2,1,lbw: E Kolaritsch
10,3rd,ESS vs RIC,RIC,ESS,Jessraj Badhaan,19,33,2,0,b: C Dobson
10,3rd,ESS vs RIC,RIC,ESS,Dilawar Ali,5,11,0,0,c: C Hall b: E Kolaritsch
10,3rd,ESS vs RIC,RIC,ESS,Maan Fabian Singh,12,31,0,0,lbw: E Loy-Abrahams
10,3rd,ESS vs RIC,RIC,ESS,Paramvir Singh,8,17,0,0,lbw: E Kolaritsch
10,3rd,ESS vs RIC,RIC,ESS,Agamjot Sandhu,11,19,0,0,not out
10,3rd,ESS vs RIC,RIC,ESS,Krishna Chandak,21,22,0,2,b: E Kolaritsch
10,3rd,ESS vs RIC,RIC,ESS,Aaron Cornish,5,5,0,0,not out
10,3rd,ESS vs RIC,RIC,ESS,Muhammad Abdul Wasay,,,,,did not bat
10,3rd,ESS vs RIC,ESS,RIC,Hugh Lynch,8,23,1,0,lbw: H doherty
10,3rd,ESS vs RIC,ESS,RIC,Joshua Richardson,1,4,0,0,lbw: M Abdul Wasay
10,3rd,ESS vs RIC,ESS,RIC,Lachlan Giblett,28,28,5,0,run out (H doherty)
10,3rd,ESS vs RIC,ESS,RIC,Thomas Purcell,21,23,0,1,c&b: H doherty
10,3rd,ESS vs RIC,ESS,RIC,Ethan Loy-Abrahams,28,48,3,0,c: H doherty b: A Cornish
10,3rd,ESS vs RIC,ESS,RIC,Chris Hall,7,13,0,0,run out (K Chandak)
10,3rd,ESS vs RIC,ESS,RIC,Navnith Satyan,46,71,3,0,c: b: P Singh
10,3rd,ESS vs RIC,ESS,RIC,Tom Cashman,19,31,0,1,c: J Badhaan b: A Cornish
10,3rd,ESS vs RIC,ESS,RIC,Caiden Dobson,1,9,0,0,b: P Singh
10,3rd,ESS vs RIC,ESS,RIC,Ethan Kolaritsch,6,12,0,0,not out
10,3rd,ESS vs RIC,ESS,RIC,Ethan Lovell,1,3,0,0,not out
10,3rd,ESS vs RIC,ESS,RIC,Jackson Reed,,,,,did not bat
10,3rd,GRE vs DAN,DAN,GRE,Sesath Anuradha,30,57,2,0,c: C Smith b: T Perera
10,3rd,GRE vs DAN,DAN,GRE,Aryan Sharma,6,17,1,0,c: C Smith b: R Chandel
10,3rd,GRE vs DAN,DAN,GRE,Anthony Grobler,7,12,1,0,b: R Chandel
10,3rd,GRE vs DAN,DAN,GRE,Ashley Fernando,37,81,3,0,b: R Chandel
10,3rd,GRE vs DAN,DAN,GRE,Panav Jaura,6,14,1,0,c: b: K Sharma
10,3rd,GRE vs DAN,DAN,GRE,Arjun Sharma,31,45,1,0,not out
10,3rd,GRE vs DAN,DAN,GRE,M. Wasantha,12,14,2,0,b: N Giove
10,3rd,GRE vs DAN,DAN,GRE,Samuel Clark,29,30,3,0,run out ()
10,3rd,GRE vs DAN,DAN,GRE,Xavier Cooknell,,,,,did not bat
10,3rd,GRE vs DAN,DAN,GRE,Aidan McConnell,,,,,did not bat
10,3rd,GRE vs DAN,DAN,GRE,Eshann Singh,,,,,did not bat
10,3rd,GRE vs DAN,DAN,GRE,Trent Waring,,,,,did not bat
10,3rd,GRE vs DAN,GRE,DAN,Rohan Chandel,11,27,1,0,c: A Grobler b: S Clark
10,3rd,GRE vs DAN,GRE,DAN,Christian Smith,81,79,11,1,c: A Sharma b: E Singh
10,3rd,GRE vs DAN,GRE,DAN,Liam Antonello,31,55,5,0,lbw: A McConnell
10,3rd,GRE vs DAN,GRE,DAN,Shehzad Singh,3,17,0,0,b: S Clark
10,3rd,GRE vs DAN,GRE,DAN,Kartikay Sharma,5,13,0,0,c: M Wasantha b: S Clark
10,3rd,GRE vs DAN,GRE,DAN,Nisith Amarasinghe,7,16,0,0,not out
10,3rd,GRE vs DAN,GRE,DAN,Nathan Giove,2,2,0,0,b: S Clark
10,3rd,GRE vs DAN,GRE,DAN,Nick Thurgood,22,15,3,1,not out
10,3rd,GRE vs DAN,GRE,DAN,Muhammad Ayaz,,,,,did not bat
10,3rd,GRE vs DAN,GRE,DAN,Rikhil Bharadwaj,,,,,did not bat
10,3rd,GRE vs DAN,GRE,DAN,Thenuka Perera,,,,,did not bat
10,3rd,GRE vs DAN,GRE,DAN,Advit Sharma,,,,,did not bat
10,3rd,MEL vs RIN,RIN,MEL,Connor Hastings,67,108,8,0,lbw: Z Seal
10,3rd,MEL vs RIN,RIN,MEL,Lucien Bienvenu,1,2,0,0,lbw: I Macklin
10,3rd,MEL vs RIN,RIN,MEL,Andrew Young,7,7,1,0,c: b: J Cameron
10,3rd,MEL vs RIN,RIN,MEL,Leo Hatzoglou,69,58,7,4,c: b: A Sharma
10,3rd,MEL vs RIN,RIN,MEL,Hugo Bienvenu,3,6,0,0,lbw: I Macklin
10,3rd,MEL vs RIN,RIN,MEL,Raj Nand,21,23,2,1,b: Z Seal
10,3rd,MEL vs RIN,RIN,MEL,Rafael Epstein,1,4,0,0,b: Z Seal
10,3rd,MEL vs RIN,RIN,MEL,Will Waters,20,34,1,0,c: R Ervine b: I Macklin
10,3rd,MEL vs RIN,RIN,MEL,Harshit Takkar,7,11,1,0,b: J Cameron
10,3rd,MEL vs RIN,RIN,MEL,Brodie O'Donnell,,2,0,0,b: J Cameron
10,3rd,MEL vs RIN,RIN,MEL,Alex Ingpen,0,1,0,0,not out
10,3rd,MEL vs RIN,RIN,MEL,Jacob Stevenson,0,0,0,0,not out
10,3rd,MEL vs RIN,MEL,RIN,Luke Ivanovic,2,9,0,0,b: H Takkar
10,3rd,MEL vs RIN,MEL,RIN,Rohan Ervine,4,12,1,0,c: b: J Stevenson
10,3rd,MEL vs RIN,MEL,RIN,Trent Wynne,4,16,1,0,c: b: J Stevenson
10,3rd,MEL vs RIN,MEL,RIN,George Lyons,9,22,1,0,c: b: J Stevenson
10,3rd,MEL vs RIN,MEL,RIN,Will Banfield,24,47,3,0,c: R Epstein b: W Waters
10,3rd,MEL vs RIN,MEL,RIN,Aiyaan Ariketty,,3,0,0,lbw: J Stevenson
10,3rd,MEL vs RIN,MEL,RIN,Ansh Sharma,2,19,0,0,run out ()
10,3rd,MEL vs RIN,MEL,RIN,Isaac Macklin,11,20,2,0,c: R Epstein b: H Takkar
10,3rd,MEL vs RIN,MEL,RIN,Jarryd Cameron,40,53,4,1,c: R Nand b: L Hatzoglou
10,3rd,MEL vs RIN,MEL,RIN,Xavier Noonan,24,60,1,0,c: J Stevenson b: W Waters
10,3rd,MEL vs RIN,MEL,RIN,Zachary Seal,2,3,0,0,not out
10,3rd,GEE vs CAS,CAS,GEE,Jake Klein,10,22,2,0,run out (K Sridhar)
10,3rd,GEE vs CAS,CAS,GEE,Jacob Chislett,14,19,3,0,c: F Howard b: M Blanch
10,3rd,GEE vs CAS,CAS,GEE,Brodie Craig,49,89,3,2,st: F Howard b: R Wickramasurendra
10,3rd,GEE vs CAS,CAS,GEE,Monty Maloney,18,24,2,0,st: F Howard b: R Wickramasurendra
10,3rd,GEE vs CAS,CAS,GEE,Tom Courtney,26,36,1,0,"run out (R Wickramasurendra, F Howard)"
10,3rd,GEE vs CAS,CAS,GEE,Corey Paull,25,38,2,0,b: M Blanch
10,3rd,GEE vs CAS,CAS,GEE,Joshua Mastin,49,40,4,1,not out
10,3rd,GEE vs CAS,CAS,GEE,Harry Emerson,3,4,0,0,not out
10,3rd,GEE vs CAS,CAS,GEE,Toby Cunningham,,,,,did not bat
10,3rd,GEE vs CAS,CAS,GEE,Will Rodda,,,,,did not bat
10,3rd,GEE vs CAS,CAS,GEE,Paawan Sharma,,,,,did not bat
10,3rd,GEE vs CAS,CAS,GEE,Lachlan Watson,,,,,did not bat
10,3rd,GEE vs CAS,GEE,CAS,Max Heffernan,15,31,1,0,c: L Watson b: M Maloney
10,3rd,GEE vs CAS,GEE,CAS,Rayaan Kochhar,6,9,1,0,lbw: W Rodda
10,3rd,GEE vs CAS,GEE,CAS,Aaron D'souza,8,19,1,0,"run out (T Cunningham, C Paull)"
10,3rd,GEE vs CAS,GEE,CAS,Aaron Blanch,92,86,6,1,c: C Paull b: W Rodda
10,3rd,GEE vs CAS,GEE,CAS,Enrique Sidhu,14,18,3,0,lbw: M Maloney
10,3rd,GEE vs CAS,GEE,CAS,Siddharth Neelakantan,1,12,0,0,b: M Maloney
10,3rd,GEE vs CAS,GEE,CAS,Krishna Sridhar,23,70,1,0,c: C Paull b: W Rodda
10,3rd,GEE vs CAS,GEE,CAS,Felix Howard,4,7,0,0,"run out (T Courtney, C Paull)"
10,3rd,GEE vs CAS,GEE,CAS,Tristan Booth,14,18,1,0,c: C Paull b: W Rodda
10,3rd,GEE vs CAS,GEE,CAS,Matthew Blanch,1,1,0,0,not out
10,3rd,GEE vs CAS,GEE,CAS,Rison Wickramasurendra,4,2,1,0,b: W Rodda
10,3rd,GEE vs CAS,GEE,CAS,Rohan Mathew,,,,,did not bat
10,3rd,GEE vs CAS,GEE,CAS,Ahmed Raza,,,,,did not bat
10,3rd,CAM vs FRA,FRA,CAM,Lucas Smith,51,109,5,0,lbw: J Hay
10,3rd,CAM vs FRA,FRA,CAM,James Jarrett,45,87,3,0,c: D Gray b: T Nandini
10,3rd,CAM vs FRA,FRA,CAM,Yuvin De Silva,1,9,0,0,st: J Hotston b: T Nandini
10,3rd,CAM vs FRA,FRA,CAM,Yevin Koralege,3,11,0,0,b: T Nandini
10,3rd,CAM vs FRA,FRA,CAM,Jack Evans,30,39,1,1,b: A McIlroy
10,3rd,CAM vs FRA,FRA,CAM,Lucas Jones,12,15,0,0,not out
10,3rd,CAM vs FRA,FRA,CAM,Max Burn,,,,,did not bat
10,3rd,CAM vs FRA,FRA,CAM,Simarjit Pawar,,,,,did not bat
10,3rd,CAM vs FRA,FRA,CAM,Ronit Rehal,,,,,did not bat
10,3rd,CAM vs FRA,FRA,CAM,Adam Rixon,,,,,did not bat
10,3rd,CAM vs FRA,FRA,CAM,Thomas Vanderslik,,,,,did not bat
10,3rd,CAM vs FRA,CAM,FRA,Lachlan Walsh,18,36,2,0,c: J Jarrett b: R Rehal
10,3rd,CAM vs FRA,CAM,FRA,Tom Bath,42,62,6,0,c: R Rehal b: M Burn
10,3rd,CAM vs FRA,CAM,FRA,Josh Hotston,10,24,1,0,st: J Jarrett b: T Vanderslik
10,3rd,CAM vs FRA,CAM,FRA,Dylan Gray,6,24,0,0,b: T Vanderslik
10,3rd,CAM vs FRA,CAM,FRA,Jesse Jewiss,,1,0,0,lbw: L Jones
10,3rd,CAM vs FRA,CAM,FRA,Matthew Stone,4,16,0,0,c: R Rehal b: L Jones
10,3rd,CAM vs FRA,CAM,FRA,Harish Salwathura,,2,0,0,c: L Smith b: L Jones
10,3rd,CAM vs FRA,CAM,FRA,Jack Hay,15,33,0,0,c: L Smith b: L Jones
10,3rd,CAM vs FRA,CAM,FRA,Aaron McIlroy,9,22,0,0,c: J Jarrett b: A Rixon
10,3rd,CAM vs FRA,CAM,FRA,Tanush Nandini,1,15,0,0,c: J Jarrett b: L Jones
10,3rd,CAM vs FRA,CAM,FRA,Talal Shahzad,0,0,0,0,not out
10,3rd,CAM vs FRA,CAM,FRA,Jake O’Brien,,,,,did not bat
10,3rd,NOR vs MEL,MEL,NOR,Aryaman Bhardwaj,14,15,2,0,c: M Parrott b: T Cesaro
10,3rd,NOR vs MEL,MEL,NOR,Thomas Cuthbert,6,16,1,0,c: K Parrott b: T Reid
10,3rd,NOR vs MEL,MEL,NOR,Marcus Stables,96,106,9,0,c: C Wolf b: F Good
10,3rd,NOR vs MEL,MEL,NOR,Michael Sacchetta,19,48,1,0,c: K Parrott b: F Good
10,3rd,NOR vs MEL,MEL,NOR,James Shadbolt,1,14,0,0,b: K Williamson
10,3rd,NOR vs MEL,MEL,NOR,Jimmy Anderson,47,60,4,0,lbw: K Williamson
10,3rd,NOR vs MEL,MEL,NOR,Tremayne Ryder,,2,0,0,c: J Finkelstein b: K Williamson
10,3rd,NOR vs MEL,MEL,NOR,Nicholas Pereara,12,9,0,0,not out
10,3rd,NOR vs MEL,MEL,NOR,Ryan Siede,2,4,0,0,not out
10,3rd,NOR vs MEL,MEL,NOR,Qasim Khan,,,,,did not bat
10,3rd,NOR vs MEL,MEL,NOR,Zac Mills,,,,,did not bat
10,3rd,NOR vs MEL,MEL,NOR,Mandiv Ruwanpathirana,,,,,did not bat
10,3rd,NOR vs MEL,NOR,MEL,Yuvraj Sharma,54,65,7,0,c: J Anderson b: Z Mills
10,3rd,NOR vs MEL,NOR,MEL,Sam Anderson,64,86,7,0,c: Z Mills b: Q Khan
10,3rd,NOR vs MEL,NOR,MEL,Brendan Reddell,48,54,5,0,not out
10,3rd,NOR vs MEL,NOR,MEL,Kyle Parrott,42,40,4,0,not out
10,3rd,NOR vs MEL,NOR,MEL,Thomas Cesaro,,,,,did not bat
10,3rd,NOR vs MEL,NOR,MEL,Josh Finkelstein,,,,,did not bat
10,3rd,NOR vs MEL,NOR,MEL,Fletcher Good,,,,,did not bat
10,3rd,NOR vs MEL,NOR,MEL,Max Parrott,,,,,did not bat
10,3rd,NOR vs MEL,NOR,MEL,Tom Reid,,,,,did not bat
10,3rd,NOR vs MEL,NOR,MEL,Kyle Williamson,,,,,did not bat
10,3rd,NOR vs MEL,NOR,MEL,Charlie Wolf,,,,,did not bat
10,3rd,NOR vs MEL,NOR,MEL,Nicholas Xavier,,,,,did not bat
10,3rd,PRA vs CAR,CAR,PRA,Jack Hope-Bell,90,99,10,0,c: b: G Bhour
10,3rd,PRA vs CAR,CAR,PRA,Sash Yuvaraj,32,52,2,0,c: J Pollard b: G Bhour
10,3rd,PRA vs CAR,CAR,PRA,Nathan A Munasinghe,49,57,4,0,c: L Bouckley b: J Tamber
10,3rd,PRA vs CAR,CAR,PRA,Jesse van Rooyen,11,15,1,0,c: H Simpson b: A Thomas
10,3rd,PRA vs CAR,CAR,PRA,Kane Scott,,4,0,0,lbw: A Thomas
10,3rd,PRA vs CAR,CAR,PRA,Rushil Ravi,1,5,0,0,b: A Thomas
10,3rd,PRA vs CAR,CAR,PRA,Charlie Graham,6,11,0,0,c: J Pettitt b: A Thomas
10,3rd,PRA vs CAR,CAR,PRA,Luke Pearse,10,16,0,0,c: J Pollard b: J Tamber
10,3rd,PRA vs CAR,CAR,PRA,Saksham Kapoor,7,11,0,0,not out
10,3rd,PRA vs CAR,CAR,PRA,Fred Sainsbury,,,,,did not bat
10,3rd,PRA vs CAR,CAR,PRA,Liam McGain,,,,,did not bat
10,3rd,PRA vs CAR,CAR,PRA,Sam Dutton,,,,,did not bat
10,3rd,PRA vs CAR,PRA,CAR,Izan Shaikh,43,55,2,1,c: S Dutton b: L McGain
10,3rd,PRA vs CAR,PRA,CAR,Harry Simpson,4,7,1,0,b: S Yuvaraj
10,3rd,PRA vs CAR,PRA,CAR,Rory Edwards,14,35,0,1,c: S Dutton b: L McGain
10,3rd,PRA vs CAR,PRA,CAR,James Pettitt,19,15,3,0,c: J Hope-Bell b: S Kapoor
10,3rd,PRA vs CAR,PRA,CAR,Garry Bhour,1,3,0,0,c: J van Rooyen b: L McGain
10,3rd,PRA vs CAR,PRA,CAR,Lewis Bouckley,24,41,2,0,c: F Sainsbury b: S Kapoor
10,3rd,PRA vs CAR,PRA,CAR,Vincent Bush,5,16,0,0,b: S Kapoor
10,3rd,PRA vs CAR,PRA,CAR,Kanhai Patel,,5,0,0,c: N Munasinghe b: S Kapoor
10,3rd,PRA vs CAR,PRA,CAR,Jujhar Singh Tamber,15,23,0,0,not out
10,3rd,PRA vs CAR,PRA,CAR,Abraham Thomas,,3,0,0,lbw: S Kapoor
10,3rd,PRA vs CAR,PRA,CAR,Jack Beer,7,12,0,0,c: S Yuvaraj b: N Munasinghe
10,3rd,FOO vs FIT,FIT,FOO,Alfie Miles,4,3,1,0,run out (E Waghorn)
10,3rd,FOO vs FIT,FIT,FOO,Daksh Kumar,34,56,2,1,b: E Waghorn
10,3rd,FOO vs FIT,FIT,FOO,Priyansh Chokshi,10,17,1,0,c: A Roach b: A Forbes
10,3rd,FOO vs FIT,FIT,FOO,Ryder obrien,12,14,1,0,c: S Shayan Ahmad b: R Surendran
10,3rd,FOO vs FIT,FIT,FOO,Traveen Pandithakoralege,6,17,0,0,lbw: A Roach
10,3rd,FOO vs FIT,FIT,FOO,Luke Gilham,16,34,2,0,c: B Donnellan b: E Waghorn
10,3rd,FOO vs FIT,FIT,FOO,Lachlan Campbell,16,38,2,0,c&b: L Rees
10,3rd,FOO vs FIT,FIT,FOO,Tanish Taneja,5,12,0,0,lbw: A Roach
10,3rd,FOO vs FIT,FIT,FOO,Samuel Wood,,2,0,0,b: A Roach
10,3rd,FOO vs FIT,FIT,FOO,Stewart Wilson,3,16,0,0,not out
10,3rd,FOO vs FIT,FIT,FOO,Harshal S Suresh,16,26,1,0,c: J Maaskant b: L Green
10,3rd,FOO vs FIT,FIT,FOO,William Pizaro,,,,,did not bat
10,3rd,FOO vs FIT,FOO,FIT,Billy Rayner,25,40,1,0,c: D Kumar b: L Campbell
10,3rd,FOO vs FIT,FOO,FIT,Angus Roach,78,77,7,2,not out
10,3rd,FOO vs FIT,FOO,FIT,Syed Shayan Ahmad,20,34,1,0,not out
10,3rd,FOO vs FIT,FOO,FIT,Max Bradley,,,,,did not bat
10,3rd,FOO vs FIT,FOO,FIT,Benjamin Donnellan,,,,,did not bat
10,3rd,FOO vs FIT,FOO,FIT,Addison Forbes,,,,,did not bat
10,3rd,FOO vs FIT,FOO,FIT,Lachlan Green,,,,,did not bat
10,3rd,FOO vs FIT,FOO,FIT,Joel Maaskant,,,,,did not bat
10,3rd,FOO vs FIT,FOO,FIT,Lachlan Rees,,,,,did not bat
10,3rd,FOO vs FIT,FOO,FIT,Liam Russell,,,,,did not bat
10,3rd,FOO vs FIT,FOO,FIT,Rahul Surendran,,,,,did not bat
10,3rd,FOO vs FIT,FOO,FIT,Edison Waghorn,,,,,did not bat
10,3rd,ST vs KIN,KIN,ST,Will Hamilton,9,25,1,0,c: M Vailisseri b: B Stow
10,3rd,ST vs KIN,KIN,ST,Luke Ashen,140,56,6,14,b: K Scott
10,3rd,ST vs KIN,KIN,ST,Adam Fox,3,11,0,0,b: B Stow
10,3rd,ST vs KIN,KIN,ST,Gurbir Singh,156,127,9,8,not out
10,3rd,ST vs KIN,KIN,ST,Tom Deighton,10,14,1,0,c: K Katta b: A Mannarsamy
10,3rd,ST vs KIN,KIN,ST,Dinuk de Silva,14,25,0,0,c: A Mannarsamy b: G Kaushik
10,3rd,ST vs KIN,KIN,ST,Walter Jackson,9,13,0,0,not out
10,3rd,ST vs KIN,KIN,ST,Aaron Harding,,,,,did not bat
10,3rd,ST vs KIN,KIN,ST,Yuvraj Lidder,,,,,did not bat
10,3rd,ST vs KIN,KIN,ST,Orlando Pender,,,,,did not bat
10,3rd,ST vs KIN,KIN,ST,Angus Robson,,,,,did not bat
10,3rd,ST vs KIN,KIN,ST,Rishikesh Talwar,,,,,did not bat
10,3rd,ST vs KIN,ST,KIN,Rohith Chapalamadugu,16,20,2,0,b: A Harding
10,3rd,ST vs KIN,ST,KIN,Manpreet Singh,29,27,4,0,c&b: T Deighton
10,3rd,ST vs KIN,ST,KIN,Roshan Gunatilake,20,31,1,0,run out (W Jackson)
10,3rd,ST vs KIN,ST,KIN,Luke Sullivan,20,26,1,1,c&b: T Deighton
10,3rd,ST vs KIN,ST,KIN,Mohamed Vailisseri,4,17,0,0,lbw: T Deighton
10,3rd,ST vs KIN,ST,KIN,Kovid Katta,,8,0,0,run out (W Jackson)
10,3rd,ST vs KIN,ST,KIN,Keiran Mant,12,32,1,0,c: A Fox b: D de Silva
10,3rd,ST vs KIN,ST,KIN,Arish Surani,17,36,0,1,not out
10,3rd,ST vs KIN,ST,KIN,Arunkarthik Mannarsamy,,4,0,0,c: R Talwar b: D de Silva
10,3rd,ST vs KIN,ST,KIN,Kyle Scott,1,5,0,0,b: D de Silva
10,3rd,ST vs KIN,ST,KIN,Bradley Stow,9,11,0,1,st: A Fox b: D de Silva
10,3rd,ST vs KIN,ST,KIN,Gurdarshan Kaushik,,,,,did not bat
11,3rd,GRE vs FOO,FOO,GRE,Sesath Anuradha,8,21,1,0,lbw: S Wilson
11,3rd,GRE vs FOO,FOO,GRE,Aryan Sharma,37,59,6,0,"run out (D Kumar, A Miles)"
11,3rd,GRE vs FOO,FOO,GRE,Anthony Grobler,28,50,3,0,c: R Bhasin b: J Norsetter
11,3rd,GRE vs FOO,FOO,GRE,Panav Jaura,35,32,5,1,c: S Wilson b: T Taneja
11,3rd,GRE vs FOO,FOO,GRE,Ashley Fernando,9,16,0,0,lbw: T Taneja
11,3rd,GRE vs FOO,FOO,GRE,Arjun Sharma,4,4,1,0,c: A Miles b: D Kumar
11,3rd,GRE vs FOO,FOO,GRE,M. Wasantha,17,21,2,0,c&b: D Kumar
11,3rd,GRE vs FOO,FOO,GRE,Connor Brisbane,11,15,1,0,lbw: S Wilson
11,3rd,GRE vs FOO,FOO,GRE,Xavier Cooknell,18,29,2,0,not out
11,3rd,GRE vs FOO,FOO,GRE,Aidan McConnell,14,20,0,0,c: A Miles b: T Patankar
11,3rd,GRE vs FOO,FOO,GRE,Tobias Sutherland,3,4,0,0,not out
11,3rd,GRE vs FOO,FOO,GRE,Trent Waring,,,,,did not bat
11,3rd,GRE vs FOO,GRE,FOO,Alfie Miles,34,28,7,0,c: A Grobler b: A McConnell
11,3rd,GRE vs FOO,GRE,FOO,Riyan Bhasin,11,14,2,0,c: A Sharma b: T Sutherland
11,3rd,GRE vs FOO,GRE,FOO,Daksh Kumar,65,60,6,3,c&b: A Fernando
11,3rd,GRE vs FOO,GRE,FOO,Ryder obrien,20,27,2,1,c: A Sharma b: T Sutherland
11,3rd,GRE vs FOO,GRE,FOO,Priyansh Chokshi,,5,0,0,"run out (A Grobler, A Sharma)"
11,3rd,GRE vs FOO,GRE,FOO,Traveen Pandithakoralege,31,35,4,0,not out
11,3rd,GRE vs FOO,GRE,FOO,Tanish Taneja,20,37,1,0,not out
11,3rd,GRE vs FOO,GRE,FOO,Joshua Norsetter,,,,,did not bat
11,3rd,GRE vs FOO,GRE,FOO,Tanish Patankar,,,,,did not bat
11,3rd,GRE vs FOO,GRE,FOO,William Pizaro,,,,,did not bat
11,3rd,GRE vs FOO,GRE,FOO,Harshal S Suresh,,,,,did not bat
11,3rd,GRE vs FOO,GRE,FOO,Stewart Wilson,,,,,did not bat
11,3rd,FIT vs GEE,GEE,FIT,Billy Rayner,20,32,4,0,c: H Craig b: P Sharma
11,3rd,FIT vs GEE,GEE,FIT,Max Bradley,125,126,13,2,not out
11,3rd,FIT vs GEE,GEE,FIT,Syed Shayan Ahmad,8,23,1,0,b: P Sharma
11,3rd,FIT vs GEE,GEE,FIT,Liam Russell,20,34,2,0,c: W Rodda b: T Cunningham
11,3rd,FIT vs GEE,GEE,FIT,Rupptaz Kharoud,53,29,3,4,c: L Watson b: W Rodda
11,3rd,FIT vs GEE,GEE,FIT,Benjamin Donnellan,16,15,1,1,c: H Craig b: K Bienefelt
11,3rd,FIT vs GEE,GEE,FIT,Lachlan Green,9,8,1,0,b: M Maloney
11,3rd,FIT vs GEE,GEE,FIT,Addison Forbes,21,6,0,3,not out
11,3rd,FIT vs GEE,GEE,FIT,Joseph Dossor,,,,,did not bat
11,3rd,FIT vs GEE,GEE,FIT,Joel Maaskant,,,,,did not bat
11,3rd,FIT vs GEE,GEE,FIT,Lachlan Rees,,,,,did not bat
11,3rd,FIT vs GEE,GEE,FIT,Edison Waghorn,,,,,did not bat
11,3rd,FIT vs GEE,FIT,GEE,Hamish Craig,83,75,6,3,c: B Rayner b: J Dossor
11,3rd,FIT vs GEE,FIT,GEE,Jacob Chislett,30,25,6,0,b: A Forbes
11,3rd,FIT vs GEE,FIT,GEE,Monty Maloney,19,31,2,0,b: E Waghorn
11,3rd,FIT vs GEE,FIT,GEE,Tom Courtney,69,79,4,0,c: A Forbes b: J Maaskant
11,3rd,FIT vs GEE,FIT,GEE,Brodie Craig,38,43,3,1,c&b: E Waghorn
11,3rd,FIT vs GEE,FIT,GEE,Kyle Bienefelt,,5,0,0,run out (B Donnellan)
11,3rd,FIT vs GEE,FIT,GEE,Corey Paull,28,13,2,1,not out
11,3rd,FIT vs GEE,FIT,GEE,Joshua Mastin,1,2,0,0,not out
11,3rd,FIT vs GEE,FIT,GEE,Toby Cunningham,,,,,did not bat
11,3rd,FIT vs GEE,FIT,GEE,Will Rodda,,,,,did not bat
11,3rd,FIT vs GEE,FIT,GEE,Paawan Sharma,,,,,did not bat
11,3rd,FIT vs GEE,FIT,GEE,Lachlan Watson,,,,,did not bat
11,3rd,PRA vs RIC,RIC,PRA,Henry Nicholls,55,49,2,5,c: C Morris b: J Reed
11,3rd,PRA vs RIC,RIC,PRA,Lachlan Zissis,4,4,1,0,c&b: E Lovell
11,3rd,PRA vs RIC,RIC,PRA,Nathan A Munasinghe,80,98,4,3,b: C Hall
11,3rd,PRA vs RIC,RIC,PRA,Jesse van Rooyen,64,83,4,0,not out
11,3rd,PRA vs RIC,RIC,PRA,Kane Scott,,1,0,0,c: E Kolaritsch b: C Hall
11,3rd,PRA vs RIC,RIC,PRA,Sash Yuvaraj,3,12,0,0,c: H Lynch b: J Reed
11,3rd,PRA vs RIC,RIC,PRA,Lenny Wilkins,18,13,1,1,b: T Purcell
11,3rd,PRA vs RIC,RIC,PRA,Saksham Kapoor,1,4,0,0,lbw: E Lovell
11,3rd,PRA vs RIC,RIC,PRA,Sam Beer,1,1,0,0,run out (T Cashman)
11,3rd,PRA vs RIC,RIC,PRA,Hamish Braden,6,5,1,0,not out
11,3rd,PRA vs RIC,RIC,PRA,Liam McGain,,,,,did not bat
11,3rd,PRA vs RIC,RIC,PRA,Nigel K Munasinghe,,,,,did not bat
11,3rd,PRA vs RIC,PRA,RIC,Joshua Richardson,63,88,5,0,c: H Braden b: S Beer
11,3rd,PRA vs RIC,PRA,RIC,Hugh Lynch,31,46,2,0,c: J van Rooyen b: S Yuvaraj
11,3rd,PRA vs RIC,PRA,RIC,Lachlan Giblett,4,14,0,0,b: S Yuvaraj
11,3rd,PRA vs RIC,PRA,RIC,Brendan Rose,2,4,0,0,b: S Kapoor
11,3rd,PRA vs RIC,PRA,RIC,Thomas Purcell,28,30,3,1,c: N Munasinghe b: S Beer
11,3rd,PRA vs RIC,PRA,RIC,Harry Gell,6,13,0,0,lbw: S Beer
11,3rd,PRA vs RIC,PRA,RIC,Charlie Morris,1,6,0,0,c: H Nicholls b: N Munasinghe
11,3rd,PRA vs RIC,PRA,RIC,Chris Hall,12,13,0,0,c: S Beer b: H Braden
11,3rd,PRA vs RIC,PRA,RIC,Tom Cashman,48,30,0,4,not out
11,3rd,PRA vs RIC,PRA,RIC,Ethan Kolaritsch,19,18,1,1,c: S Beer b: H Braden
11,3rd,PRA vs RIC,PRA,RIC,Ethan Lovell,3,9,0,0,c: H Nicholls b: L McGain
11,3rd,PRA vs RIC,PRA,RIC,Jackson Reed,,,,,did not bat
11,3rd,KIN vs CAS,CAS,KIN,Rohith Chapalamadugu,19,33,2,0,c: N Murphy b: K Sridhar
11,3rd,KIN vs CAS,CAS,KIN,Manpreet Singh,130,104,10,7,c: M Blanch b: T Booth
11,3rd,KIN vs CAS,CAS,KIN,Roshan Gunatilake,22,51,1,1,c: M Blanch b: M Heffernan
11,3rd,KIN vs CAS,CAS,KIN,Aditya Chowdhary,10,15,1,0,c: M Blanch b: N Murphy
11,3rd,KIN vs CAS,CAS,KIN,Mohamed Vailisseri,56,48,3,2,not out
11,3rd,KIN vs CAS,CAS,KIN,Kovid Katta,21,19,0,1,c: A Blanch b: N Murphy
11,3rd,KIN vs CAS,CAS,KIN,Keiran Mant,0,1,0,0,not out
11,3rd,KIN vs CAS,CAS,KIN,Gurdarshan Kaushik,,,,,did not bat
11,3rd,KIN vs CAS,CAS,KIN,Arunkarthik Mannarsamy,,,,,did not bat
11,3rd,KIN vs CAS,CAS,KIN,Bradley Stow,,,,,did not bat
11,3rd,KIN vs CAS,CAS,KIN,Arish Surani,,,,,did not bat
11,3rd,KIN vs CAS,KIN,CAS,Max Heffernan,43,54,4,1,st: M Vailisseri b: G Kaushik
11,3rd,KIN vs CAS,KIN,CAS,Aaron D'souza,19,22,3,0,lbw: B Stow
11,3rd,KIN vs CAS,KIN,CAS,Rayaan Kochhar,21,46,2,0,b: A Mannarsamy
11,3rd,KIN vs CAS,KIN,CAS,Aaron Blanch,5,10,0,0,b: G Kaushik
11,3rd,KIN vs CAS,KIN,CAS,Akith Abeywickrama,6,24,0,0,c&b: A Mannarsamy
11,3rd,KIN vs CAS,KIN,CAS,Krishna Sridhar,49,62,4,1,c: K Katta b: R Chapalamadugu
11,3rd,KIN vs CAS,KIN,CAS,Enrique Sidhu,2,9,0,0,lbw: A Surani
11,3rd,KIN vs CAS,KIN,CAS,Felix Howard,4,16,0,0,c&b: A Mannarsamy
11,3rd,KIN vs CAS,KIN,CAS,Tristan Booth,16,24,1,0,not out
11,3rd,KIN vs CAS,KIN,CAS,Rison Wickramasurendra,3,3,0,0,not out
11,3rd,KIN vs CAS,KIN,CAS,Matthew Blanch,,,,,did not bat
11,3rd,KIN vs CAS,KIN,CAS,Nate Murphy,,,,,did not bat
11,3rd,CAR vs RIN,RIN,CAR,Harry Simpson,92,101,7,4,c: I Macklin b: Z Seal
11,3rd,CAR vs RIN,RIN,CAR,Nicanor Martel,14,24,2,0,c: J Cameron b: Z Seal
11,3rd,CAR vs RIN,RIN,CAR,Rory Edwards,16,38,0,0,c&b: C Moore
11,3rd,CAR vs RIN,RIN,CAR,James Pettitt,1,9,0,0,c: G Lyons b: C Moore
11,3rd,CAR vs RIN,RIN,CAR,Lewis Bouckley,70,71,7,2,b: I Macklin
11,3rd,CAR vs RIN,RIN,CAR,Seth McGinty,35,26,2,2,not out
11,3rd,CAR vs RIN,RIN,CAR,Garry Bhour,,1,0,0,b: I Macklin
11,3rd,CAR vs RIN,RIN,CAR,Dhanush Dahiya,3,5,0,0,not out
11,3rd,CAR vs RIN,RIN,CAR,Abraham Thomas,,,,,did not bat
11,3rd,CAR vs RIN,RIN,CAR,Jack Beer,,,,,did not bat
11,3rd,CAR vs RIN,RIN,CAR,Jujhar Singh Tamber,,,,,did not bat
11,3rd,CAR vs RIN,RIN,CAR,Kanhai Patel,,,,,did not bat
11,3rd,CAR vs RIN,CAR,RIN,Charlie Moore,45,41,7,0,b: K Patel
11,3rd,CAR vs RIN,CAR,RIN,Rohan Ervine,20,26,4,0,lbw: S McGinty
11,3rd,CAR vs RIN,CAR,RIN,Luke Ivanovic,131,103,10,8,not out
11,3rd,CAR vs RIN,CAR,RIN,Trent Wynne,22,45,1,0,c&b: S McGinty
11,3rd,CAR vs RIN,CAR,RIN,Will Banfield,21,32,1,0,c: N Martel b: K Patel
11,3rd,CAR vs RIN,CAR,RIN,Ranen Gandhi,8,13,0,0,not out
11,3rd,NOR vs ST,ST,NOR,Thomas Cuthbert,37,42,5,0,b: W Jackson
11,3rd,NOR vs ST,ST,NOR,James Shadbolt,23,47,1,0,c: Y Lidder b: W Jackson
11,3rd,NOR vs ST,ST,NOR,Earl Dicesare,52,49,6,2,c: W Ashton b: A Harding
11,3rd,NOR vs ST,ST,NOR,Michael Sacchetta,16,45,1,0,lbw: D de Silva
11,3rd,NOR vs ST,ST,NOR,Jimmy Anderson,19,29,0,1,c: L Ashen b: W Jackson
11,3rd,NOR vs ST,ST,NOR,Nicholas Pereara,,2,0,0,b: D de Silva
11,3rd,NOR vs ST,ST,NOR,Zac Mills,1,5,0,0,lbw: A Harding
11,3rd,NOR vs ST,ST,NOR,Akshay Khabarwal,8,23,0,0,c: D de Silva b: T Deighton
11,3rd,NOR vs ST,ST,NOR,Mandiv Ruwanpathirana,,2,0,0,b: T Deighton
11,3rd,NOR vs ST,ST,NOR,Qasim Khan,4,7,0,0,not out
11,3rd,NOR vs ST,ST,NOR,Leonardo Manteit,,2,0,0,b: A Harding
11,3rd,NOR vs ST,ST,NOR,Liam Rowley,,,,,did not bat
11,3rd,NOR vs ST,NOR,ST,Will Hamilton,22,26,2,0,c: J Anderson b: Z Mills
11,3rd,NOR vs ST,NOR,ST,Luke Ashen,17,12,2,1,c: J Anderson b: L Manteit
11,3rd,NOR vs ST,NOR,ST,Will Ashton,29,55,3,0,b: E Dicesare
11,3rd,NOR vs ST,NOR,ST,Gurbir Singh,55,62,4,0,not out
11,3rd,NOR vs ST,NOR,ST,Adam Fox,8,11,1,0,c: J Anderson b: A Khabarwal
11,3rd,NOR vs ST,NOR,ST,Tom Deighton,,2,0,0,lbw: E Dicesare
11,3rd,NOR vs ST,NOR,ST,Dinuk de Silva,30,48,1,1,not out
11,3rd,NOR vs ST,NOR,ST,Aaron Harding,,,,,did not bat
11,3rd,NOR vs ST,NOR,ST,Walter Jackson,,,,,did not bat
11,3rd,NOR vs ST,NOR,ST,Yuvraj Lidder,,,,,did not bat
11,3rd,NOR vs ST,NOR,ST,Orlando Pender,,,,,did not bat
11,3rd,NOR vs ST,NOR,ST,Angus Robson,,,,,did not bat
11,3rd,MEL vs ESS,ESS,MEL,Connor Hastings,20,40,4,0,lbw: A Cornish
11,3rd,MEL vs ESS,ESS,MEL,Lucien Bienvenu,,2,0,0,b: P Singh
11,3rd,MEL vs ESS,ESS,MEL,Benjamin Rolfs,79,103,9,0,b: L Miraz
11,3rd,MEL vs ESS,ESS,MEL,Leo Hatzoglou,10,34,2,0,c: S Phillips-Williams b: A Cornish
11,3rd,MEL vs ESS,ESS,MEL,Andrew Young,60,66,5,1,c: M Singh b: L Miraz
11,3rd,MEL vs ESS,ESS,MEL,Hugo Bienvenu,15,20,2,0,not out
11,3rd,MEL vs ESS,ESS,MEL,Raj Nand,9,5,1,0,not out
11,3rd,MEL vs ESS,ESS,MEL,Rafael Epstein,,,,,did not bat
11,3rd,MEL vs ESS,ESS,MEL,Alex Ingpen,,,,,did not bat
11,3rd,MEL vs ESS,ESS,MEL,Hunter Kremer-Slevin,,,,,did not bat
11,3rd,MEL vs ESS,ESS,MEL,Jacob Stevenson,,,,,did not bat
11,3rd,MEL vs ESS,ESS,MEL,Will Waters,,,,,did not bat
11,3rd,MEL vs ESS,MEL,ESS,Vihanga Fernando,40,76,5,0,c: A Young b: W Waters
11,3rd,MEL vs ESS,MEL,ESS,Vanshjot Sandhu,6,9,1,0,c: A Young b: J Stevenson
11,3rd,MEL vs ESS,MEL,ESS,Zachary Beniwal,1,9,0,0,b: J Stevenson
11,3rd,MEL vs ESS,MEL,ESS,Jackson Martin,1,3,0,0,c: R Epstein b: H Kremer-Slevin
11,3rd,MEL vs ESS,MEL,ESS,Jessraj Badhaan,6,14,1,0,c: R Epstein b: L Hatzoglou
11,3rd,MEL vs ESS,MEL,ESS,Sean Phillips-Williams,21,39,2,0,c: J Stevenson b: R Nand
11,3rd,MEL vs ESS,MEL,ESS,Heath doherty,2,7,0,0,c: J Stevenson b: W Waters
11,3rd,MEL vs ESS,MEL,ESS,Paramvir Singh,23,28,3,1,c: A Ingpen b: W Waters
11,3rd,MEL vs ESS,MEL,ESS,Luay Miraz,5,20,0,0,c: L Hatzoglou b: H Kremer-Slevin
11,3rd,MEL vs ESS,MEL,ESS,Maan Fabian Singh,3,10,0,0,not out
11,3rd,MEL vs ESS,MEL,ESS,Agamjot Sandhu,,1,0,0,lbw: H Kremer-Slevin
11,3rd,MEL vs ESS,MEL,ESS,Aaron Cornish,,,,,did not bat
11,3rd,MEL vs FRA,FRA,MEL,Oscar Wood,70,74,7,0,c: A McIlroy b: J Dignan
11,3rd,MEL vs FRA,FRA,MEL,Sam Anderson,35,55,5,0,c: J Dignan b: M Stone
11,3rd,MEL vs FRA,FRA,MEL,Brendan Reddell,3,8,0,0,run out ()
11,3rd,MEL vs FRA,FRA,MEL,Kyle Parrott,50,57,5,0,c: J Edwards b: A McIlroy
11,3rd,MEL vs FRA,FRA,MEL,Max Parrott,4,15,0,0,c: J Jewiss b: T Nandini
11,3rd,MEL vs FRA,FRA,MEL,Charlie Wolf,32,41,2,0,c: T Bath b: M Stone
11,3rd,MEL vs FRA,FRA,MEL,Yash Goel,1,5,0,0,run out ()
11,3rd,MEL vs FRA,FRA,MEL,Nicholas Critchley,6,10,0,0,not out
11,3rd,MEL vs FRA,FRA,MEL,Kyle Williamson,14,9,1,1,not out
11,3rd,MEL vs FRA,FRA,MEL,Josh Finkelstein,,,,,did not bat
11,3rd,MEL vs FRA,FRA,MEL,Fletcher Good,,,,,did not bat
11,3rd,MEL vs FRA,FRA,MEL,Simon O’Brien,,,,,did not bat
11,3rd,MEL vs FRA,MEL,FRA,Oscar Scott-Waters,,2,0,0,lbw: J Finkelstein
11,3rd,MEL vs FRA,MEL,FRA,Tom Bath,2,12,0,0,lbw: J Finkelstein
11,3rd,MEL vs FRA,MEL,FRA,Josh Hotston,12,37,0,0,lbw: S O’Brien
11,3rd,MEL vs FRA,MEL,FRA,Joshua Edwards,83,86,8,0,not out
11,3rd,MEL vs FRA,MEL,FRA,Jesse Jewiss,,6,0,0,b: S Anderson
11,3rd,MEL vs FRA,MEL,FRA,Dylan Gray,10,28,1,0,run out (S Anderson)
11,3rd,MEL vs FRA,MEL,FRA,Matthew Stone,,1,0,0,c: K Williamson b: N Critchley
11,3rd,MEL vs FRA,MEL,FRA,Aaron McIlroy,18,22,2,0,c&b: K Williamson
11,3rd,MEL vs FRA,MEL,FRA,Jye Dignan,17,31,0,0,b: K Williamson
11,3rd,MEL vs FRA,MEL,FRA,Tanush Nandini,2,14,0,0,c: K Parrott b: K Williamson
11,3rd,MEL vs FRA,MEL,FRA,Talal Shahzad,,1,0,0,st: M Parrott b: K Williamson
11,3rd,MEL vs FRA,MEL,FRA,Luke Walker,,,,,did not bat
11,3rd,CAM vs DAN,DAN,CAM,Lucas Smith,100,140,10,2,not out
11,3rd,CAM vs DAN,DAN,CAM,Jack Di Stefano,39,56,5,0,c: N Thurgood b: N Amarasinghe
11,3rd,CAM vs DAN,DAN,CAM,James Jarrett,20,32,1,0,b: R Chandel
11,3rd,CAM vs DAN,DAN,CAM,Yuvin De Silva,5,19,0,0,b: R Bharadwaj
11,3rd,CAM vs DAN,DAN,CAM,Jack Evans,1,4,0,0,b: T Perera
11,3rd,CAM vs DAN,DAN,CAM,Lucas Jones,13,20,1,0,b: A Sharma
11,3rd,CAM vs DAN,DAN,CAM,Andrew Procopiou,,1,0,0,lbw: A Sharma
11,3rd,CAM vs DAN,DAN,CAM,Max Burn,,,,,did not bat
11,3rd,CAM vs DAN,DAN,CAM,Ronit Rehal,,,,,did not bat
11,3rd,CAM vs DAN,DAN,CAM,Adam Rixon,,,,,did not bat
11,3rd,CAM vs DAN,DAN,CAM,DAKSH SAINI,,,,,did not bat
11,3rd,CAM vs DAN,DAN,CAM,Thomas Vanderslik,,,,,did not bat
11,3rd,CAM vs DAN,CAM,DAN,Christian Smith,71,80,8,3,c: A Procopiou b: T Vanderslik
11,3rd,CAM vs DAN,CAM,DAN,Rohan Chandel,18,46,0,0,c: M Burn b: D SAINI
11,3rd,CAM vs DAN,CAM,DAN,Liam Antonello,23,33,2,1,c: A Procopiou b: A Rixon
11,3rd,CAM vs DAN,CAM,DAN,Shehzad Singh,34,55,1,1,not out
11,3rd,CAM vs DAN,CAM,DAN,Nisith Amarasinghe,1,8,0,0,c: J Di Stefano b: T Vanderslik
11,3rd,CAM vs DAN,CAM,DAN,Jett Kelly,6,17,1,0,c: J Jarrett b: M Burn
11,3rd,CAM vs DAN,CAM,DAN,Kartikay Sharma,1,2,0,0,lbw: M Burn
11,3rd,CAM vs DAN,CAM,DAN,Nathan Giove,10,20,0,1,not out
11,3rd,CAM vs DAN,CAM,DAN,Rikhil Bharadwaj,,,,,did not bat
11,3rd,CAM vs DAN,CAM,DAN,Thenuka Perera,,,,,did not bat
11,3rd,CAM vs DAN,CAM,DAN,Advit Sharma,,,,,did not bat
11,3rd,CAM vs DAN,CAM,DAN,Nick Thurgood,,,,,did not bat
12,3rd,1st RIC vs 1st RIN,1st RIN,1st RIC,Brendan Rose,13,13,2,0,c: b: D Noonan
12,3rd,1st RIC vs 1st RIN,1st RIN,1st RIC,Caiden Dobson,7,8,1,0,b: I Macklin
12,3rd,1st RIC vs 1st RIN,1st RIN,1st RIC,Tom Cashman,5,8,0,0,c: b: D Noonan
12,3rd,1st RIC vs 1st RIN,1st RIN,1st RIC,Harry Gell,,1,0,0,b: D Noonan
12,3rd,1st RIC vs 1st RIN,1st RIN,1st RIC,Thomas Purcell,,4,0,0,b: D Noonan
12,3rd,1st RIC vs 1st RIN,1st RIN,1st RIC,Charlie Morris,26,53,5,0,c: T Wynne b: B O’Riley
12,3rd,1st RIC vs 1st RIN,1st RIN,1st RIC,John Conway,62,107,5,2,c: L Payne b: P Mishra
12,3rd,1st RIC vs 1st RIN,1st RIN,1st RIC,Chris Hall,18,55,0,0,c: T Wynne b: I Macklin
12,3rd,1st RIC vs 1st RIN,1st RIN,1st RIC,Ethan Kolaritsch,21,33,1,1,c: S Parab b: Z Seal
12,3rd,1st RIC vs 1st RIN,1st RIN,1st RIC,Ethan Lovell,18,29,3,0,c: P Mishra b: D Noonan
12,3rd,1st RIC vs 1st RIN,1st RIN,1st RIC,Jackson Reed,6,16,1,0,not out
12,3rd,1st RIC vs 1st RIN,1st RIN,1st RIC,Charlie Wigney,,,,,did not bat
12,3rd,1st RIC vs 1st RIN,1st RIC,1st RIN,Prabhav Mishra,37,78,3,0,c: T Purcell b: C Dobson
12,3rd,1st RIC vs 1st RIN,1st RIC,1st RIN,Trent Wynne,,6,0,0,c: C Morris b: C Wigney
12,3rd,1st RIC vs 1st RIN,1st RIC,1st RIN,Bailey O’Riley,48,105,8,0,b: C Wigney
12,3rd,1st RIC vs 1st RIN,1st RIC,1st RIN,Ranen Gandhi,26,106,2,0,c: b: J Reed
12,3rd,1st RIC vs 1st RIN,1st RIC,1st RIN,Will Banfield,20,43,2,0,c: T Purcell b: C Dobson
12,3rd,1st RIC vs 1st RIN,1st RIC,1st RIN,George Lyons,13,36,0,0,c: C Dobson b: C Hall
12,3rd,1st RIC vs 1st RIN,1st RIC,1st RIN,Isaac Macklin,1,3,0,0,"run out (C Dobson, T Purcell)"
12,3rd,1st RIC vs 1st RIN,1st RIC,1st RIN,Shaunak Parab,44,60,6,0,c: C Wigney b: E Lovell
12,3rd,1st RIC vs 1st RIN,1st RIC,1st RIN,Gabe Lawson,4,9,1,0,c: C Wigney b: J Reed
12,3rd,1st RIC vs 1st RIN,1st RIC,1st RIN,Lachlan Payne,13,59,2,0,c: H Gell b: E Kolaritsch
12,3rd,1st RIC vs 1st RIN,1st RIC,1st RIN,Zachary Seal,4,18,0,0,not out
12,3rd,1st RIC vs 1st RIN,1st RIC,1st RIN,Darcy Noonan,,,,,did not bat
12,3rd,1st RIC vs 1st RIN,1st RIC,2nd RIC,Brendan Rose,4,12,1,0,not out
12,3rd,1st RIC vs 1st RIN,1st RIC,2nd RIC,Caiden Dobson,2,6,0,0,not out
12,3rd,1st RIC vs 1st RIN,1st RIC,2nd RIC,Tom Cashman,,,,,did not bat
12,3rd,1st RIC vs 1st RIN,1st RIC,2nd RIC,John Conway,,,,,did not bat
12,3rd,1st RIC vs 1st RIN,1st RIC,2nd RIC,Harry Gell,,,,,did not bat
12,3rd,1st RIC vs 1st RIN,1st RIC,2nd RIC,Chris Hall,,,,,did not bat
12,3rd,1st RIC vs 1st RIN,1st RIC,2nd RIC,Ethan Kolaritsch,,,,,did not bat
12,3rd,1st RIC vs 1st RIN,1st RIC,2nd RIC,Ethan Lovell,,,,,did not bat
12,3rd,1st RIC vs 1st RIN,1st RIC,2nd RIC,Charlie Morris,,,,,did not bat
12,3rd,1st RIC vs 1st RIN,1st RIC,2nd RIC,Thomas Purcell,,,,,did not bat
12,3rd,1st RIC vs 1st RIN,1st RIC,2nd RIC,Jackson Reed,,,,,did not bat
12,3rd,1st RIC vs 1st RIN,1st RIC,2nd RIC,Charlie Wigney,,,,,did not bat
12,3rd,1st NOR vs 1st ESS,1st ESS,1st NOR,Thomas Cuthbert,12,22,2,0,b: A Sandhu
12,3rd,1st NOR vs 1st ESS,1st ESS,1st NOR,Parvan Singh,13,20,2,0,c: b: A Sandhu
12,3rd,1st NOR vs 1st ESS,1st ESS,1st NOR,Ben Pereara,36,40,6,0,lbw: P Singh
12,3rd,1st NOR vs 1st ESS,1st ESS,1st NOR,Bailey Hosemans,15,36,2,0,b: P Singh
12,3rd,1st NOR vs 1st ESS,1st ESS,1st NOR,Earl Dicesare,31,25,6,0,lbw: A Cornish
12,3rd,1st NOR vs 1st ESS,1st ESS,1st NOR,Jimmy Anderson,12,40,1,0,c: Z Beniwal b: A Cornish
12,3rd,1st NOR vs 1st ESS,1st ESS,1st NOR,Nicholas Pereara,26,46,3,0,c: b: A Cornish
12,3rd,1st NOR vs 1st ESS,1st ESS,1st NOR,Ryan Siede,100,158,8,0,not out
12,3rd,1st NOR vs 1st ESS,1st ESS,1st NOR,Zac Mills,24,40,3,0,c: b: H doherty
12,3rd,1st NOR vs 1st ESS,1st ESS,1st NOR,Akshay Khabarwal,11,27,1,0,c: b: M Abdul Wasay
12,3rd,1st NOR vs 1st ESS,1st ESS,1st NOR,Thomas Lambert,19,87,1,0,not out
12,3rd,1st NOR vs 1st ESS,1st ESS,1st NOR,Connor Burchall,,,,,did not bat
12,3rd,1st NOR vs 1st ESS,1st NOR,1st ESS,Vihanga Fernando,8,3,2,0,c: J Anderson b: C Burchall
12,3rd,1st NOR vs 1st ESS,1st NOR,1st ESS,Vanshjot Sandhu,19,29,4,0,c: N Pereara b: Z Mills
12,3rd,1st NOR vs 1st ESS,1st NOR,1st ESS,Zachary Beniwal,,6,0,0,c: P Singh b: Z Mills
12,3rd,1st NOR vs 1st ESS,1st NOR,1st ESS,Sean Phillips-Williams,33,56,6,0,b: E Dicesare
12,3rd,1st NOR vs 1st ESS,1st NOR,1st ESS,Jackson Martin,81,105,15,2,lbw: Z Mills
12,3rd,1st NOR vs 1st ESS,1st NOR,1st ESS,Jessraj Badhaan,4,15,1,0,c: C Burchall b: A Khabarwal
12,3rd,1st NOR vs 1st ESS,1st NOR,1st ESS,Heath doherty,45,38,10,0,run out ()
12,3rd,1st NOR vs 1st ESS,1st NOR,1st ESS,Paramvir Singh,23,27,4,0,b: Z Mills
12,3rd,1st NOR vs 1st ESS,1st NOR,1st ESS,Maan Fabian Singh,11,20,1,0,c: J Anderson b: C Burchall
12,3rd,1st NOR vs 1st ESS,1st NOR,1st ESS,Agamjot Sandhu,0,1,0,0,not out
12,3rd,1st NOR vs 1st ESS,1st NOR,1st ESS,Aaron Cornish,,3,0,0,b: Z Mills
12,3rd,1st NOR vs 1st ESS,1st NOR,1st ESS,Muhammad Abdul Wasay,,,,,did not bat
12,3rd,1st DAN vs 1st GEE,1st GEE,1st DAN,Nick Thurgood,,2,0,0,c&b: K Bienefelt
12,3rd,1st DAN vs 1st GEE,1st GEE,1st DAN,Christian Smith,1,4,0,0,c: K Bienefelt b: L Watson
12,3rd,1st DAN vs 1st GEE,1st GEE,1st DAN,Liam Antonello,6,14,1,0,c: C Paull b: L Watson
12,3rd,1st DAN vs 1st GEE,1st GEE,1st DAN,Shehzad Singh,,2,0,0,c: B Craig b: L Watson
12,3rd,1st DAN vs 1st GEE,1st GEE,1st DAN,Nisith Amarasinghe,,3,0,0,c: C Paull b: L Watson
12,3rd,1st DAN vs 1st GEE,1st GEE,1st DAN,Jett Kelly,21,50,3,0,c: C Paull b: W Rodda
12,3rd,1st DAN vs 1st GEE,1st GEE,1st DAN,Kartikay Sharma,54,81,8,0,b: K Bienefelt
12,3rd,1st DAN vs 1st GEE,1st GEE,1st DAN,Darcy Freeman,5,20,0,0,lbw: T Cunningham
12,3rd,1st DAN vs 1st GEE,1st GEE,1st DAN,Neil D'Souza,33,72,2,2,not out
12,3rd,1st DAN vs 1st GEE,1st GEE,1st DAN,Advit Sharma,,6,0,0,c: J Chislett b: K Bienefelt
12,3rd,1st DAN vs 1st GEE,1st GEE,1st DAN,Rikhil Bharadwaj,9,46,1,0,lbw: P Sharma
12,3rd,1st DAN vs 1st GEE,1st GEE,1st DAN,Thenuka Perera,,,,,did not bat
12,3rd,1st DAN vs 1st GEE,1st DAN,1st GEE,Jacob Chislett,9,52,2,0,b: K Sharma
12,3rd,1st DAN vs 1st GEE,1st DAN,1st GEE,Corey Paull,6,18,1,0,b: A Sharma
12,3rd,1st DAN vs 1st GEE,1st DAN,1st GEE,Brodie Craig,19,44,3,0,b: T Perera
12,3rd,1st DAN vs 1st GEE,1st DAN,1st GEE,Tom Courtney,125,215,15,0,not out
12,3rd,1st DAN vs 1st GEE,1st DAN,1st GEE,Monty Maloney,18,73,2,0,c: D Freeman b: R Bharadwaj
12,3rd,1st DAN vs 1st GEE,1st DAN,1st GEE,Joshua Mastin,57,92,9,0,st: C Smith b: J Kelly
12,3rd,1st DAN vs 1st GEE,1st DAN,1st GEE,Kyle Bienefelt,57,55,9,2,not out
12,3rd,1st DAN vs 1st GEE,1st DAN,1st GEE,Toby Cunningham,,,,,did not bat
12,3rd,1st DAN vs 1st GEE,1st DAN,1st GEE,Tamar Holt,,,,,did not bat
12,3rd,1st DAN vs 1st GEE,1st DAN,1st GEE,Will Rodda,,,,,did not bat
12,3rd,1st DAN vs 1st GEE,1st DAN,1st GEE,Paawan Sharma,,,,,did not bat
12,3rd,1st DAN vs 1st GEE,1st DAN,1st GEE,Lachlan Watson,,,,,did not bat
12,3rd,1st FRA vs 1st FIT,1st FIT,1st FRA,Oscar Scott-Waters,22,93,3,0,c&b: J Dossor
12,3rd,1st FRA vs 1st FIT,1st FIT,1st FRA,Tom Bath,22,61,4,0,run out (B Donnellan)
12,3rd,1st FRA vs 1st FIT,1st FIT,1st FRA,Josh Hotston,,7,0,0,c&b: J Dossor
12,3rd,1st FRA vs 1st FIT,1st FIT,1st FRA,Sean Parker,13,33,2,0,c: L De Silva b: J Dossor
12,3rd,1st FRA vs 1st FIT,1st FIT,1st FRA,Lachlan Curtis,48,44,7,1,b: R Surendran
12,3rd,1st FRA vs 1st FIT,1st FIT,1st FRA,Dylan Gray,14,73,2,0,c: S Shayan Ahmad b: A Forbes
12,3rd,1st FRA vs 1st FIT,1st FIT,1st FRA,Matthew Stone,16,34,3,0,c: L De Silva b: A Forbes
12,3rd,1st FRA vs 1st FIT,1st FIT,1st FRA,Nigel Stone,13,22,1,0,c: E Waghorn b: B Podesta
12,3rd,1st FRA vs 1st FIT,1st FIT,1st FRA,Aaron McIlroy,31,44,5,1,lbw: J Maaskant
12,3rd,1st FRA vs 1st FIT,1st FIT,1st FRA,Jerome George,3,9,0,0,run out ()
12,3rd,1st FRA vs 1st FIT,1st FIT,1st FRA,Matthew Kennedy,2,23,0,0,not out
12,3rd,1st FRA vs 1st FIT,1st FIT,1st FRA,Talal Shahzad,,,,,did not bat
12,3rd,1st FRA vs 1st FIT,1st FRA,1st FIT,Joseph Dossor,30,87,3,0,c: T Bath b: L Curtis
12,3rd,1st FRA vs 1st FIT,1st FRA,1st FIT,Billy Rayner,30,69,4,1,c: J Hotston b: A McIlroy
12,3rd,1st FRA vs 1st FIT,1st FRA,1st FIT,Blake Podesta,24,29,6,0,c: N Stone b: L Curtis
12,3rd,1st FRA vs 1st FIT,1st FRA,1st FIT,Syed Shayan Ahmad,,7,0,0,lbw: A McIlroy
12,3rd,1st FRA vs 1st FIT,1st FRA,1st FIT,Lishan De Silva,17,35,2,0,c: b: J George
12,3rd,1st FRA vs 1st FIT,1st FRA,1st FIT,James Heaney,10,43,0,0,c: b: A McIlroy
12,3rd,1st FRA vs 1st FIT,1st FRA,1st FIT,Liam Russell,46,69,4,1,c: A McIlroy b: L Curtis
12,3rd,1st FRA vs 1st FIT,1st FRA,1st FIT,Benjamin Donnellan,7,21,1,0,c: D Gray b: A McIlroy
12,3rd,1st FRA vs 1st FIT,1st FRA,1st FIT,Addison Forbes,5,11,1,0,not out
12,3rd,1st FRA vs 1st FIT,1st FRA,1st FIT,Joel Maaskant,1,2,0,0,c: S Parker b: A McIlroy
12,3rd,1st FRA vs 1st FIT,1st FRA,1st FIT,Rahul Surendran,,1,0,0,c: J Hotston b: A McIlroy
12,3rd,1st FRA vs 1st FIT,1st FRA,1st FIT,Edison Waghorn,,,,,did not bat
12,3rd,1st FRA vs 1st FIT,1st FRA,2nd FRA,Tom Bath,4,0,0,0,not out
12,3rd,1st FRA vs 1st FIT,1st FRA,2nd FRA,Oscar Scott-Waters,3,0,0,0,not out
12,3rd,1st FRA vs 1st FIT,1st FRA,2nd FRA,Lachlan Curtis,,,,,did not bat
12,3rd,1st FRA vs 1st FIT,1st FRA,2nd FRA,Jerome George,,,,,did not bat
12,3rd,1st FRA vs 1st FIT,1st FRA,2nd FRA,Dylan Gray,,,,,did not bat
12,3rd,1st FRA vs 1st FIT,1st FRA,2nd FRA,Josh Hotston,,,,,did not bat
12,3rd,1st FRA vs 1st FIT,1st FRA,2nd FRA,Matthew Kennedy,,,,,did not bat
12,3rd,1st FRA vs 1st FIT,1st FRA,2nd FRA,Aaron McIlroy,,,,,did not bat
12,3rd,1st FRA vs 1st FIT,1st FRA,2nd FRA,Sean Parker,,,,,did not bat
12,3rd,1st FRA vs 1st FIT,1st FRA,2nd FRA,Talal Shahzad,,,,,did not bat
12,3rd,1st FRA vs 1st FIT,1st FRA,2nd FRA,Matthew Stone,,,,,did not bat
12,3rd,1st FRA vs 1st FIT,1st FRA,2nd FRA,Nigel Stone,,,,,did not bat
12,3rd,1st KIN vs 1st GRE,1st GRE,1st KIN,Rohith Chapalamadugu,37,51,7,0,c: A Sharma b: K Bollu
12,3rd,1st KIN vs 1st GRE,1st GRE,1st KIN,Manpreet Singh,27,43,6,0,lbw: T Waring
12,3rd,1st KIN vs 1st GRE,1st GRE,1st KIN,Roshan Gunatilake,100,214,11,0,not out
12,3rd,1st KIN vs 1st GRE,1st GRE,1st KIN,Aditya Chowdhary,102,194,7,0,not out
12,3rd,1st KIN vs 1st GRE,1st GRE,1st KIN,Kovid Katta,,,,,did not bat
12,3rd,1st KIN vs 1st GRE,1st GRE,1st KIN,Gurdarshan Kaushik,,,,,did not bat
12,3rd,1st KIN vs 1st GRE,1st GRE,1st KIN,Arunkarthik Mannarsamy,,,,,did not bat
12,3rd,1st KIN vs 1st GRE,1st GRE,1st KIN,Keiran Mant,,,,,did not bat
12,3rd,1st KIN vs 1st GRE,1st GRE,1st KIN,Max Ralph,,,,,did not bat
12,3rd,1st KIN vs 1st GRE,1st GRE,1st KIN,Arish Surani,,,,,did not bat
12,3rd,1st KIN vs 1st GRE,1st GRE,1st KIN,Mohamed Vailisseri,,,,,did not bat
12,3rd,1st KIN vs 1st GRE,1st KIN,1st GRE,Kanishk Bollu,70,111,15,0,c: M Singh b: A Surani
12,3rd,1st KIN vs 1st GRE,1st KIN,1st GRE,Sesath Anuradha,17,26,1,0,c: R Chapalamadugu b: K Katta
12,3rd,1st KIN vs 1st GRE,1st KIN,1st GRE,Anthony Grobler,17,17,3,0,b: A Mannarsamy
12,3rd,1st KIN vs 1st GRE,1st KIN,1st GRE,Arjun Sharma,3,14,0,0,c: b: G Kaushik
12,3rd,1st KIN vs 1st GRE,1st KIN,1st GRE,Muhammad Taha Rabbani,16,30,3,0,c: b: K Katta
12,3rd,1st KIN vs 1st GRE,1st KIN,1st GRE,Aryan Sharma,28,45,5,0,lbw: R Gunatilake
12,3rd,1st KIN vs 1st GRE,1st KIN,1st GRE,M. Wasantha,,9,0,0,lbw: K Katta
12,3rd,1st KIN vs 1st GRE,1st KIN,1st GRE,Connor Brisbane,7,15,1,0,lbw: A Surani
12,3rd,1st KIN vs 1st GRE,1st KIN,1st GRE,Samuel Clark,7,29,1,0,c&b: M Ralph
12,3rd,1st KIN vs 1st GRE,1st KIN,1st GRE,Trent Waring,,12,0,0,c: b: K Katta
12,3rd,1st KIN vs 1st GRE,1st KIN,1st GRE,Aidan McConnell,4,13,1,0,not out
12,3rd,1st KIN vs 1st GRE,1st KIN,1st GRE,Kyle Mawer,,,,,did not bat
12,3rd,1st FOO vs 1st CAS,1st CAS,1st FOO,Alfie Miles,12,13,3,0,b: N Murphy
12,3rd,1st FOO vs 1st CAS,1st CAS,1st FOO,Riyan Bhasin,5,13,1,0,c: R Senevirathne b: M Blanch
12,3rd,1st FOO vs 1st CAS,1st CAS,1st FOO,Priyansh Chokshi,59,76,6,3,c: b: C Johnson
12,3rd,1st FOO vs 1st CAS,1st CAS,1st FOO,Ryder obrien,58,73,7,1,c: E Sidhu b: T Booth
12,3rd,1st FOO vs 1st CAS,1st CAS,1st FOO,Tanish Taneja,15,53,1,0,c&b: C Johnson
12,3rd,1st FOO vs 1st CAS,1st CAS,1st FOO,Traveen Pandithakoralege,,3,0,0,c: A D'souza b: C Johnson
12,3rd,1st FOO vs 1st CAS,1st CAS,1st FOO,Harshal S Suresh,41,126,5,1,c: R Kochhar b: C Johnson
12,3rd,1st FOO vs 1st CAS,1st CAS,1st FOO,Phoenix Hopper,32,59,7,0,c: R Senevirathne b: M Blanch
12,3rd,1st FOO vs 1st CAS,1st CAS,1st FOO,Stewart Wilson,15,23,3,0,b: C Johnson
12,3rd,1st FOO vs 1st CAS,1st CAS,1st FOO,Ryder Mclean,5,20,1,0,c: R Kochhar b: N Murphy
12,3rd,1st FOO vs 1st CAS,1st CAS,1st FOO,William Pizaro,0,1,0,0,not out
12,3rd,1st FOO vs 1st CAS,1st CAS,1st FOO,Liam Sutton,,,,,did not bat
12,3rd,1st FOO vs 1st CAS,1st FOO,1st CAS,Max Heffernan,1,6,0,0,b: S Wilson
12,3rd,1st FOO vs 1st CAS,1st FOO,1st CAS,Aaron D'souza,14,45,2,0,c: T Taneja b: R Mclean
12,3rd,1st FOO vs 1st CAS,1st FOO,1st CAS,Reshen Senevirathne,1,3,0,0,lbw: L Sutton
12,3rd,1st FOO vs 1st CAS,1st FOO,1st CAS,Aaron Blanch,50,46,7,1,c: T Pandithakoralege b: W Pizaro
12,3rd,1st FOO vs 1st CAS,1st FOO,1st CAS,Akith Abeywickrama,11,29,2,0,c: A Miles b: W Pizaro
12,3rd,1st FOO vs 1st CAS,1st FOO,1st CAS,Enrique Sidhu,1,10,0,0,b: R Mclean
12,3rd,1st FOO vs 1st CAS,1st FOO,1st CAS,Tristan Booth,56,156,8,0,not out
12,3rd,1st FOO vs 1st CAS,1st FOO,1st CAS,Charlie Johnson,48,110,5,0,run out (T Pandithakoralege)
12,3rd,1st FOO vs 1st CAS,1st FOO,1st CAS,Rison Wickramasurendra,,16,0,0,c: A Miles b: W Pizaro
12,3rd,1st FOO vs 1st CAS,1st FOO,1st CAS,Matthew Blanch,,5,0,0,b: H Suresh
12,3rd,1st FOO vs 1st CAS,1st FOO,1st CAS,Nate Murphy,8,16,2,0,c: T Taneja b: H Suresh
12,3rd,1st FOO vs 1st CAS,1st FOO,1st CAS,Rayaan Kochhar,,,,,did not bat
12,3rd,1st PRA vs 1st MEL,1st MEL,1st PRA,Henry Nicholls,62,118,8,0,lbw: A Ingpen
12,3rd,1st PRA vs 1st MEL,1st MEL,1st PRA,Jesse van Rooyen,27,88,2,0,c: A Ingpen b: H Kremer-Slevin
12,3rd,1st PRA vs 1st MEL,1st MEL,1st PRA,Nathan A Munasinghe,17,35,3,0,c: H Kremer-Slevin b: A Harms
12,3rd,1st PRA vs 1st MEL,1st MEL,1st PRA,Pranav Menon,64,99,9,1,c: L Hatzoglou b: A Harms
12,3rd,1st PRA vs 1st MEL,1st MEL,1st PRA,Lachlan Zissis,,1,0,0,c: R Epstein b: A Harms
12,3rd,1st PRA vs 1st MEL,1st MEL,1st PRA,Kane Scott,13,16,2,0,b: A Harms
12,3rd,1st PRA vs 1st MEL,1st MEL,1st PRA,Sash Yuvaraj,25,61,1,0,c: R Epstein b: H Kremer-Slevin
12,3rd,1st PRA vs 1st MEL,1st MEL,1st PRA,Lenny Wilkins,11,53,0,0,b: A Ingpen
12,3rd,1st PRA vs 1st MEL,1st MEL,1st PRA,Saksham Kapoor,16,31,0,0,c: b: H Kremer-Slevin
12,3rd,1st PRA vs 1st MEL,1st MEL,1st PRA,Nicholas Graves,2,6,0,0,c: L Bienvenu b: H Kremer-Slevin
12,3rd,1st PRA vs 1st MEL,1st MEL,1st PRA,Nigel K Munasinghe,5,7,0,0,not out
12,3rd,1st PRA vs 1st MEL,1st MEL,1st PRA,Parth Rath,,,,,did not bat
12,3rd,1st PRA vs 1st MEL,1st PRA,1st MEL,Connor Hastings,113,208,9,1,not out
12,3rd,1st PRA vs 1st MEL,1st PRA,1st MEL,Hugo Bienvenu,,4,0,0,b: N Munasinghe
12,3rd,1st PRA vs 1st MEL,1st PRA,1st MEL,Benjamin Rolfs,53,80,7,1,st: K Scott b: S Kapoor
12,3rd,1st PRA vs 1st MEL,1st PRA,1st MEL,Leo Hatzoglou,1,8,0,0,c: N Munasinghe b: S Kapoor
12,3rd,1st PRA vs 1st MEL,1st PRA,1st MEL,Andrew Young,33,56,2,1,c: H Nicholls b: P Rath
12,3rd,1st PRA vs 1st MEL,1st PRA,1st MEL,Raj Nand,3,9,0,0,lbw: P Rath
12,3rd,1st PRA vs 1st MEL,1st PRA,1st MEL,Lucien Bienvenu,19,41,2,0,lbw: P Rath
12,3rd,1st PRA vs 1st MEL,1st PRA,1st MEL,Will Waters,20,25,1,1,c: J van Rooyen b: H Nicholls
12,3rd,1st PRA vs 1st MEL,1st PRA,1st MEL,Rafael Epstein,3,4,0,0,not out
12,3rd,1st CAM vs 1st ST,1st ST,1st CAM,Aarav Iyer,13,33,3,0,c: b: A Robson
12,3rd,1st CAM vs 1st ST,1st ST,1st CAM,Jack Di Stefano,35,57,5,0,c: W Hamilton b: R Talwar
12,3rd,1st CAM vs 1st ST,1st ST,1st CAM,James Jarrett,21,46,2,0,c: G Singh b: T Deighton
12,3rd,1st CAM vs 1st ST,1st ST,1st CAM,Jack Evans,23,102,1,0,c: A Fox b: T Deighton
12,3rd,1st CAM vs 1st ST,1st ST,1st CAM,Lucas Jones,5,23,1,0,c: W Ashton b: D de Silva
12,3rd,1st CAM vs 1st ST,1st ST,1st CAM,Thomas Vanderslik,116,169,18,0,c: T Deighton b: Y Lidder
12,3rd,1st CAM vs 1st ST,1st ST,1st CAM,Andrew Procopiou,29,65,3,1,lbw: T Deighton
12,3rd,1st CAM vs 1st ST,1st ST,1st CAM,Max Burn,6,7,1,0,b: Y Lidder
12,3rd,1st CAM vs 1st ST,1st ST,1st CAM,Adam Rixon,1,5,0,0,b: Y Lidder
12,3rd,1st CAM vs 1st ST,1st ST,1st CAM,Simarjit Pawar,18,31,0,1,not out
12,3rd,1st CAM vs 1st ST,1st ST,1st CAM,Ronit Rehal,2,3,0,0,not out
12,3rd,1st CAM vs 1st ST,1st CAM,1st ST,Will Hamilton,22,51,4,0,c&b: S Pawar
12,3rd,1st CAM vs 1st ST,1st CAM,1st ST,Luke Ashen,66,37,5,5,c: J Di Stefano b: L Jones
12,3rd,1st CAM vs 1st ST,1st CAM,1st ST,Will Ashton,,2,0,0,lbw: L Jones
12,3rd,1st CAM vs 1st ST,1st CAM,1st ST,Gurbir Singh,100,162,14,2,not out
12,3rd,1st CAM vs 1st ST,1st CAM,1st ST,Jobe Kennedy,,6,0,0,c: J Di Stefano b: A Rixon
12,3rd,1st CAM vs 1st ST,1st CAM,1st ST,Adam Fox,31,33,4,1,c: S Pawar b: A Rixon
12,3rd,1st CAM vs 1st ST,1st CAM,1st ST,Tom Deighton,16,37,3,0,b: T Vanderslik
12,3rd,1st CAM vs 1st ST,1st CAM,1st ST,Dinuk de Silva,9,31,2,0,c: J Di Stefano b: L Jones
12,3rd,1st CAM vs 1st ST,1st CAM,1st ST,Walter Jackson,35,48,7,0,b: R Rehal
12,3rd,1st CAM vs 1st ST,1st CAM,1st ST,Rishikesh Talwar,8,14,1,0,lbw: R Rehal
12,3rd,1st CAM vs 1st ST,1st CAM,1st ST,Angus Robson,0,0,0,0,not out
12,3rd,1st CAM vs 1st ST,1st CAM,1st ST,Yuvraj Lidder,,,,,did not bat
12,3rd,1st CAR vs 1st MEL,1st MEL,1st CAR,Harry Simpson,48,83,7,0,c: b: I Bepey
12,3rd,1st CAR vs 1st MEL,1st MEL,1st CAR,Nicanor Martel,18,63,2,0,c: S Anderson b: F Good
12,3rd,1st CAR vs 1st MEL,1st MEL,1st CAR,Jack Atkinson,52,87,5,0,b: K Williamson
12,3rd,1st CAR vs 1st MEL,1st MEL,1st CAR,Lewis Bouckley,6,21,1,0,c: K Parrott b: K Williamson
12,3rd,1st CAR vs 1st MEL,1st MEL,1st CAR,Rory Edwards,45,122,4,0,st: M Parrott b: F Good
12,3rd,1st CAR vs 1st MEL,1st MEL,1st CAR,James Pettitt,,1,0,0,c: M Parrott b: K Williamson
12,3rd,1st CAR vs 1st MEL,1st MEL,1st CAR,Seth McGinty,,2,0,0,b: K Williamson
12,3rd,1st CAR vs 1st MEL,1st MEL,1st CAR,Garry Bhour,10,23,2,0,c: K Parrott b: K Williamson
12,3rd,1st CAR vs 1st MEL,1st MEL,1st CAR,Kanhai Patel,22,50,2,0,c: S Anderson b: F Good
12,3rd,1st CAR vs 1st MEL,1st MEL,1st CAR,Jujhar Singh Tamber,16,31,2,0,not out
12,3rd,1st CAR vs 1st MEL,1st MEL,1st CAR,Abraham Thomas,1,8,0,0,c&b: I Bepey
12,3rd,1st CAR vs 1st MEL,1st MEL,1st CAR,Leo Dench,,,,,did not bat
12,3rd,1st CAR vs 1st MEL,1st CAR,1st MEL,Oscar Wood,19,24,4,0,c: N Martel b: S McGinty
12,3rd,1st CAR vs 1st MEL,1st CAR,1st MEL,Yuvraj Sharma,23,38,4,0,c: N Martel b: S McGinty
12,3rd,1st CAR vs 1st MEL,1st CAR,1st MEL,Sam Anderson,74,99,13,0,c: J Pettitt b: J Tamber
12,3rd,1st CAR vs 1st MEL,1st CAR,1st MEL,Brendan Reddell,101,107,14,0,c: b: S McGinty
12,3rd,1st CAR vs 1st MEL,1st CAR,1st MEL,Kyle Parrott,47,43,7,0,c: L Dench b: J Tamber
12,3rd,1st CAR vs 1st MEL,1st CAR,1st MEL,Max Parrott,1,6,0,0,c: N Martel b: S McGinty
12,3rd,1st CAR vs 1st MEL,1st CAR,1st MEL,Tom Reid,21,13,4,0,c: R Edwards b: S McGinty
12,3rd,1st CAR vs 1st MEL,1st CAR,1st MEL,Fletcher Good,5,6,0,0,not out
12,3rd,1st CAR vs 1st MEL,1st CAR,1st MEL,Kyle Williamson,0,5,0,0,not out
12,3rd,1st CAR vs 1st MEL,1st CAR,1st MEL,Isaac Bepey,,,,,did not bat
12,3rd,1st CAR vs 1st MEL,1st CAR,1st MEL,Thomas Cesaro,,,,,did not bat
12,3rd,1st CAR vs 1st MEL,1st CAR,1st MEL,Josh Finkelstein,,,,,did not bat
12,3rd,1st CAR vs 1st MEL,1st CAR,1st MEL,Charlie Wolf,,,,,did not bat
13,3rd,1st PRA vs 1st NOR,1st NOR,1st PRA,Henry Nicholls,31,33,6,0,c: J Anderson b: C Burchall
13,3rd,1st PRA vs 1st NOR,1st NOR,1st PRA,Jesse van Rooyen,9,34,1,0,c: J Anderson b: R Siede
13,3rd,1st PRA vs 1st NOR,1st NOR,1st PRA,Nathan A Munasinghe,128,134,14,5,c: J Anderson b: S Storey
13,3rd,1st PRA vs 1st NOR,1st NOR,1st PRA,Riley Backhouse,82,181,7,1,c: T Cuthbert b: Z Mills
13,3rd,1st PRA vs 1st NOR,1st NOR,1st PRA,Lachlan Zissis,20,16,5,0,c: J Anderson b: C Burchall
13,3rd,1st PRA vs 1st NOR,1st NOR,1st PRA,Kane Scott,40,45,4,1,not out
13,3rd,1st PRA vs 1st NOR,1st NOR,1st PRA,Lenny Wilkins,6,10,1,0,c: J Anderson b: Z Mills
13,3rd,1st PRA vs 1st NOR,1st NOR,1st PRA,Saksham Kapoor,30,30,3,1,not out
13,3rd,1st PRA vs 1st NOR,1st NOR,1st PRA,Hamish Braden,,,,,did not bat
13,3rd,1st PRA vs 1st NOR,1st NOR,1st PRA,Nicholas Graves,,,,,did not bat
13,3rd,1st PRA vs 1st NOR,1st NOR,1st PRA,Nigel K Munasinghe,,,,,did not bat
13,3rd,1st PRA vs 1st NOR,1st NOR,1st PRA,Parth Rath,,,,,did not bat
13,3rd,1st PRA vs 1st NOR,1st PRA,1st NOR,Thomas Cuthbert,7,14,1,0,b: N Graves
13,3rd,1st PRA vs 1st NOR,1st PRA,1st NOR,Aarav Laxman,16,64,1,0,c: R Backhouse b: H Braden
13,3rd,1st PRA vs 1st NOR,1st PRA,1st NOR,Ben Pereara,,1,0,0,b: N Graves
13,3rd,1st PRA vs 1st NOR,1st PRA,1st NOR,Parvan Singh,14,26,2,0,c: K Scott b: H Braden
13,3rd,1st PRA vs 1st NOR,1st PRA,1st NOR,Jimmy Anderson,102,210,8,1,not out
13,3rd,1st PRA vs 1st NOR,1st PRA,1st NOR,Ryan Siede,13,16,1,0,lbw: S Kapoor
13,3rd,1st PRA vs 1st NOR,1st PRA,1st NOR,Earl Dicesare,4,4,1,0,c: J van Rooyen b: S Kapoor
13,3rd,1st PRA vs 1st NOR,1st PRA,1st NOR,Nicholas Pereara,46,64,8,0,c: J van Rooyen b: N Munasinghe
13,3rd,1st PRA vs 1st NOR,1st PRA,1st NOR,Zac Mills,40,48,3,1,c: J van Rooyen b: S Kapoor
13,3rd,1st PRA vs 1st NOR,1st PRA,1st NOR,Mandiv Ruwanpathirana,9,41,0,1,not out
13,3rd,1st PRA vs 1st NOR,1st PRA,1st NOR,Connor Burchall,,,,,did not bat
13,3rd,1st PRA vs 1st NOR,1st PRA,1st NOR,Samson Storey,,,,,did not bat
13,3rd,1st GRE vs 1st MEL,1st MEL,1st GRE,Arjun Sharma,31,81,4,0,c: R Epstein b: A Ingpen
13,3rd,1st GRE vs 1st MEL,1st MEL,1st GRE,Sesath Anuradha,5,11,1,0,lbw: H Kremer-Slevin
13,3rd,1st GRE vs 1st MEL,1st MEL,1st GRE,Anthony Grobler,23,58,2,0,c: L Bienvenu b: A Ingpen
13,3rd,1st GRE vs 1st MEL,1st MEL,1st GRE,Panav Jaura,29,54,3,1,c: R Epstein b: A Cheeran
13,3rd,1st GRE vs 1st MEL,1st MEL,1st GRE,Muhammad Taha Rabbani,7,58,0,0,c: R Epstein b: E Durrant
13,3rd,1st GRE vs 1st MEL,1st MEL,1st GRE,Aryan Sharma,27,85,3,1,c: R Epstein b: A Harms
13,3rd,1st GRE vs 1st MEL,1st MEL,1st GRE,Connor Brisbane,1,5,0,0,c: A Cheeran b: E Durrant
13,3rd,1st GRE vs 1st MEL,1st MEL,1st GRE,Nirmana Fernando,21,72,1,0,c: H Kremer-Slevin b: A Cheeran
13,3rd,1st GRE vs 1st MEL,1st MEL,1st GRE,M. Wasantha,,3,0,0,b: A Cheeran
13,3rd,1st GRE vs 1st MEL,1st MEL,1st GRE,Aidan McConnell,18,44,3,0,not out
13,3rd,1st GRE vs 1st MEL,1st MEL,1st GRE,Kyle Mawer,5,34,1,0,b: A Cheeran
13,3rd,1st GRE vs 1st MEL,1st MEL,1st GRE,Trent Waring,,,,,did not bat
13,3rd,1st GRE vs 1st MEL,1st GRE,1st MEL,Lucien Bienvenu,32,62,5,0,c: M Wasantha b: K Mawer
13,3rd,1st GRE vs 1st MEL,1st GRE,1st MEL,Hugo Bienvenu,105,143,16,0,not out
13,3rd,1st GRE vs 1st MEL,1st GRE,1st MEL,Ali Khan,14,15,2,0,b: C Brisbane
13,3rd,1st GRE vs 1st MEL,1st GRE,1st MEL,Elliott Durrant,35,52,6,0,lbw: N Fernando
13,3rd,1st GRE vs 1st MEL,1st GRE,1st MEL,Leo Hatzoglou,62,83,11,0,not out
13,3rd,1st GRE vs 1st MEL,1st GRE,1st MEL,Aanlin Cheeran,,,,,did not bat
13,3rd,1st GRE vs 1st MEL,1st GRE,1st MEL,Rafael Epstein,,,,,did not bat
13,3rd,1st GRE vs 1st MEL,1st GRE,1st MEL,Angus Harms,,,,,did not bat
13,3rd,1st GRE vs 1st MEL,1st GRE,1st MEL,Alex Ingpen,,,,,did not bat
13,3rd,1st GRE vs 1st MEL,1st GRE,1st MEL,Hunter Kremer-Slevin,,,,,did not bat
13,3rd,1st GRE vs 1st MEL,1st GRE,1st MEL,Raj Nand,,,,,did not bat
13,3rd,1st GRE vs 1st MEL,1st GRE,1st MEL,Will Waters,,,,,did not bat
13,3rd,1st RIN vs 1st CAS,1st CAS,1st RIN,Prabhav Mishra,4,14,1,0,c: R Wickramasurendra b: J Guinea
13,3rd,1st RIN vs 1st CAS,1st CAS,1st RIN,Paawan Dave,25,59,4,0,lbw: M Blanch
13,3rd,1st RIN vs 1st CAS,1st CAS,1st RIN,Trent Wynne,,4,0,0,c: R Senevirathne b: J Guinea
13,3rd,1st RIN vs 1st CAS,1st CAS,1st RIN,Bailey O’Riley,104,110,13,5,c: N Murphy b: M Heffernan
13,3rd,1st RIN vs 1st CAS,1st CAS,1st RIN,Will Banfield,142,178,20,0,not out
13,3rd,1st RIN vs 1st CAS,1st CAS,1st RIN,George Lyons,17,31,3,0,c: M Heffernan b: J Guinea
13,3rd,1st RIN vs 1st CAS,1st CAS,1st RIN,Shaunak Parab,3,5,0,0,run out ()
13,3rd,1st RIN vs 1st CAS,1st CAS,1st RIN,Isaac Macklin,60,44,6,4,c: N Murphy b: R Wickramasurendra
13,3rd,1st RIN vs 1st CAS,1st CAS,1st RIN,Gabe Lawson,33,19,3,2,c: C Johnson b: A Ghanekar
13,3rd,1st RIN vs 1st CAS,1st CAS,1st RIN,Lachlan Payne,21,14,2,1,c: R Senevirathne b: A D'souza
13,3rd,1st RIN vs 1st CAS,1st CAS,1st RIN,Zachary Seal,1,3,0,0,not out
13,3rd,1st RIN vs 1st CAS,1st RIN,1st CAS,Max Heffernan,43,71,4,1,c: W Banfield b: G Lawson
13,3rd,1st RIN vs 1st CAS,1st RIN,1st CAS,Aaron D'souza,,21,0,0,c: S Parab b: Z Seal
13,3rd,1st RIN vs 1st CAS,1st RIN,1st CAS,Ahmed Raza,32,35,7,0,c: P Dave b: G Lawson
13,3rd,1st RIN vs 1st CAS,1st RIN,1st CAS,Reshen Senevirathne,30,91,4,0,c: W Banfield b: G Lawson
13,3rd,1st RIN vs 1st CAS,1st RIN,1st CAS,Aryan Ghanekar,64,87,9,2,c: M Fotia b: I Macklin
13,3rd,1st RIN vs 1st CAS,1st RIN,1st CAS,Akith Abeywickrama,71,78,7,6,b: G Lawson
13,3rd,1st RIN vs 1st CAS,1st RIN,1st CAS,Charlie Johnson,9,32,1,0,c: M Fotia b: G Lawson
13,3rd,1st RIN vs 1st CAS,1st RIN,1st CAS,Rison Wickramasurendra,24,39,5,0,not out
13,3rd,1st RIN vs 1st CAS,1st RIN,1st CAS,Josh Guinea,14,15,1,1,b: I Macklin
13,3rd,1st RIN vs 1st CAS,1st RIN,1st CAS,Nate Murphy,,2,0,0,lbw: I Macklin
13,3rd,1st RIN vs 1st CAS,1st RIN,1st CAS,Matthew Blanch,12,11,3,0,not out
13,3rd,1st RIN vs 1st CAS,1st RIN,1st CAS,Dale Christie,,,,,did not bat
13,3rd,1st FOO vs 1st ESS,1st ESS,1st FOO,Alfie Miles,46,69,8,1,c: M Singh b: P Singh
13,3rd,1st FOO vs 1st ESS,1st ESS,1st FOO,Riyan Bhasin,37,60,7,0,c: M Singh b: P Singh
13,3rd,1st FOO vs 1st ESS,1st ESS,1st FOO,Priyansh Chokshi,5,15,1,0,c: J Pawlowicz b: P Singh
13,3rd,1st FOO vs 1st ESS,1st ESS,1st FOO,Ryder obrien,19,28,0,3,b: J Pawlowicz
13,3rd,1st FOO vs 1st ESS,1st ESS,1st FOO,Lachlan Campbell,33,85,4,1,c: H doherty b: S Gill
13,3rd,1st FOO vs 1st ESS,1st ESS,1st FOO,Tanish Taneja,75,153,6,0,c: S Phillips-Williams b: H doherty
13,3rd,1st FOO vs 1st ESS,1st ESS,1st FOO,Traveen Pandithakoralege,1,8,0,0,c: M Singh b: L Miraz
13,3rd,1st FOO vs 1st ESS,1st ESS,1st FOO,Phoenix Hopper,5,19,1,0,c: M Singh b: H doherty
13,3rd,1st FOO vs 1st ESS,1st ESS,1st FOO,Harshal S Suresh,,1,0,0,run out (K Darji)
13,3rd,1st FOO vs 1st ESS,1st ESS,1st FOO,Stewart Wilson,6,17,1,0,c: S Phillips-Williams b: K Darji
13,3rd,1st FOO vs 1st ESS,1st ESS,1st FOO,Shriram Rangaraju,2,17,0,0,not out
13,3rd,1st FOO vs 1st ESS,1st ESS,1st FOO,Daksh Kumar,,,,,did not bat
13,3rd,1st FOO vs 1st ESS,1st ESS,1st FOO,Xavier Marazita,,,,,did not bat
13,3rd,1st FOO vs 1st ESS,1st FOO,1st ESS,Zachary Beniwal,8,23,0,1,b: S Rangaraju
13,3rd,1st FOO vs 1st ESS,1st FOO,1st ESS,Vanshjot Sandhu,24,22,6,0,c: S Rangaraju b: S Wilson
13,3rd,1st FOO vs 1st ESS,1st FOO,1st ESS,Simrth Singh Gill,105,91,12,6,c: T Taneja b: P Hopper
13,3rd,1st FOO vs 1st ESS,1st FOO,1st ESS,Jessraj Badhaan,46,73,7,1,c: H Suresh b: P Hopper
13,3rd,1st FOO vs 1st ESS,1st FOO,1st ESS,Krit Darji,,5,0,0,lbw: S Rangaraju
13,3rd,1st FOO vs 1st ESS,1st FOO,1st ESS,Sean Phillips-Williams,26,50,3,0,c&b: S Wilson
13,3rd,1st FOO vs 1st ESS,1st FOO,1st ESS,Heath doherty,53,68,9,1,not out
13,3rd,1st FOO vs 1st ESS,1st FOO,1st ESS,Paramvir Singh,8,5,2,0,lbw: P Hopper
13,3rd,1st FOO vs 1st ESS,1st FOO,1st ESS,Luay Miraz,5,3,1,0,c: P Hopper b: H Suresh
13,3rd,1st FOO vs 1st ESS,1st FOO,1st ESS,Agamjot Sandhu,1,2,0,0,c: S Wilson b: H Suresh
13,3rd,1st FOO vs 1st ESS,1st FOO,1st ESS,Jacob Pawlowicz,,,,,did not bat
13,3rd,1st FOO vs 1st ESS,1st FOO,1st ESS,Maan Fabian Singh,,,,,did not bat
13,3rd,1st FOO vs 1st ESS,1st FOO,2nd FOO,Riyan Bhasin,7,11,1,0,not out
13,3rd,1st FOO vs 1st ESS,1st FOO,2nd FOO,Alfie Miles,,2,0,0,b: L Miraz
13,3rd,1st FOO vs 1st ESS,1st FOO,2nd FOO,Priyansh Chokshi,23,18,4,0,not out
13,3rd,1st FOO vs 1st ESS,1st FOO,2nd FOO,Lachlan Campbell,,,,,did not bat
13,3rd,1st FOO vs 1st ESS,1st FOO,2nd FOO,Phoenix Hopper,,,,,did not bat
13,3rd,1st FOO vs 1st ESS,1st FOO,2nd FOO,Daksh Kumar,,,,,did not bat
13,3rd,1st FOO vs 1st ESS,1st FOO,2nd FOO,Xavier Marazita,,,,,did not bat
13,3rd,1st FOO vs 1st ESS,1st FOO,2nd FOO,Ryder obrien,,,,,did not bat
13,3rd,1st FOO vs 1st ESS,1st FOO,2nd FOO,Traveen Pandithakoralege,,,,,did not bat
13,3rd,1st FOO vs 1st ESS,1st FOO,2nd FOO,Shriram Rangaraju,,,,,did not bat
13,3rd,1st FOO vs 1st ESS,1st FOO,2nd FOO,Harshal S Suresh,,,,,did not bat
13,3rd,1st FOO vs 1st ESS,1st FOO,2nd FOO,Tanish Taneja,,,,,did not bat
13,3rd,1st FOO vs 1st ESS,1st FOO,2nd FOO,Stewart Wilson,,,,,did not bat
13,3rd,1st DAN vs 1st MEL,1st MEL,1st DAN,Christian Smith,17,34,4,0,c: C Wolf b: T Kenny
13,3rd,1st DAN vs 1st MEL,1st MEL,1st DAN,Matthew Pearson,9,58,1,0,c: O Wood b: C Wolf
13,3rd,1st DAN vs 1st MEL,1st MEL,1st DAN,Jett Kelly,11,16,2,0,c: K Williamson b: T Kenny
13,3rd,1st DAN vs 1st MEL,1st MEL,1st DAN,Shehzad Singh,22,69,4,0,"run out (N Xavier, K Williamson)"
13,3rd,1st DAN vs 1st MEL,1st MEL,1st DAN,Nisith Amarasinghe,2,17,0,0,c&b: C Wolf
13,3rd,1st DAN vs 1st MEL,1st MEL,1st DAN,Darcy Freeman,3,78,0,0,c: K Williamson b: N Xavier
13,3rd,1st DAN vs 1st MEL,1st MEL,1st DAN,Nick Thurgood,9,19,2,0,c: M Parrott b: N Xavier
13,3rd,1st DAN vs 1st MEL,1st MEL,1st DAN,Finley Corrie,17,34,2,1,not out
13,3rd,1st DAN vs 1st MEL,1st MEL,1st DAN,Advit Sharma,9,22,1,0,st: M Parrott b: K Williamson
13,3rd,1st DAN vs 1st MEL,1st MEL,1st DAN,Rikhil Bharadwaj,1,7,0,0,c&b: F Good
13,3rd,1st DAN vs 1st MEL,1st MEL,1st DAN,Thenuka Perera,,3,0,0,c: M Parrott b: K Williamson
13,3rd,1st DAN vs 1st MEL,1st MEL,1st DAN,Liam Antonello,,,,,did not bat
13,3rd,1st DAN vs 1st MEL,1st DAN,1st MEL,Oscar Wood,15,19,3,0,b: A Sharma
13,3rd,1st DAN vs 1st MEL,1st DAN,1st MEL,Yuvraj Sharma,52,36,5,3,c: S Singh b: T Perera
13,3rd,1st DAN vs 1st MEL,1st DAN,1st MEL,Max Parrott,6,9,1,0,c: D Freeman b: T Perera
13,3rd,1st DAN vs 1st MEL,1st DAN,1st MEL,Brendan Reddell,3,13,0,0,c: R Bharadwaj b: J Kelly
13,3rd,1st DAN vs 1st MEL,1st DAN,1st MEL,Kyle Parrott,60,68,9,2,b: N Amarasinghe
13,3rd,1st DAN vs 1st MEL,1st DAN,1st MEL,Yash Goel,1,11,0,0,c: F Corrie b: T Perera
13,3rd,1st DAN vs 1st MEL,1st DAN,1st MEL,Charlie Wolf,17,20,3,0,c: C Smith b: R Bharadwaj
13,3rd,1st DAN vs 1st MEL,1st DAN,1st MEL,Kyle Williamson,25,37,5,0,c: F Corrie b: A Sharma
13,3rd,1st DAN vs 1st MEL,1st DAN,1st MEL,Fletcher Good,5,10,1,0,c: F Corrie b: N Amarasinghe
13,3rd,1st DAN vs 1st MEL,1st DAN,1st MEL,Thomas Kenny,10,13,2,0,not out
13,3rd,1st DAN vs 1st MEL,1st DAN,1st MEL,Simon O’Brien,21,21,2,1,c&b: R Bharadwaj
13,3rd,1st DAN vs 1st MEL,1st DAN,1st MEL,Nicholas Xavier,,,,,did not bat
13,3rd,1st DAN vs 1st MEL,1st DAN,2nd DAN,Christian Smith,41,70,4,2,c: Y Sharma b: F Good
13,3rd,1st DAN vs 1st MEL,1st DAN,2nd DAN,Matthew Pearson,9,13,1,0,b: T Kenny
13,3rd,1st DAN vs 1st MEL,1st DAN,2nd DAN,Liam Antonello,28,77,4,0,c: M Parrott b: N Xavier
13,3rd,1st DAN vs 1st MEL,1st DAN,2nd DAN,Jett Kelly,5,27,1,0,c: T Kenny b: N Xavier
13,3rd,1st DAN vs 1st MEL,1st DAN,2nd DAN,Shehzad Singh,6,22,1,0,c: K Williamson b: F Good
13,3rd,1st DAN vs 1st MEL,1st DAN,2nd DAN,Nisith Amarasinghe,23,68,3,0,not out
13,3rd,1st DAN vs 1st MEL,1st DAN,2nd DAN,Nick Thurgood,28,57,5,0,not out
13,3rd,1st DAN vs 1st MEL,1st DAN,2nd DAN,Rikhil Bharadwaj,,,,,did not bat
13,3rd,1st DAN vs 1st MEL,1st DAN,2nd DAN,Finley Corrie,,,,,did not bat
13,3rd,1st DAN vs 1st MEL,1st DAN,2nd DAN,Darcy Freeman,,,,,did not bat
13,3rd,1st DAN vs 1st MEL,1st DAN,2nd DAN,Thenuka Perera,,,,,did not bat
13,3rd,1st DAN vs 1st MEL,1st DAN,2nd DAN,Advit Sharma,,,,,did not bat
13,3rd,1st CAM vs 1st CAR,1st CAR,1st CAM,Aarav Iyer,6,22,1,0,c: N Martel b: A Thomas
13,3rd,1st CAM vs 1st CAR,1st CAR,1st CAM,Jack Di Stefano,58,129,8,0,c: b: K Patel
13,3rd,1st CAM vs 1st CAR,1st CAR,1st CAM,James Jarrett,27,62,4,0,c: b: A Thomas
13,3rd,1st CAM vs 1st CAR,1st CAR,1st CAM,Jack Evans,26,92,5,0,c: b: J Campbell
13,3rd,1st CAM vs 1st CAR,1st CAR,1st CAM,Lucas Jones,6,26,0,0,c: J Atkinson b: L Dench
13,3rd,1st CAM vs 1st CAR,1st CAR,1st CAM,Thomas Vanderslik,22,30,4,0,c: J Campbell b: K Patel
13,3rd,1st CAM vs 1st CAR,1st CAR,1st CAM,Andrew Procopiou,100,116,9,6,not out
13,3rd,1st CAM vs 1st CAR,1st CAR,1st CAM,Max Burn,11,27,1,0,c: b: J Campbell
13,3rd,1st CAM vs 1st CAR,1st CAR,1st CAM,Simarjit Pawar,1,6,0,0,c: b: J Tamber
13,3rd,1st CAM vs 1st CAR,1st CAR,1st CAM,DAKSH SAINI,,10,0,0,c: J Tamber b: J Campbell
13,3rd,1st CAM vs 1st CAR,1st CAR,1st CAM,Ronit Rehal,,18,0,0,run out (N Martel)
13,3rd,1st CAM vs 1st CAR,1st CAM,1st CAR,Harry Simpson,32,48,5,0,c: J Jarrett b: R Rehal
13,3rd,1st CAM vs 1st CAR,1st CAM,1st CAR,Rory Edwards,3,10,0,0,c: J Jarrett b: S Pawar
13,3rd,1st CAM vs 1st CAR,1st CAM,1st CAR,Jack Atkinson,,3,0,0,c: J Jarrett b: S Pawar
13,3rd,1st CAM vs 1st CAR,1st CAM,1st CAR,Nicanor Martel,129,181,13,2,run out (J Di Stefano)
13,3rd,1st CAM vs 1st CAR,1st CAM,1st CAR,Jack Campbell,52,99,6,1,run out (A Procopiou)
13,3rd,1st CAM vs 1st CAR,1st CAM,1st CAR,Kanhai Patel,2,20,0,0,c: J Jarrett b: S Pawar
13,3rd,1st CAM vs 1st CAR,1st CAM,1st CAR,Jujhar Singh Tamber,15,28,3,0,c: M Burn b: D SAINI
13,3rd,1st CAM vs 1st CAR,1st CAM,1st CAR,Todd Marchant,27,24,2,0,not out
13,3rd,1st CAM vs 1st CAR,1st CAM,1st CAR,Aussie McIlwaine,1,5,0,0,not out
13,3rd,1st CAM vs 1st CAR,1st CAM,1st CAR,Abraham Thomas,,,,,did not bat
13,3rd,1st CAM vs 1st CAR,1st CAM,1st CAR,Alessandro Belci,,,,,did not bat
13,3rd,1st CAM vs 1st CAR,1st CAM,1st CAR,Leo Dench,,,,,did not bat
13,3rd,1st GEE vs 1st FRA,1st FRA,1st GEE,Jake Klein,70,168,7,0,c: J Hotston b: L Kranzbuhler
13,3rd,1st GEE vs 1st FRA,1st FRA,1st GEE,Jacob Chislett,,14,0,0,c: T Bath b: H Wallace
13,3rd,1st GEE vs 1st FRA,1st FRA,1st GEE,Ted Bain,18,15,4,0,lbw: L Kranzbuhler
13,3rd,1st GEE vs 1st FRA,1st FRA,1st GEE,Tom Courtney,1,4,0,0,c: J Hotston b: H Wallace
13,3rd,1st GEE vs 1st FRA,1st FRA,1st GEE,Monty Maloney,18,35,2,0,b: M Kennedy
13,3rd,1st GEE vs 1st FRA,1st FRA,1st GEE,Oscar Agg,20,69,2,0,c: S Parker b: J George
13,3rd,1st GEE vs 1st FRA,1st FRA,1st GEE,Joshua Mastin,53,123,4,0,c: J George b: M Kennedy
13,3rd,1st GEE vs 1st FRA,1st FRA,1st GEE,Logan Haberfield,,1,0,0,lbw: L Kranzbuhler
13,3rd,1st GEE vs 1st FRA,1st FRA,1st GEE,Paawan Sharma,,18,0,0,c: b: J Matheson
13,3rd,1st GEE vs 1st FRA,1st FRA,1st GEE,Will Rodda,9,44,1,0,b: J Matheson
13,3rd,1st GEE vs 1st FRA,1st FRA,1st GEE,Toby Cunningham,17,47,1,0,not out
13,3rd,1st GEE vs 1st FRA,1st FRA,1st GEE,Lachlan Watson,,,,,did not bat
13,3rd,1st GEE vs 1st FRA,1st GEE,1st FRA,Lachlan Walsh,19,69,2,0,b: P Sharma
13,3rd,1st GEE vs 1st FRA,1st GEE,1st FRA,Tom Bath,,12,0,0,c: T Courtney b: W Rodda
13,3rd,1st GEE vs 1st FRA,1st GEE,1st FRA,Oscar Scott-Waters,2,8,0,0,c: L Haberfield b: L Watson
13,3rd,1st GEE vs 1st FRA,1st GEE,1st FRA,Sean Parker,29,45,6,0,c: J Klein b: P Sharma
13,3rd,1st GEE vs 1st FRA,1st GEE,1st FRA,Luke Kranzbuhler,4,3,1,0,lbw: J Mastin
13,3rd,1st GEE vs 1st FRA,1st GEE,1st FRA,Dylan Gray,13,46,1,0,c: J Klein b: L Watson
13,3rd,1st GEE vs 1st FRA,1st GEE,1st FRA,Josh Hotston,39,87,4,1,c: M Maloney b: T Bain
13,3rd,1st GEE vs 1st FRA,1st GEE,1st FRA,Matthew Stone,36,62,5,0,lbw: P Sharma
13,3rd,1st GEE vs 1st FRA,1st GEE,1st FRA,Harrison Wallace,10,29,1,0,lbw: P Sharma
13,3rd,1st GEE vs 1st FRA,1st GEE,1st FRA,Jamie Matheson,5,20,0,0,c: J Mastin b: T Bain
13,3rd,1st GEE vs 1st FRA,1st GEE,1st FRA,Matthew Kennedy,1,3,0,0,not out
13,3rd,1st GEE vs 1st FRA,1st GEE,1st FRA,Jerome George,,,,,did not bat
13,3rd,1st GEE vs 1st FRA,1st GEE,2nd GEE,Joshua Mastin,0,0,0,0,not out
13,3rd,1st GEE vs 1st FRA,1st GEE,2nd GEE,Monty Maloney,0,0,0,0,not out
13,3rd,1st GEE vs 1st FRA,1st GEE,2nd GEE,Oscar Agg,,,,,did not bat
13,3rd,1st GEE vs 1st FRA,1st GEE,2nd GEE,Ted Bain,,,,,did not bat
13,3rd,1st GEE vs 1st FRA,1st GEE,2nd GEE,Jacob Chislett,,,,,did not bat
13,3rd,1st GEE vs 1st FRA,1st GEE,2nd GEE,Tom Courtney,,,,,did not bat
13,3rd,1st GEE vs 1st FRA,1st GEE,2nd GEE,Toby Cunningham,,,,,did not bat
13,3rd,1st GEE vs 1st FRA,1st GEE,2nd GEE,Logan Haberfield,,,,,did not bat
13,3rd,1st GEE vs 1st FRA,1st GEE,2nd GEE,Jake Klein,,,,,did not bat
13,3rd,1st GEE vs 1st FRA,1st GEE,2nd GEE,Will Rodda,,,,,did not bat
13,3rd,1st GEE vs 1st FRA,1st GEE,2nd GEE,Paawan Sharma,,,,,did not bat
13,3rd,1st GEE vs 1st FRA,1st GEE,2nd GEE,Lachlan Watson,,,,,did not bat
13,3rd,1st FIT vs 1st KIN,1st KIN,1st FIT,Blake Podesta,102,109,16,3,b: A Johnson
13,3rd,1st FIT vs 1st KIN,1st KIN,1st FIT,Billy Rayner,24,47,2,1,c: b: G Kaushik
13,3rd,1st FIT vs 1st KIN,1st KIN,1st FIT,Syed Shayan Ahmad,59,97,9,1,b: M Ralph
13,3rd,1st FIT vs 1st KIN,1st KIN,1st FIT,Lishan De Silva,61,79,10,0,lbw: M Ralph
13,3rd,1st FIT vs 1st KIN,1st KIN,1st FIT,James Heaney,24,33,4,1,lbw: M Ralph
13,3rd,1st FIT vs 1st KIN,1st KIN,1st FIT,Liam Russell,13,24,0,1,c: b: G Kaushik
13,3rd,1st FIT vs 1st KIN,1st KIN,1st FIT,Benjamin Donnellan,29,43,3,0,c: b: A Mannarsamy
13,3rd,1st FIT vs 1st KIN,1st KIN,1st FIT,Addison Forbes,9,10,2,0,b: A Mannarsamy
13,3rd,1st FIT vs 1st KIN,1st KIN,1st FIT,Joel Maaskant,3,10,0,0,not out
13,3rd,1st FIT vs 1st KIN,1st KIN,1st FIT,Edison Waghorn,5,4,1,0,st: b: G Kaushik
13,3rd,1st FIT vs 1st KIN,1st KIN,1st FIT,Joseph Dossor,,1,0,0,lbw: G Kaushik
13,3rd,1st FIT vs 1st KIN,1st KIN,1st FIT,Xavier Mitchell,,,,,did not bat
13,3rd,1st FIT vs 1st KIN,1st FIT,1st KIN,Aditya Chowdhary,1,15,0,0,lbw: A Forbes
13,3rd,1st FIT vs 1st KIN,1st FIT,1st KIN,Arish Surani,5,3,1,0,run out ()
13,3rd,1st FIT vs 1st KIN,1st FIT,1st KIN,Rohith Chapalamadugu,2,17,0,0,c: B Donnellan b: A Forbes
13,3rd,1st FIT vs 1st KIN,1st FIT,1st KIN,Manpreet Singh,61,163,6,1,c: J Heaney b: E Waghorn
13,3rd,1st FIT vs 1st KIN,1st FIT,1st KIN,Brendan Plumb,57,127,8,0,c: L De Silva b: J Maaskant
13,3rd,1st FIT vs 1st KIN,1st FIT,1st KIN,Mohamed Vailisseri,1,9,0,0,c: J Dossor b: J Maaskant
13,3rd,1st FIT vs 1st KIN,1st FIT,1st KIN,Andrew Johnson,2,5,0,0,b: J Maaskant
13,3rd,1st FIT vs 1st KIN,1st FIT,1st KIN,Kovid Katta,2,25,0,0,c: A Forbes b: X Mitchell
13,3rd,1st FIT vs 1st KIN,1st FIT,1st KIN,Arunkarthik Mannarsamy,8,16,2,0,st: L De Silva b: E Waghorn
13,3rd,1st FIT vs 1st KIN,1st FIT,1st KIN,********,8,23,2,0,b: J Maaskant
13,3rd,1st FIT vs 1st KIN,1st FIT,1st KIN,Max Ralph,4,13,1,0,not out
13,3rd,1st FIT vs 1st KIN,1st FIT,1st KIN,Gurdarshan Kaushik,,,,,did not bat
13,3rd,1st FIT vs 1st KIN,1st FIT,2nd FIT,Benjamin Donnellan,0,0,0,0,not out
13,3rd,1st FIT vs 1st KIN,1st FIT,2nd FIT,Joseph Dossor,0,0,0,0,not out
13,3rd,1st FIT vs 1st KIN,1st FIT,2nd FIT,Lishan De Silva,,,,,did not bat
13,3rd,1st FIT vs 1st KIN,1st FIT,2nd FIT,Addison Forbes,,,,,did not bat
13,3rd,1st FIT vs 1st KIN,1st FIT,2nd FIT,James Heaney,,,,,did not bat
13,3rd,1st FIT vs 1st KIN,1st FIT,2nd FIT,Joel Maaskant,,,,,did not bat
13,3rd,1st FIT vs 1st KIN,1st FIT,2nd FIT,Xavier Mitchell,,,,,did not bat
13,3rd,1st FIT vs 1st KIN,1st FIT,2nd FIT,Blake Podesta,,,,,did not bat
13,3rd,1st FIT vs 1st KIN,1st FIT,2nd FIT,Billy Rayner,,,,,did not bat
13,3rd,1st FIT vs 1st KIN,1st FIT,2nd FIT,Liam Russell,,,,,did not bat
13,3rd,1st FIT vs 1st KIN,1st FIT,2nd FIT,Syed Shayan Ahmad,,,,,did not bat
13,3rd,1st FIT vs 1st KIN,1st FIT,2nd FIT,Edison Waghorn,,,,,did not bat
13,3rd,1st RIC vs 1st ST,1st ST,1st RIC,Lachlan Giblett,26,48,4,1,c: W Ashton b: D de Silva
13,3rd,1st RIC vs 1st ST,1st ST,1st RIC,Caiden Dobson,18,41,2,0,"run out (W Ashton, A Fox)"
13,3rd,1st RIC vs 1st ST,1st ST,1st RIC,Ethan Loy-Abrahams,33,63,4,2,c&b: D de Silva
13,3rd,1st RIC vs 1st ST,1st ST,1st RIC,Harry Gell,17,45,2,0,c: J Kennedy b: Y Lidder
13,3rd,1st RIC vs 1st ST,1st ST,1st RIC,Thomas Purcell,54,59,7,2,c: W Jackson b: D de Silva
13,3rd,1st RIC vs 1st ST,1st ST,1st RIC,Dulith Mihiripenna,33,47,6,0,lbw: A Robson
13,3rd,1st RIC vs 1st ST,1st ST,1st RIC,Charlie Morris,47,73,2,2,lbw: J Kennedy
13,3rd,1st RIC vs 1st ST,1st ST,1st RIC,Chris Hall,22,46,4,0,c: W Jackson b: J Kennedy
13,3rd,1st RIC vs 1st ST,1st ST,1st RIC,Ethan Lovell,5,16,0,0,c: J Bartlett b: J Kennedy
13,3rd,1st RIC vs 1st ST,1st ST,1st RIC,Jaskaran Ghotra,5,7,1,0,lbw: D de Silva
13,3rd,1st RIC vs 1st ST,1st ST,1st RIC,Jackson Reed,0,4,0,0,not out
13,3rd,1st RIC vs 1st ST,1st RIC,1st ST,Will Hamilton,22,45,4,0,c: L Giblett b: L McCann
13,3rd,1st RIC vs 1st ST,1st RIC,1st ST,Walter Jackson,18,84,3,0,c: J Ghotra b: T Purcell
13,3rd,1st RIC vs 1st ST,1st RIC,1st ST,Luke Ashen,104,61,11,7,b: E Lovell
13,3rd,1st RIC vs 1st ST,1st RIC,1st ST,Will Ashton,40,79,6,1,c: E Lovell b: C Dobson
13,3rd,1st RIC vs 1st ST,1st RIC,1st ST,Adam Fox,65,61,9,1,c&b: C Dobson
13,3rd,1st RIC vs 1st ST,1st RIC,1st ST,Joshua Bartlett,,2,0,0,c: C Morris b: J Reed
13,3rd,1st RIC vs 1st ST,1st RIC,1st ST,Jobe Kennedy,21,31,2,1,not out
13,3rd,1st RIC vs 1st ST,1st RIC,1st ST,Dinuk de Silva,14,38,1,0,not out
13,3rd,1st RIC vs 1st ST,1st RIC,1st ST,Luke Gandy,,,,,did not bat
13,3rd,1st RIC vs 1st ST,1st RIC,1st ST,Aga Danish Hussain,,,,,did not bat
13,3rd,1st RIC vs 1st ST,1st RIC,1st ST,Yuvraj Lidder,,,,,did not bat
13,3rd,1st RIC vs 1st ST,1st RIC,1st ST,Angus Robson,,,,,did not bat
14,3rd,1st GEE vs 1st GRE,1st GRE,1st GEE,Jacob Chislett,39,91,5,0,c: T Waring b: K Mawer
14,3rd,1st GEE vs 1st GRE,1st GRE,1st GEE,Jake Klein,42,65,8,0,lbw: N Fernando
14,3rd,1st GEE vs 1st GRE,1st GRE,1st GEE,Ted Bain,25,43,5,0,c: T Sooriyaaratchi b: A McConnell
14,3rd,1st GEE vs 1st GRE,1st GRE,1st GEE,Tom Courtney,46,64,8,0,c: T Sooriyaaratchi b: M Rabbani
14,3rd,1st GEE vs 1st GRE,1st GRE,1st GEE,Monty Maloney,12,32,1,0,lbw: T Waring
14,3rd,1st GEE vs 1st GRE,1st GRE,1st GEE,Joshua Mastin,14,36,2,0,lbw: M Rabbani
14,3rd,1st GEE vs 1st GRE,1st GRE,1st GEE,Logan Haberfield,28,51,4,0,c: K Mawer b: T Waring
14,3rd,1st GEE vs 1st GRE,1st GRE,1st GEE,Paawan Sharma,4,3,1,0,b: M Rabbani
14,3rd,1st GEE vs 1st GRE,1st GRE,1st GEE,Will Rodda,64,77,10,0,b: C Brisbane
14,3rd,1st GEE vs 1st GRE,1st GRE,1st GEE,Toby Cunningham,2,17,0,0,not out
14,3rd,1st GEE vs 1st GRE,1st GRE,1st GEE,Lachlan Watson,0,2,0,0,not out
14,3rd,1st GEE vs 1st GRE,1st GRE,1st GEE,Kyle Bienefelt,,,,,did not bat
14,3rd,1st GEE vs 1st GRE,1st GEE,1st GRE,Arjun Sharma,46,92,5,0,c: L Haberfield b: K Bienefelt
14,3rd,1st GEE vs 1st GRE,1st GEE,1st GRE,Sesath Anuradha,104,199,12,0,not out
14,3rd,1st GEE vs 1st GRE,1st GEE,1st GRE,Anthony Grobler,23,52,3,0,c&b: T Bain
14,3rd,1st GEE vs 1st GRE,1st GEE,1st GRE,Thisura Sooriyaaratchi,8,39,1,0,c: M Maloney b: T Bain
14,3rd,1st GEE vs 1st GRE,1st GEE,1st GRE,Muhammad Taha Rabbani,2,13,0,0,c: J Klein b: P Sharma
14,3rd,1st GEE vs 1st GRE,1st GEE,1st GRE,Nirmana Fernando,1,21,0,0,run out (L Haberfield)
14,3rd,1st GEE vs 1st GRE,1st GEE,1st GRE,Connor Brisbane,,11,0,0,c: T Cunningham b: P Sharma
14,3rd,1st GEE vs 1st GRE,1st GEE,1st GRE,M. Wasantha,,3,0,0,c: J Klein b: P Sharma
14,3rd,1st GEE vs 1st GRE,1st GEE,1st GRE,Xavier Cooknell,,6,0,0,lbw: T Cunningham
14,3rd,1st GEE vs 1st GRE,1st GEE,1st GRE,Aidan McConnell,,1,0,0,lbw: P Sharma
14,3rd,1st GEE vs 1st GRE,1st GEE,1st GRE,Kyle Mawer,1,7,0,0,c: J Klein b: P Sharma
14,3rd,1st GEE vs 1st GRE,1st GEE,1st GRE,Trent Waring,,,,,did not bat
14,3rd,1st GEE vs 1st GRE,1st GEE,2nd GEE,Jacob Chislett,0,0,0,0,not out
14,3rd,1st GEE vs 1st GRE,1st GEE,2nd GEE,Jake Klein,0,0,0,0,not out
14,3rd,1st GEE vs 1st GRE,1st GEE,2nd GEE,Ted Bain,,,,,did not bat
14,3rd,1st GEE vs 1st GRE,1st GEE,2nd GEE,Kyle Bienefelt,,,,,did not bat
14,3rd,1st GEE vs 1st GRE,1st GEE,2nd GEE,Tom Courtney,,,,,did not bat
14,3rd,1st GEE vs 1st GRE,1st GEE,2nd GEE,Toby Cunningham,,,,,did not bat
14,3rd,1st GEE vs 1st GRE,1st GEE,2nd GEE,Logan Haberfield,,,,,did not bat
14,3rd,1st GEE vs 1st GRE,1st GEE,2nd GEE,Monty Maloney,,,,,did not bat
14,3rd,1st GEE vs 1st GRE,1st GEE,2nd GEE,Joshua Mastin,,,,,did not bat
14,3rd,1st GEE vs 1st GRE,1st GEE,2nd GEE,Will Rodda,,,,,did not bat
14,3rd,1st GEE vs 1st GRE,1st GEE,2nd GEE,Paawan Sharma,,,,,did not bat
14,3rd,1st GEE vs 1st GRE,1st GEE,2nd GEE,Lachlan Watson,,,,,did not bat
14,3rd,1st CAS vs 1st RIC,1st RIC,1st CAS,Max Heffernan,27,81,2,0,c&b: E Loy-Abrahams
14,3rd,1st CAS vs 1st RIC,1st RIC,1st CAS,Aaron D'souza,35,105,3,2,c: C Hall b: C Power
14,3rd,1st CAS vs 1st RIC,1st RIC,1st CAS,William Halton,8,18,1,0,c: P Pancholi b: C Dobson
14,3rd,1st CAS vs 1st RIC,1st RIC,1st CAS,Aryan Ghanekar,3,12,0,0,c: E Loy-Abrahams b: C Power
14,3rd,1st CAS vs 1st RIC,1st RIC,1st CAS,Akith Abeywickrama,18,26,3,1,lbw: C Wigney
14,3rd,1st CAS vs 1st RIC,1st RIC,1st CAS,Tristan Booth,5,33,0,0,b: C Wigney
14,3rd,1st CAS vs 1st RIC,1st RIC,1st CAS,Charlie Johnson,19,51,2,0,c: E Kolaritsch b: C Dobson
14,3rd,1st CAS vs 1st RIC,1st RIC,1st CAS,Rison Wickramasurendra,37,73,4,0,c: P Pancholi b: C Dobson
14,3rd,1st CAS vs 1st RIC,1st RIC,1st CAS,Matthew Blanch,4,25,0,0,c: E Lovell b: E Kolaritsch
14,3rd,1st CAS vs 1st RIC,1st RIC,1st CAS,Nate Murphy,14,53,2,0,not out
14,3rd,1st CAS vs 1st RIC,1st RIC,1st CAS,Josh Guinea,37,32,2,2,b: E Kolaritsch
14,3rd,1st CAS vs 1st RIC,1st RIC,1st CAS,Dale Christie,,,,,did not bat
14,3rd,1st CAS vs 1st RIC,1st CAS,1st RIC,Lachlan Giblett,,6,0,0,b: N Murphy
14,3rd,1st CAS vs 1st RIC,1st CAS,1st RIC,Caiden Dobson,22,63,3,0,c: W Halton b: J Guinea
14,3rd,1st CAS vs 1st RIC,1st CAS,1st RIC,Ethan Loy-Abrahams,131,164,17,1,c: W Halton b: M Heffernan
14,3rd,1st CAS vs 1st RIC,1st CAS,1st RIC,Harry Gell,2,13,0,0,c&b: J Guinea
14,3rd,1st CAS vs 1st RIC,1st CAS,1st RIC,Prithish Pancholi,22,51,1,0,c: R Wickramasurendra b: N Murphy
14,3rd,1st CAS vs 1st RIC,1st CAS,1st RIC,Charlie Morris,24,34,4,0,c: M Blanch b: R Wickramasurendra
14,3rd,1st CAS vs 1st RIC,1st CAS,1st RIC,Clancy McCormick,16,8,2,1,not out
14,3rd,1st CAS vs 1st RIC,1st CAS,1st RIC,Ethan Kolaritsch,0,0,0,0,not out
14,3rd,1st FIT vs 1st ESS,1st ESS,1st FIT,Blake Podesta,19,24,3,0,b: M Abdul Wasay
14,3rd,1st FIT vs 1st ESS,1st ESS,1st FIT,Billy Rayner,18,62,3,0,b: H Robertson
14,3rd,1st FIT vs 1st ESS,1st ESS,1st FIT,Syed Shayan Ahmad,12,24,1,1,c: M Singh b: H Robertson
14,3rd,1st FIT vs 1st ESS,1st ESS,1st FIT,Lishan De Silva,88,153,10,0,c: V Sandhu b: H Robertson
14,3rd,1st FIT vs 1st ESS,1st ESS,1st FIT,James Heaney,89,137,12,0,c: K Darji b: H doherty
14,3rd,1st FIT vs 1st ESS,1st ESS,1st FIT,Liam Russell,40,59,2,0,c: N Markovski b: L Miraz
14,3rd,1st FIT vs 1st ESS,1st ESS,1st FIT,Benjamin Donnellan,8,11,1,0,lbw: H Robertson
14,3rd,1st FIT vs 1st ESS,1st ESS,1st FIT,Kepler Lukies,61,58,3,0,not out
14,3rd,1st FIT vs 1st ESS,1st ESS,1st FIT,Addison Forbes,8,8,0,0,c: M Singh b: M Abdul Wasay
14,3rd,1st FIT vs 1st ESS,1st ESS,1st FIT,Joel Maaskant,3,4,0,0,run out (L Miraz)
14,3rd,1st FIT vs 1st ESS,1st ESS,1st FIT,Edison Waghorn,2,3,0,0,not out
14,3rd,1st FIT vs 1st ESS,1st FIT,1st ESS,Zachary Beniwal,10,35,1,0,c: B Donnellan b: X Mitchell
14,3rd,1st FIT vs 1st ESS,1st FIT,1st ESS,Vanshjot Sandhu,35,41,7,0,c: B Donnellan b: X Mitchell
14,3rd,1st FIT vs 1st ESS,1st FIT,1st ESS,Nicholas Markovski,23,44,3,0,st: B Donnellan b: K Lukies
14,3rd,1st FIT vs 1st ESS,1st FIT,1st ESS,Sean Phillips-Williams,7,42,1,0,c: B Podesta b: K Lukies
14,3rd,1st FIT vs 1st ESS,1st FIT,1st ESS,Jessraj Badhaan,20,37,4,0,c: B Donnellan b: E Waghorn
14,3rd,1st FIT vs 1st ESS,1st FIT,1st ESS,Heath doherty,53,118,8,0,not out
14,3rd,1st FIT vs 1st ESS,1st FIT,1st ESS,Krit Darji,6,20,1,0,b: J Maaskant
14,3rd,1st FIT vs 1st ESS,1st FIT,1st ESS,Paramvir Singh,,2,0,0,b: E Waghorn
14,3rd,1st FIT vs 1st ESS,1st FIT,1st ESS,Maan Fabian Singh,19,68,2,0,not out
14,3rd,1st FIT vs 1st ESS,1st FIT,1st ESS,Muhammad Abdul Wasay,,,,,did not bat
14,3rd,1st FIT vs 1st ESS,1st FIT,1st ESS,Luay Miraz,,,,,did not bat
14,3rd,1st FIT vs 1st ESS,1st FIT,1st ESS,Henry Robertson,,,,,did not bat
14,3rd,1st MEL vs 1st NOR,1st NOR,1st MEL,Lucien Bienvenu,11,23,1,0,lbw: M Ruwanpathirana
14,3rd,1st MEL vs 1st NOR,1st NOR,1st MEL,Hugo Bienvenu,8,50,0,0,c: N Reichman b: Z Mills
14,3rd,1st MEL vs 1st NOR,1st NOR,1st MEL,Ali Khan,,2,0,0,b: M Ruwanpathirana
14,3rd,1st MEL vs 1st NOR,1st NOR,1st MEL,Elliott Durrant,10,14,1,0,b: M Ruwanpathirana
14,3rd,1st MEL vs 1st NOR,1st NOR,1st MEL,Leo Hatzoglou,22,55,4,0,c: N Pereara b: T Ryder
14,3rd,1st MEL vs 1st NOR,1st NOR,1st MEL,Matthew Gome,14,37,2,0,c: J Anderson b: Z Mills
14,3rd,1st MEL vs 1st NOR,1st NOR,1st MEL,Raj Nand,2,4,0,0,b: T Ryder
14,3rd,1st MEL vs 1st NOR,1st NOR,1st MEL,Will Waters,17,43,3,0,c: B Pereara b: Z Mills
14,3rd,1st MEL vs 1st NOR,1st NOR,1st MEL,Aanlin Cheeran,4,7,0,0,lbw: Z Mills
14,3rd,1st MEL vs 1st NOR,1st NOR,1st MEL,Alex Ingpen,4,3,1,0,b: Z Mills
14,3rd,1st MEL vs 1st NOR,1st NOR,1st MEL,Hunter Kremer-Slevin,3,18,0,0,not out
14,3rd,1st MEL vs 1st NOR,1st NOR,1st MEL,Angus Harms,,,,,did not bat
14,3rd,1st MEL vs 1st NOR,1st MEL,1st NOR,Thomas Cuthbert,30,59,5,0,b: W Waters
14,3rd,1st MEL vs 1st NOR,1st MEL,1st NOR,Aarav Laxman,6,19,1,0,c: M Gome b: H Kremer-Slevin
14,3rd,1st MEL vs 1st NOR,1st MEL,1st NOR,Ben Pereara,48,87,9,0,lbw: W Waters
14,3rd,1st MEL vs 1st NOR,1st MEL,1st NOR,Nathaniel Reichman,11,36,1,0,not out
14,3rd,1st MEL vs 1st NOR,1st MEL,1st NOR,Earl Dicesare,1,11,0,0,not out
14,3rd,1st MEL vs 1st NOR,1st MEL,1st NOR,Jimmy Anderson,,,,,did not bat
14,3rd,1st MEL vs 1st NOR,1st MEL,1st NOR,Connor Burchall,,,,,did not bat
14,3rd,1st MEL vs 1st NOR,1st MEL,1st NOR,Qasim Khan,,,,,did not bat
14,3rd,1st MEL vs 1st NOR,1st MEL,1st NOR,Zac Mills,,,,,did not bat
14,3rd,1st MEL vs 1st NOR,1st MEL,1st NOR,Nicholas Pereara,,,,,did not bat
14,3rd,1st MEL vs 1st NOR,1st MEL,1st NOR,Mandiv Ruwanpathirana,,,,,did not bat
14,3rd,1st MEL vs 1st NOR,1st MEL,1st NOR,Tremayne Ryder,,,,,did not bat
14,3rd,1st MEL vs 1st NOR,1st MEL,2nd MEL,Lucien Bienvenu,18,39,2,0,b: C Burchall
14,3rd,1st MEL vs 1st NOR,1st MEL,2nd MEL,Hugo Bienvenu,67,98,8,2,c&b: Z Mills
14,3rd,1st MEL vs 1st NOR,1st MEL,2nd MEL,Ali Khan,49,65,9,0,c: M Ruwanpathirana b: Q Khan
14,3rd,1st MEL vs 1st NOR,1st MEL,2nd MEL,Elliott Durrant,36,28,5,1,c: C Burchall b: E Dicesare
14,3rd,1st MEL vs 1st NOR,1st MEL,2nd MEL,Leo Hatzoglou,7,14,0,0,lbw: Z Mills
14,3rd,1st MEL vs 1st NOR,1st MEL,2nd MEL,Matthew Gome,33,20,3,0,not out
14,3rd,1st MEL vs 1st NOR,1st MEL,2nd MEL,Raj Nand,3,9,0,0,b: Z Mills
14,3rd,1st MEL vs 1st NOR,1st MEL,2nd MEL,Will Waters,12,10,1,1,not out
14,3rd,1st MEL vs 1st NOR,1st MEL,2nd MEL,Aanlin Cheeran,,,,,did not bat
14,3rd,1st MEL vs 1st NOR,1st MEL,2nd MEL,Angus Harms,,,,,did not bat
14,3rd,1st MEL vs 1st NOR,1st MEL,2nd MEL,Alex Ingpen,,,,,did not bat
14,3rd,1st MEL vs 1st NOR,1st MEL,2nd MEL,Hunter Kremer-Slevin,,,,,did not bat
14,3rd,1st MEL vs 1st NOR,1st MEL,2nd NOR,Thomas Cuthbert,2,5,0,0,c: M Gome b: A Ingpen
14,3rd,1st MEL vs 1st NOR,1st MEL,2nd NOR,Aarav Laxman,8,11,2,0,c: E Durrant b: A Ingpen
14,3rd,1st MEL vs 1st NOR,1st MEL,2nd NOR,Ben Pereara,17,12,2,1,b: A Ingpen
14,3rd,1st MEL vs 1st NOR,1st MEL,2nd NOR,Nathaniel Reichman,14,21,2,0,c: M Gome b: A Ingpen
14,3rd,1st MEL vs 1st NOR,1st MEL,2nd NOR,Earl Dicesare,,1,0,0,c: A Harms b: L Hatzoglou
14,3rd,1st MEL vs 1st NOR,1st MEL,2nd NOR,Jimmy Anderson,,2,0,0,b: A Ingpen
14,3rd,1st MEL vs 1st NOR,1st MEL,2nd NOR,Nicholas Pereara,28,27,5,0,run out (R Nand)
14,3rd,1st MEL vs 1st NOR,1st MEL,2nd NOR,Tremayne Ryder,10,5,1,1,b: A Ingpen
14,3rd,1st MEL vs 1st NOR,1st MEL,2nd NOR,Zac Mills,,1,0,0,b: A Ingpen
14,3rd,1st MEL vs 1st NOR,1st MEL,2nd NOR,Mandiv Ruwanpathirana,6,4,1,0,b: L Hatzoglou
14,3rd,1st MEL vs 1st NOR,1st MEL,2nd NOR,Qasim Khan,0,5,0,0,not out
14,3rd,1st MEL vs 1st NOR,1st MEL,2nd NOR,Connor Burchall,,,,,did not bat
14,3rd,1st CAM vs 1st MEL,1st MEL,1st CAM,Lucas Jones,,3,0,0,lbw: I Bepey
14,3rd,1st CAM vs 1st MEL,1st MEL,1st CAM,Jack Di Stefano,13,29,2,0,c: b: I Bepey
14,3rd,1st CAM vs 1st MEL,1st MEL,1st CAM,James Jarrett,,6,0,0,c: T Cesaro b: I Bepey
14,3rd,1st CAM vs 1st MEL,1st MEL,1st CAM,Aarav Iyer,,2,0,0,lbw: I Bepey
14,3rd,1st CAM vs 1st MEL,1st MEL,1st CAM,Jack Evans,9,53,1,0,c: F Good b: S Anderson
14,3rd,1st CAM vs 1st MEL,1st MEL,1st CAM,Thomas Vanderslik,,2,0,0,b: I Bepey
14,3rd,1st CAM vs 1st MEL,1st MEL,1st CAM,Andrew Procopiou,43,118,8,0,lbw: K Williamson
14,3rd,1st CAM vs 1st MEL,1st MEL,1st CAM,Max Burn,16,53,2,0,c: O Wood b: F Good
14,3rd,1st CAM vs 1st MEL,1st MEL,1st CAM,Adam Rixon,41,68,6,1,not out
14,3rd,1st CAM vs 1st MEL,1st MEL,1st CAM,Simarjit Pawar,26,21,6,0,c: K Williamson b: T Cesaro
14,3rd,1st CAM vs 1st MEL,1st MEL,1st CAM,DAKSH SAINI,1,8,0,0,c: T Cesaro b: C Wolf
14,3rd,1st CAM vs 1st MEL,1st MEL,1st CAM,Ronit Rehal,,,,,did not bat
14,3rd,1st CAM vs 1st MEL,1st CAM,1st MEL,Oscar Wood,30,42,5,0,run out (M Burn)
14,3rd,1st CAM vs 1st MEL,1st CAM,1st MEL,Yuvraj Sharma,26,57,4,0,c: J Jarrett b: R Rehal
14,3rd,1st CAM vs 1st MEL,1st CAM,1st MEL,Sam Anderson,5,3,1,0,c: J Jarrett b: R Rehal
14,3rd,1st CAM vs 1st MEL,1st CAM,1st MEL,Brendan Reddell,26,27,6,0,lbw: A Rixon
14,3rd,1st CAM vs 1st MEL,1st CAM,1st MEL,Kyle Parrott,93,59,9,6,c: J Di Stefano b: T Vanderslik
14,3rd,1st CAM vs 1st MEL,1st CAM,1st MEL,Yash Goel,21,71,0,0,not out
14,3rd,1st CAM vs 1st MEL,1st CAM,1st MEL,Samuel Field,15,23,2,0,not out
14,3rd,1st CAM vs 1st MEL,1st CAM,1st MEL,Isaac Bepey,,,,,did not bat
14,3rd,1st CAM vs 1st MEL,1st CAM,1st MEL,Thomas Cesaro,,,,,did not bat
14,3rd,1st CAM vs 1st MEL,1st CAM,1st MEL,Fletcher Good,,,,,did not bat
14,3rd,1st CAM vs 1st MEL,1st CAM,1st MEL,Thomas Kenny,,,,,did not bat
14,3rd,1st CAM vs 1st MEL,1st CAM,1st MEL,Kyle Williamson,,,,,did not bat
14,3rd,1st CAM vs 1st MEL,1st CAM,1st MEL,Charlie Wolf,,,,,did not bat
14,3rd,1st CAR vs 1st DAN,1st DAN,1st CAR,Rory Edwards,13,38,1,0,c: T Perera b: A Sharma
14,3rd,1st CAR vs 1st DAN,1st DAN,1st CAR,Harry Simpson,2,3,0,0,b: R Bharadwaj
14,3rd,1st CAR vs 1st DAN,1st DAN,1st CAR,Lucas Cavigan,90,103,16,0,c: b: R Bharadwaj
14,3rd,1st CAR vs 1st DAN,1st DAN,1st CAR,Nicanor Martel,129,165,16,3,c&b: R Chandel
14,3rd,1st CAR vs 1st DAN,1st DAN,1st CAR,Jack Atkinson,75,75,10,2,b: F Corrie
14,3rd,1st CAR vs 1st DAN,1st DAN,1st CAR,Jack Campbell,11,39,2,0,c: N Amarasinghe b: A Sharma
14,3rd,1st CAR vs 1st DAN,1st DAN,1st CAR,James Pettitt,34,36,2,2,c: C Smith b: T Perera
14,3rd,1st CAR vs 1st DAN,1st DAN,1st CAR,Vincent Bush,4,16,0,0,c: L Antonello b: R Chandel
14,3rd,1st CAR vs 1st DAN,1st DAN,1st CAR,Kanhai Patel,8,32,0,0,b: A Sharma
14,3rd,1st CAR vs 1st DAN,1st DAN,1st CAR,Todd Marchant,16,27,1,0,b: A Sharma
14,3rd,1st CAR vs 1st DAN,1st DAN,1st CAR,Jujhar Singh Tamber,4,5,0,0,not out
14,3rd,1st CAR vs 1st DAN,1st DAN,1st CAR,Abraham Thomas,,,,,did not bat
14,3rd,1st CAR vs 1st DAN,1st CAR,1st DAN,Christian Smith,39,36,8,0,c: b: A Thomas
14,3rd,1st CAR vs 1st DAN,1st CAR,1st DAN,Matthew Pearson,12,34,1,0,c: J Pettitt b: T Marchant
14,3rd,1st CAR vs 1st DAN,1st CAR,1st DAN,Rohan Chandel,4,14,0,0,c: b: T Marchant
14,3rd,1st CAR vs 1st DAN,1st CAR,1st DAN,Liam Antonello,10,23,1,0,c: N Martel b: T Marchant
14,3rd,1st CAR vs 1st DAN,1st CAR,1st DAN,Jett Kelly,,2,0,0,lbw: K Patel
14,3rd,1st CAR vs 1st DAN,1st CAR,1st DAN,Nathan Giove,,4,0,0,b: T Marchant
14,3rd,1st CAR vs 1st DAN,1st CAR,1st DAN,Nick Thurgood,5,14,0,0,c: R Edwards b: K Patel
14,3rd,1st CAR vs 1st DAN,1st CAR,1st DAN,Finley Corrie,1,12,0,0,b: J Tamber
14,3rd,1st CAR vs 1st DAN,1st CAR,1st DAN,Nisith Amarasinghe,19,49,2,0,not out
14,3rd,1st CAR vs 1st DAN,1st CAR,1st DAN,Advit Sharma,14,22,2,0,b: A Thomas
14,3rd,1st CAR vs 1st DAN,1st CAR,1st DAN,Rikhil Bharadwaj,5,15,0,0,c: N Martel b: J Tamber
14,3rd,1st CAR vs 1st DAN,1st CAR,1st DAN,Thenuka Perera,,,,,did not bat
14,3rd,1st FRA vs 1st KIN,1st KIN,1st FRA,Tom Bath,30,79,6,0,b: G Kaushik
14,3rd,1st FRA vs 1st KIN,1st KIN,1st FRA,Oscar Scott-Waters,93,113,15,0,b: A Mannarsamy
14,3rd,1st FRA vs 1st KIN,1st KIN,1st FRA,Sean Parker,34,33,5,0,lbw: M Ralph
14,3rd,1st FRA vs 1st KIN,1st KIN,1st FRA,Joshua Edwards,124,138,10,2,not out
14,3rd,1st FRA vs 1st KIN,1st KIN,1st FRA,Dylan Gray,44,73,8,0,c: b: S Rajapaksha
14,3rd,1st FRA vs 1st KIN,1st KIN,1st FRA,Josh Hotston,18,12,1,1,c: A Johnson b: S Rajapaksha
14,3rd,1st FRA vs 1st KIN,1st KIN,1st FRA,Matthew Stone,45,50,4,0,not out
14,3rd,1st FRA vs 1st KIN,1st KIN,1st FRA,Matthew Kennedy,,,,,did not bat
14,3rd,1st FRA vs 1st KIN,1st KIN,1st FRA,Jamie Matheson,,,,,did not bat
14,3rd,1st FRA vs 1st KIN,1st KIN,1st FRA,Aaron McIlroy,,,,,did not bat
14,3rd,1st FRA vs 1st KIN,1st KIN,1st FRA,Tanush Nandini,,,,,did not bat
14,3rd,1st FRA vs 1st KIN,1st KIN,1st FRA,Harish Salwathura,,,,,did not bat
14,3rd,1st FRA vs 1st KIN,1st KIN,1st FRA,Talal Shahzad,,,,,did not bat
14,3rd,1st FRA vs 1st KIN,1st FRA,1st KIN,Rohith Chapalamadugu,4,12,1,0,run out (H Salwathura)
14,3rd,1st FRA vs 1st KIN,1st FRA,1st KIN,Manpreet Singh,10,37,2,0,lbw: A McIlroy
14,3rd,1st FRA vs 1st KIN,1st FRA,1st KIN,Aditya Chowdhary,16,31,1,0,c: D Gray b: A McIlroy
14,3rd,1st FRA vs 1st KIN,1st FRA,1st KIN,Mohamed Vailisseri,,8,0,0,c: J Hotston b: T Shahzad
14,3rd,1st FRA vs 1st KIN,1st FRA,1st KIN,Arish Surani,38,99,7,0,c: J Hotston b: M Stone
14,3rd,1st FRA vs 1st KIN,1st FRA,1st KIN,Andrew Johnson,,3,0,0,b: T Shahzad
14,3rd,1st FRA vs 1st KIN,1st FRA,1st KIN,Kovid Katta,,7,0,0,c: O Scott-Waters b: T Shahzad
14,3rd,1st FRA vs 1st KIN,1st FRA,1st KIN,Arunkarthik Mannarsamy,7,12,1,0,lbw: J Matheson
14,3rd,1st FRA vs 1st KIN,1st FRA,1st KIN,Sanithu Rajapaksha,51,117,8,0,c: A McIlroy b: M Stone
14,3rd,1st FRA vs 1st KIN,1st FRA,1st KIN,Max Ralph,,1,0,0,c: J Hotston b: M Stone
14,3rd,1st FRA vs 1st KIN,1st FRA,1st KIN,Joel Ajani,2,19,0,0,not out
14,3rd,1st FRA vs 1st KIN,1st FRA,1st KIN,Gurdarshan Kaushik,,,,,did not bat
14,3rd,1st RIN vs 1st ST,1st ST,1st RIN,Rohan Ervine,7,24,0,0,c: A Fox b: L Gandy
14,3rd,1st RIN vs 1st ST,1st ST,1st RIN,Paawan Dave,11,43,0,0,c: W Ashton b: L Gandy
14,3rd,1st RIN vs 1st ST,1st ST,1st RIN,Prabhav Mishra,59,91,6,1,run out (A Hussain)
14,3rd,1st RIN vs 1st ST,1st ST,1st RIN,Bailey O’Riley,,1,0,0,b: L Gandy
14,3rd,1st RIN vs 1st ST,1st ST,1st RIN,Will Banfield,31,86,3,0,b: J Kennedy
14,3rd,1st RIN vs 1st ST,1st ST,1st RIN,Trent Wynne,9,41,1,0,c: L Gandy b: D de Silva
14,3rd,1st RIN vs 1st ST,1st ST,1st RIN,George Lyons,45,113,3,0,b: D de Silva
14,3rd,1st RIN vs 1st ST,1st ST,1st RIN,Isaac Macklin,55,84,4,3,b: W Jackson
14,3rd,1st RIN vs 1st ST,1st ST,1st RIN,Gabe Lawson,,3,0,0,c: W Hamilton b: W Jackson
14,3rd,1st RIN vs 1st ST,1st ST,1st RIN,Jack Martin,11,15,1,0,b: D de Silva
14,3rd,1st RIN vs 1st ST,1st ST,1st RIN,Zachary Seal,0,1,0,0,not out
14,3rd,1st RIN vs 1st ST,1st ST,1st RIN,Ezra Horneman,,,,,did not bat
14,3rd,1st RIN vs 1st ST,1st RIN,1st ST,Will Hamilton,3,8,0,0,c: Z Seal b: I Macklin
14,3rd,1st RIN vs 1st ST,1st RIN,1st ST,Luke Ashen,28,16,3,2,c: B O’Riley b: J Martin
14,3rd,1st RIN vs 1st ST,1st RIN,1st ST,Walter Jackson,11,23,1,0,c: R Ervine b: Z Seal
14,3rd,1st RIN vs 1st ST,1st RIN,1st ST,Dan Meddings,25,68,3,0,c: J Martin b: I Macklin
14,3rd,1st RIN vs 1st ST,1st RIN,1st ST,Barnaby Smith,51,61,6,3,lbw: J Martin
14,3rd,1st RIN vs 1st ST,1st RIN,1st ST,Will Ashton,31,52,5,0,b: I Macklin
14,3rd,1st RIN vs 1st ST,1st RIN,1st ST,James Smith,32,54,3,0,c: R Ervine b: B O’Riley
14,3rd,1st RIN vs 1st ST,1st RIN,1st ST,Jobe Kennedy,7,22,0,0,c: R Ervine b: J Martin
14,3rd,1st RIN vs 1st ST,1st RIN,1st ST,Dinuk de Silva,1,14,0,0,c: b: B O’Riley
14,3rd,1st RIN vs 1st ST,1st RIN,1st ST,Luke Gandy,8,14,1,0,not out
14,3rd,1st RIN vs 1st ST,1st RIN,1st ST,Yuvraj Lidder,,11,0,0,b: J Martin
14,3rd,1st RIN vs 1st ST,1st RIN,1st ST,Adam Fox,,,,,did not bat
14,3rd,1st RIN vs 1st ST,1st RIN,1st ST,Aga Danish Hussain,,,,,did not bat
14,3rd,1st PRA vs 1st FOO,1st FOO,1st PRA,Jesse van Rooyen,26,82,3,0,c: D Kumar b: R Mclean
14,3rd,1st PRA vs 1st FOO,1st FOO,1st PRA,Lenny Wilkins,6,17,1,0,c: P Chokshi b: S Wilson
14,3rd,1st PRA vs 1st FOO,1st FOO,1st PRA,Lachlan Zissis,,1,0,0,lbw: S Wilson
14,3rd,1st PRA vs 1st FOO,1st FOO,1st PRA,Kane Scott,32,55,4,1,b: H Suresh
14,3rd,1st PRA vs 1st FOO,1st FOO,1st PRA,Rushil Ravi,38,96,5,0,c&b: D Kumar
14,3rd,1st PRA vs 1st FOO,1st FOO,1st PRA,Saksham Kapoor,9,35,1,0,lbw: A Patel
14,3rd,1st PRA vs 1st FOO,1st FOO,1st PRA,Lucas Pike,9,14,0,1,b: A Patel
14,3rd,1st PRA vs 1st FOO,1st FOO,1st PRA,Nicholas Graves,2,21,0,0,c: A Miles b: D Kumar
14,3rd,1st PRA vs 1st FOO,1st FOO,1st PRA,Hamish Braden,7,30,1,0,c: R Bhasin b: X Marazita
14,3rd,1st PRA vs 1st FOO,1st FOO,1st PRA,Nigel K Munasinghe,10,48,1,0,c: D Kumar b: H Suresh
14,3rd,1st PRA vs 1st FOO,1st FOO,1st PRA,Parth Rath,0,8,0,0,not out
14,3rd,1st PRA vs 1st FOO,1st FOO,1st PRA,Riley Backhouse,,,,,did not bat
14,3rd,1st PRA vs 1st FOO,1st PRA,1st FOO,Alfie Miles,12,23,2,0,lbw: P Rath
14,3rd,1st PRA vs 1st FOO,1st PRA,1st FOO,Daksh Kumar,5,10,1,0,c: L Wilkins b: N Graves
14,3rd,1st PRA vs 1st FOO,1st PRA,1st FOO,Riyan Bhasin,10,27,1,0,lbw: N Graves
14,3rd,1st PRA vs 1st FOO,1st PRA,1st FOO,Ryder obrien,5,20,0,0,c: L Wilkins b: N Graves
14,3rd,1st PRA vs 1st FOO,1st PRA,1st FOO,Priyansh Chokshi,35,48,8,0,c: P Rath b: S Kapoor
14,3rd,1st PRA vs 1st FOO,1st PRA,1st FOO,Traveen Pandithakoralege,3,8,0,0,c: R Ravi b: N Munasinghe
14,3rd,1st PRA vs 1st FOO,1st PRA,1st FOO,Phoenix Hopper,27,62,3,0,lbw: P Rath
14,3rd,1st PRA vs 1st FOO,1st PRA,1st FOO,Harshal S Suresh,11,35,2,0,b: N Munasinghe
14,3rd,1st PRA vs 1st FOO,1st PRA,1st FOO,Stewart Wilson,4,11,1,0,c: L Wilkins b: P Rath
14,3rd,1st PRA vs 1st FOO,1st PRA,1st FOO,Ryder Mclean,6,46,0,0,not out
14,3rd,1st PRA vs 1st FOO,1st PRA,1st FOO,Xavier Marazita,22,40,4,0,not out
14,3rd,1st PRA vs 1st FOO,1st PRA,1st FOO,Luke Gilham,,,,,did not bat
14,3rd,1st PRA vs 1st FOO,1st PRA,1st FOO,Aadi Patel,,,,,did not bat
1,4th,1st FRA vs 1st RIC,1st RIC,1st FRA,Tom Bath,72,158,5,1,c: C Box b: L Nicholls
1,4th,1st FRA vs 1st RIC,1st RIC,1st FRA,Cooper Kennedy,59,150,7,0,c: J Sajeba b: L Nicholls
1,4th,1st FRA vs 1st RIC,1st RIC,1st FRA,Jesse Jewiss,10,21,2,0,c&b: T Cashman
1,4th,1st FRA vs 1st RIC,1st RIC,1st FRA,Jarryd Parker,58,126,4,0,not out
1,4th,1st FRA vs 1st RIC,1st RIC,1st FRA,Aryandeep Singh,5,9,1,0,c: C Box b: N Satyan
1,4th,1st FRA vs 1st RIC,1st RIC,1st FRA,Jake O’Brien,25,42,4,0,b: J Sajeba
1,4th,1st FRA vs 1st RIC,1st RIC,1st FRA,Max McLean,37,42,7,0,"run out (T Cashman, C Box)"
1,4th,1st FRA vs 1st RIC,1st RIC,1st FRA,Luke Perry,18,21,1,0,b: N Satyan
1,4th,1st FRA vs 1st RIC,1st RIC,1st FRA,Mitchell Gill-Furness,5,10,0,0,not out
1,4th,1st FRA vs 1st RIC,1st RIC,1st FRA,Jerome George,,,,,did not bat
1,4th,1st FRA vs 1st RIC,1st RIC,1st FRA,Matthew Kennedy,,,,,did not bat
1,4th,1st FRA vs 1st RIC,1st RIC,1st FRA,Joe Paulas,,,,,did not bat
1,4th,1st FRA vs 1st RIC,1st FRA,1st RIC,Lincoln Nicholls,,9,0,0,b: A Singh
1,4th,1st FRA vs 1st RIC,1st FRA,1st RIC,Ethan Stones,68,242,9,0,lbw: A Singh
1,4th,1st FRA vs 1st RIC,1st FRA,1st RIC,Dulith Mihiripenna,1,1,0,0,run out (J O’Brien)
1,4th,1st FRA vs 1st RIC,1st FRA,1st RIC,Austin Bauer,95,156,17,0,c: J Parker b: J Paulas
1,4th,1st FRA vs 1st RIC,1st FRA,1st RIC,Navnith Satyan,5,44,0,0,c: T Bath b: J George
1,4th,1st FRA vs 1st RIC,1st FRA,1st RIC,Tom Cashman,49,77,6,0,c: J Parker b: J Paulas
1,4th,1st FRA vs 1st RIC,1st FRA,1st RIC,Cooper Box,18,35,3,0,c: C Kennedy b: J Paulas
1,4th,1st FRA vs 1st RIC,1st FRA,1st RIC,Clancy McCormick,9,13,2,0,not out
1,4th,1st FRA vs 1st RIC,1st FRA,1st RIC,Gishain Fernando,2,3,0,0,not out
1,4th,1st FRA vs 1st RIC,1st FRA,1st RIC,Jaskaran Ghotra,,,,,did not bat
1,4th,1st FRA vs 1st RIC,1st FRA,1st RIC,Callum Power,,,,,did not bat
1,4th,1st FRA vs 1st RIC,1st FRA,1st RIC,James Sajeba,,,,,did not bat
1,4th,1st FOO vs 1st ST,1st ST,1st FOO,Rhyan Bidur S,3,7,0,0,c: C Chasemore b: R Talwar
1,4th,1st FOO vs 1st ST,1st ST,1st FOO,Bayden Hutchins,20,31,3,0,c: C Atkins b: H Tegg
1,4th,1st FOO vs 1st ST,1st ST,1st FOO,Kai O’Hehir,29,56,4,0,c: R Talwar b: O Pender
1,4th,1st FOO vs 1st ST,1st ST,1st FOO,Abhishek Beniwal,37,75,2,2,c: C Atkins b: G Khehra
1,4th,1st FOO vs 1st ST,1st ST,1st FOO,Ryan Coonan,18,56,2,0,c: A Ghuman b: G Khehra
1,4th,1st FOO vs 1st ST,1st ST,1st FOO,Andrew Pizaro,34,127,5,0,b: O Pender
1,4th,1st FOO vs 1st ST,1st ST,1st FOO,Joshua Norsetter,32,50,3,1,c: C Atkins b: O Pender
1,4th,1st FOO vs 1st ST,1st ST,1st FOO,Matthew Netto,4,3,1,0,c: S Zayler b: O Pender
1,4th,1st FOO vs 1st ST,1st ST,1st FOO,Ky Lake,,13,0,0,c&b: T Morris
1,4th,1st FOO vs 1st ST,1st ST,1st FOO,Shlok Shanbhag,,7,0,0,c: C Chasemore b: T Morris
1,4th,1st FOO vs 1st ST,1st ST,1st FOO,William Pizaro,17,39,3,0,not out
1,4th,1st FOO vs 1st ST,1st ST,1st FOO,Liam Sutton,,,,,did not bat
1,4th,1st FOO vs 1st ST,1st FOO,1st ST,Charlie Atkins,38,56,6,0,c: A Beniwal b: S Shanbhag
1,4th,1st FOO vs 1st ST,1st FOO,1st ST,Will Hamilton,132,195,15,0,c: S Shanbhag b: L Sutton
1,4th,1st FOO vs 1st ST,1st FOO,1st ST,Jackson Martin,19,130,1,0,not out
1,4th,1st FOO vs 1st ST,1st FOO,1st ST,Gurshan Khehra,,6,0,0,lbw: J Norsetter
1,4th,1st FOO vs 1st ST,1st FOO,1st ST,Callum Chasemore,5,8,1,0,not out
1,4th,1st FOO vs 1st ST,1st FOO,1st ST,Douglas Beckett,,,,,did not bat
1,4th,1st FOO vs 1st ST,1st FOO,1st ST,Avneet Ghuman,,,,,did not bat
1,4th,1st FOO vs 1st ST,1st FOO,1st ST,Tom Morris,,,,,did not bat
1,4th,1st FOO vs 1st ST,1st FOO,1st ST,Orlando Pender,,,,,did not bat
1,4th,1st FOO vs 1st ST,1st FOO,1st ST,Rishikesh Talwar,,,,,did not bat
1,4th,1st FOO vs 1st ST,1st FOO,1st ST,Harrison Tegg,,,,,did not bat
1,4th,1st FOO vs 1st ST,1st FOO,1st ST,Steve Zayler,,,,,did not bat
1,4th,1st CAR vs 1st MEL,1st MEL,1st CAR,Jacob Davidson,7,31,1,0,c: S Dias b: M Laurie
1,4th,1st CAR vs 1st MEL,1st MEL,1st CAR,Lewis Bouckley,,5,0,0,b: M Laurie
1,4th,1st CAR vs 1st MEL,1st MEL,1st CAR,Alessandro Belci,46,70,7,0,c: G Devpura b: H Steele
1,4th,1st CAR vs 1st MEL,1st MEL,1st CAR,Brayden Tracey,43,54,4,2,c: G Devpura b: H Steele
1,4th,1st CAR vs 1st MEL,1st MEL,1st CAR,Garry Bhour,18,25,3,0,lbw: E Yates
1,4th,1st CAR vs 1st MEL,1st MEL,1st CAR,Jack Campbell,21,38,2,0,b: M Richings
1,4th,1st CAR vs 1st MEL,1st MEL,1st CAR,Mubasheeruddin Jamal Mohammed,5,21,1,0,lbw: A Arora
1,4th,1st CAR vs 1st MEL,1st MEL,1st CAR,Aussie McIlwaine,15,27,2,0,b: H Steele
1,4th,1st CAR vs 1st MEL,1st MEL,1st CAR,Kyan Brasher,24,43,3,0,c: A Upadhyay b: E Yates
1,4th,1st CAR vs 1st MEL,1st MEL,1st CAR,Abraham Thomas,21,32,2,0,not out
1,4th,1st CAR vs 1st MEL,1st MEL,1st CAR,Zack Richardson,12,35,0,0,c: R Epstein b: M Richings
1,4th,1st CAR vs 1st MEL,1st MEL,1st CAR,Ashley Ward,,,,,did not bat
1,4th,1st CAR vs 1st MEL,1st MEL,1st CAR,Maximilian Dias,,,,,did not bat
1,4th,1st CAR vs 1st MEL,1st CAR,1st MEL,Rafael Epstein,20,52,2,0,c: K Brasher b: A McIlwaine
1,4th,1st CAR vs 1st MEL,1st CAR,1st MEL,Gavinu Devpura,78,146,9,1,b: A McIlwaine
1,4th,1st CAR vs 1st MEL,1st CAR,1st MEL,Arjun Upadhyay,17,54,2,0,c: L Bouckley b: K Brasher
1,4th,1st CAR vs 1st MEL,1st CAR,1st MEL,Harvey Redpath,10,19,2,0,lbw: K Brasher
1,4th,1st CAR vs 1st MEL,1st CAR,1st MEL,Raph Cramb,38,114,4,0,not out
1,4th,1st CAR vs 1st MEL,1st CAR,1st MEL,Hayden Lim,,4,0,0,c: L Bouckley b: A McIlwaine
1,4th,1st CAR vs 1st MEL,1st CAR,1st MEL,Shenan Dias,,9,0,0,b: A Thomas
1,4th,1st CAR vs 1st MEL,1st CAR,1st MEL,Matthew Richings,46,100,6,0,"run out (J Davidson, L Bouckley)"
1,4th,1st CAR vs 1st MEL,1st CAR,1st MEL,Ethan Yates,,1,0,0,b: K Brasher
1,4th,1st CAR vs 1st MEL,1st CAR,1st MEL,Aryan Arora,0,2,0,0,not out
1,4th,1st FIT vs 1st MEL,1st MEL,1st FIT,Harrison Sheers,,6,0,0,c: B Griffin b: T Thompson
1,4th,1st FIT vs 1st MEL,1st MEL,1st FIT,Sandeep Ahuja,31,87,2,0,lbw: B Griffin
1,4th,1st FIT vs 1st MEL,1st MEL,1st FIT,Armaan Datta,23,62,3,0,c: J Aikins b: F Good
1,4th,1st FIT vs 1st MEL,1st MEL,1st FIT,Yannick Dobson,35,65,4,0,lbw: F Good
1,4th,1st FIT vs 1st MEL,1st MEL,1st FIT,Lucas Hales,11,28,1,0,c: F Good b: J Finkelstein
1,4th,1st FIT vs 1st MEL,1st MEL,1st FIT,Lachlan Green,57,97,9,0,lbw: A Reid Dick
1,4th,1st FIT vs 1st MEL,1st MEL,1st FIT,Neel Malangi,2,17,0,0,c: J Benson b: A Reid Dick
1,4th,1st FIT vs 1st MEL,1st MEL,1st FIT,Alex Cole,47,84,9,0,c: B Griffin b: A Reid Dick
1,4th,1st FIT vs 1st MEL,1st MEL,1st FIT,Lachlan Rees,16,44,2,0,c: B Griffin b: L SALWATHURA
1,4th,1st FIT vs 1st MEL,1st MEL,1st FIT,Samuel Hoyne,27,35,5,0,not out
1,4th,1st FIT vs 1st MEL,1st MEL,1st FIT,Xavier Mitchell,8,9,0,1,not out
1,4th,1st FIT vs 1st MEL,1st FIT,1st MEL,Alistair McCooke,,3,0,0,b: S Hoyne
1,4th,1st FIT vs 1st MEL,1st FIT,1st MEL,Ben Griffin,3,16,0,0,lbw: S Hoyne
1,4th,1st FIT vs 1st MEL,1st FIT,1st MEL,Johnathon Aikins,47,93,8,0,c: L Green b: L Rees
1,4th,1st FIT vs 1st MEL,1st FIT,1st MEL,James Francis,8,31,1,0,c: Y Dobson b: X Mitchell
1,4th,1st FIT vs 1st MEL,1st FIT,1st MEL,Hayden Kenny,38,70,5,0,b: L Green
1,4th,1st FIT vs 1st MEL,1st FIT,1st MEL,LEITH SALWATHURA,12,26,2,0,b: L Rees
1,4th,1st FIT vs 1st MEL,1st FIT,1st MEL,Josh Benson,7,55,1,0,b: S Hoyne
1,4th,1st FIT vs 1st MEL,1st FIT,1st MEL,Thomas Kenny,9,51,0,0,c: Y Dobson b: A Cole
1,4th,1st FIT vs 1st MEL,1st FIT,1st MEL,Trent Thompson,1,13,0,0,c&b: L Rees
1,4th,1st FIT vs 1st MEL,1st FIT,1st MEL,Fletcher Good,2,42,0,0,not out
1,4th,1st FIT vs 1st MEL,1st FIT,1st MEL,Josh Finkelstein,16,15,3,0,st: N Malangi b: L Rees
2,4th,1st RIC vs 1st ST,1st ST,1st RIC,Lincoln Nicholls,,5,0,0,c: C Chasemore b: A Ghuman
2,4th,1st RIC vs 1st ST,1st ST,1st RIC,Ethan Stones,25,120,1,0,b: A Ghuman
2,4th,1st RIC vs 1st ST,1st ST,1st RIC,Dulith Mihiripenna,1,15,0,0,c: R Talwar b: O Pender
2,4th,1st RIC vs 1st ST,1st ST,1st RIC,Austin Bauer,30,67,4,0,c: C Chasemore b: O Pender
2,4th,1st RIC vs 1st ST,1st ST,1st RIC,Navnith Satyan,94,175,7,0,c: C Atkins b: C Chasemore
2,4th,1st RIC vs 1st ST,1st ST,1st RIC,Tom Cashman,4,8,1,0,c: C Chasemore b: O Pender
2,4th,1st RIC vs 1st ST,1st ST,1st RIC,Cooper Box,21,104,1,0,b: A Ghuman
2,4th,1st RIC vs 1st ST,1st ST,1st RIC,Clancy McCormick,8,5,2,0,c: A Ghuman b: D Young
2,4th,1st RIC vs 1st ST,1st ST,1st RIC,Gishain Fernando,4,10,0,0,b: D Young
2,4th,1st RIC vs 1st ST,1st ST,1st RIC,James Sajeba,35,85,1,0,not out
2,4th,1st RIC vs 1st ST,1st ST,1st RIC,Callum Power,17,48,3,0,"run out (O Pender, C Atkins)"
2,4th,1st RIC vs 1st ST,1st ST,1st RIC,Fabian Di Domenico,,,,,did not bat
2,4th,1st RIC vs 1st ST,1st ST,1st RIC,Jaskaran Ghotra,,,,,did not bat
2,4th,1st RIC vs 1st ST,1st RIC,1st ST,Charlie Atkins,6,22,0,0,c: N Satyan b: T Cashman
2,4th,1st RIC vs 1st ST,1st RIC,1st ST,Will Hamilton,26,80,2,0,run out (C Power)
2,4th,1st RIC vs 1st ST,1st RIC,1st ST,Jackson Martin,12,64,0,0,b: C Power
2,4th,1st RIC vs 1st ST,1st RIC,1st ST,Callum Chasemore,20,33,3,0,b: C Power
2,4th,1st RIC vs 1st ST,1st RIC,1st ST,Douglas Beckett,18,43,1,0,lbw: C Power
2,4th,1st RIC vs 1st ST,1st RIC,1st ST,Tom Morris,56,94,5,0,c: E Stones b: D Mihiripenna
2,4th,1st RIC vs 1st ST,1st RIC,1st ST,Rishikesh Talwar,22,56,1,0,c: E Stones b: D Mihiripenna
2,4th,1st RIC vs 1st ST,1st RIC,1st ST,Steve Zayler,31,47,3,0,b: D Mihiripenna
2,4th,1st RIC vs 1st ST,1st RIC,1st ST,Harrison Tegg,29,53,1,1,not out
2,4th,1st RIC vs 1st ST,1st RIC,1st ST,Avneet Ghuman,15,23,2,0,c: L Nicholls b: N Satyan
2,4th,1st RIC vs 1st ST,1st RIC,1st ST,Dylan Young,,2,0,0,lbw: N Satyan
2,4th,1st RIC vs 1st ST,1st RIC,1st ST,Orlando Pender,,,,,did not bat
2,4th,1st MEL vs 1st FIT,1st FIT,1st MEL,Rafael Epstein,14,28,1,0,c: N Malangi b: X Mitchell
2,4th,1st MEL vs 1st FIT,1st FIT,1st MEL,Gavinu Devpura,26,41,3,0,c&b: J Maaskant
2,4th,1st MEL vs 1st FIT,1st FIT,1st MEL,Shenan Dias,2,34,0,0,c: N Malangi b: S Hoyne
2,4th,1st MEL vs 1st FIT,1st FIT,1st MEL,Tharindu Perera,72,72,7,4,c: L Hales b: A Cole
2,4th,1st MEL vs 1st FIT,1st FIT,1st MEL,Torren Arthur,34,58,4,0,c: S Hoyne b: L Rees
2,4th,1st MEL vs 1st FIT,1st FIT,1st MEL,Raph Cramb,21,72,2,0,c: N Malangi b: J Maaskant
2,4th,1st MEL vs 1st FIT,1st FIT,1st MEL,Harvey Redpath,28,45,3,0,run out (L Hales)
2,4th,1st MEL vs 1st FIT,1st FIT,1st MEL,Hayden Lim,6,30,1,0,c: H Sinha b: L Rees
2,4th,1st MEL vs 1st FIT,1st FIT,1st MEL,Matthew Richings,41,88,5,0,c&b: L Hales
2,4th,1st MEL vs 1st FIT,1st FIT,1st MEL,Aanlin Cheeran,98,122,11,1,b: L Rees
2,4th,1st MEL vs 1st FIT,1st FIT,1st MEL,Angus Harms,15,46,2,0,not out
2,4th,1st MEL vs 1st FIT,1st FIT,1st MEL,Mitchell Laurie,,,,,did not bat
2,4th,1st MEL vs 1st FIT,1st MEL,1st FIT,Keshav Kaushik,10,42,1,0,c: G Devpura b: M Laurie
2,4th,1st MEL vs 1st FIT,1st MEL,1st FIT,Harrison Sheers,4,6,1,0,c: R Epstein b: T Perera
2,4th,1st MEL vs 1st FIT,1st MEL,1st FIT,Armaan Datta,71,90,7,1,c: S Dias b: A Cheeran
2,4th,1st MEL vs 1st FIT,1st MEL,1st FIT,Neel Malangi,21,45,3,0,c: R Epstein b: M Richings
2,4th,1st MEL vs 1st FIT,1st MEL,1st FIT,Lucas Hales,5,14,0,0,c: T Perera b: A Cheeran
2,4th,1st MEL vs 1st FIT,1st MEL,1st FIT,Lachlan Green,,4,0,0,c: S Dias b: A Cheeran
2,4th,1st MEL vs 1st FIT,1st MEL,1st FIT,Harsh Sinha,12,35,1,0,c: M Richings b: A Cheeran
2,4th,1st MEL vs 1st FIT,1st MEL,1st FIT,Alex Cole,3,24,0,0,c: S Dias b: H Lim
2,4th,1st MEL vs 1st FIT,1st MEL,1st FIT,Joel Maaskant,,3,0,0,c: T Perera b: A Cheeran
2,4th,1st MEL vs 1st FIT,1st MEL,1st FIT,Lachlan Rees,0,8,0,0,not out
2,4th,1st MEL vs 1st FIT,1st MEL,1st FIT,Samuel Hoyne,,2,0,0,c: H Redpath b: H Lim
2,4th,1st MEL vs 1st FIT,1st MEL,1st FIT,Xavier Mitchell,,,,,did not bat
2,4th,1st MEL vs 1st FIT,1st MEL,1st FIT,Nicholas Sheridan,,,,,did not bat
3,4th,1st MEL vs 1st RIC,1st RIC,1st MEL,Gavinu Devpura,69,124,9,0,lbw: J Sajeba
3,4th,1st MEL vs 1st RIC,1st RIC,1st MEL,Rafael Epstein,9,43,1,0,c: L Nicholls b: N Satyan
3,4th,1st MEL vs 1st RIC,1st RIC,1st MEL,Shenan Dias,47,117,2,1,c: D Mihiripenna b: N Satyan
3,4th,1st MEL vs 1st RIC,1st RIC,1st MEL,Tharindu Perera,25,42,3,2,c: A Bauer b: D Mihiripenna
3,4th,1st MEL vs 1st RIC,1st RIC,1st MEL,Aanlin Cheeran,9,24,0,1,b: D Mihiripenna
3,4th,1st MEL vs 1st RIC,1st RIC,1st MEL,Torren Arthur,27,38,5,0,c: C Box b: C Power
3,4th,1st MEL vs 1st RIC,1st RIC,1st MEL,Raph Cramb,60,118,8,1,st: C Box b: D Mihiripenna
3,4th,1st MEL vs 1st RIC,1st RIC,1st MEL,Harvey Redpath,49,62,8,0,c: J Ghotra b: J Sajeba
3,4th,1st MEL vs 1st RIC,1st RIC,1st MEL,Hayden Lim,6,13,0,0,c: C Power b: J Sajeba
3,4th,1st MEL vs 1st RIC,1st RIC,1st MEL,Matthew Richings,4,18,0,0,not out
3,4th,1st MEL vs 1st RIC,1st RIC,1st MEL,Angus Harms,1,18,0,0,lbw: D Mihiripenna
3,4th,1st MEL vs 1st RIC,1st RIC,1st MEL,Henri du Toit,,,,,did not bat
3,4th,1st MEL vs 1st RIC,1st RIC,1st MEL,Mitchell Laurie,,,,,did not bat
3,4th,1st MEL vs 1st RIC,1st MEL,1st RIC,Lincoln Nicholls,,7,0,0,lbw: A Harms
3,4th,1st MEL vs 1st RIC,1st MEL,1st RIC,Callum Power,15,38,3,0,c: R Epstein b: M Laurie
3,4th,1st MEL vs 1st RIC,1st MEL,1st RIC,Dulith Mihiripenna,,2,0,0,lbw: A Harms
3,4th,1st MEL vs 1st RIC,1st MEL,1st RIC,Austin Bauer,,1,0,0,b: A Harms
3,4th,1st MEL vs 1st RIC,1st MEL,1st RIC,Navnith Satyan,28,39,5,0,c: M Laurie b: M Richings
3,4th,1st MEL vs 1st RIC,1st MEL,1st RIC,Tom Cashman,67,100,7,0,c&b: A Cheeran
3,4th,1st MEL vs 1st RIC,1st MEL,1st RIC,Cooper Box,20,58,2,0,lbw: T Arthur
3,4th,1st MEL vs 1st RIC,1st MEL,1st RIC,Clancy McCormick,16,12,3,0,c: T Arthur b: M Laurie
3,4th,1st MEL vs 1st RIC,1st MEL,1st RIC,Gishain Fernando,4,26,0,0,c: H Lim b: T Arthur
3,4th,1st MEL vs 1st RIC,1st MEL,1st RIC,James Sajeba,13,23,2,0,st: R Epstein b: A Cheeran
3,4th,1st MEL vs 1st RIC,1st MEL,1st RIC,Jaskaran Ghotra,22,31,3,0,not out
4,4th,GRE vs FRA,FRA,GRE,Manuda Koku Hennedige,,2,0,0,b: A Singh
4,4th,GRE vs FRA,FRA,GRE,Thisura Sooriyaaratchi,27,41,2,0,c: b: J Paulas
4,4th,GRE vs FRA,FRA,GRE,Arjun Sharma,52,87,4,0,b: T Drenpa
4,4th,GRE vs FRA,FRA,GRE,Connor Brisbane,12,33,1,0,run out ()
4,4th,GRE vs FRA,FRA,GRE,Dev Narayan Brijesh,4,9,0,0,c&b: J Paulas
4,4th,GRE vs FRA,FRA,GRE,Rivi De Alwis,,2,0,0,c: b: J Paulas
4,4th,GRE vs FRA,FRA,GRE,Jashan Jaura,7,19,1,0,lbw: M Gill-Furness
4,4th,GRE vs FRA,FRA,GRE,Chandramauli Sridev,37,40,0,0,run out ()
4,4th,GRE vs FRA,FRA,GRE,Ollie Melville,2,6,0,0,b: A Singh
4,4th,GRE vs FRA,FRA,GRE,Kyle Mawer,6,10,0,0,not out
4,4th,GRE vs FRA,FRA,GRE,Kobey Hunter,1,2,0,0,not out
4,4th,GRE vs FRA,FRA,GRE,Dunitha Kalupahana,,,,,did not bat
4,4th,GRE vs FRA,GRE,FRA,Cooper Kennedy,,2,0,0,b: K Mawer
4,4th,GRE vs FRA,GRE,FRA,Tom Bath,8,30,1,0,lbw: C Sridev
4,4th,GRE vs FRA,GRE,FRA,Ben Walker,105,67,16,1,st: D Brijesh b: D Kalupahana
4,4th,GRE vs FRA,GRE,FRA,ALEX CHANDLER,38,50,1,0,not out
4,4th,GRE vs FRA,GRE,FRA,Max McLean,2,3,0,0,not out
4,4th,GRE vs FRA,GRE,FRA,Tenzin Drenpa,,,,,did not bat
4,4th,GRE vs FRA,GRE,FRA,Jerome George,,,,,did not bat
4,4th,GRE vs FRA,GRE,FRA,Mitchell Gill-Furness,,,,,did not bat
4,4th,GRE vs FRA,GRE,FRA,Jarryd Parker,,,,,did not bat
4,4th,GRE vs FRA,GRE,FRA,Joe Paulas,,,,,did not bat
4,4th,GRE vs FRA,GRE,FRA,Aryandeep Singh,,,,,did not bat
4,4th,FIT vs RIN,RIN,FIT,Neel Malangi,8,12,1,0,c: S Wade b: M Premaratne
4,4th,FIT vs RIN,RIN,FIT,James Heaney,7,6,1,0,b: Z Seal
4,4th,FIT vs RIN,RIN,FIT,Syed Shayan Ahmad,72,94,9,1,b: Z Seal
4,4th,FIT vs RIN,RIN,FIT,Zac Wilkes,,4,0,0,c: S Parab b: M Premaratne
4,4th,FIT vs RIN,RIN,FIT,Lucas Hales,111,88,12,4,c: S Montgomery b: A Ariketty
4,4th,FIT vs RIN,RIN,FIT,Harsh Sinha,20,33,0,0,c: L O`Brien b: M Premaratne
4,4th,FIT vs RIN,RIN,FIT,Ned Reid,11,17,0,0,not out
4,4th,FIT vs RIN,RIN,FIT,Lachlan Rees,2,7,0,0,c: L O`Brien b: Z Seal
4,4th,FIT vs RIN,RIN,FIT,Edison Waghorn,4,6,1,0,b: M Premaratne
4,4th,FIT vs RIN,RIN,FIT,Xavier Mitchell,,1,0,0,c: S Parab b: Z Seal
4,4th,FIT vs RIN,RIN,FIT,Jamie Blacker,,2,0,0,b: Z Seal
4,4th,FIT vs RIN,RIN,FIT,Hasnain Khalid,,,,,did not bat
4,4th,FIT vs RIN,FIT,RIN,Aiyaan Ariketty,8,12,1,0,c: N Malangi b: N Reid
4,4th,FIT vs RIN,FIT,RIN,Jayden Rebeiro,18,43,1,0,c: N Malangi b: J Blacker
4,4th,FIT vs RIN,FIT,RIN,George Lyons,48,84,3,1,c: N Reid b: L Rees
4,4th,FIT vs RIN,FIT,RIN,Ansh Sharma,4,20,0,0,b: H Khalid
4,4th,FIT vs RIN,FIT,RIN,Samaksh Gosain,34,34,3,1,c: L Rees b: E Waghorn
4,4th,FIT vs RIN,FIT,RIN,Shaunak Parab,9,11,0,0,lbw: E Waghorn
4,4th,FIT vs RIN,FIT,RIN,Luke O`Brien,16,15,0,2,c: L Hales b: X Mitchell
4,4th,FIT vs RIN,FIT,RIN,Kenul Edirisinghe,15,7,3,0,c: L Hales b: L Rees
4,4th,FIT vs RIN,FIT,RIN,Sam Wade,11,21,0,0,c: N Reid b: X Mitchell
4,4th,FIT vs RIN,FIT,RIN,Michain Premaratne,7,6,1,0,c: J Blacker b: N Reid
4,4th,FIT vs RIN,FIT,RIN,Sam Montgomery,9,11,0,0,not out
4,4th,FIT vs RIN,FIT,RIN,Zachary Seal,,,,,did not bat
4,4th,CAM vs KIN,KIN,CAM,Arya Gupta,,9,0,0,b: M Ralph
4,4th,CAM vs KIN,KIN,CAM,Karan Jacob,52,87,8,0,c: R Schonewille b: S Rajapaksha
4,4th,CAM vs KIN,KIN,CAM,Yevin Koralege,,3,0,0,c: D Lambert b: M Ralph
4,4th,CAM vs KIN,KIN,CAM,********,65,78,5,2,c: M Ralph b: A Surani
4,4th,CAM vs KIN,KIN,CAM,Jack Evans,50,45,5,3,c: M Singh b: D Fernando
4,4th,CAM vs KIN,KIN,CAM,Daniel Walker,29,39,4,0,c&b: R Schonewille
4,4th,CAM vs KIN,KIN,CAM,Max Burn,7,6,0,0,"run out (S Ralph, J Ajani)"
4,4th,CAM vs KIN,KIN,CAM,Robert Capstick,1,3,0,0,not out
4,4th,CAM vs KIN,KIN,CAM,Armaan Bedi,,,,,did not bat
4,4th,CAM vs KIN,KIN,CAM,Benjamin Excell,,,,,did not bat
4,4th,CAM vs KIN,KIN,CAM,Anton Ponnamperuma,,,,,did not bat
4,4th,CAM vs KIN,CAM,KIN,Jack Chamberlain,34,59,6,0,b: A Ponnamperuma
4,4th,CAM vs KIN,CAM,KIN,Gyan Weerasiri,60,75,10,0,st: J Evans b: A Ponnamperuma
4,4th,CAM vs KIN,CAM,KIN,Manpreet Singh,82,71,12,2,not out
4,4th,CAM vs KIN,CAM,KIN,Dan Lambert,15,25,2,0,not out
4,4th,CAM vs KIN,CAM,KIN,Joel Ajani,,,,,did not bat
4,4th,CAM vs KIN,CAM,KIN,Dihein Fernando,,,,,did not bat
4,4th,CAM vs KIN,CAM,KIN,Andrew Johnson,,,,,did not bat
4,4th,CAM vs KIN,CAM,KIN,Sanithu Rajapaksha,,,,,did not bat
4,4th,CAM vs KIN,CAM,KIN,Max Ralph,,,,,did not bat
4,4th,CAM vs KIN,CAM,KIN,Steve Ralph,,,,,did not bat
4,4th,CAM vs KIN,CAM,KIN,Ryan Schonewille,,,,,did not bat
4,4th,CAM vs KIN,CAM,KIN,Arish Surani,,,,,did not bat
4,4th,FOO vs NOR,NOR,FOO,Ryan Coonan,42,61,6,0,c: J Khaira b: A Khabarwal
4,4th,FOO vs NOR,NOR,FOO,Oscar Florentine,21,36,3,0,c: I Khan b: A Khabarwal
4,4th,FOO vs NOR,NOR,FOO,Abhishek Beniwal,130,98,14,4,b: T Lambert
4,4th,FOO vs NOR,NOR,FOO,Priyansh Chokshi,54,60,5,1,run out ()
4,4th,FOO vs NOR,NOR,FOO,Joshua Norsetter,3,3,0,0,b: T Lambert
4,4th,FOO vs NOR,NOR,FOO,Matthew Netto,3,7,0,0,not out
4,4th,FOO vs NOR,NOR,FOO,Gus Byrne,7,6,1,0,not out
4,4th,FOO vs NOR,NOR,FOO,Aadi Patel,,,,,did not bat
4,4th,FOO vs NOR,NOR,FOO,Andrew Pizaro,,,,,did not bat
4,4th,FOO vs NOR,NOR,FOO,William Pizaro,,,,,did not bat
4,4th,FOO vs NOR,NOR,FOO,Shlok Shanbhag,,,,,did not bat
4,4th,FOO vs NOR,NOR,FOO,Liam Sutton,,,,,did not bat
4,4th,FOO vs NOR,NOR,FOO,Tanish Taneja,,,,,did not bat
4,4th,FOO vs NOR,FOO,NOR,Imran Khan,12,26,2,0,c: b: A Patel
4,4th,FOO vs NOR,FOO,NOR,Tanishq Badoni,30,41,4,0,lbw: J Norsetter
4,4th,FOO vs NOR,FOO,NOR,Yashen Sharma,48,61,4,1,c: J Norsetter b: S Shanbhag
4,4th,FOO vs NOR,FOO,NOR,Aarav Laxman,59,77,6,0,c: A Beniwal b: T Taneja
4,4th,FOO vs NOR,FOO,NOR,Ananya Goswami,5,9,0,0,c: A Patel b: T Taneja
4,4th,FOO vs NOR,FOO,NOR,Joshua Alonso,6,5,0,1,c&b: T Taneja
4,4th,FOO vs NOR,FOO,NOR,Justin John,17,12,3,0,b: T Taneja
4,4th,FOO vs NOR,FOO,NOR,Akshay Khabarwal,4,8,0,0,lbw: T Taneja
4,4th,FOO vs NOR,FOO,NOR,Thomas Lambert,10,20,1,0,not out
4,4th,FOO vs NOR,FOO,NOR,Japjeet Khaira,3,8,0,0,run out (P Chokshi)
4,4th,FOO vs NOR,FOO,NOR,Cameron FitzGerald,1,4,0,0,not out
4,4th,FOO vs NOR,FOO,NOR,Caedon Lane,,,,,did not bat
4,4th,MEL vs GEE,GEE,MEL,Hayden Kenny,,2,0,0,c: b: J Antonenko
4,4th,MEL vs GEE,GEE,MEL,Jasper Cheesman,14,15,2,0,c: b: O Agg
4,4th,MEL vs GEE,GEE,MEL,Johnathon Aikins,6,18,1,0,c: b: P Patel
4,4th,MEL vs GEE,GEE,MEL,Charlie Wolf,10,17,2,0,c: b: F Grimsey-Cook
4,4th,MEL vs GEE,GEE,MEL,James Francis,,1,0,0,c: b: O Agg
4,4th,MEL vs GEE,GEE,MEL,Samuel Field,51,67,7,0,c: J Atkinson b: J Antonenko
4,4th,MEL vs GEE,GEE,MEL,Josh Benson,2,30,0,0,c: R Scott b: Z Coull
4,4th,MEL vs GEE,GEE,MEL,Ben Griffin,57,85,6,0,not out
4,4th,MEL vs GEE,GEE,MEL,Charlie Jackson,31,34,4,0,c: b: O Agg
4,4th,MEL vs GEE,GEE,MEL,Thomas Kenny,2,3,0,0,c: J Atkinson b: O Agg
4,4th,MEL vs GEE,GEE,MEL,Fletcher Good,,,,,did not bat
4,4th,MEL vs GEE,GEE,MEL,Andrew Reid Dick,,,,,did not bat
4,4th,MEL vs GEE,MEL,GEE,Brodie Craig,50,82,3,1,c: B Griffin b: A Reid Dick
4,4th,MEL vs GEE,MEL,GEE,Ryder Scott,,1,0,0,b: T Kenny
4,4th,MEL vs GEE,MEL,GEE,Oscar Agg,64,80,9,0,c: B Griffin b: A Reid Dick
4,4th,MEL vs GEE,MEL,GEE,Fletch Grimsey-Cook,8,35,0,0,lbw: B Griffin
4,4th,MEL vs GEE,MEL,GEE,Nayan Balla,18,23,1,0,not out
4,4th,MEL vs GEE,MEL,GEE,Clinton Peake,33,21,3,2,not out
4,4th,MEL vs GEE,MEL,GEE,Jaryd Antonenko,,,,,did not bat
4,4th,MEL vs GEE,MEL,GEE,Josh Atkinson,,,,,did not bat
4,4th,MEL vs GEE,MEL,GEE,Zachary Coull,,,,,did not bat
4,4th,MEL vs GEE,MEL,GEE,Maahi Patel,,,,,did not bat
4,4th,MEL vs GEE,MEL,GEE,Parth Patel,,,,,did not bat
4,4th,ST vs CAS,CAS,ST,Will Hamilton,55,36,10,0,c: C Johnson b: A Vijayarajan
4,4th,ST vs CAS,CAS,ST,Callum Chasemore,,10,0,0,c: F Howard b: M NAJIBI
4,4th,ST vs CAS,CAS,ST,Jackson Martin,66,110,3,0,not out
4,4th,ST vs CAS,CAS,ST,Dinuk de Silva,5,15,0,0,c: F Howard b: A Vijayarajan
4,4th,ST vs CAS,CAS,ST,Charlie Atkins,7,15,1,0,c: C Johnson b: T Booth
4,4th,ST vs CAS,CAS,ST,Charlie Skinner,20,34,0,1,lbw: C Johnson
4,4th,ST vs CAS,CAS,ST,Douglas Beckett,16,19,0,1,c: b: T Purcell
4,4th,ST vs CAS,CAS,ST,Avneet Ghuman,25,29,2,0,b: J Guinea
4,4th,ST vs CAS,CAS,ST,Harrison Tegg,7,3,1,0,not out
4,4th,ST vs CAS,CAS,ST,Arham Farooq,,,,,did not bat
4,4th,ST vs CAS,CAS,ST,Jyothiryaditya Raju REDDYCHARLA,,,,,did not bat
4,4th,ST vs CAS,CAS,ST,Steve Zayler,,,,,did not bat
4,4th,ST vs CAS,ST,CAS,Reshen Senevirathne,23,50,3,0,b: H Tegg
4,4th,ST vs CAS,ST,CAS,Riley Harris,8,21,1,0,c: b: C Skinner
4,4th,ST vs CAS,ST,CAS,Tristan Booth,27,58,2,0,c: W Hamilton b: A Farooq
4,4th,ST vs CAS,ST,CAS,Felix Howard,33,42,2,2,c: b: D de Silva
4,4th,ST vs CAS,ST,CAS,Rishith Kumar,5,15,0,0,lbw: D de Silva
4,4th,ST vs CAS,ST,CAS,Lachlan Paul,,1,0,0,lbw: D de Silva
4,4th,ST vs CAS,ST,CAS,Charlie Johnson,30,45,2,0,b: C Chasemore
4,4th,ST vs CAS,ST,CAS,Anujan Vijayarajan,10,11,2,0,b: A Ghuman
4,4th,ST vs CAS,ST,CAS,Josh Guinea,3,10,0,0,c: W Hamilton b: A Ghuman
4,4th,ST vs CAS,ST,CAS,Thomas Purcell,5,8,0,0,not out
4,4th,ST vs CAS,ST,CAS,Mohammad NAJIBI,4,11,0,0,not out
4,4th,PRA vs ESS,ESS,PRA,Lenny Wilkins,8,24,1,0,c: G Martindale b: M Abdul Wasay
4,4th,PRA vs ESS,ESS,PRA,Kane Scott,8,10,1,0,c: H doherty b: Z Chohan
4,4th,PRA vs ESS,ESS,PRA,Jack Massey,22,23,2,0,lbw: P Edirisinghe
4,4th,PRA vs ESS,ESS,PRA,Rushil Ravi,35,50,4,0,c: H doherty b: A Cornish
4,4th,PRA vs ESS,ESS,PRA,Charlie Graham,5,13,0,0,run out (H Hegazy)
4,4th,PRA vs ESS,ESS,PRA,Alexander Pillay,52,60,2,1,c: D Ali b: M Abdul Wasay
4,4th,PRA vs ESS,ESS,PRA,Sash Yuvaraj,40,26,3,1,c: G Gill b: G Martindale
4,4th,PRA vs ESS,ESS,PRA,Angus Schlittler,1,4,0,0,not out
4,4th,PRA vs ESS,ESS,PRA,Neil SCHLITTLER,7,2,0,1,not out
4,4th,PRA vs ESS,ESS,PRA,Parth Rath,,,,,did not bat
4,4th,PRA vs ESS,ESS,PRA,Will Sharpin,,,,,did not bat
4,4th,PRA vs ESS,ESS,PRA,Lachlan Simpson,,,,,did not bat
4,4th,PRA vs ESS,PRA,ESS,Heath doherty,,2,0,0,lbw: S Yuvaraj
4,4th,PRA vs ESS,PRA,ESS,Stefan James,16,10,2,0,c: L Wilkins b: J Massey
4,4th,PRA vs ESS,PRA,ESS,Hady Hegazy,3,9,0,0,c: L Simpson b: S Yuvaraj
4,4th,PRA vs ESS,PRA,ESS,Sandula Edirisinghe,15,37,1,0,c: N SCHLITTLER b: P Rath
4,4th,PRA vs ESS,PRA,ESS,George Martindale,6,19,1,0,b: S Yuvaraj
4,4th,PRA vs ESS,PRA,ESS,Dilawar Ali,63,66,5,2,c: L Wilkins b: N SCHLITTLER
4,4th,PRA vs ESS,PRA,ESS,Gurnoor Singh Gill,9,18,0,0,lbw: N SCHLITTLER
4,4th,PRA vs ESS,PRA,ESS,Krishna Chandak,6,9,0,0,b: N SCHLITTLER
4,4th,PRA vs ESS,PRA,ESS,Zorawar Singh Chohan,8,7,1,0,c: L Simpson b: N SCHLITTLER
4,4th,PRA vs ESS,PRA,ESS,Prageeth Edirisinghe,7,6,0,0,not out
4,4th,PRA vs ESS,PRA,ESS,Aaron Cornish,3,6,0,0,c: L Simpson b: N SCHLITTLER
4,4th,PRA vs ESS,PRA,ESS,Muhammad Abdul Wasay,,,,,did not bat
5,4th,DAN vs CAS,CAS,DAN,Jaikar Singh Araich,7,15,1,0,c: T Purcell b: C Siegelwin
5,4th,DAN vs CAS,CAS,DAN,Matthew Pearson,,6,0,0,c: F Howard b: M NAJIBI
5,4th,DAN vs CAS,CAS,DAN,Kartikay Sharma,78,63,8,1,c: R Kumar b: A Vijayarajan
5,4th,DAN vs CAS,CAS,DAN,Rachit Sharma,2,7,0,0,lbw: M NAJIBI
5,4th,DAN vs CAS,CAS,DAN,Darcy Freeman,54,87,6,1,c&b: A Vijayarajan
5,4th,DAN vs CAS,CAS,DAN,Flynn Dexter,,5,0,0,c: b: A Vijayarajan
5,4th,DAN vs CAS,CAS,DAN,Sultan Syed,13,32,1,0,c: A Vijayarajan b: C Johnson
5,4th,DAN vs CAS,CAS,DAN,Hayden Stockdale,11,23,1,0,c: C Siegelwin b: C Johnson
5,4th,DAN vs CAS,CAS,DAN,Finley Corrie,,1,0,0,lbw: C Johnson
5,4th,DAN vs CAS,CAS,DAN,Mohammed Abedi,33,24,4,1,not out
5,4th,DAN vs CAS,CAS,DAN,Advit Sharma,7,7,1,0,st: F Howard b: C Johnson
5,4th,DAN vs CAS,CAS,DAN,Prathik Balachandhar,,,,,did not bat
5,4th,DAN vs CAS,DAN,CAS,Reshen Senevirathne,7,15,0,0,b: K Sharma
5,4th,DAN vs CAS,DAN,CAS,Riley Harris,,1,0,0,b: K Sharma
5,4th,DAN vs CAS,DAN,CAS,Tristan Booth,3,21,0,0,c: b: K Sharma
5,4th,DAN vs CAS,DAN,CAS,Felix Howard,19,16,3,0,c: J Araich b: A Sharma
5,4th,DAN vs CAS,DAN,CAS,Rishith Kumar,,2,0,0,c: H Stockdale b: K Sharma
5,4th,DAN vs CAS,DAN,CAS,Crandel Siegelwin,32,35,5,0,b: P Balachandhar
5,4th,DAN vs CAS,DAN,CAS,Lachlan Paul,25,42,5,0,c: J Araich b: M Abedi
5,4th,DAN vs CAS,DAN,CAS,Charlie Johnson,17,36,2,0,b: A Sharma
5,4th,DAN vs CAS,DAN,CAS,Anujan Vijayarajan,21,35,4,0,c: H Stockdale b: K Sharma
5,4th,DAN vs CAS,DAN,CAS,Josh Guinea,1,6,0,0,b: K Sharma
5,4th,DAN vs CAS,DAN,CAS,Mohammad NAJIBI,1,10,0,0,not out
5,4th,DAN vs CAS,DAN,CAS,Thomas Purcell,,,,,did not bat
5,4th,RIN vs GRE,GRE,RIN,Kenul Edirisinghe,22,35,3,0,c: D Brijesh b: K Mawer
5,4th,RIN vs GRE,GRE,RIN,Jayden Rebeiro,2,8,0,0,c: T Waring b: K Mawer
5,4th,RIN vs GRE,GRE,RIN,Aiyaan Ariketty,37,67,1,0,c: R De Alwis b: S Bhagat
5,4th,RIN vs GRE,GRE,RIN,Samaksh Gosain,1,4,0,0,b: V Bandara
5,4th,RIN vs GRE,GRE,RIN,Ansh Sharma,69,89,5,0,c: V Bandara b: T Waring
5,4th,RIN vs GRE,GRE,RIN,Luke O`Brien,28,35,1,0,c: V Bandara b: K Hunter
5,4th,RIN vs GRE,GRE,RIN,Shaunak Parab,,1,0,0,lbw: T Waring
5,4th,RIN vs GRE,GRE,RIN,Lachlan Payne,,1,0,0,b: T Waring
5,4th,RIN vs GRE,GRE,RIN,Sam Wade,,6,0,0,b: C Brisbane
5,4th,RIN vs GRE,GRE,RIN,Michain Premaratne,16,13,2,0,not out
5,4th,RIN vs GRE,GRE,RIN,Sam Montgomery,6,5,1,0,b: C Brisbane
5,4th,RIN vs GRE,RIN,GRE,Rivi De Alwis,40,54,6,0,c: L O`Brien b: S Gosain
5,4th,RIN vs GRE,RIN,GRE,Thisura Sooriyaaratchi,,2,0,0,c: S Parab b: L Payne
5,4th,RIN vs GRE,RIN,GRE,Dev Narayan Brijesh,2,17,0,0,c: A Sharma b: M Premaratne
5,4th,RIN vs GRE,RIN,GRE,Connor Brisbane,24,41,3,0,st: S Parab b: S Wade
5,4th,RIN vs GRE,RIN,GRE,Jashan Jaura,29,43,2,0,not out
5,4th,RIN vs GRE,RIN,GRE,Vindiya Bandara,4,12,1,0,c: S Parab b: S Wade
5,4th,RIN vs GRE,RIN,GRE,Ollie Melville,10,26,0,0,run out (S Gosain)
5,4th,RIN vs GRE,RIN,GRE,Kyle Mawer,11,18,0,1,b: L Payne
5,4th,RIN vs GRE,RIN,GRE,Trent Waring,,1,0,0,b: L Payne
5,4th,RIN vs GRE,RIN,GRE,Kobey Hunter,1,6,0,0,b: L Payne
5,4th,RIN vs GRE,RIN,GRE,Rikard Friedrich,,4,0,0,b: L Payne
5,4th,FOO vs MEL,MEL,FOO,Ryan Coonan,,6,0,0,lbw: M Tucker
5,4th,FOO vs MEL,MEL,FOO,Oscar Florentine,1,10,0,0,c: J Benson b: M Tucker
5,4th,FOO vs MEL,MEL,FOO,Matthew Netto,26,42,4,0,c: B Griffin b: F Good
5,4th,FOO vs MEL,MEL,FOO,Kai O’Hehir,24,44,4,0,c: b: T Singh
5,4th,FOO vs MEL,MEL,FOO,Priyansh Chokshi,65,63,5,1,b: S McCooke
5,4th,FOO vs MEL,MEL,FOO,Riyan Bhasin,78,80,7,1,c: J Cheesman b: B Griffin
5,4th,FOO vs MEL,MEL,FOO,Joshua Norsetter,13,14,0,1,c: J Francis b: F Good
5,4th,FOO vs MEL,MEL,FOO,Gus Byrne,7,9,0,0,not out
5,4th,FOO vs MEL,MEL,FOO,Shlok Shanbhag,3,4,0,0,not out
5,4th,FOO vs MEL,MEL,FOO,Aadi Patel,,,,,did not bat
5,4th,FOO vs MEL,MEL,FOO,Andrew Pizaro,,,,,did not bat
5,4th,FOO vs MEL,MEL,FOO,William Pizaro,,,,,did not bat
5,4th,FOO vs MEL,FOO,MEL,Jasper Cheesman,75,75,14,0,c: b: S Shanbhag
5,4th,FOO vs MEL,FOO,MEL,Hayden Kenny,3,8,0,0,c: b: W Pizaro
5,4th,FOO vs MEL,FOO,MEL,James Francis,93,110,11,0,not out
5,4th,FOO vs MEL,FOO,MEL,Ben Griffin,28,48,3,0,c: b: R Bhasin
5,4th,FOO vs MEL,FOO,MEL,Josh Benson,23,31,2,0,b: W Pizaro
5,4th,FOO vs MEL,FOO,MEL,Fletcher Good,,1,0,0,st: G Byrne b: A Pizaro
5,4th,FOO vs MEL,FOO,MEL,Stewart McCooke,,1,0,0,b: A Pizaro
5,4th,FOO vs MEL,FOO,MEL,Maxwell Tucker,1,1,0,0,not out
5,4th,FOO vs MEL,FOO,MEL,Johnathon Aikins,,,,,did not bat
5,4th,FOO vs MEL,FOO,MEL,Charlie Jackson,,,,,did not bat
5,4th,FOO vs MEL,FOO,MEL,Taran Singh,,,,,did not bat
5,4th,FOO vs MEL,FOO,MEL,Lucas Woolfe,,,,,did not bat
5,4th,CAM vs NOR,NOR,CAM,Karan Jacob,,8,0,0,b: M Ruwanpathirana
5,4th,CAM vs NOR,NOR,CAM,Arya Gupta,3,12,0,0,lbw: M Ruwanpathirana
5,4th,CAM vs NOR,NOR,CAM,********,,2,0,0,c: b: M Ruwanpathirana
5,4th,CAM vs NOR,NOR,CAM,Jack Evans,34,65,4,0,b: A Khabarwal
5,4th,CAM vs NOR,NOR,CAM,Daniel Walker,36,52,5,0,c: C Lane b: A Khabarwal
5,4th,CAM vs NOR,NOR,CAM,Max Burn,51,54,3,0,c: A Khabarwal b: T Lambert
5,4th,CAM vs NOR,NOR,CAM,Robert Capstick,5,10,0,0,c: T Badoni b: A Khabarwal
5,4th,CAM vs NOR,NOR,CAM,Armaan Bedi,27,50,2,0,c: A Goswami b: C FitzGerald
5,4th,CAM vs NOR,NOR,CAM,Yevin Koralege,,2,0,0,lbw: C FitzGerald
5,4th,CAM vs NOR,NOR,CAM,Benjamin Excell,18,12,2,0,not out
5,4th,CAM vs NOR,NOR,CAM,Laxman Appu,1,2,0,0,not out
5,4th,CAM vs NOR,CAM,NOR,Arnav Bhargava,40,46,5,0,c: L Appu b: M Burn
5,4th,CAM vs NOR,CAM,NOR,Tanishq Badoni,1,4,0,0,lbw: R Capstick
5,4th,CAM vs NOR,CAM,NOR,Akshay Khabarwal,8,33,0,0,lbw: J Nevett
5,4th,CAM vs NOR,CAM,NOR,Parvan Singh,31,46,4,0,lbw: J Webb
5,4th,CAM vs NOR,CAM,NOR,Justin John,,2,0,0,c: J Evans b: J Nevett
5,4th,CAM vs NOR,CAM,NOR,Joshua Alonso,22,31,2,2,c: b: R Capstick
5,4th,CAM vs NOR,CAM,NOR,Ananya Goswami,38,50,4,0,not out
5,4th,CAM vs NOR,CAM,NOR,Cameron FitzGerald,25,51,2,0,run out ()
5,4th,CAM vs NOR,CAM,NOR,Mandiv Ruwanpathirana,3,5,0,0,c: b: R Capstick
5,4th,CAM vs NOR,CAM,NOR,Thomas Lambert,4,2,1,0,not out
5,4th,CAM vs NOR,CAM,NOR,Caedon Lane,,,,,did not bat
5,4th,CAM vs NOR,CAM,NOR,Liam Rowley,,,,,did not bat
5,4th,ESS vs KIN,KIN,ESS,Heath doherty,29,20,6,0,c: D Fernando b: R Schonewille
5,4th,ESS vs KIN,KIN,ESS,George Martindale,,6,0,0,lbw: R Schonewille
5,4th,ESS vs KIN,KIN,ESS,Hady Hegazy,56,49,9,0,st: D Lambert b: D Fernando
5,4th,ESS vs KIN,KIN,ESS,Sandula Edirisinghe,3,16,0,0,c: D Fernando b: S Rajapaksha
5,4th,ESS vs KIN,KIN,ESS,Dilawar Ali,26,33,2,1,b: J Ajani
5,4th,ESS vs KIN,KIN,ESS,Pahul Singh Sodhi,42,39,8,1,b: A Johnson
5,4th,ESS vs KIN,KIN,ESS,Samin Shafquat,33,32,5,1,c: J Ajani b: S Ralph
5,4th,ESS vs KIN,KIN,ESS,Gurnoor Singh Gill,12,41,1,0,c: S Ralph b: A Surani
5,4th,ESS vs KIN,KIN,ESS,Zorawar Singh Chohan,,1,0,0,b: A Surani
5,4th,ESS vs KIN,KIN,ESS,Tim Branagan,,1,0,0,b: A Surani
5,4th,ESS vs KIN,KIN,ESS,Prageeth Edirisinghe,,,,,did not bat
5,4th,ESS vs KIN,ESS,KIN,Noah Mccolough,94,0,0,0,lbw: S Buhagiar
5,4th,ESS vs KIN,ESS,KIN,Jack Chamberlain,7,0,0,0,b: G Martindale
5,4th,ESS vs KIN,ESS,KIN,Aditya Chowdhary,58,0,0,0,b: Z Chohan
5,4th,ESS vs KIN,ESS,KIN,Dan Lambert,9,0,0,0,run out ()
5,4th,ESS vs KIN,ESS,KIN,Andrew Johnson,13,0,0,0,b: S Buhagiar
5,4th,ESS vs KIN,ESS,KIN,Max Ralph,4,0,0,0,b: P Edirisinghe
5,4th,ESS vs KIN,ESS,KIN,Arish Surani,4,0,0,0,c: G Gill b: P Edirisinghe
5,4th,ESS vs KIN,ESS,KIN,Sanithu Rajapaksha,2,0,0,0,b: S Shafquat
5,4th,ESS vs KIN,ESS,KIN,Steve Ralph,0,0,0,0,not out
5,4th,ESS vs KIN,ESS,KIN,Dihein Fernando,1,0,0,0,not out
5,4th,ESS vs KIN,ESS,KIN,Joel Ajani,,,,,did not bat
5,4th,ST vs FIT,FIT,ST,Charlie Atkins,16,30,0,0,"run out (H Sheers, E Waghorn)"
5,4th,ST vs FIT,FIT,ST,Billy Reid,1,6,0,0,lbw: N Reid
5,4th,ST vs FIT,FIT,ST,Jackson Martin,63,110,1,0,not out
5,4th,ST vs FIT,FIT,ST,Callum Chasemore,36,47,4,0,b: A Cole
5,4th,ST vs FIT,FIT,ST,Douglas Beckett,4,10,0,0,lbw: H Khalid
5,4th,ST vs FIT,FIT,ST,Oliver Entwisle,26,25,4,0,c: J Heaney b: N Reid
5,4th,ST vs FIT,FIT,ST,Avneet Ghuman,21,28,0,0,c: H Sheers b: X Mitchell
5,4th,ST vs FIT,FIT,ST,Harrison Tegg,5,6,1,0,b: X Mitchell
5,4th,ST vs FIT,FIT,ST,Rishikesh Talwar,2,5,0,0,c: b: J Blacker
5,4th,ST vs FIT,FIT,ST,Jyothiryaditya Raju REDDYCHARLA,1,4,0,0,not out
5,4th,ST vs FIT,FIT,ST,Arham Farooq,,,,,did not bat
5,4th,ST vs FIT,FIT,ST,Steve Zayler,,,,,did not bat
5,4th,ST vs FIT,ST,FIT,Neel Malangi,10,19,0,0,b: O Entwisle
5,4th,ST vs FIT,ST,FIT,Harrison Sheers,91,107,10,1,lbw: H Tegg
5,4th,ST vs FIT,ST,FIT,Syed Shayan Ahmad,72,108,4,0,not out
5,4th,ST vs FIT,ST,FIT,James Heaney,6,7,1,0,not out
5,4th,ST vs FIT,ST,FIT,Jamie Blacker,,,,,did not bat
5,4th,ST vs FIT,ST,FIT,Alex Cole,,,,,did not bat
5,4th,ST vs FIT,ST,FIT,Lucas Hales,,,,,did not bat
5,4th,ST vs FIT,ST,FIT,Hasnain Khalid,,,,,did not bat
5,4th,ST vs FIT,ST,FIT,Xavier Mitchell,,,,,did not bat
5,4th,ST vs FIT,ST,FIT,Ned Reid,,,,,did not bat
5,4th,ST vs FIT,ST,FIT,Harsh Sinha,,,,,did not bat
5,4th,ST vs FIT,ST,FIT,Edison Waghorn,,,,,did not bat
5,4th,GEE vs RIC,RIC,GEE,Brodie Craig,38,55,3,1,b: J Sajeba
5,4th,GEE vs RIC,RIC,GEE,Ryder Scott,15,33,2,0,c: C McCormick b: J Sajeba
5,4th,GEE vs RIC,RIC,GEE,Oscar Agg,40,47,6,1,c&b: C Power
5,4th,GEE vs RIC,RIC,GEE,Fletch Grimsey-Cook,24,29,2,1,b: D Mihiripenna
5,4th,GEE vs RIC,RIC,GEE,Clinton Peake,20,22,1,1,c: E Samuel b: N Satyan
5,4th,GEE vs RIC,RIC,GEE,Nayan Balla,2,9,0,0,c: E Samuel b: D Mihiripenna
5,4th,GEE vs RIC,RIC,GEE,Noah Berry,7,19,1,0,b: T Cashman
5,4th,GEE vs RIC,RIC,GEE,Mark Freijah,35,42,4,0,b: T Cashman
5,4th,GEE vs RIC,RIC,GEE,Zachary Coull,9,12,0,0,b: J Sajeba
5,4th,GEE vs RIC,RIC,GEE,Parth Patel,0,2,0,0,not out
5,4th,GEE vs RIC,RIC,GEE,Jaryd Antonenko,1,1,0,0,not out
5,4th,GEE vs RIC,RIC,GEE,Josh Atkinson,,,,,did not bat
5,4th,GEE vs RIC,GEE,RIC,Ethan Stones,4,3,1,0,lbw: P Patel
5,4th,GEE vs RIC,GEE,RIC,Tom Cashman,4,11,1,0,c: b: P Patel
5,4th,GEE vs RIC,GEE,RIC,Navnith Satyan,7,12,1,0,c: R Scott b: J Antonenko
5,4th,GEE vs RIC,GEE,RIC,Austin Bauer,37,46,4,0,c: b: J Atkinson
5,4th,GEE vs RIC,GEE,RIC,Fabian Di Domenico,3,27,0,0,c: B Craig b: P Patel
5,4th,GEE vs RIC,GEE,RIC,Clancy McCormick,31,18,5,1,c: b: O Agg
5,4th,GEE vs RIC,GEE,RIC,James Sajeba,58,60,5,2,c: b: J Antonenko
5,4th,GEE vs RIC,GEE,RIC,Dulith Mihiripenna,21,20,4,0,c: R Scott b: J Atkinson
5,4th,GEE vs RIC,GEE,RIC,Gishain Fernando,9,16,1,0,c: b: J Antonenko
5,4th,GEE vs RIC,GEE,RIC,Cooper Box,6,25,0,0,not out
5,4th,GEE vs RIC,GEE,RIC,Callum Power,11,14,1,0,not out
5,4th,GEE vs RIC,GEE,RIC,Elliot Samuel,,,,,did not bat
5,4th,PRA vs FRA,FRA,PRA,Lenny Wilkins,13,23,1,0,c: A CHANDLER b: A Singh
5,4th,PRA vs FRA,FRA,PRA,Angus Schlittler,2,4,0,0,b: A Singh
5,4th,PRA vs FRA,FRA,PRA,Kane Scott,4,9,0,0,lbw: M Kennedy
5,4th,PRA vs FRA,FRA,PRA,Rushil Ravi,,7,0,0,c: J Jewiss b: M Kennedy
5,4th,PRA vs FRA,FRA,PRA,Lucas Pike,5,11,1,0,lbw: A Singh
5,4th,PRA vs FRA,FRA,PRA,Charlie Graham,30,45,3,0,not out
5,4th,PRA vs FRA,FRA,PRA,Sashin Garber,4,9,0,0,b: A Singh
5,4th,PRA vs FRA,FRA,PRA,Charlie Abbott,,3,0,0,c: J Parker b: T Nandini
5,4th,PRA vs FRA,FRA,PRA,Sam Dutton,8,11,2,0,c: J Jewiss b: T Nandini
5,4th,PRA vs FRA,FRA,PRA,Lachlan Simpson,,12,0,0,c: A CHANDLER b: T Nandini
5,4th,PRA vs FRA,FRA,PRA,Neil SCHLITTLER,36,22,5,2,b: T Nandini
5,4th,PRA vs FRA,FRA,PRA,Fred Sainsbury,,,,,did not bat
5,4th,PRA vs FRA,PRA,FRA,Cooper Kennedy,37,66,4,0,b: C Graham
5,4th,PRA vs FRA,PRA,FRA,Tom Bath,18,31,2,0,c: A Schlittler b: C Graham
5,4th,PRA vs FRA,PRA,FRA,ALEX CHANDLER,7,12,1,0,lbw: R Ravi
5,4th,PRA vs FRA,PRA,FRA,Cooper Dornan,41,45,6,1,not out
5,4th,PRA vs FRA,PRA,FRA,Aryandeep Singh,2,8,0,0,c: R Ravi b: A Schlittler
5,4th,PRA vs FRA,PRA,FRA,Jarryd Parker,0,3,0,0,not out
5,4th,PRA vs FRA,PRA,FRA,Tenzin Drenpa,,,,,did not bat
5,4th,PRA vs FRA,PRA,FRA,Jerome George,,,,,did not bat
5,4th,PRA vs FRA,PRA,FRA,Mitchell Gill-Furness,,,,,did not bat
5,4th,PRA vs FRA,PRA,FRA,Jesse Jewiss,,,,,did not bat
5,4th,PRA vs FRA,PRA,FRA,Matthew Kennedy,,,,,did not bat
5,4th,PRA vs FRA,PRA,FRA,Tanush Nandini,,,,,did not bat
5,4th,CAR vs MEL,MEL,CAR,Lewis Bouckley,44,0,0,0,c: R Epstein b: M Richings
5,4th,CAR vs MEL,MEL,CAR,Jacob Davidson,32,0,0,0,b: E Yates
5,4th,CAR vs MEL,MEL,CAR,Garry Bhour,77,0,0,0,c: H Bienvenu b: A Harms
5,4th,CAR vs MEL,MEL,CAR,Brayden Tracey,7,0,0,0,c: b: E Yates
5,4th,CAR vs MEL,MEL,CAR,Alessandro Belci,2,0,0,0,c: b: A Harms
5,4th,CAR vs MEL,MEL,CAR,Seth McGinty,,0,0,0,c: b: A Harms
5,4th,CAR vs MEL,MEL,CAR,Maximilian Dias,10,0,0,0,c: b: A Harms
5,4th,CAR vs MEL,MEL,CAR,Kanhai Patel,4,0,0,0,c: b: A Harms
5,4th,CAR vs MEL,MEL,CAR,Kyan Brasher,23,0,0,0,not out
5,4th,CAR vs MEL,MEL,CAR,Aussie McIlwaine,11,0,0,0,c: b: T Arthur
5,4th,CAR vs MEL,MEL,CAR,William Naughton,2,0,0,0,run out ()
5,4th,CAR vs MEL,CAR,MEL,Hugo Bienvenu,114,0,0,0,c: b: K Patel
5,4th,CAR vs MEL,CAR,MEL,Gavinu Devpura,24,0,0,0,c: b: M Dias
5,4th,CAR vs MEL,CAR,MEL,Shenan Dias,74,0,0,0,not out
5,4th,CAR vs MEL,CAR,MEL,Tharindu Perera,6,0,0,0,not out
6,4th,NOR vs FRA,FRA,NOR,Nathaniel Reichman,8,22,0,0,lbw: T Drenpa
6,4th,NOR vs FRA,FRA,NOR,Akshay Khabarwal,12,30,0,0,lbw: M Gill-Furness
6,4th,NOR vs FRA,FRA,NOR,Parvan Singh,29,64,3,0,c: J O’Brien b: T Nandini
6,4th,NOR vs FRA,FRA,NOR,Ananya Goswami,3,13,0,0,"run out (T Bath, T Nandini)"
6,4th,NOR vs FRA,FRA,NOR,Tanishq Badoni,24,45,2,0,b: J George
6,4th,NOR vs FRA,FRA,NOR,Joshua Alonso,7,24,0,0,c: J Parker b: T Drenpa
6,4th,NOR vs FRA,FRA,NOR,Justin John,15,23,0,1,c: M Gill-Furness b: T Drenpa
6,4th,NOR vs FRA,FRA,NOR,Cameron FitzGerald,17,35,0,0,run out (J Parker)
6,4th,NOR vs FRA,FRA,NOR,Liam Rowley,9,14,1,0,not out
6,4th,NOR vs FRA,FRA,NOR,Thomas Lambert,0,0,0,0,not out
6,4th,NOR vs FRA,FRA,NOR,Japjeet Khaira,,,,,did not bat
6,4th,NOR vs FRA,FRA,NOR,Caedon Lane,,,,,did not bat
6,4th,NOR vs FRA,NOR,FRA,Cooper Kennedy,34,53,3,0,b: A Khabarwal
6,4th,NOR vs FRA,NOR,FRA,Tom Bath,68,104,7,0,not out
6,4th,NOR vs FRA,NOR,FRA,ALEX CHANDLER,10,36,0,0,run out (J Khaira)
6,4th,NOR vs FRA,NOR,FRA,Harish Salwathura,10,13,1,0,not out
6,4th,NOR vs FRA,NOR,FRA,Cooper Dornan,,,,,did not bat
6,4th,NOR vs FRA,NOR,FRA,Tenzin Drenpa,,,,,did not bat
6,4th,NOR vs FRA,NOR,FRA,Jerome George,,,,,did not bat
6,4th,NOR vs FRA,NOR,FRA,Mitchell Gill-Furness,,,,,did not bat
6,4th,NOR vs FRA,NOR,FRA,Max McLean,,,,,did not bat
6,4th,NOR vs FRA,NOR,FRA,Tanush Nandini,,,,,did not bat
6,4th,NOR vs FRA,NOR,FRA,Jake O’Brien,,,,,did not bat
6,4th,NOR vs FRA,NOR,FRA,Jarryd Parker,,,,,did not bat
6,4th,GRE vs CAM,CAM,GRE,Rivi De Alwis,,1,0,0,b: J Nevett
6,4th,GRE vs CAM,CAM,GRE,Thisura Sooriyaaratchi,19,26,3,0,lbw: J Nevett
6,4th,GRE vs CAM,CAM,GRE,Dev Narayan Brijesh,16,30,3,0,lbw: B Excell
6,4th,GRE vs CAM,CAM,GRE,Joel Reid,4,14,0,0,b: M Burn
6,4th,GRE vs CAM,CAM,GRE,Connor Brisbane,85,87,9,3,c: A Gupta b: T Vanderslik
6,4th,GRE vs CAM,CAM,GRE,Jashan Jaura,47,63,5,0,b: M Burn
6,4th,GRE vs CAM,CAM,GRE,Ollie Melville,13,26,1,0,c: K Davidson b: T Vanderslik
6,4th,GRE vs CAM,CAM,GRE,Vindiya Bandara,,1,0,0,c: R Bharadwaj b: M Burn
6,4th,GRE vs CAM,CAM,GRE,Kyle Mawer,3,10,0,0,c: K Jacob b: B Excell
6,4th,GRE vs CAM,CAM,GRE,Henry Paulson,3,7,0,0,run out (R Bharadwaj)
6,4th,GRE vs CAM,CAM,GRE,Rikard Friedrich,3,5,0,0,not out
6,4th,GRE vs CAM,CAM,GRE,Trent Waring,,,,,did not bat
6,4th,GRE vs CAM,GRE,CAM,Arya Gupta,2,11,0,0,c: T Waring b: V Bandara
6,4th,GRE vs CAM,GRE,CAM,Karan Jacob,38,66,6,0,lbw: R Friedrich
6,4th,GRE vs CAM,GRE,CAM,Sanjeev Tadepalli,12,38,2,0,c: D Brijesh b: H Paulson
6,4th,GRE vs CAM,GRE,CAM,Jack Evans,10,18,1,0,lbw: O Melville
6,4th,GRE vs CAM,GRE,CAM,Kye Davidson,17,25,0,0,c: V Bandara b: R Friedrich
6,4th,GRE vs CAM,GRE,CAM,Daniel Walker,40,54,4,1,c: C Brisbane b: K Mawer
6,4th,GRE vs CAM,GRE,CAM,Thomas Vanderslik,12,24,0,0,c: K Mawer b: R Friedrich
6,4th,GRE vs CAM,GRE,CAM,Max Burn,21,15,2,0,not out
6,4th,GRE vs CAM,GRE,CAM,Benjamin Excell,4,6,0,0,c: T Sooriyaaratchi b: K Mawer
6,4th,GRE vs CAM,GRE,CAM,Joshua Nevett,2,6,0,0,lbw: T Waring
6,4th,GRE vs CAM,GRE,CAM,Rahul Bharadwaj,1,3,0,0,"run out (H Paulson, D Brijesh)"
6,4th,MEL vs ST,ST,MEL,Alistair McCooke,16,17,3,0,b: A Ghuman
6,4th,MEL vs ST,ST,MEL,Johnathon Aikins,9,23,0,0,c: C Atkins b: H Tegg
6,4th,MEL vs ST,ST,MEL,Oscar Wood,19,15,3,0,b: A Farooq
6,4th,MEL vs ST,ST,MEL,Ben Griffin,45,87,2,0,c: T Paddington b: C Chasemore
6,4th,MEL vs ST,ST,MEL,Kyle Sweetlove,2,10,0,0,c: S Zayler b: A Farooq
6,4th,MEL vs ST,ST,MEL,Nicholas Critchley,51,78,3,0,b: C Chasemore
6,4th,MEL vs ST,ST,MEL,William Newman,2,5,0,0,lbw: D Young
6,4th,MEL vs ST,ST,MEL,Trent Thompson,18,20,0,0,c: D Beckett b: A Ghuman
6,4th,MEL vs ST,ST,MEL,Thomas Kenny,9,15,0,0,c: R Talwar b: A Ghuman
6,4th,MEL vs ST,ST,MEL,Andrew Reid Dick,1,1,0,0,not out
6,4th,MEL vs ST,ST,MEL,Taran Singh,4,1,1,0,not out
6,4th,MEL vs ST,ST,MEL,Maxwell Tucker,,,,,did not bat
6,4th,MEL vs ST,MEL,ST,Charlie Atkins,18,26,4,0,c: O Wood b: T Thompson
6,4th,MEL vs ST,MEL,ST,Will Hamilton,39,60,2,1,c: O Wood b: A Reid Dick
6,4th,MEL vs ST,MEL,ST,Jackson Martin,11,29,1,0,b: T Singh
6,4th,MEL vs ST,MEL,ST,Callum Chasemore,50,63,2,0,not out
6,4th,MEL vs ST,MEL,ST,Thomas Paddington,8,8,1,0,b: B Griffin
6,4th,MEL vs ST,MEL,ST,Douglas Beckett,58,77,5,1,not out
6,4th,MEL vs ST,MEL,ST,Arham Farooq,,,,,did not bat
6,4th,MEL vs ST,MEL,ST,Avneet Ghuman,,,,,did not bat
6,4th,MEL vs ST,MEL,ST,Rishikesh Talwar,,,,,did not bat
6,4th,MEL vs ST,MEL,ST,Harrison Tegg,,,,,did not bat
6,4th,MEL vs ST,MEL,ST,Dylan Young,,,,,did not bat
6,4th,MEL vs ST,MEL,ST,Steve Zayler,,,,,did not bat
6,4th,PRA vs DAN,DAN,PRA,Lenny Wilkins,13,20,2,0,b: F Corrie
6,4th,PRA vs DAN,DAN,PRA,Charlie Graham,33,47,4,0,run out (H Stockdale)
6,4th,PRA vs DAN,DAN,PRA,Rushil Ravi,77,78,8,1,b: D Freeman
6,4th,PRA vs DAN,DAN,PRA,Angus Schlittler,32,52,1,0,b: A Sharma
6,4th,PRA vs DAN,DAN,PRA,Hamish Braden,45,27,2,4,not out
6,4th,PRA vs DAN,DAN,PRA,Adam Bull,8,6,1,0,not out
6,4th,PRA vs DAN,DAN,PRA,Matt Dutton,,,,,did not bat
6,4th,PRA vs DAN,DAN,PRA,Sam Dutton,,,,,did not bat
6,4th,PRA vs DAN,DAN,PRA,Daniel Parkinson,,,,,did not bat
6,4th,PRA vs DAN,DAN,PRA,Neil SCHLITTLER,,,,,did not bat
6,4th,PRA vs DAN,DAN,PRA,Steve Seymour,,,,,did not bat
6,4th,PRA vs DAN,DAN,PRA,Lachlan Simpson,,,,,did not bat
6,4th,PRA vs DAN,PRA,DAN,Jaikar Singh Araich,95,91,11,4,lbw: N SCHLITTLER
6,4th,PRA vs DAN,PRA,DAN,Matthew Pearson,36,57,4,0,b: C Graham
6,4th,PRA vs DAN,PRA,DAN,Flynn Dexter,1,7,0,0,b: C Graham
6,4th,PRA vs DAN,PRA,DAN,Darcy Freeman,11,20,2,0,c: L Wilkins b: N SCHLITTLER
6,4th,PRA vs DAN,PRA,DAN,Paarth Pandey,6,12,1,0,b: C Graham
6,4th,PRA vs DAN,PRA,DAN,Sultan Syed,5,10,0,0,run out (C Graham)
6,4th,PRA vs DAN,PRA,DAN,Mohammed Abedi,11,14,1,0,c: H Braden b: D Parkinson
6,4th,PRA vs DAN,PRA,DAN,Hayden Stockdale,7,9,0,0,b: D Parkinson
6,4th,PRA vs DAN,PRA,DAN,Finley Corrie,2,2,0,0,c: A Bull b: D Parkinson
6,4th,PRA vs DAN,PRA,DAN,Advit Sharma,4,2,1,0,c: R Ravi b: S Dutton
6,4th,PRA vs DAN,PRA,DAN,Prathik Balachandhar,1,3,0,0,not out
6,4th,KIN vs GEE,GEE,KIN,Blake Foreshew,27,53,4,0,b: F Grimsey-Cook
6,4th,KIN vs GEE,GEE,KIN,Dihein Fernando,1,8,0,0,b: J Antonenko
6,4th,KIN vs GEE,GEE,KIN,Aditya Chowdhary,5,18,0,0,b: J Antonenko
6,4th,KIN vs GEE,GEE,KIN,Dan Lambert,11,18,2,0,b: N Johnson
6,4th,KIN vs GEE,GEE,KIN,Andrew Johnson,33,15,4,2,c: M Freijah b: J Atkinson
6,4th,KIN vs GEE,GEE,KIN,Arish Surani,50,75,3,0,b: J Antonenko
6,4th,KIN vs GEE,GEE,KIN,Sanithu Rajapaksha,17,26,2,1,c: W Rodda b: N Johnson
6,4th,KIN vs GEE,GEE,KIN,Joel Ajani,,0,0,0,"run out (M Freijah, R Scott)"
6,4th,KIN vs GEE,GEE,KIN,Max Ralph,6,18,1,0,run out ()
6,4th,KIN vs GEE,GEE,KIN,Ryan Schonewille,14,25,2,0,c: F Grimsey-Cook b: W Rodda
6,4th,KIN vs GEE,GEE,KIN,Steve Ralph,4,8,0,0,not out
6,4th,KIN vs GEE,KIN,GEE,Brodie Craig,122,130,20,2,not out
6,4th,KIN vs GEE,KIN,GEE,Ryder Scott,11,19,1,0,c: b: J Ajani
6,4th,KIN vs GEE,KIN,GEE,Fletch Grimsey-Cook,23,37,4,0,c: D Fernando b: A Johnson
6,4th,KIN vs GEE,KIN,GEE,Nayan Balla,18,43,1,0,not out
6,4th,KIN vs GEE,KIN,GEE,Jaryd Antonenko,,,,,did not bat
6,4th,KIN vs GEE,KIN,GEE,Josh Atkinson,,,,,did not bat
6,4th,KIN vs GEE,KIN,GEE,Noah Berry,,,,,did not bat
6,4th,KIN vs GEE,KIN,GEE,Zachary Coull,,,,,did not bat
6,4th,KIN vs GEE,KIN,GEE,Mark Freijah,,,,,did not bat
6,4th,KIN vs GEE,KIN,GEE,Nate Johnson,,,,,did not bat
6,4th,KIN vs GEE,KIN,GEE,Will Rodda,,,,,did not bat
6,4th,CAS vs FIT,FIT,CAS,Reshen Senevirathne,30,55,3,0,c: J Heaney b: J Blacker
6,4th,CAS vs FIT,FIT,CAS,Lachlan Paul,78,119,7,1,not out
6,4th,CAS vs FIT,FIT,CAS,Rishith Kumar,11,24,1,0,b: E Waghorn
6,4th,CAS vs FIT,FIT,CAS,Felix Howard,20,43,1,1,c: L Hales b: X Mitchell
6,4th,CAS vs FIT,FIT,CAS,Akith Abeywickrama,4,6,0,0,not out
6,4th,CAS vs FIT,FIT,CAS,Josh Guinea,,,,,did not bat
6,4th,CAS vs FIT,FIT,CAS,Riley Harris,,,,,did not bat
6,4th,CAS vs FIT,FIT,CAS,Charlie Johnson,,,,,did not bat
6,4th,CAS vs FIT,FIT,CAS,Mohammad NAJIBI,,,,,did not bat
6,4th,CAS vs FIT,FIT,CAS,Thomas Purcell,,,,,did not bat
6,4th,CAS vs FIT,FIT,CAS,Crandel Siegelwin,,,,,did not bat
6,4th,CAS vs FIT,FIT,CAS,Anujan Vijayarajan,,,,,did not bat
6,4th,CAS vs FIT,CAS,FIT,Manav Sharma,4,9,1,0,c: A Vijayarajan b: M NAJIBI
6,4th,CAS vs FIT,CAS,FIT,Harrison Sheers,33,58,1,1,c: C Johnson b: J Guinea
6,4th,CAS vs FIT,CAS,FIT,Syed Shayan Ahmad,26,38,4,0,c: T Purcell b: A Vijayarajan
6,4th,CAS vs FIT,CAS,FIT,James Heaney,34,67,1,1,not out
6,4th,CAS vs FIT,CAS,FIT,Lucas Hales,40,37,2,3,not out
6,4th,CAS vs FIT,CAS,FIT,Jamie Blacker,,,,,did not bat
6,4th,CAS vs FIT,CAS,FIT,Alex Cole,,,,,did not bat
6,4th,CAS vs FIT,CAS,FIT,Ronan Culloty,,,,,did not bat
6,4th,CAS vs FIT,CAS,FIT,Neel Malangi,,,,,did not bat
6,4th,CAS vs FIT,CAS,FIT,Xavier Mitchell,,,,,did not bat
6,4th,CAS vs FIT,CAS,FIT,Nicholas Sheridan,,,,,did not bat
6,4th,CAS vs FIT,CAS,FIT,Edison Waghorn,,,,,did not bat
6,4th,FOO vs CAR,CAR,FOO,Rhyan Bidur S,3,20,0,0,c: A McIlwaine b: K Brasher
6,4th,FOO vs CAR,CAR,FOO,Oscar Florentine,23,39,3,0,c: L Bouckley b: A Thomas
6,4th,FOO vs CAR,CAR,FOO,Kai O’Hehir,5,26,0,0,c: A McIlwaine b: A Thomas
6,4th,FOO vs CAR,CAR,FOO,Samuel Wood,2,14,0,0,b: G Bhour
6,4th,FOO vs CAR,CAR,FOO,Bayden Hutchins,2,6,0,0,c: L Bouckley b: G Bhour
6,4th,FOO vs CAR,CAR,FOO,Ryan Coonan,44,57,6,0,c: J Davidson b: A Ward
6,4th,FOO vs CAR,CAR,FOO,Matthew Netto,48,61,4,0,c: G Bhour b: A Ward
6,4th,FOO vs CAR,CAR,FOO,Joshua Norsetter,14,10,1,0,not out
6,4th,FOO vs CAR,CAR,FOO,Andrew Pizaro,1,3,0,0,not out
6,4th,FOO vs CAR,CAR,FOO,Aadi Patel,,,,,did not bat
6,4th,FOO vs CAR,CAR,FOO,Aryan Mehra,,,,,did not bat
6,4th,FOO vs CAR,CAR,FOO,Liam Sutton,,,,,did not bat
6,4th,FOO vs CAR,FOO,CAR,Lewis Bouckley,9,18,1,0,c: R Coonan b: J Norsetter
6,4th,FOO vs CAR,FOO,CAR,Jacob Davidson,9,16,1,0,c: b: A Patel
6,4th,FOO vs CAR,FOO,CAR,Garry Bhour,14,19,3,0,lbw: J Norsetter
6,4th,FOO vs CAR,FOO,CAR,Brayden Tracey,48,52,4,2,c: M Netto b: A Mehra
6,4th,FOO vs CAR,FOO,CAR,Jack Campbell,55,66,5,2,not out
6,4th,FOO vs CAR,FOO,CAR,Alessandro Belci,21,28,1,0,not out
7,4th,FOO vs DAN,DAN,FOO,Ryan Coonan,53,33,3,2,not out
7,4th,FOO vs DAN,DAN,FOO,Oscar Florentine,15,22,0,0,not out
7,4th,FOO vs DAN,DAN,FOO,Rhyan Bidur S,,,,,did not bat
7,4th,FOO vs DAN,DAN,FOO,Bayden Hutchins,,,,,did not bat
7,4th,FOO vs DAN,DAN,FOO,Ky Lake,,,,,did not bat
7,4th,FOO vs DAN,DAN,FOO,Xavier Marazita,,,,,did not bat
7,4th,FOO vs DAN,DAN,FOO,Aryan Mehra,,,,,did not bat
7,4th,FOO vs DAN,DAN,FOO,Matthew Netto,,,,,did not bat
7,4th,FOO vs DAN,DAN,FOO,Andrew Pizaro,,,,,did not bat
7,4th,FOO vs DAN,DAN,FOO,Fynn Raco,,,,,did not bat
7,4th,FOO vs DAN,DAN,FOO,Liam Sutton,,,,,did not bat
7,4th,FOO vs DAN,FOO,DAN,Jaikar Singh Araich,1,3,0,0,c: M Netto b: L Sutton
7,4th,FOO vs DAN,FOO,DAN,Sultan Syed,2,6,0,0,run out (K Lake)
7,4th,FOO vs DAN,FOO,DAN,Mohammed Abedi,3,6,0,0,b: M Netto
7,4th,FOO vs DAN,FOO,DAN,Finley Corrie,9,8,0,0,not out
7,4th,FOO vs DAN,FOO,DAN,Matthew Pearson,5,7,0,0,not out
7,4th,FOO vs DAN,FOO,DAN,Prathik Balachandhar,,,,,did not bat
7,4th,FOO vs DAN,FOO,DAN,Flynn Dexter,,,,,did not bat
7,4th,FOO vs DAN,FOO,DAN,Darcy Freeman,,,,,did not bat
7,4th,FOO vs DAN,FOO,DAN,Deep Jhajj,,,,,did not bat
7,4th,FOO vs DAN,FOO,DAN,Sayed Masroor,,,,,did not bat
7,4th,FOO vs DAN,FOO,DAN,Paarth Pandey,,,,,did not bat
7,4th,ESS vs ST,ST,ESS,Pahul Singh Sodhi,28,20,2,2,not out
7,4th,ESS vs ST,ST,ESS,Sandula Edirisinghe,12,16,1,0,not out
7,4th,ESS vs ST,ST,ESS,Dilawar Ali,,,,,did not bat
7,4th,ESS vs ST,ST,ESS,Stephen Buhagiar,,,,,did not bat
7,4th,ESS vs ST,ST,ESS,Krishna Chandak,,,,,did not bat
7,4th,ESS vs ST,ST,ESS,Zorawar Singh Chohan,,,,,did not bat
7,4th,ESS vs ST,ST,ESS,Prageeth Edirisinghe,,,,,did not bat
7,4th,ESS vs ST,ST,ESS,Hady Hegazy,,,,,did not bat
7,4th,ESS vs ST,ST,ESS,George Martindale,,,,,did not bat
7,4th,ESS vs ST,ST,ESS,Luay Miraz,,,,,did not bat
7,4th,ESS vs ST,ST,ESS,Samin Shafquat,,,,,did not bat
7,4th,ESS vs ST,ST,ESS,Sai Shail Simhadri,,,,,did not bat
7,4th,ESS vs ST,ESS,ST,Charlie Atkins,19,13,1,1,not out
7,4th,ESS vs ST,ESS,ST,Will Hamilton,13,7,1,1,c: H Hegazy b: Z Chohan
7,4th,ESS vs ST,ESS,ST,Douglas Beckett,4,4,0,0,c: S Shafquat b: K Chandak
7,4th,ESS vs ST,ESS,ST,Harrison Tegg,35,9,0,5,not out
7,4th,ESS vs ST,ESS,ST,Mitchell Crooks,,,,,did not bat
7,4th,ESS vs ST,ESS,ST,Avneet Ghuman,,,,,did not bat
7,4th,ESS vs ST,ESS,ST,Gurshan Khehra,,,,,did not bat
7,4th,ESS vs ST,ESS,ST,Jackson Martin,,,,,did not bat
7,4th,ESS vs ST,ESS,ST,George Reidy,,,,,did not bat
7,4th,ESS vs ST,ESS,ST,Louis Stevenson,,,,,did not bat
7,4th,ESS vs ST,ESS,ST,Dylan Young,,,,,did not bat
7,4th,ESS vs ST,ESS,ST,Steve Zayler,,,,,did not bat
7,4th,RIN vs KIN,KIN,RIN,Lucas Clausen,9,8,2,0,c: J Chamberlain b: M Ralph
7,4th,RIN vs KIN,KIN,RIN,Jayden Rebeiro,53,49,7,0,b: R Schonewille
7,4th,RIN vs KIN,KIN,RIN,Ansh Sharma,22,11,3,1,c: N Mccolough b: R Schonewille
7,4th,RIN vs KIN,KIN,RIN,Ranen Gandhi,32,32,1,0,c: M Ralph b: S Ralph
7,4th,RIN vs KIN,KIN,RIN,Phoenix Beck,19,16,2,0,c&b: M Ralph
7,4th,RIN vs KIN,KIN,RIN,Luke O`Brien,6,3,1,0,not out
7,4th,RIN vs KIN,KIN,RIN,Samaksh Gosain,1,2,0,0,not out
7,4th,RIN vs KIN,KIN,RIN,Amos Horneman,,,,,did not bat
7,4th,RIN vs KIN,KIN,RIN,Michain Premaratne,,,,,did not bat
7,4th,RIN vs KIN,KIN,RIN,Zachary Seal,,,,,did not bat
7,4th,RIN vs KIN,KIN,RIN,Sam Wade,,,,,did not bat
7,4th,RIN vs KIN,RIN,KIN,Noah Mccolough,12,12,2,0,st: P Beck b: A Sharma
7,4th,RIN vs KIN,RIN,KIN,Jack Chamberlain,4,7,0,0,c: L O`Brien b: Z Seal
7,4th,RIN vs KIN,RIN,KIN,Aditya Chowdhary,51,48,1,3,b: Z Seal
7,4th,RIN vs KIN,RIN,KIN,Don Manul,42,40,3,1,c: J Rebeiro b: S Gosain
7,4th,RIN vs KIN,RIN,KIN,Dan Lambert,,1,0,0,st: P Beck b: S Gosain
7,4th,RIN vs KIN,RIN,KIN,Max Ralph,9,9,1,0,not out
7,4th,RIN vs KIN,RIN,KIN,Arish Surani,3,5,0,0,not out
7,4th,RIN vs KIN,RIN,KIN,Joel Ajani,,,,,did not bat
7,4th,RIN vs KIN,RIN,KIN,Dihein Fernando,,,,,did not bat
7,4th,RIN vs KIN,RIN,KIN,Sanithu Rajapaksha,,,,,did not bat
7,4th,RIN vs KIN,RIN,KIN,Steve Ralph,,,,,did not bat
7,4th,RIN vs KIN,RIN,KIN,Ryan Schonewille,,,,,did not bat
7,4th,GEE vs NOR,NOR,GEE,Noah Berry,19,12,2,1,c: C Lane b: C FitzGerald
7,4th,GEE vs NOR,NOR,GEE,Charlie Peake,1,11,0,0,c: C Lane b: T Lambert
7,4th,GEE vs NOR,NOR,GEE,Oscar Agg,12,16,1,0,b: L Rowley
7,4th,GEE vs NOR,NOR,GEE,Fletch Grimsey-Cook,4,1,1,0,run out (C FitzGerald)
7,4th,GEE vs NOR,NOR,GEE,Ryder Scott,28,37,1,0,b: T Lambert
7,4th,GEE vs NOR,NOR,GEE,Nayan Balla,22,31,0,0,"run out (A Goswami, N Reichman)"
7,4th,GEE vs NOR,NOR,GEE,Logan Haberfield,4,5,0,0,run out ()
7,4th,GEE vs NOR,NOR,GEE,Nate Johnson,3,2,0,0,not out
7,4th,GEE vs NOR,NOR,GEE,Zachary Coull,,5,0,0,b: L Rowley
7,4th,GEE vs NOR,NOR,GEE,Jaryd Antonenko,0,1,0,0,not out
7,4th,GEE vs NOR,NOR,GEE,Josh Atkinson,,,,,did not bat
7,4th,GEE vs NOR,NOR,GEE,Parth Patel,,,,,did not bat
7,4th,GEE vs NOR,GEE,NOR,Parvan Singh,3,5,0,0,c: Z Coull b: P Patel
7,4th,GEE vs NOR,GEE,NOR,Tanishq Badoni,32,34,4,0,c: O Agg b: N Johnson
7,4th,GEE vs NOR,GEE,NOR,Nathaniel Reichman,30,45,3,0,c: L Haberfield b: J Antonenko
7,4th,GEE vs NOR,GEE,NOR,Imran Khan,7,10,0,0,c: C Peake b: O Agg
7,4th,GEE vs NOR,GEE,NOR,Justin John,,1,0,0,"run out (C Peake, L Haberfield)"
7,4th,GEE vs NOR,GEE,NOR,Joshua Alonso,,2,0,0,b: J Antonenko
7,4th,GEE vs NOR,GEE,NOR,Ananya Goswami,18,14,1,0,run out (J Antonenko)
7,4th,GEE vs NOR,GEE,NOR,Akshay Khabarwal,16,9,0,1,not out
7,4th,GEE vs NOR,GEE,NOR,Cameron FitzGerald,0,0,0,0,not out
7,4th,GEE vs NOR,GEE,NOR,Thomas Lambert,,,,,did not bat
7,4th,GEE vs NOR,GEE,NOR,Caedon Lane,,,,,did not bat
7,4th,GEE vs NOR,GEE,NOR,Liam Rowley,,,,,did not bat
7,4th,FRA vs MEL,MEL,FRA,Charlie Costa,7,16,1,0,b: A Harms
7,4th,FRA vs MEL,MEL,FRA,Tom Bath,18,24,0,0,c: H Redpath b: E Yates
7,4th,FRA vs MEL,MEL,FRA,Jesse Jewiss,28,24,1,1,c: R Epstein b: T Arthur
7,4th,FRA vs MEL,MEL,FRA,ALEX CHANDLER,10,9,1,0,c: R Epstein b: T Perera
7,4th,FRA vs MEL,MEL,FRA,Max McLean,5,4,0,0,c: R Epstein b: T Perera
7,4th,FRA vs MEL,MEL,FRA,Cooper Kennedy,,2,0,0,c: A Cheeran b: T Perera
7,4th,FRA vs MEL,MEL,FRA,Mitchell Gill-Furness,34,22,1,1,not out
7,4th,FRA vs MEL,MEL,FRA,Jarryd Parker,3,6,0,0,c: R Epstein b: M Richings
7,4th,FRA vs MEL,MEL,FRA,Joe Paulas,12,10,2,0,c: S Dias b: T Perera
7,4th,FRA vs MEL,MEL,FRA,Jerome George,3,3,0,0,not out
7,4th,FRA vs MEL,MEL,FRA,Tenzin Drenpa,,,,,did not bat
7,4th,FRA vs MEL,MEL,FRA,Matthew Kennedy,,,,,did not bat
7,4th,FRA vs MEL,FRA,MEL,Tharindu Perera,39,34,1,2,c: M Gill-Furness b: J George
7,4th,FRA vs MEL,FRA,MEL,Gavinu Devpura,16,15,3,0,c: A CHANDLER b: T Drenpa
7,4th,FRA vs MEL,FRA,MEL,Shenan Dias,,1,0,0,c: J George b: T Drenpa
7,4th,FRA vs MEL,FRA,MEL,Harvey Redpath,15,21,2,0,c: C Kennedy b: J Paulas
7,4th,FRA vs MEL,FRA,MEL,Torren Arthur,2,3,0,0,c&b: J Paulas
7,4th,FRA vs MEL,FRA,MEL,Rafael Epstein,10,15,0,0,"run out (T Bath, A CHANDLER)"
7,4th,FRA vs MEL,FRA,MEL,Raph Cramb,7,11,1,0,b: J George
7,4th,FRA vs MEL,FRA,MEL,Abhishek Kulkarni,2,4,0,0,c: M Kennedy b: T Drenpa
7,4th,FRA vs MEL,FRA,MEL,Aanlin Cheeran,22,10,1,2,not out
7,4th,FRA vs MEL,FRA,MEL,Matthew Richings,,2,0,0,c&b: T Drenpa
7,4th,FRA vs MEL,FRA,MEL,Ethan Yates,6,3,1,0,not out
7,4th,FRA vs MEL,FRA,MEL,Angus Harms,,,,,did not bat
7,4th,PRA vs CAS,CAS,PRA,Neil SCHLITTLER,45,34,3,2,b: M NAJIBI
7,4th,PRA vs CAS,CAS,PRA,Lucas Pike,,2,0,0,run out (A Abeywickrama)
7,4th,PRA vs CAS,CAS,PRA,Kane Scott,4,4,1,0,c: A Abeywickrama b: M NAJIBI
7,4th,PRA vs CAS,CAS,PRA,Charlie Graham,11,13,0,0,not out
7,4th,PRA vs CAS,CAS,PRA,Tom Scott,1,1,0,0,not out
7,4th,PRA vs CAS,CAS,PRA,Sam Dutton,,,,,did not bat
7,4th,PRA vs CAS,CAS,PRA,Daniel Parkinson,,,,,did not bat
7,4th,PRA vs CAS,CAS,PRA,Thomas Purcell,,,,,did not bat
7,4th,PRA vs CAS,CAS,PRA,Angus Schlittler,,,,,did not bat
7,4th,PRA vs CAS,CAS,PRA,Will Sharpin,,,,,did not bat
7,4th,PRA vs CAS,CAS,PRA,Lachlan Simpson,,,,,did not bat
7,4th,PRA vs CAS,CAS,PRA,Lenny Wilkins,,,,,did not bat
7,4th,PRA vs CAS,PRA,CAS,Lachlan Paul,7,9,1,0,b: T Purcell
7,4th,PRA vs CAS,PRA,CAS,Rayaan Kochhar,21,13,2,1,b: C Graham
7,4th,PRA vs CAS,PRA,CAS,Reshen Senevirathne,9,7,0,0,c: K Scott b: N SCHLITTLER
7,4th,PRA vs CAS,PRA,CAS,Akith Abeywickrama,6,7,0,0,not out
7,4th,PRA vs CAS,PRA,CAS,Crandel Siegelwin,7,9,0,0,c: N SCHLITTLER b: S Dutton
7,4th,PRA vs CAS,PRA,CAS,Ian Perera,1,3,0,0,not out
7,4th,PRA vs CAS,PRA,CAS,Josh Guinea,,,,,did not bat
7,4th,PRA vs CAS,PRA,CAS,Charlie Johnson,,,,,did not bat
7,4th,PRA vs CAS,PRA,CAS,Rishith Kumar,,,,,did not bat
7,4th,PRA vs CAS,PRA,CAS,Mohammad NAJIBI,,,,,did not bat
7,4th,PRA vs CAS,PRA,CAS,Thomas Purcell,,,,,did not bat
7,4th,PRA vs CAS,PRA,CAS,Anujan Vijayarajan,,,,,did not bat
8,4th,KIN vs MEL,MEL,KIN,Andrew Johnson,7,8,1,0,c: J Benson b: T Thompson
8,4th,KIN vs MEL,MEL,KIN,Noah Mccolough,3,10,0,0,st: O Wood b: A Reid Dick
8,4th,KIN vs MEL,MEL,KIN,Aditya Chowdhary,,2,0,0,lbw: T Thompson
8,4th,KIN vs MEL,MEL,KIN,Jack Chamberlain,8,7,0,1,c: Y Goel b: A Reid Dick
8,4th,KIN vs MEL,MEL,KIN,Don Manul,25,29,1,0,c: T Kenny b: N Critchley
8,4th,KIN vs MEL,MEL,KIN,Dan Lambert,1,5,0,0,"run out (O Wood, H Kenny)"
8,4th,KIN vs MEL,MEL,KIN,Blake Foreshew,2,9,0,0,lbw: A Reid Dick
8,4th,KIN vs MEL,MEL,KIN,Gyan Weerasiri,8,14,0,0,c: J Benson b: T Thompson
8,4th,KIN vs MEL,MEL,KIN,Max Ralph,27,30,3,0,c&b: T Kenny
8,4th,KIN vs MEL,MEL,KIN,Sanithu Rajapaksha,8,5,1,0,run out (O Wood)
8,4th,KIN vs MEL,MEL,KIN,Ryan Schonewille,3,3,0,0,not out
8,4th,KIN vs MEL,MEL,KIN,Steve Ralph,,,,,did not bat
8,4th,KIN vs MEL,KIN,MEL,Alistair McCooke,5,4,1,0,b: M Ralph
8,4th,KIN vs MEL,KIN,MEL,Hayden Kenny,45,34,6,1,not out
8,4th,KIN vs MEL,KIN,MEL,Oscar Wood,31,14,4,2,c&b: S Rajapaksha
8,4th,KIN vs MEL,KIN,MEL,Johnathon Aikins,7,7,1,0,c: B Foreshew b: S Rajapaksha
8,4th,KIN vs MEL,KIN,MEL,Yash Goel,7,6,1,0,not out
8,4th,KIN vs MEL,KIN,MEL,Josh Benson,,,,,did not bat
8,4th,KIN vs MEL,KIN,MEL,Nicholas Critchley,,,,,did not bat
8,4th,KIN vs MEL,KIN,MEL,Josh Finkelstein,,,,,did not bat
8,4th,KIN vs MEL,KIN,MEL,James Francis,,,,,did not bat
8,4th,KIN vs MEL,KIN,MEL,Ben Griffin,,,,,did not bat
8,4th,KIN vs MEL,KIN,MEL,Thomas Kenny,,,,,did not bat
8,4th,KIN vs MEL,KIN,MEL,Andrew Reid Dick,,,,,did not bat
8,4th,KIN vs MEL,KIN,MEL,Trent Thompson,,,,,did not bat
8,4th,DAN vs RIC,RIC,DAN,Flynn Dexter,4,21,0,0,lbw: N Satyan
8,4th,DAN vs RIC,RIC,DAN,Ashton Ceeney,5,12,0,0,b: N Satyan
8,4th,DAN vs RIC,RIC,DAN,Neil D'Souza,6,9,1,0,c: A Bauer b: L Nicholls
8,4th,DAN vs RIC,RIC,DAN,Matthew Pearson,20,30,0,0,lbw: D Mihiripenna
8,4th,DAN vs RIC,RIC,DAN,Darcy Freeman,9,15,1,0,c: A Bauer b: D Mihiripenna
8,4th,DAN vs RIC,RIC,DAN,Finley Corrie,6,10,0,0,c: N Satyan b: C Power
8,4th,DAN vs RIC,RIC,DAN,Mohammed Abedi,5,10,0,0,not out
8,4th,DAN vs RIC,RIC,DAN,Prathik Balachandhar,2,5,0,0,c: L Nicholls b: D Mihiripenna
8,4th,DAN vs RIC,RIC,DAN,Deep Jhajj,,4,0,0,b: D Mihiripenna
8,4th,DAN vs RIC,RIC,DAN,Sayed Masroor,,1,0,0,c: J Conway b: C Power
8,4th,DAN vs RIC,RIC,DAN,Shaun Thomas,,,,,did not bat
8,4th,DAN vs RIC,DAN,RIC,Clancy McCormick,1,2,0,0,b: F Corrie
8,4th,DAN vs RIC,DAN,RIC,Ethan Stones,1,2,0,0,c: F Dexter b: N D'Souza
8,4th,DAN vs RIC,DAN,RIC,John Conway,38,19,4,3,not out
8,4th,DAN vs RIC,DAN,RIC,Navnith Satyan,11,13,2,0,lbw: P Balachandhar
8,4th,DAN vs RIC,DAN,RIC,Austin Bauer,3,3,0,0,not out
8,4th,DAN vs RIC,DAN,RIC,Fabian Di Domenico,,,,,did not bat
8,4th,DAN vs RIC,DAN,RIC,Gishain Fernando,,,,,did not bat
8,4th,DAN vs RIC,DAN,RIC,Jaskaran Ghotra,,,,,did not bat
8,4th,DAN vs RIC,DAN,RIC,Dulith Mihiripenna,,,,,did not bat
8,4th,DAN vs RIC,DAN,RIC,Lincoln Nicholls,,,,,did not bat
8,4th,DAN vs RIC,DAN,RIC,Callum Power,,,,,did not bat
8,4th,DAN vs RIC,DAN,RIC,James Sajeba,,,,,did not bat
8,4th,CAM vs ESS,ESS,CAM,Aarav Iyer,4,13,0,0,b: P Edirisinghe
8,4th,CAM vs ESS,ESS,CAM,Sanjeev Tadepalli,5,4,1,0,c: S Simhadri b: P Edirisinghe
8,4th,CAM vs ESS,ESS,CAM,Karan Jacob,13,20,1,0,b: P Singh Sodhi
8,4th,CAM vs ESS,ESS,CAM,Jack Evans,6,11,1,0,c: D Ali b: G Dikeos
8,4th,CAM vs ESS,ESS,CAM,Arya Gupta,35,31,4,0,run out (P Edirisinghe)
8,4th,CAM vs ESS,ESS,CAM,Daniel Walker,,3,0,0,c: D Ali b: P Singh Sodhi
8,4th,CAM vs ESS,ESS,CAM,Max Burn,3,13,0,0,"run out (S Simhadri, S Buhagiar)"
8,4th,CAM vs ESS,ESS,CAM,Robert Capstick,10,10,1,0,b: P Edirisinghe
8,4th,CAM vs ESS,ESS,CAM,Benjamin Excell,11,9,1,0,not out
8,4th,CAM vs ESS,ESS,CAM,Oliver Lacey,3,6,0,0,not out
8,4th,CAM vs ESS,ESS,CAM,Ronit Rehal,,,,,did not bat
8,4th,CAM vs ESS,ESS,CAM,Oliver Schleiger,,,,,did not bat
8,4th,CAM vs ESS,CAM,ESS,Pahul Singh Sodhi,6,6,1,0,"run out (B Excell, J Evans)"
8,4th,CAM vs ESS,CAM,ESS,Sandula Edirisinghe,,1,0,0,"run out (D Walker, J Evans)"
8,4th,CAM vs ESS,CAM,ESS,Hady Hegazy,29,41,3,0,not out
8,4th,CAM vs ESS,CAM,ESS,Dilawar Ali,3,5,0,0,run out (D Walker)
8,4th,CAM vs ESS,CAM,ESS,Samin Shafquat,16,13,3,0,b: R Rehal
8,4th,CAM vs ESS,CAM,ESS,Gurnoor Singh Gill,4,8,0,0,c: J Evans b: B Excell
8,4th,CAM vs ESS,CAM,ESS,Sai Shail Simhadri,16,18,2,0,b: O Schleiger
8,4th,CAM vs ESS,CAM,ESS,Zayaan Tabish,22,11,3,0,not out
8,4th,CAM vs ESS,CAM,ESS,Stephen Buhagiar,,,,,did not bat
8,4th,CAM vs ESS,CAM,ESS,George Dikeos,,,,,did not bat
8,4th,CAM vs ESS,CAM,ESS,Prageeth Edirisinghe,,,,,did not bat
8,4th,CAM vs ESS,CAM,ESS,Daniel Jessup,,,,,did not bat
8,4th,ST vs MEL,MEL,ST,Charlie Atkins,24,21,3,0,c: S Dias b: M Richings
8,4th,ST vs MEL,MEL,ST,Charlie Hester,13,17,2,0,c: H du Toit b: E Yates
8,4th,ST vs MEL,MEL,ST,Callum Chasemore,5,9,0,0,c: H Redpath b: E Yates
8,4th,ST vs MEL,MEL,ST,James Smith,5,8,0,0,c: H du Toit b: M Richings
8,4th,ST vs MEL,MEL,ST,Douglas Beckett,9,9,0,0,c: R Epstein b: E Yates
8,4th,ST vs MEL,MEL,ST,Jackson Martin,11,12,1,0,run out (G Devpura)
8,4th,ST vs MEL,MEL,ST,Avneet Ghuman,2,3,0,0,"run out (R Epstein, A Cheeran)"
8,4th,ST vs MEL,MEL,ST,Gurshan Khehra,,3,0,0,st: H du Toit b: A Cheeran
8,4th,ST vs MEL,MEL,ST,Harrison Tegg,30,18,3,2,c: T Arthur b: A Harms
8,4th,ST vs MEL,MEL,ST,Charlie Skinner,16,15,1,0,run out (T Perera)
8,4th,ST vs MEL,MEL,ST,Arham Farooq,2,5,0,0,not out
8,4th,ST vs MEL,MEL,ST,Dylan Young,,,,,did not bat
8,4th,ST vs MEL,ST,MEL,Tharindu Perera,,1,0,0,c: G Khehra b: A Ghuman
8,4th,ST vs MEL,ST,MEL,Gavinu Devpura,2,4,0,0,run out (C Hester)
8,4th,ST vs MEL,ST,MEL,Shenan Dias,13,17,1,0,c: C Chasemore b: C Skinner
8,4th,ST vs MEL,ST,MEL,Harvey Redpath,37,38,3,1,c: J Smith b: H Tegg
8,4th,ST vs MEL,ST,MEL,Henri du Toit,15,20,1,0,b: D Young
8,4th,ST vs MEL,ST,MEL,Torren Arthur,4,9,0,0,b: C Skinner
8,4th,ST vs MEL,ST,MEL,Rafael Epstein,10,8,1,0,c: C Chasemore b: H Tegg
8,4th,ST vs MEL,ST,MEL,Raph Cramb,11,16,0,0,not out
8,4th,ST vs MEL,ST,MEL,Aanlin Cheeran,15,8,1,1,not out
8,4th,ST vs MEL,ST,MEL,Angus Harms,,,,,did not bat
8,4th,ST vs MEL,ST,MEL,Matthew Richings,,,,,did not bat
8,4th,ST vs MEL,ST,MEL,Ethan Yates,,,,,did not bat
8,4th,GRE vs PRA,PRA,GRE,Arshnoor Singh Mann,12,15,0,1,c: L Simpson b: M Esposito
8,4th,GRE vs PRA,PRA,GRE,Thisura Sooriyaaratchi,16,25,2,0,c: D Parkinson b: N SCHLITTLER
8,4th,GRE vs PRA,PRA,GRE,Rivi De Alwis,6,13,0,0,c: C Graham b: M Esposito
8,4th,GRE vs PRA,PRA,GRE,Dev Narayan Brijesh,10,22,0,0,c: L Pike b: A Schlittler
8,4th,GRE vs PRA,PRA,GRE,Jashan Jaura,2,3,0,0,c: T Scott b: M Esposito
8,4th,GRE vs PRA,PRA,GRE,Manuda Koku Hennedige,1,1,0,0,"run out (M Esposito, L Simpson)"
8,4th,GRE vs PRA,PRA,GRE,Vindiya Bandara,3,9,0,0,c: C Graham b: A Schlittler
8,4th,GRE vs PRA,PRA,GRE,Ansh Shah,15,6,0,2,b: N SCHLITTLER
8,4th,GRE vs PRA,PRA,GRE,Ollie Melville,4,10,0,0,hit wicket b: N SCHLITTLER
8,4th,GRE vs PRA,PRA,GRE,Kyle Mawer,1,5,0,0,c: L Pike b: C Graham
8,4th,GRE vs PRA,PRA,GRE,Kobey Hunter,5,4,1,0,not out
8,4th,GRE vs PRA,PRA,GRE,Henry Paulson,,,,,did not bat
8,4th,GRE vs PRA,GRE,PRA,Tom Scott,24,24,4,0,c: H Paulson b: V Bandara
8,4th,GRE vs PRA,GRE,PRA,Lucas Pike,18,10,4,0,c: T Sooriyaaratchi b: K Mawer
8,4th,GRE vs PRA,GRE,PRA,Charlie Graham,17,20,1,0,c: T Sooriyaaratchi b: K Hunter
8,4th,GRE vs PRA,GRE,PRA,Will Sharpin,16,9,2,0,not out
8,4th,GRE vs PRA,GRE,PRA,Charlie Abbott,4,3,1,0,c: A Mann b: K Hunter
8,4th,GRE vs PRA,GRE,PRA,Lenny Wilkins,1,1,0,0,not out
8,4th,GRE vs PRA,GRE,PRA,Matthew Esposito,,,,,did not bat
8,4th,GRE vs PRA,GRE,PRA,Daniel Parkinson,,,,,did not bat
8,4th,GRE vs PRA,GRE,PRA,Angus Schlittler,,,,,did not bat
8,4th,GRE vs PRA,GRE,PRA,Neil SCHLITTLER,,,,,did not bat
8,4th,GRE vs PRA,GRE,PRA,Lachlan Simpson,,,,,did not bat
8,4th,RIN vs FRA,FRA,RIN,Paawan Dave,27,21,4,1,c: J Jewiss b: M Gill-Furness
8,4th,RIN vs FRA,FRA,RIN,Jayden Rebeiro,1,2,0,0,c: J Parker b: J George
8,4th,RIN vs FRA,FRA,RIN,Aiyaan Ariketty,7,5,0,1,c: J Parker b: M Gill-Furness
8,4th,RIN vs FRA,FRA,RIN,Ansh Sharma,12,12,1,0,b: T Drenpa
8,4th,RIN vs FRA,FRA,RIN,Ranen Gandhi,25,24,3,0,lbw: J Paulas
8,4th,RIN vs FRA,FRA,RIN,Lucas Clausen,2,10,0,0,c: J George b: T Drenpa
8,4th,RIN vs FRA,FRA,RIN,Luke O`Brien,1,2,0,0,c: J George b: M Gill-Furness
8,4th,RIN vs FRA,FRA,RIN,Shaunak Parab,1,2,0,0,c: T Drenpa b: M Gill-Furness
8,4th,RIN vs FRA,FRA,RIN,Michain Premaratne,27,19,3,1,not out
8,4th,RIN vs FRA,FRA,RIN,Lachlan Payne,33,19,2,2,b: M Kennedy
8,4th,RIN vs FRA,FRA,RIN,Sam Montgomery,5,7,0,0,"run out (J Paulas, A CHANDLER)"
8,4th,RIN vs FRA,FRA,RIN,Sam Wade,,,,,did not bat
8,4th,RIN vs FRA,RIN,FRA,Tom Bath,13,8,2,0,b: L Payne
8,4th,RIN vs FRA,RIN,FRA,Ben Walker,28,13,5,1,c: S Montgomery b: A Ariketty
8,4th,RIN vs FRA,RIN,FRA,Harish Salwathura,58,39,8,1,not out
8,4th,RIN vs FRA,RIN,FRA,Jesse Jewiss,31,14,1,4,c: L O`Brien b: S Montgomery
8,4th,RIN vs FRA,RIN,FRA,Charlie Costa,5,9,0,0,c: S Parab b: P Dave
8,4th,RIN vs FRA,RIN,FRA,ALEX CHANDLER,11,14,1,0,not out
8,4th,RIN vs FRA,RIN,FRA,Tenzin Drenpa,,,,,did not bat
8,4th,RIN vs FRA,RIN,FRA,Jerome George,,,,,did not bat
8,4th,RIN vs FRA,RIN,FRA,Mitchell Gill-Furness,,,,,did not bat
8,4th,RIN vs FRA,RIN,FRA,Matthew Kennedy,,,,,did not bat
8,4th,RIN vs FRA,RIN,FRA,Jarryd Parker,,,,,did not bat
8,4th,RIN vs FRA,RIN,FRA,Joe Paulas,,,,,did not bat
8,4th,NOR vs FIT,FIT,NOR,Nathaniel Reichman,16,12,3,0,"run out (S Shayan Ahmad, A Cole)"
8,4th,NOR vs FIT,FIT,NOR,Parvan Singh,62,55,5,2,not out
8,4th,NOR vs FIT,FIT,NOR,Aarav Laxman,2,4,0,0,c: N Malangi b: N Sheridan
8,4th,NOR vs FIT,FIT,NOR,Ananya Goswami,28,38,3,0,"run out (J Heaney, N Malangi)"
8,4th,NOR vs FIT,FIT,NOR,Imran Khan,3,6,0,0,lbw: E Waghorn
8,4th,NOR vs FIT,FIT,NOR,Justin John,4,4,0,0,c: E Waghorn b: N Sheridan
8,4th,NOR vs FIT,FIT,NOR,Akshay Khabarwal,3,2,0,0,not out
8,4th,NOR vs FIT,FIT,NOR,James Elliott,,,,,did not bat
8,4th,NOR vs FIT,FIT,NOR,Cameron FitzGerald,,,,,did not bat
8,4th,NOR vs FIT,FIT,NOR,Japjeet Khaira,,,,,did not bat
8,4th,NOR vs FIT,FIT,NOR,Caedon Lane,,,,,did not bat
8,4th,NOR vs FIT,FIT,NOR,Liam Rowley,,,,,did not bat
8,4th,NOR vs FIT,NOR,FIT,Manav Sharma,19,16,2,1,c: A Khabarwal b: C FitzGerald
8,4th,NOR vs FIT,NOR,FIT,Harrison Sheers,12,10,3,0,c: I Khan b: C Lane
8,4th,NOR vs FIT,NOR,FIT,Billy Rayner,23,30,1,0,c: J Elliott b: C Lane
8,4th,NOR vs FIT,NOR,FIT,Syed Shayan Ahmad,6,7,0,0,c: A Goswami b: J Khaira
8,4th,NOR vs FIT,NOR,FIT,James Heaney,6,8,0,0,c: L Rowley b: A Khabarwal
8,4th,NOR vs FIT,NOR,FIT,Sandeep Ahuja,5,10,0,0,c: A Goswami b: C FitzGerald
8,4th,NOR vs FIT,NOR,FIT,Neel Malangi,38,25,6,0,not out
8,4th,NOR vs FIT,NOR,FIT,Alex Cole,12,13,1,0,c: I Khan b: C Lane
8,4th,NOR vs FIT,NOR,FIT,Edison Waghorn,1,2,0,0,b: L Rowley
8,4th,NOR vs FIT,NOR,FIT,Xavier Mitchell,1,1,0,0,not out
8,4th,NOR vs FIT,NOR,FIT,Jamie Blacker,,,,,did not bat
8,4th,NOR vs FIT,NOR,FIT,Nicholas Sheridan,,,,,did not bat
8,4th,FOO vs GEE,GEE,FOO,Ryan Coonan,2,4,0,0,c: T Holt b: J Antonenko
8,4th,FOO vs GEE,GEE,FOO,Oscar Florentine,43,51,3,1,c: O Agg b: J Atkinson
8,4th,FOO vs GEE,GEE,FOO,Bayden Hutchins,9,20,0,0,"run out (H Emerson, L Haberfield)"
8,4th,FOO vs GEE,GEE,FOO,Shlok Shanbhag,6,10,1,0,b: J Antonenko
8,4th,FOO vs GEE,GEE,FOO,Rhyan Bidur S,17,22,0,0,not out
8,4th,FOO vs GEE,GEE,FOO,Joshua Norsetter,15,10,1,0,run out (F Grimsey-Cook)
8,4th,FOO vs GEE,GEE,FOO,Matthew Netto,1,2,0,0,c&b: O Agg
8,4th,FOO vs GEE,GEE,FOO,Andrew Pizaro,2,3,0,0,not out
8,4th,FOO vs GEE,GEE,FOO,Ky Lake,,,,,did not bat
8,4th,FOO vs GEE,GEE,FOO,Aryan Mehra,,,,,did not bat
8,4th,FOO vs GEE,GEE,FOO,Fynn Raco,,,,,did not bat
8,4th,FOO vs GEE,GEE,FOO,Liam Sutton,,,,,did not bat
8,4th,FOO vs GEE,FOO,GEE,Jake Klein,,1,0,0,c: K Lake b: L Sutton
8,4th,FOO vs GEE,FOO,GEE,Tamar Holt,9,16,1,0,st: K Lake b: S Shanbhag
8,4th,FOO vs GEE,FOO,GEE,Oscar Agg,8,9,1,0,c: A Pizaro b: F Raco
8,4th,FOO vs GEE,FOO,GEE,Harry Emerson,3,3,0,0,b: L Sutton
8,4th,FOO vs GEE,FOO,GEE,Fletch Grimsey-Cook,,1,0,0,lbw: L Sutton
8,4th,FOO vs GEE,FOO,GEE,Ryder Scott,12,17,1,0,c: K Lake b: J Norsetter
8,4th,FOO vs GEE,FOO,GEE,Charlie Peake,1,4,0,0,st: K Lake b: S Shanbhag
8,4th,FOO vs GEE,FOO,GEE,Logan Haberfield,27,33,1,0,b: A Pizaro
8,4th,FOO vs GEE,FOO,GEE,Will Rodda,8,21,0,0,b: A Pizaro
8,4th,FOO vs GEE,FOO,GEE,Mark Freijah,19,15,2,0,not out
8,4th,FOO vs GEE,FOO,GEE,Jaryd Antonenko,,,,,did not bat
8,4th,FOO vs GEE,FOO,GEE,Josh Atkinson,,,,,did not bat
8,4th,CAS vs CAR,CAR,CAS,Reshen Senevirathne,50,59,3,2,c: A Belci b: A Ward
8,4th,CAS vs CAR,CAR,CAS,Rayaan Kochhar,12,13,1,0,run out ()
8,4th,CAS vs CAR,CAR,CAS,Akith Abeywickrama,23,29,0,1,c: B Tracey b: S Nayak
8,4th,CAS vs CAR,CAR,CAS,Felix Howard,,2,0,0,c: L Bouckley b: M Dias
8,4th,CAS vs CAR,CAR,CAS,Lachlan Paul,2,4,0,0,c: B Tracey b: S Nayak
8,4th,CAS vs CAR,CAR,CAS,Crandel Siegelwin,21,13,3,0,not out
8,4th,CAS vs CAR,CAR,CAS,********,1,1,0,0,not out
8,4th,CAS vs CAR,CAR,CAS,Josh Guinea,,,,,did not bat
8,4th,CAS vs CAR,CAR,CAS,Charlie Johnson,,,,,did not bat
8,4th,CAS vs CAR,CAR,CAS,Nate Murphy,,,,,did not bat
8,4th,CAS vs CAR,CAR,CAS,Mohammad NAJIBI,,,,,did not bat
8,4th,CAS vs CAR,CAR,CAS,Thomas Purcell,,,,,did not bat
8,4th,CAS vs CAR,CAR,CAS,Anujan Vijayarajan,,,,,did not bat
8,4th,CAS vs CAR,CAS,CAR,Harry Simpson,55,53,6,1,c: C Siegelwin b: A Vijayarajan
8,4th,CAS vs CAR,CAS,CAR,Alessandro Belci,33,21,5,1,c: F Howard b: J Guinea
8,4th,CAS vs CAR,CAS,CAR,Lewis Bouckley,8,9,1,0,c: F Howard b: C Siegelwin
8,4th,CAS vs CAR,CAS,CAR,Jacob Davidson,10,16,0,0,not out
8,4th,CAS vs CAR,CAS,CAR,Brayden Tracey,6,7,1,0,not out
8,4th,CAS vs CAR,CAS,CAR,Kyan Brasher,,,,,did not bat
8,4th,CAS vs CAR,CAS,CAR,Maximilian Dias,,,,,did not bat
8,4th,CAS vs CAR,CAS,CAR,Salil Gudup,,,,,did not bat
8,4th,CAS vs CAR,CAS,CAR,Aussie McIlwaine,,,,,did not bat
8,4th,CAS vs CAR,CAS,CAR,Sid Nayak,,,,,did not bat
8,4th,CAS vs CAR,CAS,CAR,Abraham Thomas,,,,,did not bat
8,4th,CAS vs CAR,CAS,CAR,Ashley Ward,,,,,did not bat
9,4th,ST vs GEE,GEE,ST,Charlie Atkins,26,51,2,0,c: J Atkinson b: Z Coull
9,4th,ST vs GEE,GEE,ST,Will Hamilton,39,57,2,0,c: H Emerson b: F Grimsey-Cook
9,4th,ST vs GEE,GEE,ST,Declan McComb,43,52,5,1,run out (J Antonenko)
9,4th,ST vs GEE,GEE,ST,Jackson Martin,44,69,1,0,not out
9,4th,ST vs GEE,GEE,ST,Callum Chasemore,8,15,0,0,lbw: J Atkinson
9,4th,ST vs GEE,GEE,ST,Douglas Beckett,25,19,0,1,c: J Antonenko b: O Agg
9,4th,ST vs GEE,GEE,ST,Avneet Ghuman,5,7,0,0,c: L Haberfield b: O Agg
9,4th,ST vs GEE,GEE,ST,Harrison Tegg,2,2,0,0,not out
9,4th,ST vs GEE,GEE,ST,Arham Farooq,,,,,did not bat
9,4th,ST vs GEE,GEE,ST,Charlie Hester,,,,,did not bat
9,4th,ST vs GEE,GEE,ST,Gurshan Khehra,,,,,did not bat
9,4th,ST vs GEE,GEE,ST,Dylan Young,,,,,did not bat
9,4th,ST vs GEE,GEE,ST,Steve Zayler,,,,,did not bat
9,4th,ST vs GEE,ST,GEE,Charlie Peake,17,37,0,0,c&b: H Tegg
9,4th,ST vs GEE,ST,GEE,Ryder Scott,9,23,0,0,c: S Zayler b: G Khehra
9,4th,ST vs GEE,ST,GEE,Tamar Holt,7,17,0,0,run out (D Beckett)
9,4th,ST vs GEE,ST,GEE,Oscar Agg,20,45,1,0,c: D Beckett b: A Ghuman
9,4th,ST vs GEE,ST,GEE,Clinton Peake,17,18,2,0,c: D McComb b: A Ghuman
9,4th,ST vs GEE,ST,GEE,Harry Emerson,25,30,2,0,run out (C Chasemore)
9,4th,ST vs GEE,ST,GEE,Fletch Grimsey-Cook,41,44,2,1,c: G Khehra b: A Farooq
9,4th,ST vs GEE,ST,GEE,Logan Haberfield,4,6,0,0,run out (C Chasemore)
9,4th,ST vs GEE,ST,GEE,Mark Freijah,22,22,1,1,c: A Ghuman b: G Khehra
9,4th,ST vs GEE,ST,GEE,Zachary Coull,5,10,0,0,b: A Ghuman
9,4th,ST vs GEE,ST,GEE,Jaryd Antonenko,5,13,0,0,not out
9,4th,ST vs GEE,ST,GEE,Josh Atkinson,,,,,did not bat
9,4th,RIC vs FOO,FOO,RIC,Charlie Morris,6,7,1,0,b: J Norsetter
9,4th,RIC vs FOO,FOO,RIC,Ethan Stones,2,16,0,0,b: J Norsetter
9,4th,RIC vs FOO,FOO,RIC,Navnith Satyan,21,28,1,1,c: A Pizaro b: M Netto
9,4th,RIC vs FOO,FOO,RIC,Austin Bauer,31,30,6,0,lbw: M Netto
9,4th,RIC vs FOO,FOO,RIC,Ethan Loy-Abrahams,4,4,1,0,c: b: M Netto
9,4th,RIC vs FOO,FOO,RIC,Fabian Di Domenico,11,29,1,0,c: b: S Shanbhag
9,4th,RIC vs FOO,FOO,RIC,Clancy McCormick,10,12,2,0,c: O Florentine b: M Netto
9,4th,RIC vs FOO,FOO,RIC,James Sajeba,9,17,1,0,c: T Patankar b: B Hutchins
9,4th,RIC vs FOO,FOO,RIC,Dulith Mihiripenna,48,42,4,3,lbw: T Patankar
9,4th,RIC vs FOO,FOO,RIC,Gishain Fernando,9,15,1,0,c: R Coonan b: A Pizaro
9,4th,RIC vs FOO,FOO,RIC,Lincoln Nicholls,3,10,0,0,not out
9,4th,RIC vs FOO,FOO,RIC,Callum Power,,,,,did not bat
9,4th,RIC vs FOO,RIC,FOO,Ryan Coonan,36,34,7,0,b: D Mihiripenna
9,4th,RIC vs FOO,RIC,FOO,Oscar Florentine,1,7,0,0,c: C Morris b: N Satyan
9,4th,RIC vs FOO,RIC,FOO,Bayden Hutchins,56,98,8,0,not out
9,4th,RIC vs FOO,RIC,FOO,Kai O’Hehir,28,44,3,0,c&b: N Satyan
9,4th,RIC vs FOO,RIC,FOO,Rhyan Bidur S,29,38,4,0,not out
9,4th,RIC vs FOO,RIC,FOO,Ky Lake,,,,,did not bat
9,4th,RIC vs FOO,RIC,FOO,Matthew Netto,,,,,did not bat
9,4th,RIC vs FOO,RIC,FOO,Joshua Norsetter,,,,,did not bat
9,4th,RIC vs FOO,RIC,FOO,Tanish Patankar,,,,,did not bat
9,4th,RIC vs FOO,RIC,FOO,Aadi Patel,,,,,did not bat
9,4th,RIC vs FOO,RIC,FOO,Andrew Pizaro,,,,,did not bat
9,4th,RIC vs FOO,RIC,FOO,Fynn Raco,,,,,did not bat
9,4th,RIC vs FOO,RIC,FOO,Shlok Shanbhag,,,,,did not bat
9,4th,FRA vs DAN,DAN,FRA,Tom Bath,28,32,5,0,c: M Pearson b: M Ayaz
9,4th,FRA vs DAN,DAN,FRA,Cooper Kennedy,3,8,0,0,c: D Jhajj b: P Balachandhar
9,4th,FRA vs DAN,DAN,FRA,Charlie Costa,21,21,3,0,c: M Pearson b: P Balachandhar
9,4th,FRA vs DAN,DAN,FRA,ALEX CHANDLER,1,2,0,0,b: M Ayaz
9,4th,FRA vs DAN,DAN,FRA,Mitchell Gill-Furness,,1,0,0,b: M Ayaz
9,4th,FRA vs DAN,DAN,FRA,Jake O’Brien,19,32,1,0,c: M Ayaz b: M Abedi
9,4th,FRA vs DAN,DAN,FRA,Nigel Stone,108,117,13,0,not out
9,4th,FRA vs DAN,DAN,FRA,Joe Paulas,7,20,0,0,c: S Thomas b: A Awasthi
9,4th,FRA vs DAN,DAN,FRA,Matthew Kennedy,10,8,2,0,c: S Thomas b: M Ayaz
9,4th,FRA vs DAN,DAN,FRA,Jerome George,20,27,1,0,c: M Abedi b: P Balachandhar
9,4th,FRA vs DAN,DAN,FRA,Tenzin Drenpa,4,6,0,0,not out
9,4th,FRA vs DAN,DAN,FRA,Jarryd Parker,,,,,did not bat
9,4th,FRA vs DAN,FRA,DAN,Shaun Thomas,55,66,5,1,c: A CHANDLER b: J George
9,4th,FRA vs DAN,FRA,DAN,Flynn Dexter,1,12,0,0,lbw: M Kennedy
9,4th,FRA vs DAN,FRA,DAN,Matthew Pearson,6,24,0,0,c: T Bath b: M Gill-Furness
9,4th,FRA vs DAN,FRA,DAN,Darcy Freeman,28,53,1,0,lbw: J George
9,4th,FRA vs DAN,FRA,DAN,Archish Awasthi,15,34,1,0,c: M Gill-Furness b: J George
9,4th,FRA vs DAN,FRA,DAN,Ishita Tiwari,2,12,0,0,c: M Gill-Furness b: J George
9,4th,FRA vs DAN,FRA,DAN,Jethri Perera,,3,0,0,"run out (J O’Brien, J George)"
9,4th,FRA vs DAN,FRA,DAN,Mohammed Abedi,,7,0,0,c: M Kennedy b: J George
9,4th,FRA vs DAN,FRA,DAN,Prathik Balachandhar,4,16,0,0,b: J George
9,4th,FRA vs DAN,FRA,DAN,Muhammad Ayaz,23,24,4,0,not out
9,4th,FRA vs DAN,FRA,DAN,Deep Jhajj,9,21,1,0,not out
9,4th,FRA vs DAN,FRA,DAN,Sayed Masroor,,,,,did not bat
9,4th,PRA vs MEL,MEL,PRA,Lucas Pike,,2,0,0,c: N Critchley b: T Thompson
9,4th,PRA vs MEL,MEL,PRA,Rex Macalister,,4,0,0,c: b: T Kenny
9,4th,PRA vs MEL,MEL,PRA,Lenny Wilkins,2,15,0,0,c: N Critchley b: T Thompson
9,4th,PRA vs MEL,MEL,PRA,Will Sharpin,6,7,1,0,b: T Thompson
9,4th,PRA vs MEL,MEL,PRA,Nicholas Graves,6,10,1,0,c: J Benson b: T Thompson
9,4th,PRA vs MEL,MEL,PRA,Tom Scott,6,12,0,0,b: T Thompson
9,4th,PRA vs MEL,MEL,PRA,Angus Schlittler,34,67,1,0,c: J Benson b: A McCooke
9,4th,PRA vs MEL,MEL,PRA,Lachlan Simpson,42,73,2,0,c: J Benson b: N Critchley
9,4th,PRA vs MEL,MEL,PRA,Sam Dutton,23,33,3,0,run out ()
9,4th,PRA vs MEL,MEL,PRA,Matthew Esposito,6,13,1,0,c: b: A McCooke
9,4th,PRA vs MEL,MEL,PRA,Neil SCHLITTLER,12,8,1,0,not out
9,4th,PRA vs MEL,MEL,PRA,Fred Sainsbury,,,,,did not bat
9,4th,PRA vs MEL,PRA,MEL,Alistair McCooke,2,17,0,0,c: A Schlittler b: S Dutton
9,4th,PRA vs MEL,PRA,MEL,Hayden Kenny,101,101,11,2,not out
9,4th,PRA vs MEL,PRA,MEL,Nicholas Critchley,5,19,1,0,lbw: M Esposito
9,4th,PRA vs MEL,PRA,MEL,James Francis,17,36,2,0,c: S Dutton b: A Schlittler
9,4th,PRA vs MEL,PRA,MEL,Johnathon Aikins,28,43,1,0,not out
9,4th,PRA vs MEL,PRA,MEL,Josh Benson,,,,,did not bat
9,4th,PRA vs MEL,PRA,MEL,Jasper Cheesman,,,,,did not bat
9,4th,PRA vs MEL,PRA,MEL,Ben Griffin,,,,,did not bat
9,4th,PRA vs MEL,PRA,MEL,Thomas Kenny,,,,,did not bat
9,4th,PRA vs MEL,PRA,MEL,William Newman,,,,,did not bat
9,4th,PRA vs MEL,PRA,MEL,Andrew Reid Dick,,,,,did not bat
9,4th,PRA vs MEL,PRA,MEL,Trent Thompson,,,,,did not bat
9,4th,NOR vs KIN,KIN,NOR,Imran Khan,30,74,3,0,c: A Chowdhary b: A Johnson
9,4th,NOR vs KIN,KIN,NOR,Parvan Singh,44,60,5,0,c: A Johnson b: J Ajani
9,4th,NOR vs KIN,KIN,NOR,Nathaniel Reichman,59,74,10,0,c: D Lambert b: A Johnson
9,4th,NOR vs KIN,KIN,NOR,Aarav Laxman,1,9,0,0,run out (A Johnson)
9,4th,NOR vs KIN,KIN,NOR,Ananya Goswami,29,38,2,0,c&b: A Thakur
9,4th,NOR vs KIN,KIN,NOR,Yashen Sharma,9,6,2,0,c: D Lambert b: A Thakur
9,4th,NOR vs KIN,KIN,NOR,Akshay Khabarwal,,1,0,0,c: J Ajani b: A Thakur
9,4th,NOR vs KIN,KIN,NOR,Cameron FitzGerald,3,6,0,0,not out
9,4th,NOR vs KIN,KIN,NOR,Liam Rowley,10,4,2,0,not out
9,4th,NOR vs KIN,KIN,NOR,Caedon Lane,,,,,did not bat
9,4th,NOR vs KIN,KIN,NOR,James Elliott,,,,,did not bat
9,4th,NOR vs KIN,KIN,NOR,Japjeet Khaira,,,,,did not bat
9,4th,NOR vs KIN,NOR,KIN,Noah Mccolough,2,5,0,0,b: C Lane
9,4th,NOR vs KIN,NOR,KIN,Jack Chamberlain,5,9,0,0,lbw: L Rowley
9,4th,NOR vs KIN,NOR,KIN,Aditya Chowdhary,28,73,2,0,c: P Singh b: A Khabarwal
9,4th,NOR vs KIN,NOR,KIN,Andrew Johnson,4,4,1,0,c: A Goswami b: L Rowley
9,4th,NOR vs KIN,NOR,KIN,Dan Lambert,23,34,4,0,c: b: C FitzGerald
9,4th,NOR vs KIN,NOR,KIN,Gyan Weerasiri,5,14,0,0,c: L Rowley b: C FitzGerald
9,4th,NOR vs KIN,NOR,KIN,Max Ralph,3,4,0,0,b: A Khabarwal
9,4th,NOR vs KIN,NOR,KIN,Sanithu Rajapaksha,16,18,1,1,lbw: A Khabarwal
9,4th,NOR vs KIN,NOR,KIN,Anurag Thakur,28,32,5,0,c: L Rowley b: C FitzGerald
9,4th,NOR vs KIN,NOR,KIN,Steve Ralph,9,11,0,0,run out ()
9,4th,NOR vs KIN,NOR,KIN,Joel Ajani,4,5,0,0,not out
9,4th,CAM vs RIN,RIN,CAM,Aryan Verma,2,10,0,0,c: S Parab b: L Payne
9,4th,CAM vs RIN,RIN,CAM,Lucas Jones,24,49,1,0,"run out (A Sharma, S Parab)"
9,4th,CAM vs RIN,RIN,CAM,Aarav Iyer,47,68,8,0,c: S Montgomery b: S Wade
9,4th,CAM vs RIN,RIN,CAM,Karan Jacob,7,17,0,0,c: S Parab b: S Wade
9,4th,CAM vs RIN,RIN,CAM,Jack Evans,60,46,3,5,"run out (L O`Brien, L Payne)"
9,4th,CAM vs RIN,RIN,CAM,Arya Gupta,24,31,2,1,c: A Ariketty b: A Sharma
9,4th,CAM vs RIN,RIN,CAM,Daniel Walker,4,6,0,0,c: A Sharma b: L Payne
9,4th,CAM vs RIN,RIN,CAM,Kye Davidson,1,3,0,0,not out
9,4th,CAM vs RIN,RIN,CAM,Max Burn,3,2,0,0,not out
9,4th,CAM vs RIN,RIN,CAM,Robert Capstick,,,,,did not bat
9,4th,CAM vs RIN,RIN,CAM,Benjamin Excell,,,,,did not bat
9,4th,CAM vs RIN,RIN,CAM,Joshua Nevett,,,,,did not bat
9,4th,CAM vs RIN,CAM,RIN,Paawan Dave,18,21,2,0,lbw: J Nevett
9,4th,CAM vs RIN,CAM,RIN,Jayden Rebeiro,15,24,2,0,c: A Gupta b: J Nevett
9,4th,CAM vs RIN,CAM,RIN,Aiyaan Ariketty,14,24,2,0,c: D Walker b: K Davidson
9,4th,CAM vs RIN,CAM,RIN,Ansh Sharma,54,67,6,1,run out (J Nevett)
9,4th,CAM vs RIN,CAM,RIN,Ranen Gandhi,4,5,0,0,c: B Excell b: K Davidson
9,4th,CAM vs RIN,CAM,RIN,Lucas Clausen,20,33,3,0,run out (B Excell)
9,4th,CAM vs RIN,CAM,RIN,Luke O`Brien,18,18,2,1,b: R Capstick
9,4th,CAM vs RIN,CAM,RIN,Shaunak Parab,15,14,1,0,"run out (A Gupta, J Evans)"
9,4th,CAM vs RIN,CAM,RIN,Sam Wade,2,5,0,0,c: A Gupta b: R Capstick
9,4th,CAM vs RIN,CAM,RIN,Michain Premaratne,8,7,0,1,c: J Evans b: R Capstick
9,4th,CAM vs RIN,CAM,RIN,Lachlan Payne,7,10,1,0,not out
9,4th,CAM vs RIN,CAM,RIN,Sam Montgomery,,,,,did not bat
9,4th,MEL vs FIT,FIT,MEL,Tharindu Perera,9,17,1,0,b: X Mitchell
9,4th,MEL vs FIT,FIT,MEL,Torren Arthur,3,11,0,0,c: N Malangi b: N Sheridan
9,4th,MEL vs FIT,FIT,MEL,Toby Rawlings,33,50,2,0,run out (Y Dobson)
9,4th,MEL vs FIT,FIT,MEL,Harvey Redpath,,4,0,0,c: N Malangi b: X Mitchell
9,4th,MEL vs FIT,FIT,MEL,Henri du Toit,16,34,1,0,c: N Malangi b: A Cole
9,4th,MEL vs FIT,FIT,MEL,Rafael Epstein,23,42,3,0,c: Y Dobson b: J Heaney
9,4th,MEL vs FIT,FIT,MEL,Raph Cramb,37,50,3,1,b: M Jhandi
9,4th,MEL vs FIT,FIT,MEL,Hayden Lim,33,43,1,0,not out
9,4th,MEL vs FIT,FIT,MEL,Aanlin Cheeran,2,4,0,0,lbw: J Blacker
9,4th,MEL vs FIT,FIT,MEL,Matthew Richings,24,21,1,0,run out (N Sheridan)
9,4th,MEL vs FIT,FIT,MEL,Ethan Yates,0,0,0,0,not out
9,4th,MEL vs FIT,FIT,MEL,Angus Harms,,,,,did not bat
9,4th,MEL vs FIT,MEL,FIT,Sandeep Ahuja,20,20,2,1,c: T Arthur b: A Harms
9,4th,MEL vs FIT,MEL,FIT,Harrison Sheers,35,32,6,0,c: R Epstein b: T Arthur
9,4th,MEL vs FIT,MEL,FIT,Syed Shayan Ahmad,3,13,0,0,"run out (H Redpath, H du Toit)"
9,4th,MEL vs FIT,MEL,FIT,James Heaney,4,22,0,0,c: T Rawlings b: E Yates
9,4th,MEL vs FIT,MEL,FIT,Yannick Dobson,54,74,4,0,c: E Yates b: T Perera
9,4th,MEL vs FIT,MEL,FIT,Neel Malangi,14,32,0,0,c: H Lim b: A Harms
9,4th,MEL vs FIT,MEL,FIT,Alex Cole,,2,0,0,c: H du Toit b: A Harms
9,4th,MEL vs FIT,MEL,FIT,Mansukh Jhandi,,2,0,0,c: H du Toit b: A Harms
9,4th,MEL vs FIT,MEL,FIT,Haochen Zhang,2,12,0,0,c: A Cheeran b: A Harms
9,4th,MEL vs FIT,MEL,FIT,Jamie Blacker,5,16,1,0,b: A Cheeran
9,4th,MEL vs FIT,MEL,FIT,Xavier Mitchell,0,1,0,0,not out
9,4th,MEL vs FIT,MEL,FIT,Nicholas Sheridan,,,,,did not bat
9,4th,CAS vs GRE,GRE,CAS,Reshen Senevirathne,12,28,1,0,c: H Paulson b: L de Podolinsky
9,4th,CAS vs GRE,GRE,CAS,Rayaan Kochhar,120,137,17,0,c: J Jaura b: L de Podolinsky
9,4th,CAS vs GRE,GRE,CAS,Ian Perera,16,24,2,0,c: L de Podolinsky b: K Hunter
9,4th,CAS vs GRE,GRE,CAS,Akith Abeywickrama,76,81,10,0,not out
9,4th,CAS vs GRE,GRE,CAS,Lachlan Paul,0,2,0,0,not out
9,4th,CAS vs GRE,GRE,CAS,Anujan Vijayarajan,,,,,did not bat
9,4th,CAS vs GRE,GRE,CAS,Charlie Johnson,,,,,did not bat
9,4th,CAS vs GRE,GRE,CAS,Crandel Siegelwin,,,,,did not bat
9,4th,CAS vs GRE,GRE,CAS,Josh Guinea,,,,,did not bat
9,4th,CAS vs GRE,GRE,CAS,Mohammad NAJIBI,,,,,did not bat
9,4th,CAS vs GRE,GRE,CAS,Nate Murphy,,,,,did not bat
9,4th,CAS vs GRE,GRE,CAS,Thomas Purcell,,,,,did not bat
9,4th,CAS vs GRE,CAS,GRE,Arshnoor Singh Mann,,1,0,0,c: C Johnson b: C Siegelwin
9,4th,CAS vs GRE,CAS,GRE,Vindiya Bandara,35,42,4,1,c: C Siegelwin b: J Guinea
9,4th,CAS vs GRE,CAS,GRE,Thisura Sooriyaaratchi,28,60,1,0,c: b: J Guinea
9,4th,CAS vs GRE,CAS,GRE,Jashan Jaura,4,7,0,0,c: R Senevirathne b: J Guinea
9,4th,CAS vs GRE,CAS,GRE,Xavier Cooknell,23,35,1,0,c: R Senevirathne b: J Guinea
9,4th,CAS vs GRE,CAS,GRE,Joel Reid,27,35,3,0,"run out (R Senevirathne, C Johnson)"
9,4th,CAS vs GRE,CAS,GRE,Ollie Melville,10,27,1,0,st: R Senevirathne b: C Johnson
9,4th,CAS vs GRE,CAS,GRE,Kyle Mawer,24,39,2,0,not out
9,4th,CAS vs GRE,CAS,GRE,Lueder de Podolinsky,13,17,0,0,st: R Senevirathne b: C Johnson
9,4th,CAS vs GRE,CAS,GRE,********,3,9,0,0,not out
9,4th,ESS vs CAR,CAR,ESS,Pahul Singh Sodhi,10,18,2,0,c: B Tracey b: A Thomas
9,4th,ESS vs CAR,CAR,ESS,Sai Shail Simhadri,12,24,1,0,c: L Bouckley b: K Brasher
9,4th,ESS vs CAR,CAR,ESS,Luay Miraz,33,42,5,1,c: A Thomas b: A Ward
9,4th,ESS vs CAR,CAR,ESS,Dilawar Ali,52,69,3,2,c: A Belci b: S Nayak
9,4th,ESS vs CAR,CAR,ESS,Sandula Edirisinghe,20,27,1,0,c: B Tracey b: A McIlwaine
9,4th,ESS vs CAR,CAR,ESS,Samin Shafquat,14,28,1,0,b: S Gudup
9,4th,ESS vs CAR,CAR,ESS,Gurnoor Singh Gill,2,10,0,0,c: B Tracey b: A McIlwaine
9,4th,ESS vs CAR,CAR,ESS,Zayaan Tabish,5,12,0,0,run out (B Tracey)
9,4th,ESS vs CAR,CAR,ESS,Krishna Chandak,4,11,0,0,c: B Tracey b: A McIlwaine
9,4th,ESS vs CAR,CAR,ESS,Prageeth Edirisinghe,5,4,1,0,not out
9,4th,ESS vs CAR,CAR,ESS,George Dikeos,,2,0,0,b: A Thomas
9,4th,ESS vs CAR,CAR,ESS,Stephen Buhagiar,,,,,did not bat
9,4th,ESS vs CAR,ESS,CAR,Lewis Bouckley,14,37,1,0,c: S Buhagiar b: P Singh Sodhi
9,4th,ESS vs CAR,ESS,CAR,Jacob Davidson,7,34,0,0,b: P Edirisinghe
9,4th,ESS vs CAR,ESS,CAR,Alessandro Belci,6,14,0,0,c: b: P Edirisinghe
9,4th,ESS vs CAR,ESS,CAR,Jack Campbell,,6,0,0,c: S Edirisinghe b: Z Tabish
9,4th,ESS vs CAR,ESS,CAR,Brayden Tracey,37,31,7,0,c&b: S Buhagiar
9,4th,ESS vs CAR,ESS,CAR,Maximilian Dias,7,11,1,0,c&b: P Singh Sodhi
9,4th,ESS vs CAR,ESS,CAR,Kyan Brasher,,2,0,0,c: K Chandak b: P Singh Sodhi
9,4th,ESS vs CAR,ESS,CAR,Aussie McIlwaine,23,32,3,0,st: S Simhadri b: S Buhagiar
9,4th,ESS vs CAR,ESS,CAR,Salil Gudup,,1,0,0,lbw: P Edirisinghe
9,4th,ESS vs CAR,ESS,CAR,Sid Nayak,,4,0,0,"run out (G Gill, S Buhagiar)"
9,4th,ESS vs CAR,ESS,CAR,Abraham Thomas,8,16,0,1,not out
10,4th,PRA vs CAR,CAR,PRA,Rex Macalister,6,21,0,0,c: b: K Brasher
10,4th,PRA vs CAR,CAR,PRA,Lucas Pike,62,65,7,2,b: S Nayak
10,4th,PRA vs CAR,CAR,PRA,Lachlan Simpson,1,7,0,0,b: K Brasher
10,4th,PRA vs CAR,CAR,PRA,Alexander Pillay,9,17,1,0,c: A Belci b: D Dahiya
10,4th,PRA vs CAR,CAR,PRA,Will Sharpin,7,23,0,0,c: A Belci b: S Nayak
10,4th,PRA vs CAR,CAR,PRA,Angus Schlittler,18,21,2,0,run out (S Gudup)
10,4th,PRA vs CAR,CAR,PRA,Nicholas Graves,1,4,0,0,lbw: A McIlwaine
10,4th,PRA vs CAR,CAR,PRA,Tom Scott,24,30,2,0,c&b: S Nayak
10,4th,PRA vs CAR,CAR,PRA,Lenny Wilkins,40,44,2,0,c: J Campbell b: A Ward
10,4th,PRA vs CAR,CAR,PRA,Matthew Esposito,12,16,1,0,c&b: S Nayak
10,4th,PRA vs CAR,CAR,PRA,Neil SCHLITTLER,31,23,2,1,not out
10,4th,PRA vs CAR,CAR,PRA,Daniel Parkinson,,,,,did not bat
10,4th,PRA vs CAR,PRA,CAR,Jacob Davidson,14,25,2,0,c&b: R Macalister
10,4th,PRA vs CAR,PRA,CAR,Alessandro Belci,76,88,7,0,lbw: D Parkinson
10,4th,PRA vs CAR,PRA,CAR,Jack Campbell,48,76,3,0,b: W Sharpin
10,4th,PRA vs CAR,PRA,CAR,Brayden Tracey,50,46,6,2,not out
10,4th,PRA vs CAR,PRA,CAR,Seth McGinty,18,18,2,0,not out
10,4th,PRA vs CAR,PRA,CAR,Kyan Brasher,,,,,did not bat
10,4th,PRA vs CAR,PRA,CAR,Dhanush Dahiya,,,,,did not bat
10,4th,PRA vs CAR,PRA,CAR,Maximilian Dias,,,,,did not bat
10,4th,PRA vs CAR,PRA,CAR,Salil Gudup,,,,,did not bat
10,4th,PRA vs CAR,PRA,CAR,Aussie McIlwaine,,,,,did not bat
10,4th,PRA vs CAR,PRA,CAR,Sid Nayak,,,,,did not bat
10,4th,PRA vs CAR,PRA,CAR,Ashley Ward,,,,,did not bat
10,4th,CAS vs GEE,GEE,CAS,Reshen Senevirathne,106,117,12,3,c: T Holt b: Z Coull
10,4th,CAS vs GEE,GEE,CAS,Lachlan Paul,9,18,1,0,c: F Grimsey-Cook b: J Antonenko
10,4th,CAS vs GEE,GEE,CAS,Ian Perera,77,107,6,1,b: J Antonenko
10,4th,CAS vs GEE,GEE,CAS,Akith Abeywickrama,17,14,2,0,not out
10,4th,CAS vs GEE,GEE,CAS,Crandel Siegelwin,8,9,0,0,c: C Peake b: Z Coull
10,4th,CAS vs GEE,GEE,CAS,Charlie Johnson,1,3,0,0,c: L Haberfield b: P Patel
10,4th,CAS vs GEE,GEE,CAS,Thomas Purcell,2,3,0,0,not out
10,4th,CAS vs GEE,GEE,CAS,Josh Guinea,,,,,did not bat
10,4th,CAS vs GEE,GEE,CAS,Rayaan Kochhar,,,,,did not bat
10,4th,CAS vs GEE,GEE,CAS,Nate Murphy,,,,,did not bat
10,4th,CAS vs GEE,GEE,CAS,Mohammad NAJIBI,,,,,did not bat
10,4th,CAS vs GEE,GEE,CAS,Harmanpreet Singh,,,,,did not bat
10,4th,CAS vs GEE,GEE,CAS,Anujan Vijayarajan,,,,,did not bat
10,4th,CAS vs GEE,CAS,GEE,Charlie Peake,101,132,10,0,c: C Johnson b: C Siegelwin
10,4th,CAS vs GEE,CAS,GEE,Oscar Agg,17,23,2,1,c: b: M NAJIBI
10,4th,CAS vs GEE,CAS,GEE,Clinton Peake,,2,0,0,c: b: M NAJIBI
10,4th,CAS vs GEE,CAS,GEE,Fletch Grimsey-Cook,45,44,6,1,run out ()
10,4th,CAS vs GEE,CAS,GEE,Tamar Holt,44,49,3,1,not out
10,4th,CAS vs GEE,CAS,GEE,Ryder Scott,4,4,0,0,not out
10,4th,CAS vs GEE,CAS,GEE,Jaryd Antonenko,,,,,did not bat
10,4th,CAS vs GEE,CAS,GEE,Josh Atkinson,,,,,did not bat
10,4th,CAS vs GEE,CAS,GEE,Nayan Balla,,,,,did not bat
10,4th,CAS vs GEE,CAS,GEE,Zachary Coull,,,,,did not bat
10,4th,CAS vs GEE,CAS,GEE,Logan Haberfield,,,,,did not bat
10,4th,CAS vs GEE,CAS,GEE,Parth Patel,,,,,did not bat
10,4th,FRA vs CAM,CAM,FRA,Cooper Kennedy,16,40,1,0,c: D Walker b: K Davidson
10,4th,FRA vs CAM,CAM,FRA,Luke Perry,27,30,4,0,run out (D Walker)
10,4th,FRA vs CAM,CAM,FRA,ALEX CHANDLER,15,32,0,0,c: D Walker b: R Capstick
10,4th,FRA vs CAM,CAM,FRA,Cooper Dornan,,4,0,0,b: K Davidson
10,4th,FRA vs CAM,CAM,FRA,Max McLean,6,14,1,0,c: A Gupta b: K Davidson
10,4th,FRA vs CAM,CAM,FRA,Harrison Wallace,31,37,5,0,c: R Capstick b: A Verma
10,4th,FRA vs CAM,CAM,FRA,Eli Halliday,25,46,3,0,lbw: J Nevett
10,4th,FRA vs CAM,CAM,FRA,Jarryd Parker,27,33,2,0,run out (D Walker)
10,4th,FRA vs CAM,CAM,FRA,Jared Gibbs,5,11,0,0,c: J Webb b: J Nevett
10,4th,FRA vs CAM,CAM,FRA,Joe Paulas,13,9,2,0,lbw: J Nevett
10,4th,FRA vs CAM,CAM,FRA,Matthew Kennedy,1,1,0,0,not out
10,4th,FRA vs CAM,CAM,FRA,Tenzin Drenpa,,,,,did not bat
10,4th,FRA vs CAM,FRA,CAM,Aryan Verma,15,59,0,0,lbw: T Drenpa
10,4th,FRA vs CAM,FRA,CAM,Aarav Iyer,18,32,2,0,run out (J Parker)
10,4th,FRA vs CAM,FRA,CAM,Karan Jacob,7,18,0,0,b: E Halliday
10,4th,FRA vs CAM,FRA,CAM,Arya Gupta,,1,0,0,c&b: E Halliday
10,4th,FRA vs CAM,FRA,CAM,Sanjeev Tadepalli,26,37,3,0,c: J Parker b: E Halliday
10,4th,FRA vs CAM,FRA,CAM,Kye Davidson,18,25,3,0,c: E Halliday b: T Drenpa
10,4th,FRA vs CAM,FRA,CAM,Daniel Walker,65,68,4,3,not out
10,4th,FRA vs CAM,FRA,CAM,Robert Capstick,7,12,0,0,b: J Gibbs
10,4th,FRA vs CAM,FRA,CAM,Armaan Bedi,10,13,0,0,c: J Parker b: J Gibbs
10,4th,FRA vs CAM,FRA,CAM,James Webb,3,4,0,0,not out
10,4th,FRA vs CAM,FRA,CAM,Benjamin Excell,,,,,did not bat
10,4th,FRA vs CAM,FRA,CAM,Joshua Nevett,,,,,did not bat
10,4th,GRE vs DAN,DAN,GRE,Arshnoor Singh Mann,9,0,0,0,c: b: P Balachandhar
10,4th,GRE vs DAN,DAN,GRE,Vindiya Bandara,4,0,0,0,c: b: P Balachandhar
10,4th,GRE vs DAN,DAN,GRE,Muhammad Taha Rabbani,10,0,0,0,c: b: S Masroor
10,4th,GRE vs DAN,DAN,GRE,Thisura Sooriyaaratchi,14,0,0,0,c: b: A Wadhwa
10,4th,GRE vs DAN,DAN,GRE,Connor Brisbane,9,0,0,0,c: b: D Jhajj
10,4th,GRE vs DAN,DAN,GRE,Ollie Melville,6,0,0,0,c: b: A Wadhwa
10,4th,GRE vs DAN,DAN,GRE,Jashan Jaura,11,0,0,0,lbw: D Jhajj
10,4th,GRE vs DAN,DAN,GRE,Dev Narayan Brijesh,10,0,0,0,b: M Abedi
10,4th,GRE vs DAN,DAN,GRE,Kyle Mawer,2,0,0,0,c: F Corrie b: D Jhajj
10,4th,GRE vs DAN,DAN,GRE,Lueder de Podolinsky,6,0,0,0,not out
10,4th,GRE vs DAN,DAN,GRE,Rikard Friedrich,,0,0,0,c: A Awasthi b: D Jhajj
10,4th,GRE vs DAN,GRE,DAN,Shaun Thomas,23,0,0,0,c: D Brijesh b: M Rabbani
10,4th,GRE vs DAN,GRE,DAN,Flynn Dexter,7,0,0,0,c: T Sooriyaaratchi b: K Mawer
10,4th,GRE vs DAN,GRE,DAN,Matthew Pearson,21,0,0,0,c: A Mann b: M Rabbani
10,4th,GRE vs DAN,GRE,DAN,Darcy Freeman,9,0,0,0,not out
10,4th,GRE vs DAN,GRE,DAN,Archish Awasthi,10,0,0,0,c: C Brisbane b: R Friedrich
10,4th,GRE vs DAN,GRE,DAN,Mohammed Abedi,0,0,0,0,not out
10,4th,KIN vs ST,ST,KIN,Aditya Chowdhary,17,43,2,0,lbw: G Khehra
10,4th,KIN vs ST,ST,KIN,Andrew Johnson,22,20,3,1,lbw: C Skinner
10,4th,KIN vs ST,ST,KIN,Dan Lambert,10,10,2,0,b: G Khehra
10,4th,KIN vs ST,ST,KIN,Sanithu Rajapaksha,3,8,0,0,b: A Farooq
10,4th,KIN vs ST,ST,KIN,Gyan Weerasiri,1,4,0,0,b: G Khehra
10,4th,KIN vs ST,ST,KIN,Max Ralph,1,13,0,0,c: S Zayler b: A Farooq
10,4th,KIN vs ST,ST,KIN,Anurag Thakur,6,10,0,0,run out (S Zayler)
10,4th,KIN vs ST,ST,KIN,Steve Ralph,,12,0,0,c: D Young b: A Farooq
10,4th,KIN vs ST,ST,KIN,Joel Ajani,4,5,1,0,lbw: G Khehra
10,4th,KIN vs ST,ST,KIN,Ryan Schonewille,2,12,0,0,c: A Ghuman b: T Morris
10,4th,KIN vs ST,ST,KIN,Dihein Fernando,0,7,0,0,not out
10,4th,KIN vs ST,KIN,ST,Charlie Atkins,17,35,2,0,not out
10,4th,KIN vs ST,KIN,ST,Tom Morris,41,36,5,1,not out
10,4th,FIT vs FOO,FOO,FIT,Harrison Sheers,18,35,3,0,b: J Norsetter
10,4th,FIT vs FOO,FOO,FIT,Keshav Kaushik,5,8,1,0,c: K Lake b: T Patankar
10,4th,FIT vs FOO,FOO,FIT,Armaan Datta,6,13,0,1,c: K Lake b: J Norsetter
10,4th,FIT vs FOO,FOO,FIT,James Heaney,63,66,10,0,c&b: A Mehra
10,4th,FIT vs FOO,FOO,FIT,Lucas Hales,56,66,5,2,c: J Norsetter b: R Bhasin
10,4th,FIT vs FOO,FOO,FIT,Yannick Dobson,39,44,3,0,not out
10,4th,FIT vs FOO,FOO,FIT,Neel Malangi,44,38,4,1,not out
10,4th,FIT vs FOO,FOO,FIT,Jamie Blacker,,,,,did not bat
10,4th,FIT vs FOO,FOO,FIT,Alex Cole,,,,,did not bat
10,4th,FIT vs FOO,FOO,FIT,Xavier Mitchell,,,,,did not bat
10,4th,FIT vs FOO,FOO,FIT,Nicholas Sheridan,,,,,did not bat
10,4th,FIT vs FOO,FOO,FIT,Harsh Sinha,,,,,did not bat
10,4th,FIT vs FOO,FIT,FOO,Ryan Coonan,18,25,3,0,c: L Hales b: X Mitchell
10,4th,FIT vs FOO,FIT,FOO,Oscar Florentine,2,8,0,0,c: N Malangi b: N Sheridan
10,4th,FIT vs FOO,FIT,FOO,Rhyan Bidur S,27,41,4,0,b: A Cole
10,4th,FIT vs FOO,FIT,FOO,Kai O’Hehir,73,85,4,2,c: b: X Mitchell
10,4th,FIT vs FOO,FIT,FOO,Riyan Bhasin,31,29,4,0,b: Y Dobson
10,4th,FIT vs FOO,FIT,FOO,Matthew Netto,41,54,1,0,b: X Mitchell
10,4th,FIT vs FOO,FIT,FOO,Joshua Norsetter,24,12,3,1,not out
10,4th,FIT vs FOO,FIT,FOO,Ky Lake,3,6,0,0,b: N Sheridan
10,4th,FIT vs FOO,FIT,FOO,Andrew Pizaro,4,1,1,0,not out
10,4th,FIT vs FOO,FIT,FOO,Aryan Mehra,,,,,did not bat
10,4th,FIT vs FOO,FIT,FOO,Tanish Patankar,,,,,did not bat
10,4th,FIT vs FOO,FIT,FOO,Fynn Raco,,,,,did not bat
10,4th,NOR vs MEL,MEL,NOR,Imran Khan,42,98,2,0,c: N Critchley b: Y Goel
10,4th,NOR vs MEL,MEL,NOR,Parvan Singh,2,10,0,0,c: b: T Thompson
10,4th,NOR vs MEL,MEL,NOR,Yashen Sharma,22,33,3,0,b: B Griffin
10,4th,NOR vs MEL,MEL,NOR,Ananya Goswami,2,12,0,0,c: A McCooke b: B Griffin
10,4th,NOR vs MEL,MEL,NOR,Nathaniel Reichman,2,10,0,0,c: J Benson b: N Critchley
10,4th,NOR vs MEL,MEL,NOR,Avi Guha,17,30,1,0,c: B Griffin b: N Critchley
10,4th,NOR vs MEL,MEL,NOR,Akshay Khabarwal,5,22,0,0,c: B Griffin b: J La Brooy
10,4th,NOR vs MEL,MEL,NOR,Joshua Alonso,2,9,0,0,c: J Benson b: T Thompson
10,4th,NOR vs MEL,MEL,NOR,Cameron FitzGerald,12,22,0,0,not out
10,4th,NOR vs MEL,MEL,NOR,Liam Rowley,5,15,0,0,c: B Griffin b: T Thompson
10,4th,NOR vs MEL,MEL,NOR,Caedon Lane,9,11,1,0,not out
10,4th,NOR vs MEL,MEL,NOR,James Elliott,,,,,did not bat
10,4th,NOR vs MEL,NOR,MEL,Yash Goel,42,42,6,1,c: b: C FitzGerald
10,4th,NOR vs MEL,NOR,MEL,Thomas Kenny,,2,0,0,lbw: C Lane
10,4th,NOR vs MEL,NOR,MEL,Alistair McCooke,24,28,4,1,lbw: A Khabarwal
10,4th,NOR vs MEL,NOR,MEL,James Francis,19,33,2,0,c: J Alonso b: C FitzGerald
10,4th,NOR vs MEL,NOR,MEL,Johnathon Aikins,14,20,1,0,not out
10,4th,NOR vs MEL,NOR,MEL,Nicholas Critchley,19,30,3,0,not out
10,4th,RIN vs MEL,MEL,RIN,Kenul Edirisinghe,15,33,2,0,lbw: T Arthur
10,4th,RIN vs MEL,MEL,RIN,Paawan Dave,44,67,5,0,c: H Lim b: E Yates
10,4th,RIN vs MEL,MEL,RIN,Lucas Clausen,10,29,1,0,b: A Cheeran
10,4th,RIN vs MEL,MEL,RIN,Jayden Rebeiro,1,5,0,0,b: M Richings
10,4th,RIN vs MEL,MEL,RIN,Luke O`Brien,32,50,2,1,c: T Rawlings b: A Cheeran
10,4th,RIN vs MEL,MEL,RIN,Alexandra Sheedy,28,49,4,0,c: H Lim b: T Arthur
10,4th,RIN vs MEL,MEL,RIN,Lachlan Payne,20,23,1,0,not out
10,4th,RIN vs MEL,MEL,RIN,Shaunak Parab,15,9,2,0,"run out (G Devpura, H Lim)"
10,4th,RIN vs MEL,MEL,RIN,Michain Premaratne,16,6,2,1,not out
10,4th,RIN vs MEL,MEL,RIN,Sam Montgomery,,,,,did not bat
10,4th,RIN vs MEL,MEL,RIN,Sam Wade,,,,,did not bat
10,4th,RIN vs MEL,RIN,MEL,Torren Arthur,36,70,3,0,b: P Dave
10,4th,RIN vs MEL,RIN,MEL,Gavinu Devpura,14,15,3,0,c: S Parab b: L Payne
10,4th,RIN vs MEL,RIN,MEL,Toby Rawlings,20,27,4,0,b: M Premaratne
10,4th,RIN vs MEL,RIN,MEL,Harvey Redpath,24,23,2,2,c: S Parab b: P Dave
10,4th,RIN vs MEL,RIN,MEL,Raph Cramb,39,36,5,1,st: S Parab b: S Wade
10,4th,RIN vs MEL,RIN,MEL,Hayden Lim,9,38,0,0,c: S Parab b: L O`Brien
10,4th,RIN vs MEL,RIN,MEL,Jarred Holding,8,13,1,0,lbw: L Payne
10,4th,RIN vs MEL,RIN,MEL,Aanlin Cheeran,18,18,1,1,not out
10,4th,RIN vs MEL,RIN,MEL,Matthew Richings,9,12,1,0,not out
10,4th,RIN vs MEL,RIN,MEL,Angus Harms,,,,,did not bat
10,4th,RIN vs MEL,RIN,MEL,Hunter Kremer-Slevin,,,,,did not bat
10,4th,RIN vs MEL,RIN,MEL,Ethan Yates,,,,,did not bat
10,4th,ESS vs RIC,RIC,ESS,Pahul Singh Sodhi,32,26,4,2,b: D Mihiripenna
10,4th,ESS vs RIC,RIC,ESS,Sai Shail Simhadri,21,36,3,0,lbw: D Mihiripenna
10,4th,ESS vs RIC,RIC,ESS,Viraaj Aulakh,27,47,2,0,c: E Stones b: S Kulkarni
10,4th,ESS vs RIC,RIC,ESS,Sandula Edirisinghe,,5,0,0,b: L Nicholls
10,4th,ESS vs RIC,RIC,ESS,George Martindale,4,6,0,0,b: L Nicholls
10,4th,ESS vs RIC,RIC,ESS,Gurnoor Singh Gill,7,29,0,0,c&b: C Power
10,4th,ESS vs RIC,RIC,ESS,Prageeth Edirisinghe,17,21,1,1,b: C Power
10,4th,ESS vs RIC,RIC,ESS,Zorawar Singh Chohan,1,4,0,0,c: D Mihiripenna b: S Kulkarni
10,4th,ESS vs RIC,RIC,ESS,George Dikeos,1,7,0,0,c: E Stones b: C Power
10,4th,ESS vs RIC,RIC,ESS,Abhayveer Uppal,,9,0,0,"run out (L Nicholls, C Power)"
10,4th,ESS vs RIC,RIC,ESS,Stephen Buhagiar,1,5,0,0,not out
10,4th,ESS vs RIC,RIC,ESS,********,,,,,did not bat
10,4th,ESS vs RIC,ESS,RIC,Ethan Stones,4,9,0,0,lbw: P Edirisinghe
10,4th,ESS vs RIC,ESS,RIC,Charlie Morris,11,14,1,1,b: G Dikeos
10,4th,ESS vs RIC,ESS,RIC,Dulith Mihiripenna,48,53,7,0,not out
10,4th,ESS vs RIC,ESS,RIC,Clancy McCormick,47,35,4,3,not out
10,4th,ESS vs RIC,ESS,RIC,Cooper Box,,,,,did not bat
10,4th,ESS vs RIC,ESS,RIC,Gishain Fernando,,,,,did not bat
10,4th,ESS vs RIC,ESS,RIC,Jaskaran Ghotra,,,,,did not bat
10,4th,ESS vs RIC,ESS,RIC,Sharad Kulkarni,,,,,did not bat
10,4th,ESS vs RIC,ESS,RIC,Lincoln Nicholls,,,,,did not bat
10,4th,ESS vs RIC,ESS,RIC,Callum Power,,,,,did not bat
10,4th,ESS vs RIC,ESS,RIC,James Sajeba,,,,,did not bat
10,4th,ESS vs RIC,ESS,RIC,Dylan Wells,,,,,did not bat
11,4th,FIT vs GEE,GEE,FIT,Sandeep Ahuja,48,65,3,1,b: F Grimsey-Cook
11,4th,FIT vs GEE,GEE,FIT,Harrison Sheers,5,6,1,0,c: T Holt b: H Emerson
11,4th,FIT vs GEE,GEE,FIT,Armaan Datta,5,13,1,0,b: J Antonenko
11,4th,FIT vs GEE,GEE,FIT,James Heaney,104,114,8,1,not out
11,4th,FIT vs GEE,GEE,FIT,Lucas Hales,44,46,3,2,c: b: P Patel
11,4th,FIT vs GEE,GEE,FIT,Yannick Dobson,32,28,3,0,c: b: H Emerson
11,4th,FIT vs GEE,GEE,FIT,Keshav Kaushik,3,2,0,0,not out
11,4th,FIT vs GEE,GEE,FIT,Jamie Blacker,,,,,did not bat
11,4th,FIT vs GEE,GEE,FIT,Alex Cole,,,,,did not bat
11,4th,FIT vs GEE,GEE,FIT,Neel Malangi,,,,,did not bat
11,4th,FIT vs GEE,GEE,FIT,Xavier Mitchell,,,,,did not bat
11,4th,FIT vs GEE,GEE,FIT,Nicholas Sheridan,,,,,did not bat
11,4th,FIT vs GEE,FIT,GEE,Jake Klein,71,96,6,0,c: K Kaushik b: J Heaney
11,4th,FIT vs GEE,FIT,GEE,Oscar Agg,3,16,0,0,c: N Malangi b: N Sheridan
11,4th,FIT vs GEE,FIT,GEE,Harry Emerson,42,58,4,0,c: N Malangi b: A Cole
11,4th,FIT vs GEE,FIT,GEE,Fletch Grimsey-Cook,8,18,0,0,lbw: Y Dobson
11,4th,FIT vs GEE,FIT,GEE,Tamar Holt,13,17,0,0,c: S Ahuja b: J Heaney
11,4th,FIT vs GEE,FIT,GEE,Ryder Scott,12,15,1,0,b: Y Dobson
11,4th,FIT vs GEE,FIT,GEE,Logan Haberfield,9,13,0,0,c: X Mitchell b: N Sheridan
11,4th,FIT vs GEE,FIT,GEE,Nayan Balla,10,14,1,0,b: N Sheridan
11,4th,FIT vs GEE,FIT,GEE,Mark Freijah,8,12,0,0,not out
11,4th,FIT vs GEE,FIT,GEE,Jaryd Antonenko,4,15,0,0,not out
11,4th,FIT vs GEE,FIT,GEE,Josh Atkinson,,,,,did not bat
11,4th,FIT vs GEE,FIT,GEE,Parth Patel,,,,,did not bat
11,4th,MEL vs ESS,ESS,MEL,Torren Arthur,31,50,1,0,c: P Singh Sodhi b: J Pawlowicz
11,4th,MEL vs ESS,ESS,MEL,Gavinu Devpura,16,23,3,0,lbw: M Abdul Wasay
11,4th,MEL vs ESS,ESS,MEL,Toby Rawlings,2,13,0,0,lbw: J Pawlowicz
11,4th,MEL vs ESS,ESS,MEL,Harvey Redpath,2,7,0,0,lbw: P Edirisinghe
11,4th,MEL vs ESS,ESS,MEL,Raph Cramb,5,27,0,0,lbw: P Edirisinghe
11,4th,MEL vs ESS,ESS,MEL,Hayden Lim,15,38,0,0,b: S Edirisinghe
11,4th,MEL vs ESS,ESS,MEL,Jarred Holding,15,29,1,0,c: K Chandak b: S Edirisinghe
11,4th,MEL vs ESS,ESS,MEL,Aanlin Cheeran,19,33,1,0,c: b: M Abdul Wasay
11,4th,MEL vs ESS,ESS,MEL,Matthew Richings,9,18,0,0,b: M Abdul Wasay
11,4th,MEL vs ESS,ESS,MEL,Ethan Yates,8,13,0,0,c: b: P Edirisinghe
11,4th,MEL vs ESS,ESS,MEL,Angus Harms,5,9,0,0,not out
11,4th,MEL vs ESS,ESS,MEL,Mitchell Laurie,,,,,did not bat
11,4th,MEL vs ESS,MEL,ESS,Pahul Singh Sodhi,11,16,2,0,c: J Holding b: M Laurie
11,4th,MEL vs ESS,MEL,ESS,Viraaj Aulakh,4,14,0,0,c: A Cheeran b: A Harms
11,4th,MEL vs ESS,MEL,ESS,Hady Hegazy,13,17,2,0,lbw: M Richings
11,4th,MEL vs ESS,MEL,ESS,Sandula Edirisinghe,21,38,3,0,c: E Yates b: A Cheeran
11,4th,MEL vs ESS,MEL,ESS,Dilawar Ali,54,75,7,0,lbw: A Cheeran
11,4th,MEL vs ESS,MEL,ESS,Jacob Pawlowicz,10,29,0,0,c: T Arthur b: A Cheeran
11,4th,MEL vs ESS,MEL,ESS,Sai Shail Simhadri,9,17,1,0,not out
11,4th,MEL vs ESS,MEL,ESS,Krishna Chandak,6,8,1,0,not out
11,4th,MEL vs ESS,MEL,ESS,Muhammad Abdul Wasay,,,,,did not bat
11,4th,MEL vs ESS,MEL,ESS,George Dikeos,,,,,did not bat
11,4th,MEL vs ESS,MEL,ESS,Prageeth Edirisinghe,,,,,did not bat
11,4th,MEL vs ESS,MEL,ESS,George Martindale,,,,,did not bat
11,4th,FRA vs MEL,MEL,FRA,Harish Salwathura,4,8,0,0,c: J La Brooy b: T Kenny
11,4th,FRA vs MEL,MEL,FRA,Cooper Kennedy,8,19,0,0,c: W Newman b: T Thompson
11,4th,FRA vs MEL,MEL,FRA,Charlie Costa,8,8,2,0,c: B Griffin b: T Thompson
11,4th,FRA vs MEL,MEL,FRA,ALEX CHANDLER,4,6,1,0,c: B Griffin b: T Thompson
11,4th,FRA vs MEL,MEL,FRA,Max McLean,37,65,5,0,c: J Cheesman b: A McCooke
11,4th,FRA vs MEL,MEL,FRA,Nigel Stone,54,89,3,0,lbw: L SALWATHURA
11,4th,FRA vs MEL,MEL,FRA,Mitchell Gill-Furness,20,21,1,1,b: A McCooke
11,4th,FRA vs MEL,MEL,FRA,Jerome George,3,5,0,0,c: b: A McCooke
11,4th,FRA vs MEL,MEL,FRA,Jake O’Brien,21,26,0,1,not out
11,4th,FRA vs MEL,MEL,FRA,Jared Gibbs,18,24,1,0,not out
11,4th,FRA vs MEL,MEL,FRA,Joe Paulas,,,,,did not bat
11,4th,FRA vs MEL,MEL,FRA,Matthew Kennedy,,,,,did not bat
11,4th,FRA vs MEL,FRA,MEL,Alistair McCooke,25,34,3,0,c: M McLean b: J Gibbs
11,4th,FRA vs MEL,FRA,MEL,Hayden Kenny,25,56,2,0,b: J George
11,4th,FRA vs MEL,FRA,MEL,Johnathon Aikins,23,38,3,0,c: J George b: J O’Brien
11,4th,FRA vs MEL,FRA,MEL,James Francis,48,67,3,0,not out
11,4th,FRA vs MEL,FRA,MEL,Jasper Cheesman,1,2,0,0,lbw: J George
11,4th,FRA vs MEL,FRA,MEL,William Newman,33,50,3,0,run out (M Kennedy)
11,4th,FRA vs MEL,FRA,MEL,Ben Griffin,12,15,1,0,c: M McLean b: M Gill-Furness
11,4th,FRA vs MEL,FRA,MEL,Trent Thompson,2,5,0,0,c: J O’Brien b: M Gill-Furness
11,4th,FRA vs MEL,FRA,MEL,Thomas Kenny,0,1,0,0,not out
11,4th,ST vs NOR,NOR,ST,Billy Reid,7,15,1,0,c: C FitzGerald b: J Alonso
11,4th,ST vs NOR,NOR,ST,Charlie Atkins,110,89,15,2,c: Y Sharma b: J Alonso
11,4th,ST vs NOR,NOR,ST,Jackson Martin,51,91,4,0,c: A Goswami b: J Alonso
11,4th,ST vs NOR,NOR,ST,Callum Chasemore,75,44,7,4,not out
11,4th,ST vs NOR,NOR,ST,Douglas Beckett,29,29,2,0,c: J John b: J Khaira
11,4th,ST vs NOR,NOR,ST,Harrison Tegg,,1,0,0,c: C FitzGerald b: J Khaira
11,4th,ST vs NOR,NOR,ST,Avneet Ghuman,2,3,0,0,not out
11,4th,ST vs NOR,NOR,ST,Arham Farooq,,,,,did not bat
11,4th,ST vs NOR,NOR,ST,Dylan Young,,,,,did not bat
11,4th,ST vs NOR,NOR,ST,Gurshan Khehra,,,,,did not bat
11,4th,ST vs NOR,NOR,ST,Rishikesh Talwar,,,,,did not bat
11,4th,ST vs NOR,NOR,ST,Steve Zayler,,,,,did not bat
11,4th,ST vs NOR,ST,NOR,Imran Khan,1,3,0,0,lbw: G Khehra
11,4th,ST vs NOR,ST,NOR,Parvan Singh,44,60,5,0,lbw: A Farooq
11,4th,ST vs NOR,ST,NOR,Yashen Sharma,8,8,2,0,run out (G Khehra)
11,4th,ST vs NOR,ST,NOR,Aarav Laxman,16,38,0,0,c: C Atkins b: D Young
11,4th,ST vs NOR,ST,NOR,Nathaniel Reichman,56,62,7,0,c: R Talwar b: A Ghuman
11,4th,ST vs NOR,ST,NOR,Ananya Goswami,6,8,1,0,b: A Farooq
11,4th,ST vs NOR,ST,NOR,Avi Guha,5,8,0,0,c: D Young b: A Farooq
11,4th,ST vs NOR,ST,NOR,Justin John,21,20,2,0,c: D Beckett b: C Chasemore
11,4th,ST vs NOR,ST,NOR,Joshua Alonso,4,11,0,0,c: C Chasemore b: G Khehra
11,4th,ST vs NOR,ST,NOR,Cameron FitzGerald,5,7,1,0,c&b: G Khehra
11,4th,ST vs NOR,ST,NOR,James Elliott,0,1,0,0,not out
11,4th,CAR vs RIN,RIN,CAR,Jacob Davidson,84,113,5,1,st: S Parab b: S Wade
11,4th,CAR vs RIN,RIN,CAR,Alessandro Belci,38,45,2,1,c&b: X Noonan
11,4th,CAR vs RIN,RIN,CAR,Maximilian Dias,54,72,5,0,st: S Parab b: P Dave
11,4th,CAR vs RIN,RIN,CAR,Brayden Tracey,37,27,4,1,not out
11,4th,CAR vs RIN,RIN,CAR,Mubasheeruddin Jamal Mohammed,16,17,1,0,not out
11,4th,CAR vs RIN,RIN,CAR,Kyan Brasher,,,,,did not bat
11,4th,CAR vs RIN,RIN,CAR,Salil Gudup,,,,,did not bat
11,4th,CAR vs RIN,RIN,CAR,Aussie McIlwaine,,,,,did not bat
11,4th,CAR vs RIN,RIN,CAR,William Naughton,,,,,did not bat
11,4th,CAR vs RIN,RIN,CAR,Sid Nayak,,,,,did not bat
11,4th,CAR vs RIN,RIN,CAR,Ronit Verma,,,,,did not bat
11,4th,CAR vs RIN,RIN,CAR,Ashley Ward,,,,,did not bat
11,4th,CAR vs RIN,CAR,RIN,Shaunak Parab,11,12,0,1,c: b: A Ward
11,4th,CAR vs RIN,CAR,RIN,Paawan Dave,57,94,5,0,c: W Naughton b: M Mohammed
11,4th,CAR vs RIN,CAR,RIN,Aiyaan Ariketty,19,29,1,0,c: M Mohammed b: M Dias
11,4th,CAR vs RIN,CAR,RIN,Ansh Sharma,34,53,2,0,b: S Gudup
11,4th,CAR vs RIN,CAR,RIN,Darcy Noonan,,1,0,0,b: M Mohammed
11,4th,CAR vs RIN,CAR,RIN,Luke O`Brien,1,3,0,0,c: A Belci b: S Nayak
11,4th,CAR vs RIN,CAR,RIN,Jayden Rebeiro,10,18,1,0,c: M Dias b: M Mohammed
11,4th,CAR vs RIN,CAR,RIN,Kenul Edirisinghe,61,31,6,4,not out
11,4th,CAR vs RIN,CAR,RIN,Lucas Clausen,26,21,3,0,run out (M Dias)
11,4th,CAR vs RIN,CAR,RIN,Xavier Noonan,,6,0,0,c: A McIlwaine b: A Ward
11,4th,CAR vs RIN,CAR,RIN,Michain Premaratne,1,6,0,0,not out
11,4th,CAR vs RIN,CAR,RIN,Sam Wade,,,,,did not bat
11,4th,DAN vs CAM,CAM,DAN,Shaun Thomas,13,35,0,0,c: A Iyer b: J Nevett
11,4th,DAN vs CAM,CAM,DAN,Flynn Dexter,29,53,3,0,c: A Verma b: K Davidson
11,4th,DAN vs CAM,CAM,DAN,Matthew Pearson,48,90,3,1,c: Y Koralege b: J Nevett
11,4th,DAN vs CAM,CAM,DAN,Darcy Freeman,40,75,3,0,not out
11,4th,DAN vs CAM,CAM,DAN,Neil D'Souza,13,9,1,1,c: A Verma b: J Nevett
11,4th,DAN vs CAM,CAM,DAN,Finley Corrie,6,7,0,0,run out (R Capstick)
11,4th,DAN vs CAM,CAM,DAN,Mohammed Abedi,1,1,0,0,not out
11,4th,DAN vs CAM,CAM,DAN,Muhammad Ayaz,,,,,did not bat
11,4th,DAN vs CAM,CAM,DAN,Prathik Balachandhar,,,,,did not bat
11,4th,DAN vs CAM,CAM,DAN,Deep Jhajj,,,,,did not bat
11,4th,DAN vs CAM,CAM,DAN,Sayed Masroor,,,,,did not bat
11,4th,DAN vs CAM,CAM,DAN,Anagh Wadhwa,,,,,did not bat
11,4th,DAN vs CAM,DAN,CAM,Aarav Iyer,48,72,6,0,c&b: M Abedi
11,4th,DAN vs CAM,DAN,CAM,Aryan Verma,99,123,15,0,not out
11,4th,DAN vs CAM,DAN,CAM,Yevin Koralege,2,7,0,0,not out
11,4th,DAN vs CAM,DAN,CAM,Armaan Bedi,,,,,did not bat
11,4th,DAN vs CAM,DAN,CAM,Robert Capstick,,,,,did not bat
11,4th,DAN vs CAM,DAN,CAM,Kye Davidson,,,,,did not bat
11,4th,DAN vs CAM,DAN,CAM,Arya Gupta,,,,,did not bat
11,4th,DAN vs CAM,DAN,CAM,Joshua Nevett,,,,,did not bat
11,4th,DAN vs CAM,DAN,CAM,Anton Ponnamperuma,,,,,did not bat
11,4th,DAN vs CAM,DAN,CAM,Sanjeev Tadepalli,,,,,did not bat
11,4th,DAN vs CAM,DAN,CAM,Daniel Walker,,,,,did not bat
11,4th,DAN vs CAM,DAN,CAM,James Webb,,,,,did not bat
11,4th,FOO vs GRE,GRE,FOO,Ryan Coonan,8,14,2,0,c: J Jaura b: L de Podolinsky
11,4th,FOO vs GRE,GRE,FOO,Oscar Florentine,,1,0,0,lbw: K Mawer
11,4th,FOO vs GRE,GRE,FOO,Rhyan Bidur S,67,112,7,0,c&b: H Paulson
11,4th,FOO vs GRE,GRE,FOO,Bayden Hutchins,42,70,3,0,b: A Mann
11,4th,FOO vs GRE,GRE,FOO,Kai O’Hehir,13,15,1,0,c: A Mann b: H Paulson
11,4th,FOO vs GRE,GRE,FOO,Matthew Netto,,4,0,0,c: J Jaura b: H Paulson
11,4th,FOO vs GRE,GRE,FOO,Shlok Shanbhag,8,23,0,0,c: A Shah b: K Mawer
11,4th,FOO vs GRE,GRE,FOO,Andrew Pizaro,19,26,2,0,c: D Brijesh b: H Paulson
11,4th,FOO vs GRE,GRE,FOO,Xavier Marazita,2,3,0,0,not out
11,4th,FOO vs GRE,GRE,FOO,Ky Lake,,2,0,0,c: M Rabbani b: K Mawer
11,4th,FOO vs GRE,GRE,FOO,Fynn Raco,1,1,0,0,not out
11,4th,FOO vs GRE,GRE,FOO,Liam Sutton,,,,,did not bat
11,4th,FOO vs GRE,FOO,GRE,Arshnoor Singh Mann,9,10,1,0,c: b: M Netto
11,4th,FOO vs GRE,FOO,GRE,Vindiya Bandara,,4,0,0,c: b: L Sutton
11,4th,FOO vs GRE,FOO,GRE,Muhammad Taha Rabbani,67,115,2,0,b: L Sutton
11,4th,FOO vs GRE,FOO,GRE,Thisura Sooriyaaratchi,11,32,2,0,c: b: F Raco
11,4th,FOO vs GRE,FOO,GRE,Ollie Melville,13,32,0,0,st: K Lake b: S Shanbhag
11,4th,FOO vs GRE,FOO,GRE,Jashan Jaura,9,19,0,0,run out (K O’Hehir)
11,4th,FOO vs GRE,FOO,GRE,Dev Narayan Brijesh,15,29,0,0,c: S Shanbhag b: A Pizaro
11,4th,FOO vs GRE,FOO,GRE,Ansh Shah,,4,0,0,c: M Netto b: B Hutchins
11,4th,FOO vs GRE,FOO,GRE,Kyle Mawer,2,3,0,0,b: M Netto
11,4th,FOO vs GRE,FOO,GRE,Lueder de Podolinsky,15,12,0,0,lbw: A Pizaro
11,4th,FOO vs GRE,FOO,GRE,Henry Paulson,1,1,0,0,not out
11,4th,CAS vs KIN,KIN,CAS,Reshen Senevirathne,6,17,1,0,b: M Ralph
11,4th,CAS vs KIN,KIN,CAS,Lachlan Paul,1,9,0,0,c: D Lambert b: M Ralph
11,4th,CAS vs KIN,KIN,CAS,Ian Perera,31,39,4,1,lbw: S Rajapaksha
11,4th,CAS vs KIN,KIN,CAS,Siddharth Neelakantan,11,26,0,0,lbw: R Schonewille
11,4th,CAS vs KIN,KIN,CAS,Aryan Ghanekar,35,61,3,0,lbw: A Johnson
11,4th,CAS vs KIN,KIN,CAS,Crandel Siegelwin,20,29,1,1,c: D Fernando b: S Ralph
11,4th,CAS vs KIN,KIN,CAS,Mohammad Mikail Farooqi,7,17,1,0,lbw: S Ralph
11,4th,CAS vs KIN,KIN,CAS,Charlie Johnson,,10,0,0,c: M Ralph b: A Johnson
11,4th,CAS vs KIN,KIN,CAS,Anujan Vijayarajan,21,34,3,0,not out
11,4th,CAS vs KIN,KIN,CAS,Josh Guinea,2,3,0,0,c: J Chamberlain b: A Johnson
11,4th,CAS vs KIN,KIN,CAS,Thomas Purcell,8,16,1,0,c: G Weerasiri b: A Johnson
11,4th,CAS vs KIN,KIN,CAS,Mohammad NAJIBI,,,,,did not bat
11,4th,CAS vs KIN,CAS,KIN,Noah Mccolough,45,58,6,0,c: J Guinea b: A Vijayarajan
11,4th,CAS vs KIN,CAS,KIN,Jack Chamberlain,37,54,6,0,c: R Senevirathne b: A Vijayarajan
11,4th,CAS vs KIN,CAS,KIN,Dan Lambert,,1,0,0,c: R Senevirathne b: A Vijayarajan
11,4th,CAS vs KIN,CAS,KIN,Andrew Johnson,43,49,5,1,not out
11,4th,CAS vs KIN,CAS,KIN,Gyan Weerasiri,21,37,1,0,not out
11,4th,CAS vs KIN,CAS,KIN,Joel Ajani,,,,,did not bat
11,4th,CAS vs KIN,CAS,KIN,Dihein Fernando,,,,,did not bat
11,4th,CAS vs KIN,CAS,KIN,Sanithu Rajapaksha,,,,,did not bat
11,4th,CAS vs KIN,CAS,KIN,Max Ralph,,,,,did not bat
11,4th,CAS vs KIN,CAS,KIN,Steve Ralph,,,,,did not bat
11,4th,CAS vs KIN,CAS,KIN,Ryan Schonewille,,,,,did not bat
11,4th,CAS vs KIN,CAS,KIN,Anurag Thakur,,,,,did not bat
11,4th,PRA vs RIC,RIC,PRA,Rex Macalister,4,16,0,0,c: F Di Domenico b: J Ghotra
11,4th,PRA vs RIC,RIC,PRA,Lucas Pike,102,113,10,4,c: C Box b: D Mihiripenna
11,4th,PRA vs RIC,RIC,PRA,Alexander Pillay,2,7,0,0,c: E Stones b: J Sajeba
11,4th,PRA vs RIC,RIC,PRA,Rushil Ravi,5,5,1,0,b: L Nicholls
11,4th,PRA vs RIC,RIC,PRA,Luke Pearse,17,38,1,0,c: C Box b: D Mihiripenna
11,4th,PRA vs RIC,RIC,PRA,Angus Schlittler,18,38,2,0,c: E Stones b: L Nicholls
11,4th,PRA vs RIC,RIC,PRA,Nicholas Graves,9,22,0,0,lbw: D Mihiripenna
11,4th,PRA vs RIC,RIC,PRA,Tom Scott,,1,0,0,lbw: C Power
11,4th,PRA vs RIC,RIC,PRA,Lachlan Simpson,7,8,0,1,c: A Bauer b: C Power
11,4th,PRA vs RIC,RIC,PRA,Sam Dutton,7,8,0,0,c: G Fernando b: D Mihiripenna
11,4th,PRA vs RIC,RIC,PRA,Matthew Esposito,0,2,0,0,not out
11,4th,PRA vs RIC,RIC,PRA,Fred Sainsbury,,,,,did not bat
11,4th,PRA vs RIC,PRA,RIC,Ethan Stones,62,85,3,0,not out
11,4th,PRA vs RIC,PRA,RIC,Austin Bauer,3,8,0,0,"run out (A Schlittler, S Dutton)"
11,4th,PRA vs RIC,PRA,RIC,Dulith Mihiripenna,42,43,4,2,c: N Graves b: R Ravi
11,4th,PRA vs RIC,PRA,RIC,Clancy McCormick,4,4,0,0,c: N Graves b: R Ravi
11,4th,PRA vs RIC,PRA,RIC,Cooper Box,32,38,3,1,c: N Graves b: R Macalister
11,4th,PRA vs RIC,PRA,RIC,James Sajeba,31,23,2,2,not out
11,4th,PRA vs RIC,PRA,RIC,Fabian Di Domenico,,,,,did not bat
11,4th,PRA vs RIC,PRA,RIC,Gishain Fernando,,,,,did not bat
11,4th,PRA vs RIC,PRA,RIC,Jaskaran Ghotra,,,,,did not bat
11,4th,PRA vs RIC,PRA,RIC,Lincoln Nicholls,,,,,did not bat
11,4th,PRA vs RIC,PRA,RIC,Callum Power,,,,,did not bat
11,4th,PRA vs RIC,PRA,RIC,Dylan Wells,,,,,did not bat
12,4th,1st DAN vs 1st GEE,1st GEE,1st DAN,Shaun Thomas,1,13,0,0,c: R Scott b: J Antonenko
12,4th,1st DAN vs 1st GEE,1st GEE,1st DAN,Flynn Dexter,11,20,2,0,c: b: H Emerson
12,4th,1st DAN vs 1st GEE,1st GEE,1st DAN,Jaikar Singh Araich,4,8,0,0,c: R Scott b: J Antonenko
12,4th,1st DAN vs 1st GEE,1st GEE,1st DAN,Matthew Pearson,74,167,9,0,c: R Scott b: H Emerson
12,4th,1st DAN vs 1st GEE,1st GEE,1st DAN,Sultan Syed,,8,0,0,lbw: J Atkinson
12,4th,1st DAN vs 1st GEE,1st GEE,1st DAN,Mohammed Abedi,,16,0,0,b: J Atkinson
12,4th,1st DAN vs 1st GEE,1st GEE,1st DAN,Finley Corrie,82,172,12,0,b: H Emerson
12,4th,1st DAN vs 1st GEE,1st GEE,1st DAN,Anagh Wadhwa,36,89,4,0,not out
12,4th,1st DAN vs 1st GEE,1st GEE,1st DAN,Prathik Balachandhar,19,26,2,1,c: b: O Agg
12,4th,1st DAN vs 1st GEE,1st GEE,1st DAN,Muhammad Ayaz,18,26,2,0,c: b: Z Coull
12,4th,1st DAN vs 1st GEE,1st GEE,1st DAN,Deep Jhajj,,1,0,0,st: b: Z Coull
12,4th,1st DAN vs 1st GEE,1st GEE,1st DAN,Sayed Masroor,,,,,did not bat
12,4th,1st DAN vs 1st GEE,1st DAN,1st GEE,Ryder Scott,23,52,3,0,c: D Jhajj b: P Balachandhar
12,4th,1st DAN vs 1st GEE,1st DAN,1st GEE,Jake Klein,55,113,8,0,b: M Abedi
12,4th,1st DAN vs 1st GEE,1st DAN,1st GEE,Oscar Agg,96,112,13,2,c: D Jhajj b: M Pearson
12,4th,1st DAN vs 1st GEE,1st DAN,1st GEE,Fletch Grimsey-Cook,23,52,4,0,c: S Thomas b: P Balachandhar
12,4th,1st DAN vs 1st GEE,1st DAN,1st GEE,Logan Haberfield,12,27,1,0,"run out (F Corrie, S Thomas)"
12,4th,1st DAN vs 1st GEE,1st DAN,1st GEE,Nayan Balla,10,27,0,0,c&b: F Corrie
12,4th,1st DAN vs 1st GEE,1st DAN,1st GEE,Mark Freijah,27,20,1,2,not out
12,4th,1st DAN vs 1st GEE,1st DAN,1st GEE,Xavier Fanning,1,3,0,0,run out (F Corrie)
12,4th,1st DAN vs 1st GEE,1st DAN,1st GEE,Zachary Coull,1,2,0,0,run out (F Corrie)
12,4th,1st DAN vs 1st GEE,1st DAN,1st GEE,Harry Emerson,0,0,0,0,not out
12,4th,1st DAN vs 1st GEE,1st DAN,1st GEE,Jaryd Antonenko,,,,,did not bat
12,4th,1st DAN vs 1st GEE,1st DAN,1st GEE,Josh Atkinson,,,,,did not bat
12,4th,1st MEL vs 1st CAR,1st CAR,1st MEL,Yash Goel,98,162,12,0,lbw: M Mohammed
12,4th,1st MEL vs 1st CAR,1st CAR,1st MEL,James Francis,,18,0,0,c: J Campbell b: K Brasher
12,4th,1st MEL vs 1st CAR,1st CAR,1st MEL,Alistair McCooke,2,16,0,0,c: D Caldow b: M Dias
12,4th,1st MEL vs 1st CAR,1st CAR,1st MEL,Johnathon Aikins,3,18,0,0,c: A Belci b: M Dias
12,4th,1st MEL vs 1st CAR,1st CAR,1st MEL,Hayden Kenny,,3,0,0,c: A McIlwaine b: D Caldow
12,4th,1st MEL vs 1st CAR,1st CAR,1st MEL,Ben Griffin,56,129,6,0,c: A Belci b: J Campbell
12,4th,1st MEL vs 1st CAR,1st CAR,1st MEL,William Newman,,13,0,0,c: A Belci b: S Nayak
12,4th,1st MEL vs 1st CAR,1st CAR,1st MEL,LEITH SALWATHURA,1,7,0,0,c: J Davidson b: M Mohammed
12,4th,1st MEL vs 1st CAR,1st CAR,1st MEL,Josh Benson,39,84,6,0,c: J Davidson b: S Nayak
12,4th,1st MEL vs 1st CAR,1st CAR,1st MEL,Thomas Kenny,30,70,3,0,st: A Belci b: S Nayak
12,4th,1st MEL vs 1st CAR,1st CAR,1st MEL,Andrew Reid Dick,2,3,0,0,not out
12,4th,1st MEL vs 1st CAR,1st CAR,1st MEL,Kade Ashton,,,,,did not bat
12,4th,1st MEL vs 1st CAR,1st CAR,1st MEL,Jake La Brooy,,,,,did not bat
12,4th,1st MEL vs 1st CAR,1st MEL,1st CAR,Jacob Davidson,10,22,1,0,c: A Reid Dick b: B Griffin
12,4th,1st MEL vs 1st CAR,1st MEL,1st CAR,Alessandro Belci,61,106,7,0,c: J Benson b: T Kenny
12,4th,1st MEL vs 1st CAR,1st MEL,1st CAR,Jack Campbell,,5,0,0,c: b: B Griffin
12,4th,1st MEL vs 1st CAR,1st MEL,1st CAR,Maximilian Dias,20,58,1,1,run out (A McCooke)
12,4th,1st MEL vs 1st CAR,1st MEL,1st CAR,Brayden Tracey,3,10,0,0,c: A Reid Dick b: T Kenny
12,4th,1st MEL vs 1st CAR,1st MEL,1st CAR,Mubasheeruddin Jamal Mohammed,14,40,1,0,c: J Benson b: B Griffin
12,4th,1st MEL vs 1st CAR,1st MEL,1st CAR,Salil Gudup,23,92,3,0,c: Y Goel b: T Kenny
12,4th,1st MEL vs 1st CAR,1st MEL,1st CAR,Kyan Brasher,6,21,0,0,c: B Griffin b: L SALWATHURA
12,4th,1st MEL vs 1st CAR,1st MEL,1st CAR,Aussie McIlwaine,9,12,1,0,c: A Reid Dick b: Y Goel
12,4th,1st MEL vs 1st CAR,1st MEL,1st CAR,David Caldow,5,14,1,0,c: b: C Wolf
12,4th,1st MEL vs 1st CAR,1st MEL,1st CAR,Sid Nayak,0,4,0,0,not out
12,4th,1st MEL vs 1st CAR,1st MEL,1st CAR,Ashley Ward,,,,,did not bat
12,4th,1st RIN vs 1st RIC,1st RIC,1st RIN,Paawan Dave,10,12,1,0,c: G Fernando b: J Ghotra
12,4th,1st RIN vs 1st RIC,1st RIC,1st RIN,Lucas Clausen,65,156,9,0,c: C McCormick b: D Mihiripenna
12,4th,1st RIN vs 1st RIC,1st RIC,1st RIN,Aiyaan Ariketty,39,61,3,3,c: F Di Domenico b: D Mihiripenna
12,4th,1st RIN vs 1st RIC,1st RIC,1st RIN,Ansh Sharma,,1,0,0,c: E Stones b: D Mihiripenna
12,4th,1st RIN vs 1st RIC,1st RIC,1st RIN,Kenul Edirisinghe,,4,0,0,c: A Bauer b: D Mihiripenna
12,4th,1st RIN vs 1st RIC,1st RIC,1st RIN,Jayden Rebeiro,48,99,4,1,b: R Mirza
12,4th,1st RIN vs 1st RIC,1st RIC,1st RIN,Luke O`Brien,26,42,2,2,c: D Mihiripenna b: J Ghotra
12,4th,1st RIN vs 1st RIC,1st RIC,1st RIN,Xavier Noonan,17,20,2,1,c: C McCormick b: J Sajeba
12,4th,1st RIN vs 1st RIC,1st RIC,1st RIN,Ezra Horneman,5,15,1,0,c: J Ghotra b: J Sajeba
12,4th,1st RIN vs 1st RIC,1st RIC,1st RIN,Sam Montgomery,4,11,1,0,b: J Sajeba
12,4th,1st RIN vs 1st RIC,1st RIC,1st RIN,Sam Wade,1,7,0,0,not out
12,4th,1st RIN vs 1st RIC,1st RIC,1st RIN,Michain Premaratne,,,,,did not bat
12,4th,1st RIN vs 1st RIC,1st RIN,1st RIC,Lincoln Nicholls,22,58,3,0,lbw: X Noonan
12,4th,1st RIN vs 1st RIC,1st RIN,1st RIC,Ethan Stones,2,7,0,0,lbw: M Premaratne
12,4th,1st RIN vs 1st RIC,1st RIN,1st RIC,Callum Power,14,31,1,0,c: K Edirisinghe b: M Premaratne
12,4th,1st RIN vs 1st RIC,1st RIN,1st RIC,Dulith Mihiripenna,136,122,22,5,c: J Rebeiro b: M Premaratne
12,4th,1st RIN vs 1st RIC,1st RIN,1st RIC,Austin Bauer,44,51,4,3,lbw: M Premaratne
12,4th,1st RIN vs 1st RIC,1st RIN,1st RIC,Cooper Box,19,21,4,0,c: A Sharma b: S Montgomery
12,4th,1st RIN vs 1st RIC,1st RIN,1st RIC,Clancy McCormick,43,24,3,4,c: L O`Brien b: X Noonan
12,4th,1st RIN vs 1st RIC,1st RIN,1st RIC,James Sajeba,2,7,0,0,c: P Dave b: M Premaratne
12,4th,1st RIN vs 1st RIC,1st RIN,1st RIC,Fabian Di Domenico,15,25,2,0,c: L O`Brien b: S Wade
12,4th,1st RIN vs 1st RIC,1st RIN,1st RIC,Gishain Fernando,15,18,2,0,not out
12,4th,1st RIN vs 1st RIC,1st RIN,1st RIC,Jaskaran Ghotra,8,9,0,1,not out
12,4th,1st RIN vs 1st RIC,1st RIN,1st RIC,Rayyan Mirza,,,,,did not bat
12,4th,1st CAM vs 1st ST,1st ST,1st CAM,Aryan Verma,88,131,8,1,b: A Hussain
12,4th,1st CAM vs 1st ST,1st ST,1st CAM,Yevin Koralege,7,31,0,0,lbw: A Hussain
12,4th,1st CAM vs 1st ST,1st ST,1st CAM,Arya Gupta,25,71,1,0,"run out (C Chasemore, C Atkins)"
12,4th,1st CAM vs 1st ST,1st ST,1st CAM,Karan Jacob,2,10,0,0,c: T Morris b: A Hussain
12,4th,1st CAM vs 1st ST,1st ST,1st CAM,Daniel Walker,3,5,0,0,c: H Tegg b: A Hussain
12,4th,1st CAM vs 1st ST,1st ST,1st CAM,Yuvin De Silva,1,4,0,0,b: A Ghuman
12,4th,1st CAM vs 1st ST,1st ST,1st CAM,Kye Davidson,13,15,1,0,c: D Young b: A Hussain
12,4th,1st CAM vs 1st ST,1st ST,1st CAM,James Webb,3,3,0,0,not out
12,4th,1st CAM vs 1st ST,1st ST,1st CAM,Joshua Nevett,4,1,1,0,not out
12,4th,1st CAM vs 1st ST,1st ST,1st CAM,Robert Capstick,,,,,did not bat
12,4th,1st CAM vs 1st ST,1st ST,1st CAM,********,,,,,did not bat
12,4th,1st CAM vs 1st ST,1st ST,1st CAM,Sanjeev Tadepalli,,,,,did not bat
12,4th,1st CAM vs 1st ST,1st CAM,1st ST,Billy Reid,25,39,3,0,run out (Y Koralege)
12,4th,1st CAM vs 1st ST,1st CAM,1st ST,Charlie Atkins,19,18,4,0,c: R Capstick b: J Nevett
12,4th,1st CAM vs 1st ST,1st CAM,1st ST,Jackson Martin,8,35,0,0,c: S Tadepalli b: R Capstick
12,4th,1st CAM vs 1st ST,1st CAM,1st ST,Callum Chasemore,17,23,1,0,c: J Webb b: K Davidson
12,4th,1st CAM vs 1st ST,1st CAM,1st ST,Douglas Beckett,46,53,5,1,c: A Verma b: J Nevett
12,4th,1st CAM vs 1st ST,1st CAM,1st ST,Avneet Ghuman,7,16,0,0,c: J Nevett b: K Davidson
12,4th,1st CAM vs 1st ST,1st CAM,1st ST,Harrison Tegg,4,7,0,0,run out (K Jacob)
12,4th,1st CAM vs 1st ST,1st CAM,1st ST,Gurshan Khehra,5,7,0,0,not out
12,4th,1st CAM vs 1st ST,1st CAM,1st ST,Aga Danish Hussain,2,12,0,0,not out
12,4th,1st CAM vs 1st ST,1st CAM,1st ST,Arham Farooq,,,,,did not bat
12,4th,1st CAM vs 1st ST,1st CAM,1st ST,Tom Morris,,,,,did not bat
12,4th,1st CAM vs 1st ST,1st CAM,1st ST,Dylan Young,,,,,did not bat
12,4th,1st FIT vs 1st FRA,1st FRA,1st FIT,Keshav Kaushik,1,4,0,0,b: J O’Brien
12,4th,1st FIT vs 1st FRA,1st FRA,1st FIT,Harrison Sheers,4,21,0,0,c: J Jewiss b: J Gibbs
12,4th,1st FIT vs 1st FRA,1st FRA,1st FIT,Armaan Datta,16,20,2,0,lbw: J O’Brien
12,4th,1st FIT vs 1st FRA,1st FRA,1st FIT,Yannick Dobson,87,134,13,0,run out ()
12,4th,1st FIT vs 1st FRA,1st FRA,1st FIT,Lucas Hales,71,86,7,0,c: b: T Maduwa Guruge
12,4th,1st FIT vs 1st FRA,1st FRA,1st FIT,Neel Malangi,8,40,0,0,c: b: T Maduwa Guruge
12,4th,1st FIT vs 1st FRA,1st FRA,1st FIT,Harsh Sinha,50,96,6,0,c: J Gibbs b: T Maduwa Guruge
12,4th,1st FIT vs 1st FRA,1st FRA,1st FIT,Alex Cole,27,70,4,0,b: J O’Brien
12,4th,1st FIT vs 1st FRA,1st FRA,1st FIT,Lachlan Rees,8,9,0,0,not out
12,4th,1st FIT vs 1st FRA,1st FRA,1st FIT,Xavier Mitchell,3,3,0,0,not out
12,4th,1st FIT vs 1st FRA,1st FRA,1st FIT,Jamie Blacker,,,,,did not bat
12,4th,1st FIT vs 1st FRA,1st FRA,1st FIT,Nicholas Sheridan,,,,,did not bat
12,4th,1st FIT vs 1st FRA,1st FIT,1st FRA,Cooper Kennedy,8,30,1,0,c: H Sheers b: X Mitchell
12,4th,1st FIT vs 1st FRA,1st FIT,1st FRA,ALEX CHANDLER,2,7,0,0,c: N Malangi b: X Mitchell
12,4th,1st FIT vs 1st FRA,1st FIT,1st FRA,Charlie Costa,35,60,4,0,c: H Sheers b: J Blacker
12,4th,1st FIT vs 1st FRA,1st FIT,1st FRA,Harish Salwathura,16,28,2,0,c: N Malangi b: L Rees
12,4th,1st FIT vs 1st FRA,1st FIT,1st FRA,Jesse Jewiss,39,76,3,2,c: A Cole b: X Mitchell
12,4th,1st FIT vs 1st FRA,1st FIT,1st FRA,Max McLean,,7,0,0,c: A Cole b: J Blacker
12,4th,1st FIT vs 1st FRA,1st FIT,1st FRA,Luke Perry,11,37,2,0,b: L Rees
12,4th,1st FIT vs 1st FRA,1st FIT,1st FRA,Jake O’Brien,27,51,3,0,"run out (L Hales, A Cole)"
12,4th,1st FIT vs 1st FRA,1st FIT,1st FRA,Thinuk Maduwa Guruge,9,21,0,0,b: A Cole
12,4th,1st FIT vs 1st FRA,1st FIT,1st FRA,Mitchell Gill-Furness,12,30,2,0,c: H Sinha b: A Cole
12,4th,1st FIT vs 1st FRA,1st FIT,1st FRA,Jared Gibbs,16,24,2,0,not out
12,4th,1st FIT vs 1st FRA,1st FIT,1st FRA,Joe Paulas,,,,,did not bat
12,4th,1st PRA vs 1st MEL,1st MEL,1st PRA,Rex Macalister,3,58,0,0,c: G Devpura b: M Richings
12,4th,1st PRA vs 1st MEL,1st MEL,1st PRA,Lucas Pike,30,49,3,0,c: R Cramb b: M Richings
12,4th,1st PRA vs 1st MEL,1st MEL,1st PRA,Rushil Ravi,19,42,3,0,c: S Dias b: E Yates
12,4th,1st PRA vs 1st MEL,1st MEL,1st PRA,Alexander Pillay,13,20,1,0,c: M Laurie b: E Yates
12,4th,1st PRA vs 1st MEL,1st MEL,1st PRA,Angus Schlittler,1,11,0,0,c: A Arora b: M Laurie
12,4th,1st PRA vs 1st MEL,1st MEL,1st PRA,Luke Pearse,20,39,2,1,lbw: E Yates
12,4th,1st PRA vs 1st MEL,1st MEL,1st PRA,Liam McGain,5,35,1,0,c: S Dias b: E Yates
12,4th,1st PRA vs 1st MEL,1st MEL,1st PRA,Lachlan Simpson,13,74,1,0,c: M Laurie b: E Yates
12,4th,1st PRA vs 1st MEL,1st MEL,1st PRA,Charlie Graham,31,94,4,0,c: H Lim b: T Perera
12,4th,1st PRA vs 1st MEL,1st MEL,1st PRA,Jack Oborne,1,22,0,0,not out
12,4th,1st PRA vs 1st MEL,1st MEL,1st PRA,Matthew Esposito,15,28,1,0,"run out (S Dias, H Lim)"
12,4th,1st PRA vs 1st MEL,1st MEL,1st PRA,Thomas Purcell,,,,,did not bat
12,4th,1st PRA vs 1st MEL,1st PRA,1st MEL,Tharindu Perera,46,52,7,2,c: T Purcell b: L McGain
12,4th,1st PRA vs 1st MEL,1st PRA,1st MEL,Gavinu Devpura,31,58,3,0,c: L Simpson b: C Graham
12,4th,1st PRA vs 1st MEL,1st PRA,1st MEL,Toby Rawlings,,3,0,0,c: L Pike b: L McGain
12,4th,1st PRA vs 1st MEL,1st PRA,1st MEL,Shenan Dias,37,105,2,0,b: L McGain
12,4th,1st PRA vs 1st MEL,1st PRA,1st MEL,Harvey Redpath,2,8,0,0,c&b: L McGain
12,4th,1st PRA vs 1st MEL,1st PRA,1st MEL,Raph Cramb,6,30,0,0,c: L Pearse b: C Graham
12,4th,1st PRA vs 1st MEL,1st PRA,1st MEL,Hayden Lim,8,26,0,0,c: L Pike b: T Purcell
12,4th,1st PRA vs 1st MEL,1st PRA,1st MEL,Aanlin Cheeran,,1,0,0,c: L Pearse b: T Purcell
12,4th,1st PRA vs 1st MEL,1st PRA,1st MEL,Matthew Richings,38,90,1,0,not out
12,4th,1st PRA vs 1st MEL,1st PRA,1st MEL,Ethan Yates,22,44,1,1,not out
12,4th,1st PRA vs 1st MEL,1st PRA,1st MEL,Aryan Arora,,,,,did not bat
12,4th,1st PRA vs 1st MEL,1st PRA,1st MEL,Mitchell Laurie,,,,,did not bat
12,4th,1st GRE vs 1st KIN,1st KIN,1st GRE,Manuda Koku Hennedige,4,9,1,0,b: R Schonewille
12,4th,1st GRE vs 1st KIN,1st KIN,1st GRE,Steve Bhagat,53,133,4,2,lbw: C White
12,4th,1st GRE vs 1st KIN,1st KIN,1st GRE,Thisura Sooriyaaratchi,86,165,13,1,c: S Rajapaksha b: A Johnson
12,4th,1st GRE vs 1st KIN,1st KIN,1st GRE,Vindiya Bandara,5,13,1,0,c: S Ralph b: C White
12,4th,1st GRE vs 1st KIN,1st KIN,1st GRE,Ollie Melville,3,13,0,0,c&b: A Johnson
12,4th,1st GRE vs 1st KIN,1st KIN,1st GRE,Jashan Jaura,11,18,2,0,lbw: J Ajani
12,4th,1st GRE vs 1st KIN,1st KIN,1st GRE,James Gray,8,17,0,0,b: S Rajapaksha
12,4th,1st GRE vs 1st KIN,1st KIN,1st GRE,Joel Reid,12,9,3,0,c: R Schonewille b: S Rajapaksha
12,4th,1st GRE vs 1st KIN,1st KIN,1st GRE,Xavier Cooknell,19,22,4,0,b: D Fernando
12,4th,1st GRE vs 1st KIN,1st KIN,1st GRE,Lueder de Podolinsky,3,14,0,0,c: A Thakur b: S Rajapaksha
12,4th,1st GRE vs 1st KIN,1st KIN,1st GRE,Henry Paulson,0,1,0,0,not out
12,4th,1st GRE vs 1st KIN,1st KIN,1st GRE,Kobey Hunter,,,,,did not bat
12,4th,1st GRE vs 1st KIN,1st GRE,1st KIN,Noah Mccolough,33,52,5,0,lbw: K Hunter
12,4th,1st GRE vs 1st KIN,1st GRE,1st KIN,Anurag Thakur,5,15,1,0,c: H Paulson b: O Melville
12,4th,1st GRE vs 1st KIN,1st GRE,1st KIN,Ryan Schonewille,2,31,0,0,b: K Hunter
12,4th,1st GRE vs 1st KIN,1st GRE,1st KIN,Gyan Weerasiri,20,47,2,0,lbw: V Bandara
12,4th,1st GRE vs 1st KIN,1st GRE,1st KIN,Andrew Johnson,125,97,17,6,c: J Gray b: X Cooknell
12,4th,1st GRE vs 1st KIN,1st GRE,1st KIN,Dan Lambert,88,133,14,1,c: K Hunter b: O Melville
12,4th,1st GRE vs 1st KIN,1st GRE,1st KIN,Sanithu Rajapaksha,17,18,3,0,c: S Bhagat b: H Paulson
12,4th,1st GRE vs 1st KIN,1st GRE,1st KIN,Dihein Fernando,13,27,1,0,not out
12,4th,1st GRE vs 1st KIN,1st GRE,1st KIN,Joel Ajani,5,34,1,0,not out
12,4th,1st GRE vs 1st KIN,1st GRE,1st KIN,Josh McInerney,,,,,did not bat
12,4th,1st GRE vs 1st KIN,1st GRE,1st KIN,Steve Ralph,,,,,did not bat
12,4th,1st GRE vs 1st KIN,1st GRE,1st KIN,Cooper White,,,,,did not bat
12,4th,1st CAS vs 1st FOO,1st FOO,1st CAS,Ayaan Thareja,5,31,1,0,c: O Florentine b: X Marazita
12,4th,1st CAS vs 1st FOO,1st FOO,1st CAS,Lachlan Paul,60,201,11,0,c: K Lake b: A Beniwal
12,4th,1st CAS vs 1st FOO,1st FOO,1st CAS,Siddharth Neelakantan,23,45,4,0,lbw: S Shanbhag
12,4th,1st CAS vs 1st FOO,1st FOO,1st CAS,Felix Howard,68,74,11,2,c: M Netto b: X Marazita
12,4th,1st CAS vs 1st FOO,1st FOO,1st CAS,Aryan Ghanekar,89,138,9,0,not out
12,4th,1st CAS vs 1st FOO,1st FOO,1st CAS,Crandel Siegelwin,35,52,1,0,c: O Florentine b: A Pizaro
12,4th,1st CAS vs 1st FOO,1st FOO,1st CAS,Mohammad Mikail Farooqi,2,2,0,0,not out
12,4th,1st CAS vs 1st FOO,1st FOO,1st CAS,Anujan Vijayarajan,,,,,did not bat
12,4th,1st CAS vs 1st FOO,1st FOO,1st CAS,Josh Guinea,,,,,did not bat
12,4th,1st CAS vs 1st FOO,1st FOO,1st CAS,Mohammad NAJIBI,,,,,did not bat
12,4th,1st CAS vs 1st FOO,1st FOO,1st CAS,Thomas Purcell,,,,,did not bat
12,4th,1st CAS vs 1st FOO,1st CAS,1st FOO,Rhyan Bidur S,15,42,2,0,lbw: M NAJIBI
12,4th,1st CAS vs 1st FOO,1st CAS,1st FOO,Oscar Florentine,5,14,1,0,c: F Howard b: C Siegelwin
12,4th,1st CAS vs 1st FOO,1st CAS,1st FOO,Bayden Hutchins,17,43,2,0,lbw: J Guinea
12,4th,1st CAS vs 1st FOO,1st CAS,1st FOO,Abhishek Beniwal,,1,0,0,c: M Farooqi b: M NAJIBI
12,4th,1st CAS vs 1st FOO,1st CAS,1st FOO,Kai O’Hehir,6,33,1,0,c: A Vijayarajan b: J Guinea
12,4th,1st CAS vs 1st FOO,1st CAS,1st FOO,Ryan Coonan,54,120,11,0,lbw: J Guinea
12,4th,1st CAS vs 1st FOO,1st CAS,1st FOO,Matthew Netto,21,37,3,0,b: A Vijayarajan
12,4th,1st CAS vs 1st FOO,1st CAS,1st FOO,Joshua Norsetter,38,38,6,1,c: A Vijayarajan b: J Guinea
12,4th,1st CAS vs 1st FOO,1st CAS,1st FOO,Andrew Pizaro,,2,0,0,b: J Guinea
12,4th,1st CAS vs 1st FOO,1st CAS,1st FOO,Shlok Shanbhag,5,16,1,0,c&b: J Guinea
12,4th,1st CAS vs 1st FOO,1st CAS,1st FOO,Ky Lake,0,4,0,0,not out
12,4th,1st CAS vs 1st FOO,1st CAS,1st FOO,Xavier Marazita,,,,,did not bat
12,4th,1st NOR vs 1st ESS,1st ESS,1st NOR,Aarav Laxman,51,90,9,0,c: S Simhadri b: G Martindale
12,4th,1st NOR vs 1st ESS,1st ESS,1st NOR,Imran Khan,1,25,0,0,lbw: P Edirisinghe
12,4th,1st NOR vs 1st ESS,1st ESS,1st NOR,Yashen Sharma,2,5,0,0,b: P Edirisinghe
12,4th,1st NOR vs 1st ESS,1st ESS,1st NOR,Nathaniel Reichman,33,69,4,0,b: G Martindale
12,4th,1st NOR vs 1st ESS,1st ESS,1st NOR,Ananya Goswami,9,39,1,0,lbw: P Edirisinghe
12,4th,1st NOR vs 1st ESS,1st ESS,1st NOR,Avi Guha,16,58,2,0,c: S Simhadri b: G Martindale
12,4th,1st NOR vs 1st ESS,1st ESS,1st NOR,Cameron FitzGerald,5,8,1,0,b: S Edirisinghe
12,4th,1st NOR vs 1st ESS,1st ESS,1st NOR,Joshua Alonso,10,20,1,1,lbw: P Edirisinghe
12,4th,1st NOR vs 1st ESS,1st ESS,1st NOR,Mandiv Ruwanpathirana,,4,0,0,b: P Edirisinghe
12,4th,1st NOR vs 1st ESS,1st ESS,1st NOR,Qasim Khan,,5,0,0,c: S Simhadri b: S Edirisinghe
12,4th,1st NOR vs 1st ESS,1st ESS,1st NOR,Caedon Lane,5,7,1,0,not out
12,4th,1st NOR vs 1st ESS,1st ESS,1st NOR,Liam Rowley,,,,,did not bat
12,4th,1st NOR vs 1st ESS,1st NOR,1st ESS,Pahul Singh Sodhi,69,89,11,2,c: M Ruwanpathirana b: Q Khan
12,4th,1st NOR vs 1st ESS,1st NOR,1st ESS,Viraaj Aulakh,50,71,8,0,not out
12,4th,1st NOR vs 1st ESS,1st NOR,1st ESS,Hady Hegazy,2,8,0,0,st: N Reichman b: Q Khan
12,4th,1st NOR vs 1st ESS,1st NOR,1st ESS,Dilawar Ali,4,2,1,0,c: I Khan b: Q Khan
12,4th,1st NOR vs 1st ESS,1st NOR,1st ESS,Luay Miraz,6,6,1,0,not out
12,4th,1st NOR vs 1st ESS,1st NOR,1st ESS,Krishna Chandak,,,,,did not bat
12,4th,1st NOR vs 1st ESS,1st NOR,1st ESS,George Dikeos,,,,,did not bat
12,4th,1st NOR vs 1st ESS,1st NOR,1st ESS,Prageeth Edirisinghe,,,,,did not bat
12,4th,1st NOR vs 1st ESS,1st NOR,1st ESS,Sandula Edirisinghe,,,,,did not bat
12,4th,1st NOR vs 1st ESS,1st NOR,1st ESS,George Martindale,,,,,did not bat
12,4th,1st NOR vs 1st ESS,1st NOR,1st ESS,Samin Shafquat,,,,,did not bat
12,4th,1st NOR vs 1st ESS,1st NOR,1st ESS,Sai Shail Simhadri,,,,,did not bat
12,4th,1st NOR vs 1st ESS,1st NOR,2nd NOR,Imran Khan,23,67,2,0,c: G Martindale b: S Edirisinghe
12,4th,1st NOR vs 1st ESS,1st NOR,2nd NOR,Aarav Laxman,79,104,14,0,b: P Edirisinghe
12,4th,1st NOR vs 1st ESS,1st NOR,2nd NOR,Yashen Sharma,37,54,5,0,not out
12,4th,1st NOR vs 1st ESS,1st NOR,2nd NOR,Nathaniel Reichman,12,16,2,0,not out
12,4th,1st NOR vs 1st ESS,1st NOR,2nd NOR,Joshua Alonso,,,,,did not bat
12,4th,1st NOR vs 1st ESS,1st NOR,2nd NOR,Cameron FitzGerald,,,,,did not bat
12,4th,1st NOR vs 1st ESS,1st NOR,2nd NOR,Ananya Goswami,,,,,did not bat
12,4th,1st NOR vs 1st ESS,1st NOR,2nd NOR,Avi Guha,,,,,did not bat
12,4th,1st NOR vs 1st ESS,1st NOR,2nd NOR,Qasim Khan,,,,,did not bat
12,4th,1st NOR vs 1st ESS,1st NOR,2nd NOR,Caedon Lane,,,,,did not bat
12,4th,1st NOR vs 1st ESS,1st NOR,2nd NOR,Liam Rowley,,,,,did not bat
12,4th,1st NOR vs 1st ESS,1st NOR,2nd NOR,Mandiv Ruwanpathirana,,,,,did not bat
12,4th,1st NOR vs 1st ESS,1st NOR,2nd ESS,Pahul Singh Sodhi,20,15,4,0,c: C FitzGerald b: M Ruwanpathirana
12,4th,1st NOR vs 1st ESS,1st NOR,2nd ESS,Samin Shafquat,21,18,2,2,c: C Lane b: M Ruwanpathirana
12,4th,1st NOR vs 1st ESS,1st NOR,2nd ESS,Viraaj Aulakh,37,32,1,3,c: C FitzGerald b: C Lane
12,4th,1st NOR vs 1st ESS,1st NOR,2nd ESS,Hady Hegazy,,7,0,0,lbw: M Ruwanpathirana
12,4th,1st NOR vs 1st ESS,1st NOR,2nd ESS,Dilawar Ali,30,38,5,0,lbw: C FitzGerald
12,4th,1st NOR vs 1st ESS,1st NOR,2nd ESS,Luay Miraz,27,20,2,2,not out
12,4th,1st NOR vs 1st ESS,1st NOR,2nd ESS,Krishna Chandak,14,13,2,0,not out
12,4th,1st NOR vs 1st ESS,1st NOR,2nd ESS,George Dikeos,,,,,did not bat
12,4th,1st NOR vs 1st ESS,1st NOR,2nd ESS,Prageeth Edirisinghe,,,,,did not bat
12,4th,1st NOR vs 1st ESS,1st NOR,2nd ESS,Sandula Edirisinghe,,,,,did not bat
12,4th,1st NOR vs 1st ESS,1st NOR,2nd ESS,George Martindale,,,,,did not bat
12,4th,1st NOR vs 1st ESS,1st NOR,2nd ESS,Sai Shail Simhadri,,,,,did not bat
13,4th,1st RIC vs 1st ST,1st ST,1st RIC,Lincoln Nicholls,2,9,0,0,lbw: A Ghuman
13,4th,1st RIC vs 1st ST,1st ST,1st RIC,Ethan Stones,6,11,1,0,c: C Atkins b: R Talwar
13,4th,1st RIC vs 1st ST,1st ST,1st RIC,Navnith Satyan,18,29,1,0,b: D Beckett
13,4th,1st RIC vs 1st ST,1st ST,1st RIC,Austin Bauer,9,43,0,0,c: C Chasemore b: D Beckett
13,4th,1st RIC vs 1st ST,1st ST,1st RIC,Cooper Box,6,23,0,0,c: C Atkins b: H Tegg
13,4th,1st RIC vs 1st ST,1st ST,1st RIC,Tom Cashman,6,9,1,0,c: H Tegg b: D Young
13,4th,1st RIC vs 1st ST,1st ST,1st RIC,Clancy McCormick,36,42,3,2,c: H Tegg b: A Ghuman
13,4th,1st RIC vs 1st ST,1st ST,1st RIC,James Sajeba,5,14,0,0,c: C Atkins b: H Tegg
13,4th,1st RIC vs 1st ST,1st ST,1st RIC,Fabian Di Domenico,4,7,0,0,c: D Beckett b: A Farooq
13,4th,1st RIC vs 1st ST,1st ST,1st RIC,Gishain Fernando,21,45,1,0,not out
13,4th,1st RIC vs 1st ST,1st ST,1st RIC,Callum Power,11,24,0,0,c: H Tegg b: A Ghuman
13,4th,1st RIC vs 1st ST,1st RIC,1st ST,Charlie Atkins,26,54,3,0,lbw: C Power
13,4th,1st RIC vs 1st ST,1st RIC,1st ST,Jackson Martin,,10,0,0,c: F Di Domenico b: T Cashman
13,4th,1st RIC vs 1st ST,1st RIC,1st ST,Callum Chasemore,8,13,1,0,c: L Nicholls b: T Cashman
13,4th,1st RIC vs 1st ST,1st RIC,1st ST,Douglas Beckett,1,4,0,0,c: C Box b: N Satyan
13,4th,1st RIC vs 1st ST,1st RIC,1st ST,Avneet Ghuman,28,40,3,0,c: C McCormick b: C Power
13,4th,1st RIC vs 1st ST,1st RIC,1st ST,Tom Morris,20,51,1,0,lbw: C Power
13,4th,1st RIC vs 1st ST,1st RIC,1st ST,Harrison Tegg,6,5,0,1,c: b: C Power
13,4th,1st RIC vs 1st ST,1st RIC,1st ST,Rishikesh Talwar,2,35,0,0,lbw: J Sajeba
13,4th,1st RIC vs 1st ST,1st RIC,1st ST,Steve Zayler,,4,0,0,lbw: C Power
13,4th,1st RIC vs 1st ST,1st RIC,1st ST,Arham Farooq,1,7,0,0,lbw: J Sajeba
13,4th,1st RIC vs 1st ST,1st RIC,1st ST,Dylan Young,0,6,0,0,not out
13,4th,1st RIC vs 1st ST,1st RIC,1st ST,James Smith,,,,,did not bat
13,4th,1st RIC vs 1st ST,1st RIC,2nd RIC,Lincoln Nicholls,19,74,0,0,b: D Young
13,4th,1st RIC vs 1st ST,1st RIC,2nd RIC,Ethan Stones,60,147,6,0,run out (A Ghuman)
13,4th,1st RIC vs 1st ST,1st RIC,2nd RIC,Navnith Satyan,37,79,2,0,c: A Farooq b: D Young
13,4th,1st RIC vs 1st ST,1st RIC,2nd RIC,Austin Bauer,61,50,6,4,lbw: A Ghuman
13,4th,1st RIC vs 1st ST,1st RIC,2nd RIC,Cooper Box,20,43,2,0,not out
13,4th,1st RIC vs 1st ST,1st RIC,2nd RIC,Tom Cashman,4,11,0,0,not out
13,4th,1st RIC vs 1st ST,1st RIC,2nd RIC,Fabian Di Domenico,,,,,did not bat
13,4th,1st RIC vs 1st ST,1st RIC,2nd RIC,Gishain Fernando,,,,,did not bat
13,4th,1st RIC vs 1st ST,1st RIC,2nd RIC,Clancy McCormick,,,,,did not bat
13,4th,1st RIC vs 1st ST,1st RIC,2nd RIC,Callum Power,,,,,did not bat
13,4th,1st RIC vs 1st ST,1st RIC,2nd RIC,James Sajeba,,,,,did not bat
13,4th,1st FOO vs 1st ESS,1st ESS,1st FOO,Rhyan Bidur S,13,29,2,0,c: b: M Abdul Wasay
13,4th,1st FOO vs 1st ESS,1st ESS,1st FOO,Bayden Hutchins,96,175,16,0,b: G Martindale
13,4th,1st FOO vs 1st ESS,1st ESS,1st FOO,Kai O’Hehir,74,152,10,0,c: S Simhadri b: H Hegazy
13,4th,1st FOO vs 1st ESS,1st ESS,1st FOO,Abhishek Beniwal,27,32,3,0,b: M Abdul Wasay
13,4th,1st FOO vs 1st ESS,1st ESS,1st FOO,Ryan Coonan,29,41,3,0,lbw: P Edirisinghe
13,4th,1st FOO vs 1st ESS,1st ESS,1st FOO,Oscar Florentine,24,22,1,0,run out ()
13,4th,1st FOO vs 1st ESS,1st ESS,1st FOO,Joshua Norsetter,31,20,5,0,b: H Hegazy
13,4th,1st FOO vs 1st ESS,1st ESS,1st FOO,Matthew Netto,7,9,0,0,not out
13,4th,1st FOO vs 1st ESS,1st ESS,1st FOO,Andrew Pizaro,1,2,0,0,not out
13,4th,1st FOO vs 1st ESS,1st ESS,1st FOO,Ky Lake,,,,,did not bat
13,4th,1st FOO vs 1st ESS,1st ESS,1st FOO,Lachlan Campbell,,,,,did not bat
13,4th,1st FOO vs 1st ESS,1st ESS,1st FOO,Liam Sutton,,,,,did not bat
13,4th,1st FOO vs 1st ESS,1st ESS,1st FOO,William Pizaro,,,,,did not bat
13,4th,1st FOO vs 1st ESS,1st FOO,1st ESS,Pahul Singh Sodhi,,6,0,0,b: L Sutton
13,4th,1st FOO vs 1st ESS,1st FOO,1st ESS,Viraaj Aulakh,14,31,1,0,c: O Florentine b: W Pizaro
13,4th,1st FOO vs 1st ESS,1st FOO,1st ESS,Hady Hegazy,5,12,0,0,b: W Pizaro
13,4th,1st FOO vs 1st ESS,1st FOO,1st ESS,Sandula Edirisinghe,2,3,0,0,c: K Lake b: W Pizaro
13,4th,1st FOO vs 1st ESS,1st FOO,1st ESS,Dilawar Ali,25,30,4,0,c: K Lake b: M Netto
13,4th,1st FOO vs 1st ESS,1st FOO,1st ESS,Samin Shafquat,100,174,10,0,b: L Sutton
13,4th,1st FOO vs 1st ESS,1st FOO,1st ESS,Sai Shail Simhadri,51,132,6,0,b: A Pizaro
13,4th,1st FOO vs 1st ESS,1st FOO,1st ESS,Krishna Chandak,29,30,4,0,b: W Pizaro
13,4th,1st FOO vs 1st ESS,1st FOO,1st ESS,Prageeth Edirisinghe,14,11,3,0,lbw: L Sutton
13,4th,1st FOO vs 1st ESS,1st FOO,1st ESS,George Martindale,2,10,0,0,not out
13,4th,1st FOO vs 1st ESS,1st FOO,1st ESS,Muhammad Abdul Wasay,,2,0,0,lbw: W Pizaro
13,4th,1st FOO vs 1st ESS,1st FOO,1st ESS,George Dikeos,,,,,did not bat
13,4th,1st KIN vs 1st FIT,1st FIT,1st KIN,Anurag Thakur,11,31,1,0,c: N Malangi b: S Hoyne
13,4th,1st KIN vs 1st FIT,1st FIT,1st KIN,Jack Chamberlain,8,22,1,0,c: N Malangi b: J Blacker
13,4th,1st KIN vs 1st FIT,1st FIT,1st KIN,Gyan Weerasiri,32,72,2,1,c: H Sinha b: A Cole
13,4th,1st KIN vs 1st FIT,1st FIT,1st KIN,Dan Lambert,10,20,1,0,c: A Cole b: L Rees
13,4th,1st KIN vs 1st FIT,1st FIT,1st KIN,Tom Robinson,,3,0,0,c: L Templeton b: L Rees
13,4th,1st KIN vs 1st FIT,1st FIT,1st KIN,Dihein Fernando,10,26,1,0,c: L Hales b: H Sheers
13,4th,1st KIN vs 1st FIT,1st FIT,1st KIN,Joel Ajani,8,42,1,0,lbw: A Cole
13,4th,1st KIN vs 1st FIT,1st FIT,1st KIN,Ryan Schonewille,4,20,0,0,c: L Hales b: L Templeton
13,4th,1st KIN vs 1st FIT,1st FIT,1st KIN,Steve Ralph,19,51,4,0,not out
13,4th,1st KIN vs 1st FIT,1st FIT,1st KIN,Cooper White,1,19,0,0,c: H Sheers b: S Hoyne
13,4th,1st KIN vs 1st FIT,1st FIT,1st KIN,Josh McInerney,10,12,2,0,c: L Templeton b: L Rees
13,4th,1st KIN vs 1st FIT,1st FIT,1st KIN,Sanithu Rajapaksha,,,,,did not bat
13,4th,1st KIN vs 1st FIT,1st KIN,1st FIT,Keshav Kaushik,29,43,4,0,b: A Thakur
13,4th,1st KIN vs 1st FIT,1st KIN,1st FIT,Harrison Sheers,52,76,7,1,c: A Thakur b: D Fernando
13,4th,1st KIN vs 1st FIT,1st KIN,1st FIT,Armaan Datta,20,38,4,0,b: J Ajani
13,4th,1st KIN vs 1st FIT,1st KIN,1st FIT,Lachlan Rees,14,22,1,0,c: b: A Thakur
13,4th,1st KIN vs 1st FIT,1st KIN,1st FIT,Lucas Hales,,4,0,0,c: b: A Thakur
13,4th,1st KIN vs 1st FIT,1st KIN,1st FIT,Neel Malangi,0,7,0,0,not out
13,4th,1st KIN vs 1st FIT,1st KIN,1st FIT,Harsh Sinha,6,6,1,0,not out
13,4th,1st KIN vs 1st FIT,1st KIN,1st FIT,Jamie Blacker,,,,,did not bat
13,4th,1st KIN vs 1st FIT,1st KIN,1st FIT,Alex Cole,,,,,did not bat
13,4th,1st KIN vs 1st FIT,1st KIN,1st FIT,Samuel Hoyne,,,,,did not bat
13,4th,1st KIN vs 1st FIT,1st KIN,1st FIT,Nicholas Sheridan,,,,,did not bat
13,4th,1st KIN vs 1st FIT,1st KIN,1st FIT,Levi Templeton,,,,,did not bat
13,4th,1st KIN vs 1st FIT,1st KIN,2nd KIN,Jack Chamberlain,7,13,1,0,b: S Hoyne
13,4th,1st KIN vs 1st FIT,1st KIN,2nd KIN,Dihein Fernando,7,36,0,0,c: L Hales b: S Hoyne
13,4th,1st KIN vs 1st FIT,1st KIN,2nd KIN,Gyan Weerasiri,16,36,3,0,c: J Blacker b: L Rees
13,4th,1st KIN vs 1st FIT,1st KIN,2nd KIN,Dan Lambert,23,61,4,0,c: A Cole b: N Sheridan
13,4th,1st KIN vs 1st FIT,1st KIN,2nd KIN,Tom Robinson,28,56,4,0,c: H Sinha b: J Blacker
13,4th,1st KIN vs 1st FIT,1st KIN,2nd KIN,Anurag Thakur,9,17,2,0,c: H Sinha b: N Sheridan
13,4th,1st KIN vs 1st FIT,1st KIN,2nd KIN,Joel Ajani,6,39,1,0,not out
13,4th,1st KIN vs 1st FIT,1st KIN,2nd KIN,Cooper White,5,18,0,0,b: L Templeton
13,4th,1st KIN vs 1st FIT,1st KIN,2nd KIN,Ryan Schonewille,,7,0,0,c: L Rees b: L Templeton
13,4th,1st KIN vs 1st FIT,1st KIN,2nd KIN,Steve Ralph,,4,0,0,c: K Kaushik b: L Templeton
13,4th,1st KIN vs 1st FIT,1st KIN,2nd KIN,Josh McInerney,3,8,0,0,c: L Hales b: L Rees
13,4th,1st KIN vs 1st FIT,1st KIN,2nd KIN,Sanithu Rajapaksha,,,,,did not bat
13,4th,1st KIN vs 1st FIT,1st KIN,2nd FIT,Harrison Sheers,66,41,7,2,c: S Ralph b: A Thakur
13,4th,1st KIN vs 1st FIT,1st KIN,2nd FIT,Keshav Kaushik,2,4,0,0,c: T Robinson b: A Thakur
13,4th,1st KIN vs 1st FIT,1st KIN,2nd FIT,Lucas Hales,3,4,0,0,lbw: J Ajani
13,4th,1st KIN vs 1st FIT,1st KIN,2nd FIT,Armaan Datta,,5,0,0,lbw: A Thakur
13,4th,1st KIN vs 1st FIT,1st KIN,2nd FIT,Neel Malangi,29,28,1,1,b: R Schonewille
13,4th,1st KIN vs 1st FIT,1st KIN,2nd FIT,Harsh Sinha,2,7,0,0,not out
13,4th,1st KIN vs 1st FIT,1st KIN,2nd FIT,Alex Cole,5,3,1,0,not out
13,4th,1st KIN vs 1st FIT,1st KIN,2nd FIT,Jamie Blacker,,,,,did not bat
13,4th,1st KIN vs 1st FIT,1st KIN,2nd FIT,Samuel Hoyne,,,,,did not bat
13,4th,1st KIN vs 1st FIT,1st KIN,2nd FIT,Lachlan Rees,,,,,did not bat
13,4th,1st KIN vs 1st FIT,1st KIN,2nd FIT,Nicholas Sheridan,,,,,did not bat
13,4th,1st KIN vs 1st FIT,1st KIN,2nd FIT,Levi Templeton,,,,,did not bat
13,4th,1st DAN vs 1st MEL,1st MEL,1st DAN,Shaun Thomas,34,46,5,0,c: H Kenny b: A Reid Dick
13,4th,1st DAN vs 1st MEL,1st MEL,1st DAN,Flynn Dexter,10,18,1,0,c: b: T Thompson
13,4th,1st DAN vs 1st MEL,1st MEL,1st DAN,Anagh Wadhwa,4,16,0,0,b: J La Brooy
13,4th,1st DAN vs 1st MEL,1st MEL,1st DAN,Jaikar Singh Araich,10,18,1,0,b: B Griffin
13,4th,1st DAN vs 1st MEL,1st MEL,1st DAN,Mohammed Abedi,5,39,0,0,c: b: A Reid Dick
13,4th,1st DAN vs 1st MEL,1st MEL,1st DAN,Paarth Pandey,3,19,0,0,c: J Francis b: B Griffin
13,4th,1st DAN vs 1st MEL,1st MEL,1st DAN,Sultan Syed,,11,0,0,b: B Griffin
13,4th,1st DAN vs 1st MEL,1st MEL,1st DAN,Prathik Balachandhar,,5,0,0,b: B Griffin
13,4th,1st DAN vs 1st MEL,1st MEL,1st DAN,Muhammad Ayaz,11,35,1,0,not out
13,4th,1st DAN vs 1st MEL,1st MEL,1st DAN,Deep Jhajj,,29,0,0,run out (C Jackson)
13,4th,1st DAN vs 1st MEL,1st MEL,1st DAN,Sayed Masroor,12,16,2,0,b: A Reid Dick
13,4th,1st DAN vs 1st MEL,1st DAN,1st MEL,Alistair McCooke,34,31,6,0,c: A Wadhwa b: S Masroor
13,4th,1st DAN vs 1st MEL,1st DAN,1st MEL,James Francis,12,15,2,0,lbw: P Balachandhar
13,4th,1st DAN vs 1st MEL,1st DAN,1st MEL,Johnathon Aikins,79,69,11,2,c&b: A Wadhwa
13,4th,1st DAN vs 1st MEL,1st DAN,1st MEL,Hayden Kenny,56,61,6,1,c&b: S Syed
13,4th,1st DAN vs 1st MEL,1st DAN,1st MEL,Josh Benson,23,25,2,0,not out
13,4th,1st DAN vs 1st MEL,1st DAN,1st MEL,Ben Griffin,10,11,0,0,not out
13,4th,1st DAN vs 1st MEL,1st DAN,1st MEL,Frederick Imhoff,,,,,did not bat
13,4th,1st DAN vs 1st MEL,1st DAN,1st MEL,Charlie Jackson,,,,,did not bat
13,4th,1st DAN vs 1st MEL,1st DAN,1st MEL,Jake La Brooy,,,,,did not bat
13,4th,1st DAN vs 1st MEL,1st DAN,1st MEL,Andrew Reid Dick,,,,,did not bat
13,4th,1st DAN vs 1st MEL,1st DAN,1st MEL,LEITH SALWATHURA,,,,,did not bat
13,4th,1st DAN vs 1st MEL,1st DAN,1st MEL,Trent Thompson,,,,,did not bat
13,4th,1st DAN vs 1st MEL,1st DAN,2nd DAN,Shaun Thomas,11,36,0,0,c: T Thompson b: A Reid Dick
13,4th,1st DAN vs 1st MEL,1st DAN,2nd DAN,Flynn Dexter,18,30,0,0,c: A McCooke b: T Thompson
13,4th,1st DAN vs 1st MEL,1st DAN,2nd DAN,Anagh Wadhwa,13,96,1,0,c: J Benson b: T Thompson
13,4th,1st DAN vs 1st MEL,1st DAN,2nd DAN,Jaikar Singh Araich,37,44,7,0,c: T Thompson b: C Jackson
13,4th,1st DAN vs 1st MEL,1st DAN,2nd DAN,Mohammed Abedi,44,72,5,0,c: L SALWATHURA b: C Jackson
13,4th,1st DAN vs 1st MEL,1st DAN,2nd DAN,Sultan Syed,,1,0,0,lbw: T Thompson
13,4th,1st DAN vs 1st MEL,1st DAN,2nd DAN,Muhammad Ayaz,14,39,1,0,c: A McCooke b: A Reid Dick
13,4th,1st DAN vs 1st MEL,1st DAN,2nd DAN,Prathik Balachandhar,7,25,0,0,not out
13,4th,1st DAN vs 1st MEL,1st DAN,2nd DAN,Sayed Masroor,,2,0,0,b: J La Brooy
13,4th,1st DAN vs 1st MEL,1st DAN,2nd DAN,Deep Jhajj,1,4,0,0,c: J Benson b: A Reid Dick
13,4th,1st DAN vs 1st MEL,1st DAN,2nd DAN,Paarth Pandey,,0,0,0,retired not out
13,4th,1st DAN vs 1st MEL,1st DAN,2nd MEL,Alistair McCooke,16,26,2,0,not out
13,4th,1st DAN vs 1st MEL,1st DAN,2nd MEL,Hayden Kenny,26,28,5,0,not out
13,4th,1st DAN vs 1st MEL,1st DAN,2nd MEL,Johnathon Aikins,,,,,did not bat
13,4th,1st DAN vs 1st MEL,1st DAN,2nd MEL,Josh Benson,,,,,did not bat
13,4th,1st DAN vs 1st MEL,1st DAN,2nd MEL,James Francis,,,,,did not bat
13,4th,1st DAN vs 1st MEL,1st DAN,2nd MEL,Ben Griffin,,,,,did not bat
13,4th,1st DAN vs 1st MEL,1st DAN,2nd MEL,Frederick Imhoff,,,,,did not bat
13,4th,1st DAN vs 1st MEL,1st DAN,2nd MEL,Charlie Jackson,,,,,did not bat
13,4th,1st DAN vs 1st MEL,1st DAN,2nd MEL,Jake La Brooy,,,,,did not bat
13,4th,1st DAN vs 1st MEL,1st DAN,2nd MEL,Andrew Reid Dick,,,,,did not bat
13,4th,1st DAN vs 1st MEL,1st DAN,2nd MEL,LEITH SALWATHURA,,,,,did not bat
13,4th,1st DAN vs 1st MEL,1st DAN,2nd MEL,Trent Thompson,,,,,did not bat
13,4th,1st CAR vs 1st CAM,1st CAM,1st CAR,Lewis Bouckley,6,22,1,0,b: R Capstick
13,4th,1st CAR vs 1st CAM,1st CAM,1st CAR,Jacob Davidson,45,108,7,0,run out (D Walker)
13,4th,1st CAR vs 1st CAM,1st CAM,1st CAR,Maximilian Dias,10,33,2,0,c: S Tadepalli b: J Webb
13,4th,1st CAR vs 1st CAM,1st CAM,1st CAR,Brayden Tracey,28,36,4,1,c: D Walker b: R Capstick
13,4th,1st CAR vs 1st CAM,1st CAM,1st CAR,Garry Bhour,94,97,12,3,c: b: J Webb
13,4th,1st CAR vs 1st CAM,1st CAM,1st CAR,Mubasheeruddin Jamal Mohammed,84,130,11,1,not out
13,4th,1st CAR vs 1st CAM,1st CAM,1st CAR,Salil Gudup,,8,0,0,b: A Ponnamperuma
13,4th,1st CAR vs 1st CAM,1st CAM,1st CAR,William Naughton,39,39,4,2,c: B Excell b: A Chopra
13,4th,1st CAR vs 1st CAM,1st CAM,1st CAR,Sid Nayak,8,16,1,0,b: A Chopra
13,4th,1st CAR vs 1st CAM,1st CAM,1st CAR,Zack Richardson,26,16,3,1,b: R Capstick
13,4th,1st CAR vs 1st CAM,1st CAM,1st CAR,Ashley Ward,1,3,0,0,not out
13,4th,1st CAR vs 1st CAM,1st CAM,1st CAR,Kyan Brasher,,,,,did not bat
13,4th,1st CAR vs 1st CAM,1st CAR,1st CAM,Yevin Koralege,2,33,0,0,c: A Ward b: K Brasher
13,4th,1st CAR vs 1st CAM,1st CAR,1st CAM,Karan Jacob,4,11,0,0,c: B Tracey b: Z Richardson
13,4th,1st CAR vs 1st CAM,1st CAR,1st CAM,Arya Gupta,30,59,4,0,c: Z Richardson b: G Bhour
13,4th,1st CAR vs 1st CAM,1st CAR,1st CAM,Sanjeev Tadepalli,1,13,0,0,b: Z Richardson
13,4th,1st CAR vs 1st CAM,1st CAR,1st CAM,Daniel Walker,,6,0,0,b: Z Richardson
13,4th,1st CAR vs 1st CAM,1st CAR,1st CAM,Adam Rixon,104,192,12,2,not out
13,4th,1st CAR vs 1st CAM,1st CAR,1st CAM,Benjamin Excell,25,49,2,2,lbw: G Bhour
13,4th,1st CAR vs 1st CAM,1st CAR,1st CAM,James Webb,11,31,2,0,b: Z Richardson
13,4th,1st CAR vs 1st CAM,1st CAR,1st CAM,Armaan Bedi,40,58,4,0,not out
13,4th,1st CAR vs 1st CAM,1st CAR,1st CAM,Robert Capstick,,,,,did not bat
13,4th,1st CAR vs 1st CAM,1st CAR,1st CAM,Arush Chopra,,,,,did not bat
13,4th,1st CAR vs 1st CAM,1st CAR,1st CAM,Anton Ponnamperuma,,,,,did not bat
13,4th,1st NOR vs 1st PRA,1st PRA,1st NOR,Imran Khan,26,92,4,0,c: C Graham b: L McGain
13,4th,1st NOR vs 1st PRA,1st PRA,1st NOR,Nathaniel Reichman,45,82,9,0,lbw: C Graham
13,4th,1st NOR vs 1st PRA,1st PRA,1st NOR,Yashen Sharma,9,29,1,0,c: L Pike b: C Graham
13,4th,1st NOR vs 1st PRA,1st PRA,1st NOR,Aryaman Bhardwaj,1,5,0,0,c&b: L McGain
13,4th,1st NOR vs 1st PRA,1st PRA,1st NOR,Ananya Goswami,37,98,7,0,lbw: T Purcell
13,4th,1st NOR vs 1st PRA,1st PRA,1st NOR,Justin John,10,22,1,0,c: L Simpson b: L McGain
13,4th,1st NOR vs 1st PRA,1st PRA,1st NOR,Cameron FitzGerald,10,39,1,0,b: R Ravi
13,4th,1st NOR vs 1st PRA,1st PRA,1st NOR,Joshua Alonso,,4,0,0,c: A Pillay b: R Ravi
13,4th,1st NOR vs 1st PRA,1st PRA,1st NOR,Qasim Khan,11,17,2,0,lbw: L McGain
13,4th,1st NOR vs 1st PRA,1st PRA,1st NOR,James Elliott,25,45,5,0,not out
13,4th,1st NOR vs 1st PRA,1st PRA,1st NOR,Liam Rowley,8,26,1,0,b: R Ravi
13,4th,1st NOR vs 1st PRA,1st PRA,1st NOR,Japjeet Khaira,,,,,did not bat
13,4th,1st NOR vs 1st PRA,1st NOR,1st PRA,Rex Macalister,7,46,0,0,"run out (J John, J Khaira)"
13,4th,1st NOR vs 1st PRA,1st NOR,1st PRA,Lucas Pike,,7,0,0,run out (N Reichman)
13,4th,1st NOR vs 1st PRA,1st NOR,1st PRA,Angus Schlittler,64,199,9,1,c: A Goswami b: J Khaira
13,4th,1st NOR vs 1st PRA,1st NOR,1st PRA,Rushil Ravi,14,53,1,0,c: A Bhardwaj b: Q Khan
13,4th,1st NOR vs 1st PRA,1st NOR,1st PRA,Benjamin Sexton,30,52,6,0,c&b: Q Khan
13,4th,1st NOR vs 1st PRA,1st NOR,1st PRA,Charlie Graham,,3,0,0,b: J Khaira
13,4th,1st NOR vs 1st PRA,1st NOR,1st PRA,Luke Pearse,,6,0,0,c: C FitzGerald b: Q Khan
13,4th,1st NOR vs 1st PRA,1st NOR,1st PRA,Alexander Pillay,4,9,1,0,c: J Elliott b: Q Khan
13,4th,1st NOR vs 1st PRA,1st NOR,1st PRA,Lachlan Simpson,5,19,0,0,c: N Reichman b: L Rowley
13,4th,1st NOR vs 1st PRA,1st NOR,1st PRA,Liam McGain,3,30,0,0,lbw: Q Khan
13,4th,1st NOR vs 1st PRA,1st NOR,1st PRA,Thomas Purcell,0,10,0,0,not out
13,4th,1st NOR vs 1st PRA,1st NOR,1st PRA,Neil SCHLITTLER,,,,,did not bat
13,4th,1st CAS vs 1st RIN,1st RIN,1st CAS,Ayaan Thareja,,6,0,0,c: K Edirisinghe b: M Premaratne
13,4th,1st CAS vs 1st RIN,1st RIN,1st CAS,Lachlan Paul,52,139,8,0,lbw: M Premaratne
13,4th,1st CAS vs 1st RIN,1st RIN,1st CAS,Enrique Sidhu,35,56,8,0,c: L O`Brien b: S Wade
13,4th,1st CAS vs 1st RIN,1st RIN,1st CAS,Felix Howard,11,20,0,0,c: S Montgomery b: A Ariketty
13,4th,1st CAS vs 1st RIN,1st RIN,1st CAS,Siddharth Neelakantan,1,3,0,0,lbw: A Ariketty
13,4th,1st CAS vs 1st RIN,1st RIN,1st CAS,Ryan Gusain,5,29,0,0,c: E Horneman b: S Montgomery
13,4th,1st CAS vs 1st RIN,1st RIN,1st CAS,Crandel Siegelwin,42,82,4,0,c: K Edirisinghe b: L O`Brien
13,4th,1st CAS vs 1st RIN,1st RIN,1st CAS,Mohammad Mikail Farooqi,15,29,2,0,c: K Edirisinghe b: S Wade
13,4th,1st CAS vs 1st RIN,1st RIN,1st CAS,Anujan Vijayarajan,6,18,1,0,not out
13,4th,1st CAS vs 1st RIN,1st RIN,1st CAS,Mohammad NAJIBI,,3,0,0,b: S Wade
13,4th,1st CAS vs 1st RIN,1st RIN,1st CAS,Thomas Purcell,11,33,0,0,c: S Montgomery b: A Ariketty
13,4th,1st CAS vs 1st RIN,1st RIN,1st CAS,Rayaan Kochhar,,,,,did not bat
13,4th,1st CAS vs 1st RIN,1st CAS,1st RIN,Phoenix Beck,28,22,3,0,c: M Farooqi b: M NAJIBI
13,4th,1st CAS vs 1st RIN,1st CAS,1st RIN,Kenul Edirisinghe,8,16,1,0,c: F Howard b: C Siegelwin
13,4th,1st CAS vs 1st RIN,1st CAS,1st RIN,Aiyaan Ariketty,,2,0,0,b: C Siegelwin
13,4th,1st CAS vs 1st RIN,1st CAS,1st RIN,Jayden Rebeiro,8,30,1,0,c&b: C Siegelwin
13,4th,1st CAS vs 1st RIN,1st CAS,1st RIN,Ansh Sharma,,1,0,0,lbw: M NAJIBI
13,4th,1st CAS vs 1st RIN,1st CAS,1st RIN,Ranen Gandhi,43,105,6,0,st: F Howard b: M Farooqi
13,4th,1st CAS vs 1st RIN,1st CAS,1st RIN,Luke O`Brien,123,156,20,2,not out
13,4th,1st CAS vs 1st RIN,1st CAS,1st RIN,Xavier Noonan,51,58,9,0,c: E Sidhu b: T Purcell
13,4th,1st CAS vs 1st RIN,1st CAS,1st RIN,Michain Premaratne,12,14,2,0,not out
13,4th,1st FRA vs 1st GEE,1st GEE,1st FRA,Cooper Kennedy,1,13,0,0,c: F Grimsey-Cook b: J Antonenko
13,4th,1st FRA vs 1st GEE,1st GEE,1st FRA,ALEX CHANDLER,131,200,14,1,c: B Craig b: M Freijah
13,4th,1st FRA vs 1st GEE,1st GEE,1st FRA,Charlie Costa,32,41,7,0,"run out (F Grimsey-Cook, R Scott)"
13,4th,1st FRA vs 1st GEE,1st GEE,1st FRA,Harish Salwathura,22,45,4,0,c: T Agg b: X Fanning
13,4th,1st FRA vs 1st GEE,1st GEE,1st FRA,Jesse Jewiss,,5,0,0,st: R Scott b: X Fanning
13,4th,1st FRA vs 1st GEE,1st GEE,1st FRA,Max McLean,5,14,1,0,"run out (B Craig, R Scott)"
13,4th,1st FRA vs 1st GEE,1st GEE,1st FRA,Luke Perry,1,15,0,0,b: F Grimsey-Cook
13,4th,1st FRA vs 1st GEE,1st GEE,1st FRA,Aryandeep Singh,15,22,1,1,"run out (M Freijah, R Scott)"
13,4th,1st FRA vs 1st GEE,1st GEE,1st FRA,Jared Gibbs,34,80,4,0,not out
13,4th,1st FRA vs 1st GEE,1st GEE,1st FRA,Mitchell Gill-Furness,,2,0,0,lbw: M Freijah
13,4th,1st FRA vs 1st GEE,1st GEE,1st FRA,Joe Paulas,8,17,1,0,c: I Storrar b: F Grimsey-Cook
13,4th,1st FRA vs 1st GEE,1st GEE,1st FRA,Talal Shahzad,,,,,did not bat
13,4th,1st FRA vs 1st GEE,1st FRA,1st GEE,Ryder Scott,12,23,2,0,lbw: J Gibbs
13,4th,1st FRA vs 1st GEE,1st FRA,1st GEE,Brodie Craig,62,95,11,0,c: J Gibbs b: J Paulas
13,4th,1st FRA vs 1st GEE,1st FRA,1st GEE,Fletch Grimsey-Cook,,5,0,0,c: b: J Gibbs
13,4th,1st FRA vs 1st GEE,1st FRA,1st GEE,Nayan Balla,27,70,2,0,c: C Costa b: J Paulas
13,4th,1st FRA vs 1st GEE,1st FRA,1st GEE,Mark Freijah,,2,0,0,st: A CHANDLER b: J Paulas
13,4th,1st FRA vs 1st GEE,1st FRA,1st GEE,Clinton Peake,33,32,6,0,st: A CHANDLER b: J Paulas
13,4th,1st FRA vs 1st GEE,1st FRA,1st GEE,Izabella Storrar,2,4,0,0,b: M Gill-Furness
13,4th,1st FRA vs 1st GEE,1st FRA,1st GEE,Xavier Fanning,,9,0,0,c: A CHANDLER b: M Gill-Furness
13,4th,1st FRA vs 1st GEE,1st FRA,1st GEE,Zachary Coull,5,24,0,0,lbw: M Gill-Furness
13,4th,1st FRA vs 1st GEE,1st FRA,1st GEE,Jaryd Antonenko,4,13,1,0,c: M McLean b: J Paulas
13,4th,1st FRA vs 1st GEE,1st FRA,1st GEE,Josh Atkinson,3,12,0,0,not out
13,4th,1st FRA vs 1st GEE,1st FRA,1st GEE,Travis Agg,,,,,did not bat
13,4th,1st FRA vs 1st GEE,1st FRA,2nd FRA,Charlie Costa,,7,0,0,c: F Grimsey-Cook b: Z Coull
13,4th,1st FRA vs 1st GEE,1st FRA,2nd FRA,ALEX CHANDLER,11,14,2,0,c: C Peake b: Z Coull
13,4th,1st FRA vs 1st GEE,1st FRA,2nd FRA,Cooper Kennedy,6,18,1,0,c: R Scott b: Z Coull
13,4th,1st FRA vs 1st GEE,1st FRA,2nd FRA,Jesse Jewiss,12,41,2,0,not out
13,4th,1st FRA vs 1st GEE,1st FRA,2nd FRA,Max McLean,1,8,0,0,c: J Atkinson b: J Antonenko
13,4th,1st FRA vs 1st GEE,1st FRA,2nd FRA,Luke Perry,2,7,0,0,b: Z Coull
13,4th,1st FRA vs 1st GEE,1st FRA,2nd FRA,Aryandeep Singh,26,28,6,0,not out
13,4th,1st FRA vs 1st GEE,1st FRA,2nd FRA,Jared Gibbs,,,,,did not bat
13,4th,1st FRA vs 1st GEE,1st FRA,2nd FRA,Mitchell Gill-Furness,,,,,did not bat
13,4th,1st FRA vs 1st GEE,1st FRA,2nd FRA,Joe Paulas,,,,,did not bat
13,4th,1st FRA vs 1st GEE,1st FRA,2nd FRA,Harish Salwathura,,,,,did not bat
13,4th,1st FRA vs 1st GEE,1st FRA,2nd FRA,Talal Shahzad,,,,,did not bat
13,4th,1st GRE vs 1st MEL,1st MEL,1st GRE,Manuda Koku Hennedige,7,29,1,0,c&b: M Laurie
13,4th,1st GRE vs 1st MEL,1st MEL,1st GRE,Steve Bhagat,2,8,0,0,c: G Devpura b: T Perera
13,4th,1st GRE vs 1st MEL,1st MEL,1st GRE,Thisura Sooriyaaratchi,14,52,1,0,c: H du Toit b: M Richings
13,4th,1st GRE vs 1st MEL,1st MEL,1st GRE,Vindiya Bandara,5,17,0,0,c: T Arthur b: M Richings
13,4th,1st GRE vs 1st MEL,1st MEL,1st GRE,Jashan Jaura,21,53,1,0,c: T Rawlings b: E Yates
13,4th,1st GRE vs 1st MEL,1st MEL,1st GRE,Xavier Cooknell,1,7,0,0,c: H Lim b: T Arthur
13,4th,1st GRE vs 1st MEL,1st MEL,1st GRE,Dev Narayan Brijesh,15,40,2,0,c: T Arthur b: A Arora
13,4th,1st GRE vs 1st MEL,1st MEL,1st GRE,Joel Reid,1,10,0,0,c: H Lim b: A Arora
13,4th,1st GRE vs 1st MEL,1st MEL,1st GRE,Ollie Melville,5,27,0,0,c: T Arthur b: A Arora
13,4th,1st GRE vs 1st MEL,1st MEL,1st GRE,James Gray,12,31,1,0,not out
13,4th,1st GRE vs 1st MEL,1st MEL,1st GRE,Lueder de Podolinsky,4,30,0,0,c: T Rawlings b: T Perera
13,4th,1st GRE vs 1st MEL,1st MEL,1st GRE,Kobey Hunter,,,,,did not bat
13,4th,1st GRE vs 1st MEL,1st GRE,1st MEL,Tharindu Perera,17,20,2,0,c: J Jaura b: L de Podolinsky
13,4th,1st GRE vs 1st MEL,1st GRE,1st MEL,Gavinu Devpura,30,46,4,0,c: V Bandara b: K Hunter
13,4th,1st GRE vs 1st MEL,1st GRE,1st MEL,Toby Rawlings,,4,0,0,c: L de Podolinsky b: J Gray
13,4th,1st GRE vs 1st MEL,1st GRE,1st MEL,Shenan Dias,5,7,0,0,c: J Jaura b: K Hunter
13,4th,1st GRE vs 1st MEL,1st GRE,1st MEL,Torren Arthur,53,77,6,0,not out
13,4th,1st GRE vs 1st MEL,1st GRE,1st MEL,Henri du Toit,5,15,1,0,lbw: O Melville
13,4th,1st GRE vs 1st MEL,1st GRE,1st MEL,Harvey Redpath,13,17,3,0,lbw: O Melville
13,4th,1st GRE vs 1st MEL,1st GRE,1st MEL,Hayden Lim,52,42,6,0,not out
13,4th,1st GRE vs 1st MEL,1st GRE,1st MEL,Aryan Arora,,,,,did not bat
13,4th,1st GRE vs 1st MEL,1st GRE,1st MEL,Mitchell Laurie,,,,,did not bat
13,4th,1st GRE vs 1st MEL,1st GRE,1st MEL,Matthew Richings,,,,,did not bat
13,4th,1st GRE vs 1st MEL,1st GRE,1st MEL,Ethan Yates,,,,,did not bat
13,4th,1st GRE vs 1st MEL,1st GRE,2nd GRE,Manuda Koku Hennedige,8,23,1,0,c: S Dias b: T Perera
13,4th,1st GRE vs 1st MEL,1st GRE,2nd GRE,Steve Bhagat,4,9,1,0,b: M Laurie
13,4th,1st GRE vs 1st MEL,1st GRE,2nd GRE,Thisura Sooriyaaratchi,14,51,1,0,b: E Yates
13,4th,1st GRE vs 1st MEL,1st GRE,2nd GRE,James Gray,,2,0,0,c: G Devpura b: T Perera
13,4th,1st GRE vs 1st MEL,1st GRE,2nd GRE,Dev Narayan Brijesh,12,57,2,0,c: T Rawlings b: E Yates
13,4th,1st GRE vs 1st MEL,1st GRE,2nd GRE,Vindiya Bandara,,22,0,0,c: G Devpura b: M Richings
13,4th,1st GRE vs 1st MEL,1st GRE,2nd GRE,Xavier Cooknell,21,51,3,0,c: H du Toit b: E Yates
13,4th,1st GRE vs 1st MEL,1st GRE,2nd GRE,Jashan Jaura,1,10,0,0,lbw: E Yates
13,4th,1st GRE vs 1st MEL,1st GRE,2nd GRE,Ollie Melville,6,15,0,0,st: H du Toit b: E Yates
13,4th,1st GRE vs 1st MEL,1st GRE,2nd GRE,Lueder de Podolinsky,18,36,2,0,not out
13,4th,1st GRE vs 1st MEL,1st GRE,2nd GRE,Joel Reid,11,22,2,0,c: H Redpath b: E Yates
13,4th,1st GRE vs 1st MEL,1st GRE,2nd GRE,Kobey Hunter,,,,,did not bat
14,4th,1st CAS vs 1st RIC,1st RIC,1st CAS,Reshen Senevirathne,1,42,0,0,c: D Mihiripenna b: S Ahmadzai
14,4th,1st CAS vs 1st RIC,1st RIC,1st CAS,Lachlan Paul,1,28,0,0,c: E Stones b: J Ghotra
14,4th,1st CAS vs 1st RIC,1st RIC,1st CAS,Enrique Sidhu,14,27,3,0,c: G Fernando b: N Satyan
14,4th,1st CAS vs 1st RIC,1st RIC,1st CAS,Ayaan Thareja,,5,0,0,c: J Ghotra b: S Ahmadzai
14,4th,1st CAS vs 1st RIC,1st RIC,1st CAS,Felix Howard,41,42,6,0,c: E Stones b: J Sajeba
14,4th,1st CAS vs 1st RIC,1st RIC,1st CAS,Siddharth Neelakantan,7,12,0,1,c: C Box b: D Mihiripenna
14,4th,1st CAS vs 1st RIC,1st RIC,1st CAS,Mohammad Mikail Farooqi,,6,0,0,c: N Satyan b: J Sajeba
14,4th,1st CAS vs 1st RIC,1st RIC,1st CAS,Ryan Gusain,,11,0,0,c: J Ghotra b: D Mihiripenna
14,4th,1st CAS vs 1st RIC,1st RIC,1st CAS,Crandel Siegelwin,14,43,1,0,c: G Fernando b: D Mihiripenna
14,4th,1st CAS vs 1st RIC,1st RIC,1st CAS,Anujan Vijayarajan,15,37,3,0,c&b: J Ghotra
14,4th,1st CAS vs 1st RIC,1st RIC,1st CAS,Mohammad NAJIBI,4,3,1,0,not out
14,4th,1st CAS vs 1st RIC,1st RIC,1st CAS,Thomas Purcell,,,,,did not bat
14,4th,1st CAS vs 1st RIC,1st CAS,1st RIC,Lincoln Nicholls,43,79,8,0,c: L Paul b: A Vijayarajan
14,4th,1st CAS vs 1st RIC,1st CAS,1st RIC,Ethan Stones,4,5,1,0,c: F Howard b: C Siegelwin
14,4th,1st CAS vs 1st RIC,1st CAS,1st RIC,Dulith Mihiripenna,6,14,0,0,b: T Purcell
14,4th,1st CAS vs 1st RIC,1st CAS,1st RIC,Navnith Satyan,32,44,5,1,b: M Farooqi
14,4th,1st CAS vs 1st RIC,1st CAS,1st RIC,Tom Cashman,6,5,0,1,b: M Farooqi
14,4th,1st CAS vs 1st RIC,1st CAS,1st RIC,James Sajeba,1,2,0,0,c: R Gusain b: A Vijayarajan
14,4th,1st CAS vs 1st RIC,1st CAS,1st RIC,Cooper Box,,2,0,0,run out (A Thareja)
14,4th,1st CAS vs 1st RIC,1st CAS,1st RIC,Gishain Fernando,8,5,1,0,not out
14,4th,1st CAS vs 1st RIC,1st CAS,1st RIC,Jaskaran Ghotra,,1,0,0,c&b: M Farooqi
14,4th,1st CAS vs 1st RIC,1st CAS,1st RIC,Omid Rahman Ahmadzai,,1,0,0,b: M Farooqi
14,4th,1st CAS vs 1st RIC,1st CAS,1st RIC,Sajad Rahman Ahmadzai,,,,,did not bat
14,4th,1st CAS vs 1st RIC,1st CAS,1st RIC,Austin Bauer,,,,,did not bat
14,4th,1st CAS vs 1st RIC,1st CAS,2nd CAS,Reshen Senevirathne,1,8,0,0,b: T Cashman
14,4th,1st CAS vs 1st RIC,1st CAS,2nd CAS,Lachlan Paul,16,39,2,0,run out (N Satyan)
14,4th,1st CAS vs 1st RIC,1st CAS,2nd CAS,Mohammad Mikail Farooqi,9,20,2,0,c: C Box b: T Cashman
14,4th,1st CAS vs 1st RIC,1st CAS,2nd CAS,Enrique Sidhu,24,25,3,1,b: J Sajeba
14,4th,1st CAS vs 1st RIC,1st CAS,2nd CAS,Felix Howard,7,21,1,0,c: J Sajeba b: N Satyan
14,4th,1st CAS vs 1st RIC,1st CAS,2nd CAS,Siddharth Neelakantan,1,11,0,0,c&b: N Satyan
14,4th,1st CAS vs 1st RIC,1st CAS,2nd CAS,Ayaan Thareja,23,37,3,0,b: J Ghotra
14,4th,1st CAS vs 1st RIC,1st CAS,2nd CAS,Crandel Siegelwin,,5,0,0,c: C Box b: N Satyan
14,4th,1st CAS vs 1st RIC,1st CAS,2nd CAS,Ryan Gusain,55,59,7,2,c: A Bauer b: J Ghotra
14,4th,1st CAS vs 1st RIC,1st CAS,2nd CAS,Anujan Vijayarajan,,5,0,0,lbw: D Mihiripenna
14,4th,1st CAS vs 1st RIC,1st CAS,2nd CAS,Thomas Purcell,1,6,0,0,not out
14,4th,1st CAS vs 1st RIC,1st CAS,2nd CAS,Mohammad NAJIBI,,,,,did not bat
14,4th,1st CAS vs 1st RIC,1st CAS,2nd RIC,Lincoln Nicholls,77,77,13,1,not out
14,4th,1st CAS vs 1st RIC,1st CAS,2nd RIC,Gishain Fernando,8,14,2,0,c: R Senevirathne b: C Siegelwin
14,4th,1st CAS vs 1st RIC,1st CAS,2nd RIC,Dulith Mihiripenna,,2,0,0,lbw: C Siegelwin
14,4th,1st CAS vs 1st RIC,1st CAS,2nd RIC,Austin Bauer,4,3,1,0,c: b: C Siegelwin
14,4th,1st CAS vs 1st RIC,1st CAS,2nd RIC,Navnith Satyan,5,12,1,0,lbw: A Vijayarajan
14,4th,1st CAS vs 1st RIC,1st CAS,2nd RIC,Tom Cashman,15,30,1,0,b: C Siegelwin
14,4th,1st CAS vs 1st RIC,1st CAS,2nd RIC,Cooper Box,14,9,1,1,not out
14,4th,1st CAS vs 1st RIC,1st CAS,2nd RIC,Omid Rahman Ahmadzai,,,,,did not bat
14,4th,1st CAS vs 1st RIC,1st CAS,2nd RIC,Sajad Rahman Ahmadzai,,,,,did not bat
14,4th,1st CAS vs 1st RIC,1st CAS,2nd RIC,Jaskaran Ghotra,,,,,did not bat
14,4th,1st CAS vs 1st RIC,1st CAS,2nd RIC,Callum Power,,,,,did not bat
14,4th,1st CAS vs 1st RIC,1st CAS,2nd RIC,James Sajeba,,,,,did not bat
14,4th,1st CAS vs 1st RIC,1st CAS,2nd RIC,Ethan Stones,,,,,did not bat
14,4th,1st NOR vs 1st MEL,1st MEL,1st NOR,Imran Khan,1,9,0,0,c: R Epstein b: M Laurie
14,4th,1st NOR vs 1st MEL,1st MEL,1st NOR,Parvan Singh,12,20,2,0,c: R Epstein b: T Perera
14,4th,1st NOR vs 1st MEL,1st MEL,1st NOR,Yashen Sharma,,5,0,0,c: R Cramb b: M Laurie
14,4th,1st NOR vs 1st MEL,1st MEL,1st NOR,Aryaman Bhardwaj,12,16,1,1,c: G Devpura b: T Perera
14,4th,1st NOR vs 1st MEL,1st MEL,1st NOR,Ananya Goswami,4,36,0,0,c: G Devpura b: M Richings
14,4th,1st NOR vs 1st MEL,1st MEL,1st NOR,Justin John,,3,0,0,c: M Richings b: T Perera
14,4th,1st NOR vs 1st MEL,1st MEL,1st NOR,Cameron FitzGerald,1,33,0,0,c: H Lim b: T Arthur
14,4th,1st NOR vs 1st MEL,1st MEL,1st NOR,Joshua Alonso,7,35,0,0,b: T Arthur
14,4th,1st NOR vs 1st MEL,1st MEL,1st NOR,Akshay Khabarwal,6,25,0,0,c: H du Toit b: M Laurie
14,4th,1st NOR vs 1st MEL,1st MEL,1st NOR,James Elliott,7,19,1,0,b: M Laurie
14,4th,1st NOR vs 1st MEL,1st MEL,1st NOR,Liam Rowley,0,18,0,0,not out
14,4th,1st NOR vs 1st MEL,1st MEL,1st NOR,Japjeet Khaira,,,,,did not bat
14,4th,1st NOR vs 1st MEL,1st NOR,1st MEL,Tharindu Perera,1,7,0,0,c: C FitzGerald b: J Khaira
14,4th,1st NOR vs 1st MEL,1st NOR,1st MEL,Gavinu Devpura,,9,0,0,c: A Goswami b: J Khaira
14,4th,1st NOR vs 1st MEL,1st NOR,1st MEL,Toby Rawlings,2,5,0,0,c: J Elliott b: J Khaira
14,4th,1st NOR vs 1st MEL,1st NOR,1st MEL,Rafael Epstein,,1,0,0,b: J Khaira
14,4th,1st NOR vs 1st MEL,1st NOR,1st MEL,Torren Arthur,1,3,0,0,c: J Elliott b: L Rowley
14,4th,1st NOR vs 1st MEL,1st NOR,1st MEL,Henri du Toit,81,129,6,0,lbw: C FitzGerald
14,4th,1st NOR vs 1st MEL,1st NOR,1st MEL,Raph Cramb,55,125,3,1,c: Y Sharma b: J Elliott
14,4th,1st NOR vs 1st MEL,1st NOR,1st MEL,Hayden Lim,23,34,1,0,not out
14,4th,1st NOR vs 1st MEL,1st NOR,2nd NOR,Imran Khan,12,0,1,0,not out
14,4th,1st NOR vs 1st MEL,1st NOR,2nd NOR,Parvan Singh,4,0,0,0,c: H Lim b: M Laurie
14,4th,1st NOR vs 1st MEL,1st NOR,2nd NOR,Yashen Sharma,11,0,0,0,not out
14,4th,1st FIT vs 1st ESS,1st ESS,1st FIT,Keshav Kaushik,15,45,0,0,c: S Simhadri b: P Edirisinghe
14,4th,1st FIT vs 1st ESS,1st ESS,1st FIT,Harrison Sheers,3,12,0,0,c: b: G Martindale
14,4th,1st FIT vs 1st ESS,1st ESS,1st FIT,Armaan Datta,,18,0,0,c: H Hegazy b: P Edirisinghe
14,4th,1st FIT vs 1st ESS,1st ESS,1st FIT,Lucas Hales,96,159,12,1,c: K Chandak b: H Hegazy
14,4th,1st FIT vs 1st ESS,1st ESS,1st FIT,Neel Malangi,14,47,1,0,c: D Ali b: K Chandak
14,4th,1st FIT vs 1st ESS,1st ESS,1st FIT,Harsh Sinha,33,72,4,0,"run out (H Hegazy, S Edirisinghe)"
14,4th,1st FIT vs 1st ESS,1st ESS,1st FIT,Alex Cole,88,74,8,3,not out
14,4th,1st FIT vs 1st ESS,1st ESS,1st FIT,Lachlan Rees,60,51,9,1,c: S Simhadri b: S Shafquat
14,4th,1st FIT vs 1st ESS,1st ESS,1st FIT,Samuel Hoyne,2,4,0,0,c: S Simhadri b: P Edirisinghe
14,4th,1st FIT vs 1st ESS,1st ESS,1st FIT,Joseph Dossor,2,3,0,0,not out
14,4th,1st FIT vs 1st ESS,1st ESS,1st FIT,Jamie Blacker,,,,,did not bat
14,4th,1st FIT vs 1st ESS,1st ESS,1st FIT,Nicholas Sheridan,,,,,did not bat
14,4th,1st FIT vs 1st ESS,1st FIT,1st ESS,Pahul Singh Sodhi,2,11,0,0,c: L Rees b: S Hoyne
14,4th,1st FIT vs 1st ESS,1st FIT,1st ESS,Viraaj Aulakh,4,11,0,0,lbw: N Sheridan
14,4th,1st FIT vs 1st ESS,1st FIT,1st ESS,Hady Hegazy,13,28,1,0,c: A Datta b: S Hoyne
14,4th,1st FIT vs 1st ESS,1st FIT,1st ESS,Dilawar Ali,32,49,4,1,lbw: J Blacker
14,4th,1st FIT vs 1st ESS,1st FIT,1st ESS,Sandula Edirisinghe,31,63,2,2,b: L Rees
14,4th,1st FIT vs 1st ESS,1st FIT,1st ESS,Samin Shafquat,50,59,7,0,c: H Sinha b: A Cole
14,4th,1st FIT vs 1st ESS,1st FIT,1st ESS,Sai Shail Simhadri,9,52,1,0,c: A Cole b: S Hoyne
14,4th,1st FIT vs 1st ESS,1st FIT,1st ESS,Krishna Chandak,13,19,2,0,b: J Dossor
14,4th,1st FIT vs 1st ESS,1st FIT,1st ESS,George Martindale,26,83,3,1,not out
14,4th,1st FIT vs 1st ESS,1st FIT,1st ESS,Prageeth Edirisinghe,14,20,1,1,c: L Hales b: L Rees
14,4th,1st FIT vs 1st ESS,1st FIT,1st ESS,George Dikeos,12,28,2,0,c: b: S Hoyne
14,4th,1st FIT vs 1st ESS,1st FIT,1st ESS,Abhayveer Uppal,,,,,did not bat
14,4th,1st KIN vs 1st FRA,1st FRA,1st KIN,Dihein Fernando,45,114,7,0,c: b: J George
14,4th,1st KIN vs 1st FRA,1st FRA,1st KIN,Keiran Mant,,17,0,0,b: J Gibbs
14,4th,1st KIN vs 1st FRA,1st FRA,1st KIN,Jack Chamberlain,15,30,1,0,c: L Perry b: M Gill-Furness
14,4th,1st KIN vs 1st FRA,1st FRA,1st KIN,Dan Lambert,16,46,3,0,c&b: J Paulas
14,4th,1st KIN vs 1st FRA,1st FRA,1st KIN,Jason McNiece,10,23,2,0,c: L Perry b: J George
14,4th,1st KIN vs 1st FRA,1st FRA,1st KIN,Steve Ralph,6,33,1,0,c: b: A Singh
14,4th,1st KIN vs 1st FRA,1st FRA,1st KIN,Jahan Saidi,19,32,0,2,c: b: A Singh
14,4th,1st KIN vs 1st FRA,1st FRA,1st KIN,Ryan Schonewille,,3,0,0,b: J Paulas
14,4th,1st KIN vs 1st FRA,1st FRA,1st KIN,Cooper White,3,11,0,0,not out
14,4th,1st KIN vs 1st FRA,1st FRA,1st KIN,Fisher O’Brien,,2,0,0,b: A Singh
14,4th,1st KIN vs 1st FRA,1st FRA,1st KIN,Caleb Kurzke,,6,0,0,b: A Singh
14,4th,1st KIN vs 1st FRA,1st KIN,1st FRA,Charlie Costa,20,27,3,1,c: D Fernando b: R Schonewille
14,4th,1st KIN vs 1st FRA,1st KIN,1st FRA,Cooper Kennedy,3,11,0,0,run out (F O’Brien)
14,4th,1st KIN vs 1st FRA,1st KIN,1st FRA,Jesse Jewiss,54,70,5,3,not out
14,4th,1st KIN vs 1st FRA,1st KIN,1st FRA,Aryandeep Singh,40,42,2,2,c: S Ralph b: C Kurzke
14,4th,1st KIN vs 1st FRA,1st KIN,1st FRA,Max McLean,2,8,0,0,not out
14,4th,1st KIN vs 1st FRA,1st KIN,1st FRA,Jared Gibbs,,,,,did not bat
14,4th,1st KIN vs 1st FRA,1st KIN,1st FRA,Jarryd Parker,,,,,did not bat
14,4th,1st KIN vs 1st FRA,1st KIN,1st FRA,Jerome George,,,,,did not bat
14,4th,1st KIN vs 1st FRA,1st KIN,1st FRA,Joe Paulas,,,,,did not bat
14,4th,1st KIN vs 1st FRA,1st KIN,1st FRA,Luke Perry,,,,,did not bat
14,4th,1st KIN vs 1st FRA,1st KIN,1st FRA,Mitchell Gill-Furness,,,,,did not bat
14,4th,1st KIN vs 1st FRA,1st KIN,2nd KIN,Dihein Fernando,12,27,1,0,b: J Gibbs
14,4th,1st KIN vs 1st FRA,1st KIN,2nd KIN,Keiran Mant,,2,0,0,c&b: A Singh
14,4th,1st KIN vs 1st FRA,1st KIN,2nd KIN,Dan Lambert,12,69,2,0,c: b: J George
14,4th,1st KIN vs 1st FRA,1st KIN,2nd KIN,Jason McNiece,3,21,0,0,b: J Gibbs
14,4th,1st KIN vs 1st FRA,1st KIN,2nd KIN,Ryan Schonewille,2,23,0,0,b: A Singh
14,4th,1st KIN vs 1st FRA,1st KIN,2nd KIN,Cooper White,4,31,1,0,b: J George
14,4th,1st KIN vs 1st FRA,1st KIN,2nd KIN,Steve Ralph,7,22,1,0,b: J Paulas
14,4th,1st KIN vs 1st FRA,1st KIN,2nd KIN,Fisher O’Brien,,5,0,0,c: b: J Paulas
14,4th,1st KIN vs 1st FRA,1st KIN,2nd KIN,Caleb Kurzke,,8,0,0,lbw: J Paulas
14,4th,1st KIN vs 1st FRA,1st KIN,2nd KIN,John R Noonan,0,1,0,0,not out
14,4th,1st KIN vs 1st FRA,1st KIN,2nd KIN,Jahan Saidi,,,,,did not bat
14,4th,1st KIN vs 1st FRA,1st KIN,2nd FRA,Tom Bath,21,20,4,0,b: R Schonewille
14,4th,1st KIN vs 1st FRA,1st KIN,2nd FRA,Cooper Kennedy,11,25,1,0,not out
14,4th,1st KIN vs 1st FRA,1st KIN,2nd FRA,Luke Perry,12,22,2,0,not out
14,4th,1st DAN vs 1st CAR,1st CAR,1st DAN,Flynn Dexter,7,47,1,0,c: b: L Dench
14,4th,1st DAN vs 1st CAR,1st CAR,1st DAN,Musaa Rawani,,11,0,0,b: Z Richardson
14,4th,1st DAN vs 1st CAR,1st CAR,1st DAN,Shaun Thomas,,6,0,0,c: b: K Brasher
14,4th,1st DAN vs 1st CAR,1st CAR,1st DAN,Shehzad Singh,93,124,11,3,c: B Tracey b: K Brasher
14,4th,1st DAN vs 1st CAR,1st CAR,1st DAN,Jaikar Singh Araich,,2,0,0,lbw: L Dench
14,4th,1st DAN vs 1st CAR,1st CAR,1st DAN,Mohammed Abedi,5,23,1,0,c: b: Z Richardson
14,4th,1st DAN vs 1st CAR,1st CAR,1st DAN,Sultan Syed,,10,0,0,b: Z Richardson
14,4th,1st DAN vs 1st CAR,1st CAR,1st DAN,Anagh Wadhwa,20,98,3,0,c: B Tracey b: M Mohammed
14,4th,1st DAN vs 1st CAR,1st CAR,1st DAN,Muhammad Ayaz,,2,0,0,c: L Bouckley b: K Brasher
14,4th,1st DAN vs 1st CAR,1st CAR,1st DAN,Sayed Masroor,,6,0,0,c: B Tracey b: K Brasher
14,4th,1st DAN vs 1st CAR,1st CAR,1st DAN,Deep Jhajj,0,3,0,0,not out
14,4th,1st DAN vs 1st CAR,1st CAR,1st DAN,Paarth Pandey,,,,,did not bat
14,4th,1st DAN vs 1st CAR,1st DAN,1st CAR,Lewis Bouckley,78,67,10,2,not out
14,4th,1st DAN vs 1st CAR,1st DAN,1st CAR,Jacob Davidson,7,26,0,0,c: b: M Ayaz
14,4th,1st DAN vs 1st CAR,1st DAN,1st CAR,Garry Bhour,78,39,10,4,not out
14,4th,1st DAN vs 1st CAR,1st DAN,1st CAR,Kyan Brasher,,,,,did not bat
14,4th,1st DAN vs 1st CAR,1st DAN,1st CAR,Leo Dench,,,,,did not bat
14,4th,1st DAN vs 1st CAR,1st DAN,1st CAR,Maximilian Dias,,,,,did not bat
14,4th,1st DAN vs 1st CAR,1st DAN,1st CAR,Aussie McIlwaine,,,,,did not bat
14,4th,1st DAN vs 1st CAR,1st DAN,1st CAR,Mubasheeruddin Jamal Mohammed,,,,,did not bat
14,4th,1st DAN vs 1st CAR,1st DAN,1st CAR,William Naughton,,,,,did not bat
14,4th,1st DAN vs 1st CAR,1st DAN,1st CAR,Zack Richardson,,,,,did not bat
14,4th,1st DAN vs 1st CAR,1st DAN,1st CAR,Brayden Tracey,,,,,did not bat
14,4th,1st DAN vs 1st CAR,1st DAN,1st CAR,Ashley Ward,,,,,did not bat
14,4th,1st DAN vs 1st CAR,1st DAN,2nd DAN,Shaun Thomas,4,27,0,0,c: L Bouckley b: Z Richardson
14,4th,1st DAN vs 1st CAR,1st DAN,2nd DAN,Flynn Dexter,,4,0,0,lbw: K Brasher
14,4th,1st DAN vs 1st CAR,1st DAN,2nd DAN,Musaa Rawani,9,39,0,0,b: L Dench
14,4th,1st DAN vs 1st CAR,1st DAN,2nd DAN,Shehzad Singh,14,24,2,0,c: b: A Ward
14,4th,1st DAN vs 1st CAR,1st DAN,2nd DAN,Jaikar Singh Araich,23,27,2,0,c: b: A Ward
14,4th,1st DAN vs 1st CAR,1st DAN,2nd DAN,Mohammed Abedi,11,58,0,0,c: A McIlwaine b: M Mohammed
14,4th,1st DAN vs 1st CAR,1st DAN,2nd DAN,Sultan Syed,9,15,0,1,c: B Tracey b: G Bhour
14,4th,1st DAN vs 1st CAR,1st DAN,2nd DAN,Anagh Wadhwa,27,51,4,0,c: L Bouckley b: Z Richardson
14,4th,1st DAN vs 1st CAR,1st DAN,2nd DAN,Muhammad Ayaz,7,40,0,0,not out
14,4th,1st DAN vs 1st CAR,1st DAN,2nd DAN,Sayed Masroor,8,13,2,0,b: Z Richardson
14,4th,1st DAN vs 1st CAR,1st DAN,2nd DAN,Deep Jhajj,2,7,0,0,c: B Tracey b: Z Richardson
14,4th,1st DAN vs 1st CAR,1st DAN,2nd DAN,Paarth Pandey,,,,,did not bat
14,4th,1st DAN vs 1st CAR,1st DAN,2nd CAR,Lewis Bouckley,,3,0,0,c: b: M Ayaz
14,4th,1st DAN vs 1st CAR,1st DAN,2nd CAR,Jacob Davidson,9,43,1,0,not out
14,4th,1st DAN vs 1st CAR,1st DAN,2nd CAR,Garry Bhour,75,37,4,7,not out
14,4th,1st DAN vs 1st CAR,1st DAN,2nd CAR,Kyan Brasher,,,,,did not bat
14,4th,1st DAN vs 1st CAR,1st DAN,2nd CAR,Leo Dench,,,,,did not bat
14,4th,1st DAN vs 1st CAR,1st DAN,2nd CAR,Maximilian Dias,,,,,did not bat
14,4th,1st DAN vs 1st CAR,1st DAN,2nd CAR,Aussie McIlwaine,,,,,did not bat
14,4th,1st DAN vs 1st CAR,1st DAN,2nd CAR,Mubasheeruddin Jamal Mohammed,,,,,did not bat
14,4th,1st DAN vs 1st CAR,1st DAN,2nd CAR,William Naughton,,,,,did not bat
14,4th,1st DAN vs 1st CAR,1st DAN,2nd CAR,Zack Richardson,,,,,did not bat
14,4th,1st DAN vs 1st CAR,1st DAN,2nd CAR,Brayden Tracey,,,,,did not bat
14,4th,1st DAN vs 1st CAR,1st DAN,2nd CAR,Ashley Ward,,,,,did not bat
14,4th,1st MEL vs 1st CAM,1st CAM,1st MEL,Ben Griffin,24,76,4,0,c: C Grummitt b: R Capstick
14,4th,1st MEL vs 1st CAM,1st CAM,1st MEL,Alistair McCooke,,4,0,0,c: A Chopra b: R Capstick
14,4th,1st MEL vs 1st CAM,1st CAM,1st MEL,Johnathon Aikins,33,60,5,0,b: J Nevett
14,4th,1st MEL vs 1st CAM,1st CAM,1st MEL,James Francis,40,67,8,0,c: B Excell b: A Ponnamperuma
14,4th,1st MEL vs 1st CAM,1st CAM,1st MEL,Hayden Kenny,2,16,0,0,c: C Grummitt b: R Capstick
14,4th,1st MEL vs 1st CAM,1st CAM,1st MEL,LEITH SALWATHURA,100,154,13,0,not out
14,4th,1st MEL vs 1st CAM,1st CAM,1st MEL,Josh Benson,66,103,11,0,not out
14,4th,1st MEL vs 1st CAM,1st CAM,1st MEL,Charlie Jackson,,,,,did not bat
14,4th,1st MEL vs 1st CAM,1st CAM,1st MEL,Jake La Brooy,,,,,did not bat
14,4th,1st MEL vs 1st CAM,1st CAM,1st MEL,Andrew Reid Dick,,,,,did not bat
14,4th,1st MEL vs 1st CAM,1st CAM,1st MEL,Trent Thompson,,,,,did not bat
14,4th,1st MEL vs 1st CAM,1st CAM,1st MEL,Maxwell Tucker,,,,,did not bat
14,4th,1st MEL vs 1st CAM,1st CAM,1st MEL,Charlie Wolf,,,,,did not bat
14,4th,1st MEL vs 1st CAM,1st MEL,1st CAM,Karan Jacob,4,20,1,0,c: A Reid Dick b: T Thompson
14,4th,1st MEL vs 1st CAM,1st MEL,1st CAM,Arya Gupta,,18,0,0,b: J La Brooy
14,4th,1st MEL vs 1st CAM,1st MEL,1st CAM,Charlie Grummitt,20,30,3,0,c: J La Brooy b: B Griffin
14,4th,1st MEL vs 1st CAM,1st MEL,1st CAM,Daniel Walker,9,19,1,0,c: C Wolf b: B Griffin
14,4th,1st MEL vs 1st CAM,1st MEL,1st CAM,Yevin Koralege,,15,0,0,c: J Benson b: T Thompson
14,4th,1st MEL vs 1st CAM,1st MEL,1st CAM,Benjamin Excell,3,25,0,0,c: J La Brooy b: C Jackson
14,4th,1st MEL vs 1st CAM,1st MEL,1st CAM,Armaan Bedi,7,40,0,0,c: J Benson b: C Jackson
14,4th,1st MEL vs 1st CAM,1st MEL,1st CAM,James Webb,7,20,1,0,c: H Kenny b: B Griffin
14,4th,1st MEL vs 1st CAM,1st MEL,1st CAM,Anton Ponnamperuma,,1,0,0,c: B Griffin b: C Jackson
14,4th,1st MEL vs 1st CAM,1st MEL,1st CAM,Robert Capstick,7,13,1,0,c: B Griffin b: J La Brooy
14,4th,1st MEL vs 1st CAM,1st MEL,1st CAM,Arush Chopra,0,9,0,0,not out
14,4th,1st MEL vs 1st CAM,1st MEL,1st CAM,Joshua Nevett,,,,,did not bat
14,4th,1st MEL vs 1st CAM,1st MEL,2nd CAM,Arya Gupta,12,10,2,0,c: J Benson b: A Reid Dick
14,4th,1st MEL vs 1st CAM,1st MEL,2nd CAM,Karan Jacob,17,49,2,0,b: B Griffin
14,4th,1st MEL vs 1st CAM,1st MEL,2nd CAM,Arush Chopra,9,22,1,0,c: A Reid Dick b: J La Brooy
14,4th,1st MEL vs 1st CAM,1st MEL,2nd CAM,Anton Ponnamperuma,56,86,7,1,c&b: J La Brooy
14,4th,1st MEL vs 1st CAM,1st MEL,2nd CAM,Charlie Grummitt,6,15,0,0,b: J La Brooy
14,4th,1st MEL vs 1st CAM,1st MEL,2nd CAM,Benjamin Excell,4,40,0,0,c: J Benson b: L SALWATHURA
14,4th,1st MEL vs 1st CAM,1st MEL,2nd CAM,Daniel Walker,33,45,6,0,not out
14,4th,1st MEL vs 1st CAM,1st MEL,2nd CAM,Yevin Koralege,0,4,0,0,not out
14,4th,1st MEL vs 1st CAM,1st MEL,2nd CAM,Armaan Bedi,,,,,did not bat
14,4th,1st MEL vs 1st CAM,1st MEL,2nd CAM,Robert Capstick,,,,,did not bat
14,4th,1st MEL vs 1st CAM,1st MEL,2nd CAM,Joshua Nevett,,,,,did not bat
14,4th,1st MEL vs 1st CAM,1st MEL,2nd CAM,James Webb,,,,,did not bat
14,4th,1st PRA vs 1st FOO,1st FOO,1st PRA,Rex Macalister,27,73,4,0,b: M Netto
14,4th,1st PRA vs 1st FOO,1st FOO,1st PRA,Charlie Graham,31,54,3,0,c: R Bidur S b: J Norsetter
14,4th,1st PRA vs 1st FOO,1st FOO,1st PRA,Angus Schlittler,18,64,3,0,lbw: S Shanbhag
14,4th,1st PRA vs 1st FOO,1st FOO,1st PRA,Benjamin Sexton,38,130,3,0,b: A Pizaro
14,4th,1st PRA vs 1st FOO,1st FOO,1st PRA,Luke Pearse,7,38,1,0,c: K Lake b: L Sutton
14,4th,1st PRA vs 1st FOO,1st FOO,1st PRA,Alexander Pillay,13,49,1,0,st: K Lake b: S Shanbhag
14,4th,1st PRA vs 1st FOO,1st FOO,1st PRA,William Brasch,4,26,0,0,run out (S Shanbhag)
14,4th,1st PRA vs 1st FOO,1st FOO,1st PRA,Lachlan Simpson,9,45,0,0,c: b: S Shanbhag
14,4th,1st PRA vs 1st FOO,1st FOO,1st PRA,Jack Oborne,1,9,0,0,c&b: S Shanbhag
14,4th,1st PRA vs 1st FOO,1st FOO,1st PRA,Neil SCHLITTLER,5,10,1,0,b: A Pizaro
14,4th,1st PRA vs 1st FOO,1st FOO,1st PRA,Liam McGain,0,5,0,0,not out
14,4th,1st PRA vs 1st FOO,1st FOO,1st PRA,Thomas Purcell,,,,,did not bat
14,4th,1st PRA vs 1st FOO,1st PRA,1st FOO,Rhyan Bidur S,,14,0,0,b: T Purcell
14,4th,1st PRA vs 1st FOO,1st PRA,1st FOO,William Pizaro,1,15,0,0,lbw: T Purcell
14,4th,1st PRA vs 1st FOO,1st PRA,1st FOO,Kai O’Hehir,25,51,1,1,c: A Schlittler b: L McGain
14,4th,1st PRA vs 1st FOO,1st PRA,1st FOO,Abhishek Beniwal,20,60,0,1,c: T Purcell b: L McGain
14,4th,1st PRA vs 1st FOO,1st PRA,1st FOO,Ryan Coonan,4,11,1,0,c: C Graham b: B Sexton
14,4th,1st PRA vs 1st FOO,1st PRA,1st FOO,Oscar Florentine,,1,0,0,c: L Simpson b: T Purcell
14,4th,1st PRA vs 1st FOO,1st PRA,1st FOO,Joshua Norsetter,67,82,6,2,c: B Sexton b: L McGain
14,4th,1st PRA vs 1st FOO,1st PRA,1st FOO,Matthew Netto,56,100,3,1,c: N SCHLITTLER b: A Schlittler
14,4th,1st PRA vs 1st FOO,1st PRA,1st FOO,Andrew Pizaro,2,6,0,0,b: C Graham
14,4th,1st PRA vs 1st FOO,1st PRA,1st FOO,Ky Lake,14,19,1,0,not out
14,4th,1st PRA vs 1st FOO,1st PRA,1st FOO,Shlok Shanbhag,4,10,0,0,not out
14,4th,1st PRA vs 1st FOO,1st PRA,1st FOO,Liam Sutton,,,,,did not bat
14,4th,1st PRA vs 1st FOO,1st PRA,2nd PRA,Lachlan Simpson,39,46,4,1,not out
14,4th,1st PRA vs 1st FOO,1st PRA,2nd PRA,William Brasch,14,20,1,0,c: K Lake b: W Pizaro
14,4th,1st PRA vs 1st FOO,1st PRA,2nd PRA,Angus Schlittler,9,36,1,0,not out
14,4th,1st PRA vs 1st FOO,1st PRA,2nd PRA,Charlie Graham,,,,,did not bat
14,4th,1st PRA vs 1st FOO,1st PRA,2nd PRA,Rex Macalister,,,,,did not bat
14,4th,1st PRA vs 1st FOO,1st PRA,2nd PRA,Liam McGain,,,,,did not bat
14,4th,1st PRA vs 1st FOO,1st PRA,2nd PRA,Jack Oborne,,,,,did not bat
14,4th,1st PRA vs 1st FOO,1st PRA,2nd PRA,Luke Pearse,,,,,did not bat
14,4th,1st PRA vs 1st FOO,1st PRA,2nd PRA,Alexander Pillay,,,,,did not bat
14,4th,1st PRA vs 1st FOO,1st PRA,2nd PRA,Thomas Purcell,,,,,did not bat
14,4th,1st PRA vs 1st FOO,1st PRA,2nd PRA,Neil SCHLITTLER,,,,,did not bat
14,4th,1st PRA vs 1st FOO,1st PRA,2nd PRA,Benjamin Sexton,,,,,did not bat
14,4th,1st ST vs 1st RIN,1st RIN,1st ST,Charlie Atkins,17,23,2,0,c: L Payne b: M Premaratne
14,4th,1st ST vs 1st RIN,1st RIN,1st ST,George Reidy,,7,0,0,c: S Montgomery b: M Premaratne
14,4th,1st ST vs 1st RIN,1st RIN,1st ST,Jackson Martin,2,33,0,0,lbw: S Howell
14,4th,1st ST vs 1st RIN,1st RIN,1st ST,Callum Chasemore,75,135,11,1,b: M Premaratne
14,4th,1st ST vs 1st RIN,1st RIN,1st ST,Douglas Beckett,6,30,0,0,c: S Parab b: L O`Brien
14,4th,1st ST vs 1st RIN,1st RIN,1st ST,Oliver Entwisle,9,29,2,0,c: L O`Brien b: S Wade
14,4th,1st ST vs 1st RIN,1st RIN,1st ST,Avneet Ghuman,,4,0,0,c: L O`Brien b: S Wade
14,4th,1st ST vs 1st RIN,1st RIN,1st ST,Rishikesh Talwar,67,96,10,3,lbw: M Premaratne
14,4th,1st ST vs 1st RIN,1st RIN,1st ST,Arham Farooq,,2,0,0,lbw: M Premaratne
14,4th,1st ST vs 1st RIN,1st RIN,1st ST,Dylan Young,26,48,5,0,c: K Edirisinghe b: S Wade
14,4th,1st ST vs 1st RIN,1st RIN,1st ST,Steve Zayler,30,34,5,0,not out
14,4th,1st ST vs 1st RIN,1st RIN,1st ST,Tom Morris,,,,,did not bat
14,4th,1st ST vs 1st RIN,1st ST,1st RIN,Kenul Edirisinghe,67,94,8,3,lbw: A Ghuman
14,4th,1st ST vs 1st RIN,1st ST,1st RIN,Jayden Rebeiro,3,24,0,0,b: A Ghuman
14,4th,1st ST vs 1st RIN,1st ST,1st RIN,Aiyaan Ariketty,,12,0,0,lbw: A Ghuman
14,4th,1st ST vs 1st RIN,1st ST,1st RIN,Ansh Sharma,36,59,7,0,c: A Farooq b: D Young
14,4th,1st ST vs 1st RIN,1st ST,1st RIN,Luke O`Brien,18,47,3,0,c: b: D Young
14,4th,1st ST vs 1st RIN,1st ST,1st RIN,Shaunak Parab,10,22,1,0,b: A Ghuman
14,4th,1st ST vs 1st RIN,1st ST,1st RIN,Xavier Noonan,18,27,4,0,c: C Chasemore b: R Talwar
14,4th,1st ST vs 1st RIN,1st ST,1st RIN,Lachlan Payne,1,18,0,0,b: R Talwar
14,4th,1st ST vs 1st RIN,1st ST,1st RIN,Michain Premaratne,11,16,2,0,not out
14,4th,1st ST vs 1st RIN,1st ST,1st RIN,Sam Montgomery,,12,0,0,c: R Talwar b: A Ghuman
14,4th,1st ST vs 1st RIN,1st ST,1st RIN,Sam Howell,4,6,1,0,lbw: A Ghuman
14,4th,1st ST vs 1st RIN,1st ST,1st RIN,Sam Wade,,,,,did not bat
14,4th,1st ST vs 1st RIN,1st ST,2nd RIN,Shaunak Parab,0,0,0,0,not out
14,4th,1st ST vs 1st RIN,1st ST,2nd RIN,Kenul Edirisinghe,0,0,0,0,not out
14,4th,1st ST vs 1st RIN,1st ST,2nd RIN,Aiyaan Ariketty,,,,,did not bat
14,4th,1st ST vs 1st RIN,1st ST,2nd RIN,Sam Howell,,,,,did not bat
14,4th,1st ST vs 1st RIN,1st ST,2nd RIN,Sam Montgomery,,,,,did not bat
14,4th,1st ST vs 1st RIN,1st ST,2nd RIN,Xavier Noonan,,,,,did not bat
14,4th,1st ST vs 1st RIN,1st ST,2nd RIN,Luke O`Brien,,,,,did not bat
14,4th,1st ST vs 1st RIN,1st ST,2nd RIN,Lachlan Payne,,,,,did not bat
14,4th,1st ST vs 1st RIN,1st ST,2nd RIN,Michain Premaratne,,,,,did not bat
14,4th,1st ST vs 1st RIN,1st ST,2nd RIN,Jayden Rebeiro,,,,,did not bat
14,4th,1st ST vs 1st RIN,1st ST,2nd RIN,Ansh Sharma,,,,,did not bat
14,4th,1st ST vs 1st RIN,1st ST,2nd RIN,Sam Wade,,,,,did not bat
14,4th,1st GEE vs 1st GRE,1st GRE,1st GEE,Brodie Craig,19,0,3,0,c: S Bhagat b: K Hunter
14,4th,1st GEE vs 1st GRE,1st GRE,1st GEE,Nayan Balla,5,0,1,0,c: b: K Hunter
14,4th,1st GEE vs 1st GRE,1st GRE,1st GEE,Oscar Agg,,0,0,0,c: J Jaura b: K Hunter
14,4th,1st GEE vs 1st GRE,1st GRE,1st GEE,Fletch Grimsey-Cook,21,0,3,0,c: b: V Bandara
14,4th,1st GEE vs 1st GRE,1st GRE,1st GEE,Ryder Scott,13,0,1,0,lbw: O Melville
14,4th,1st GEE vs 1st GRE,1st GRE,1st GEE,Clinton Peake,13,0,0,0,b: J Reid
14,4th,1st GEE vs 1st GRE,1st GRE,1st GEE,Mark Freijah,35,0,4,0,b: S Bhagat
14,4th,1st GEE vs 1st GRE,1st GRE,1st GEE,Jarvis Holland,58,0,6,1,lbw: S Bhagat
14,4th,1st GEE vs 1st GRE,1st GRE,1st GEE,Zachary Coull,1,0,0,0,lbw: D Kalupahana
14,4th,1st GEE vs 1st GRE,1st GRE,1st GEE,Jaryd Antonenko,5,0,0,0,lbw: S Bhagat
14,4th,1st GEE vs 1st GRE,1st GRE,1st GEE,Josh Atkinson,1,0,0,0,not out
14,4th,1st GEE vs 1st GRE,1st GEE,1st GRE,Steve Bhagat,5,0,1,0,lbw: Z Coull
14,4th,1st GEE vs 1st GRE,1st GEE,1st GRE,Viman Fernando,,0,0,0,c: R Scott b: Z Coull
14,4th,1st GEE vs 1st GRE,1st GEE,1st GRE,Dev Narayan Brijesh,11,0,1,0,c: R Scott b: J Antonenko
14,4th,1st GEE vs 1st GRE,1st GEE,1st GRE,Joel Reid,1,0,0,0,c: b: J Antonenko
14,4th,1st GEE vs 1st GRE,1st GEE,1st GRE,James Gray,,0,0,0,c: b: J Antonenko
14,4th,1st GEE vs 1st GRE,1st GEE,1st GRE,Ollie Melville,,0,0,0,c: b: Z Coull
14,4th,1st GEE vs 1st GRE,1st GEE,1st GRE,Jashan Jaura,31,0,2,0,c: R Scott b: Z Coull
14,4th,1st GEE vs 1st GRE,1st GEE,1st GRE,Vindiya Bandara,10,0,2,0,c: Z Coull b: J Atkinson
14,4th,1st GEE vs 1st GRE,1st GEE,1st GRE,Rivi De Alwis,37,0,7,0,c: b: O Agg
14,4th,1st GEE vs 1st GRE,1st GEE,1st GRE,Kobey Hunter,4,0,1,0,b: Z Coull
14,4th,1st GEE vs 1st GRE,1st GEE,1st GRE,Dunitha Kalupahana,0,0,0,0,not out
14,4th,1st GEE vs 1st GRE,1st GEE,2nd GEE,Brodie Craig,6,0,0,0,c: D Brijesh b: J Gray
14,4th,1st GEE vs 1st GRE,1st GEE,2nd GEE,Oscar Agg,42,0,0,0,not out
14,4th,1st GEE vs 1st GRE,1st GEE,2nd GEE,Fletch Grimsey-Cook,7,0,0,0,c: D Brijesh b: J Gray
14,4th,1st GEE vs 1st GRE,1st GEE,2nd GEE,Ryder Scott,29,0,0,0,not out
14,4th,1st GEE vs 1st GRE,1st GEE,2nd GRE,Viman Fernando,,0,0,0,c: B Craig b: J Antonenko
14,4th,1st GEE vs 1st GRE,1st GEE,2nd GRE,Jashan Jaura,10,0,0,0,lbw: Z Coull
14,4th,1st GEE vs 1st GRE,1st GEE,2nd GRE,Rivi De Alwis,,0,0,0,c: M Freijah b: J Antonenko
14,4th,1st GEE vs 1st GRE,1st GEE,2nd GRE,Ansh Shah,18,0,0,0,lbw: Z Coull
14,4th,1st GEE vs 1st GRE,1st GEE,2nd GRE,Dev Narayan Brijesh,5,0,0,0,b: O Agg
14,4th,1st GEE vs 1st GRE,1st GEE,2nd GRE,Steve Bhagat,,0,0,0,c: N Balla b: Z Coull
14,4th,1st GEE vs 1st GRE,1st GEE,2nd GRE,Vindiya Bandara,13,0,0,0,"run out (F Grimsey-Cook, N Balla)"
14,4th,1st GEE vs 1st GRE,1st GEE,2nd GRE,Ollie Melville,10,0,0,0,not out
14,4th,1st GEE vs 1st GRE,1st GEE,2nd GRE,Joel Reid,20,0,0,0,not out
