round,grade,matchup,opposition,bowling_team,bowler_name,overs,maidens,runs,wickets,wides,no_balls
1,1st,CAS vs RIC,CAS,RIC,Austin Anlezark,3,,0,14,4.66,2
1,1st,CAS vs RIC,CAS,RIC,Joshua Sawrey,4,,0,27,6.75,0
1,1st,CAS vs RIC,CAS,RIC,Brendan Rose,4,,0,40,10.00,1
1,1st,CAS vs RIC,CAS,RIC,Sam Mills,4,,0,25,6.25,0
1,1st,CAS vs RIC,CAS,RIC,Jonathan D’Rozario,1,,0,13,13.00,0
1,1st,CAS vs RIC,CAS,RIC,Dhruval Parikh,4,,0,44,11.00,1
1,1st,CAS vs RIC,RIC,CAS,Akshay Ramkumar,2,,0,13,6.50,0
1,1st,CAS vs RIC,RIC,CAS,Finlay Gordon,2,,0,20,10.00,1
1,1st,CAS vs RIC,RIC,CAS,Ruwantha Kellapotha,2,,0,6,3.00,0
1,1st,CAS vs RIC,RIC,CAS,Harry Hoekstra,1,,0,13,13.00,0
1,1st,MEL vs PRA,MEL,PRA,Cam McClure,4,,0,28,7.00,3
1,1st,MEL vs PRA,MEL,PRA,Matt Wilcox,4,,0,41,10.25,0
1,1st,MEL vs PRA,MEL,PRA,Shenuka De Silva,4,,0,33,8.25,0
1,1st,MEL vs PRA,MEL,PRA,Lachlan Bangs,1,,0,12,12.00,1
1,1st,MEL vs PRA,MEL,PRA,Will Scott,3,,0,17,5.66,0
1,1st,MEL vs PRA,MEL,PRA,Cameron Hemp,4,,0,24,6.00,0
1,1st,MEL vs PRA,PRA,MEL,Douglas Warren,3.2,,0,23,6.90,5
1,1st,MEL vs PRA,PRA,MEL,Peter Hatzoglou,3,,0,22,7.33,0
1,1st,MEL vs PRA,PRA,MEL,Mark Stafford,1,,0,14,14.00,0
1,1st,MEL vs PRA,PRA,MEL,Jack Lyndon,2,,0,25,12.50,0
1,1st,MEL vs PRA,PRA,MEL,Yuvraj Singh,3,,0,24,8.00,0
1,1st,FIT vs FOO,FIT,FOO,Jay Vine,3,,0,16,5.33,0
1,1st,FIT vs FOO,FIT,FOO,Ben Roosenboom,4,,0,20,5.00,0
1,1st,FIT vs FOO,FIT,FOO,Max Birthisel,4,,0,31,7.75,0
1,1st,FIT vs FOO,FIT,FOO,Aiman Nadeem,2,,0,11,5.50,2
1,1st,FIT vs FOO,FIT,FOO,Dylan Brasher,3,,0,18,6.00,0
1,1st,FIT vs FOO,FIT,FOO,Bailey Toseland,4,,0,20,5.00,0
1,1st,FIT vs FOO,FOO,FIT,Samuel Elliott,3,,0,25,8.33,11
1,1st,FIT vs FOO,FOO,FIT,Harkirat Bajwa,3,,0,13,4.33,0
1,1st,FIT vs FOO,FOO,FIT,Miller Childs,2,,0,18,9.00,5
1,1st,FIT vs FOO,FOO,FIT,Liam Myott,3,,0,21,7.00,0
1,1st,FIT vs FOO,FOO,FIT,Braden Taeuber,1,,0,10,10.00,0
1,1st,FIT vs FOO,FOO,FIT,Ejaaz Alavi,1,,0,8,8.00,0
1,1st,FOO vs RIC,FOO,RIC,Joshua Sawrey,4,,0,16,4.00,1
1,1st,FOO vs RIC,FOO,RIC,Brendan Rose,4,,0,34,8.50,0
1,1st,FOO vs RIC,FOO,RIC,Dhruval Parikh,4,,0,19,4.75,0
1,1st,FOO vs RIC,FOO,RIC,Sam Mills,4,,0,27,6.75,0
1,1st,FOO vs RIC,FOO,RIC,Joshua Ash,4,,0,20,5.00,1
1,1st,FOO vs RIC,RIC,FOO,Jay Vine,2,,0,23,11.50,0
1,1st,FOO vs RIC,RIC,FOO,Ben Roosenboom,4,,0,23,5.75,0
1,1st,FOO vs RIC,RIC,FOO,Max Birthisel,3.2,,0,23,6.90,0
1,1st,FOO vs RIC,RIC,FOO,Aiman Nadeem,3,,0,25,8.33,1
1,1st,FOO vs RIC,RIC,FOO,Bailey Toseland,3,,0,20,6.66,0
1,1st,FOO vs RIC,RIC,FOO,Ashton Frost,1,,0,8,8.00,0
2,1st,1st NOR vs 1st PRA,1st NOR,1st PRA,Cam McClure,16.1,,3,31,1.91,1
2,1st,1st NOR vs 1st PRA,1st NOR,1st PRA,Brodie Symons,19,,3,49,2.57,1
2,1st,1st NOR vs 1st PRA,1st NOR,1st PRA,Matt Wilcox,22,,3,61,2.77,0
2,1st,1st NOR vs 1st PRA,1st NOR,1st PRA,Lachlan Bangs,13,,4,34,2.61,1
2,1st,1st NOR vs 1st PRA,1st NOR,1st PRA,Shenuka De Silva,21,,1,81,3.85,1
2,1st,1st NOR vs 1st PRA,1st NOR,1st PRA,Cameron Hemp,1,,0,2,2.00,0
2,1st,1st NOR vs 1st PRA,1st NOR,1st PRA,Damon Egan,0,,0,0,0.00,0
2,1st,1st NOR vs 1st PRA,1st NOR,1st PRA,Max Delaney,0,,0,0,0.00,0
2,1st,1st NOR vs 1st PRA,1st PRA,1st NOR,Jackson Smith,23.1,,6,93,4.01,1
2,1st,1st NOR vs 1st PRA,1st PRA,1st NOR,Archie Lalor,18,,6,59,3.27,0
2,1st,1st NOR vs 1st PRA,1st PRA,1st NOR,Sam Harbinson,13,,2,24,1.84,1
2,1st,1st NOR vs 1st PRA,1st PRA,1st NOR,Adam Howard,7,,2,27,3.85,0
2,1st,1st NOR vs 1st PRA,1st PRA,1st NOR,Joe Medew-Ewen,19,,3,52,2.73,0
2,1st,1st NOR vs 1st PRA,1st PRA,1st NOR,Tearan Gleeson,0,,0,0,0.00,0
2,1st,1st NOR vs 1st PRA,1st PRA,1st NOR,Jack Lalor,0,,0,0,0.00,0
2,1st,1st NOR vs 1st PRA,1st PRA,1st NOR,Joshua Sundberg,0,,0,0,0.00,0
2,1st,1st NOR vs 1st PRA,1st PRA,1st NOR,Will Blair,0,,0,0,0.00,0
2,1st,1st NOR vs 1st PRA,1st PRA,1st NOR,Aaron Crispe,0,,0,0,0.00,0
2,1st,1st ST vs 1st CAS,1st ST,1st CAS,Nathan Lambden,15,,3,70,4.66,1
2,1st,1st ST vs 1st CAS,1st ST,1st CAS,Harry Hoekstra,24,,8,93,3.87,1
2,1st,1st ST vs 1st CAS,1st ST,1st CAS,Muhammad Irfan,17,,3,52,3.05,0
2,1st,1st ST vs 1st CAS,1st ST,1st CAS,Finlay Gordon,24,,4,76,3.16,0
2,1st,1st ST vs 1st CAS,1st ST,1st CAS,Ashvin Adihetty,26,,4,61,2.34,0
2,1st,1st ST vs 1st CAS,1st ST,1st CAS,Chris Benedek,0,,0,0,0.00,0
2,1st,1st ST vs 1st CAS,1st ST,1st CAS,Yash Pednekar,0,,0,0,0.00,0
2,1st,1st ST vs 1st CAS,1st CAS,1st ST,Matthew Hennig,10.3,,0,46,4.38,0
2,1st,1st ST vs 1st CAS,1st CAS,1st ST,Luke Destito,15,,3,40,2.66,0
2,1st,1st ST vs 1st CAS,1st CAS,1st ST,Thomas Paddington,10,,2,26,2.60,0
2,1st,1st ST vs 1st CAS,1st CAS,1st ST,Will Lovell,20,,2,85,4.25,0
2,1st,1st ST vs 1st CAS,1st CAS,1st ST,Thomas Russ,14,,2,62,4.42,0
2,1st,1st ST vs 1st CAS,1st CAS,1st ST,James Seymour,11,,0,60,5.45,1
2,1st,1st ST vs 1st CAS,1st CAS,1st ST,Jack Cunnington,0,,0,0,0.00,0
2,1st,1st ST vs 1st CAS,1st CAS,1st ST,Adam Crosthwaite,0,,0,0,0.00,0
2,1st,1st FOO vs 1st MEL,1st FOO,1st MEL,Wilson McGillivray,19,,2,68,3.57,2
2,1st,1st FOO vs 1st MEL,1st FOO,1st MEL,Jack Sullivan,23,,2,78,3.39,1
2,1st,1st FOO vs 1st MEL,1st FOO,1st MEL,Glenn Hannah,17,,5,40,2.35,0
2,1st,1st FOO vs 1st MEL,1st FOO,1st MEL,Jonathan Merlo,20,,1,78,3.90,0
2,1st,1st FOO vs 1st MEL,1st FOO,1st MEL,Christian Howe,2,,0,13,6.50,0
2,1st,1st FOO vs 1st MEL,1st FOO,1st MEL,Rishi Desai,6,,0,26,4.33,0
2,1st,1st FOO vs 1st MEL,1st MEL,1st FOO,Ben Roosenboom,18,,3,72,4.00,0
2,1st,1st FOO vs 1st MEL,1st MEL,1st FOO,Liam Mason,16.1,,6,43,2.65,0
2,1st,1st FOO vs 1st MEL,1st MEL,1st FOO,Daniel Wilczynski,11,,0,63,5.72,1
2,1st,1st FOO vs 1st MEL,1st MEL,1st FOO,Jack Prestwidge,7,,0,35,5.00,1
2,1st,1st FOO vs 1st MEL,1st MEL,1st FOO,Max Birthisel,14,,2,37,2.64,0
2,1st,1st FOO vs 1st MEL,1st MEL,1st FOO,Jay Vine,11,,3,39,3.54,0
2,1st,1st FOO vs 1st MEL,1st MEL,1st FOO,Aiman Nadeem,3,,1,9,3.00,0
2,1st,1st FOO vs 1st MEL,1st MEL,1st FOO,Mitchell Jamieson,3,,0,11,3.66,0
2,1st,1st CAR vs 1st RIC,1st CAR,1st RIC,Austin Anlezark,17,,0,70,4.11,0
2,1st,1st CAR vs 1st RIC,1st CAR,1st RIC,Brendan Rose,14,,5,15,1.07,0
2,1st,1st CAR vs 1st RIC,1st CAR,1st RIC,Sam Mills,24,,8,76,3.16,0
2,1st,1st CAR vs 1st RIC,1st CAR,1st RIC,Joshua Sawrey,11,,3,29,2.63,0
2,1st,1st CAR vs 1st RIC,1st CAR,1st RIC,Jacob Hinds,9,,0,41,4.55,0
2,1st,1st CAR vs 1st RIC,1st CAR,1st RIC,Dhruval Parikh,21,,5,72,3.42,0
2,1st,1st CAR vs 1st RIC,1st CAR,1st RIC,Jonathan D’Rozario,10,,0,43,4.30,0
2,1st,1st CAR vs 1st RIC,1st RIC,1st CAR,Nicholas Brennan,5,,0,32,6.40,0
2,1st,1st CAR vs 1st RIC,1st RIC,1st CAR,Evan Gulbis,4,,0,17,4.25,0
2,1st,1st CAR vs 1st RIC,1st RIC,1st CAR,Connor Rutland,8,,0,32,4.00,1
2,1st,1st CAR vs 1st RIC,1st RIC,1st CAR,Cameron Stevenson,8,,0,33,4.12,0
2,1st,1st CAR vs 1st RIC,1st RIC,1st CAR,Michael Archer,2,,0,6,3.00,0
2,1st,1st CAR vs 1st RIC,1st RIC,1st CAR,Aryan J Sharma,1.5,,0,4,2.18,0
3,1st,1st FOO vs 1st PRA,1st FOO,1st PRA,Cam McClure,22,,6,45,2.04,0
3,1st,1st FOO vs 1st PRA,1st FOO,1st PRA,Brodie Symons,23.4,,2,86,3.63,1
3,1st,1st FOO vs 1st PRA,1st FOO,1st PRA,Matt Wilcox,21,,3,70,3.33,0
3,1st,1st FOO vs 1st PRA,1st FOO,1st PRA,Lachlan Bangs,8,,1,33,4.12,2
3,1st,1st FOO vs 1st PRA,1st FOO,1st PRA,Shenuka De Silva,23,,3,57,2.47,0
3,1st,1st FOO vs 1st PRA,1st FOO,1st PRA,Damon Malcolm,3,,0,7,2.33,0
3,1st,1st FOO vs 1st PRA,1st PRA,1st FOO,Ben Roosenboom,7,,3,18,2.57,0
3,1st,1st FOO vs 1st PRA,1st PRA,1st FOO,Liam Mason,6,,3,9,1.50,0
3,1st,1st FOO vs 1st PRA,1st PRA,1st FOO,Max Birthisel,20,,0,101,5.05,4
3,1st,1st FOO vs 1st PRA,1st PRA,1st FOO,Jay Vine,28,,2,74,2.64,0
3,1st,1st FOO vs 1st PRA,1st PRA,1st FOO,Bailey Toseland,26.1,,1,97,3.70,0
3,1st,1st CAR vs 1st CAS,1st CAR,1st CAS,Nathan Lambden,16,,0,71,4.43,2
3,1st,1st CAR vs 1st CAS,1st CAR,1st CAS,Harry Hoekstra,24,,7,42,1.75,0
3,1st,1st CAR vs 1st CAS,1st CAR,1st CAS,Muhammad Irfan,20,,7,56,2.80,0
3,1st,1st CAR vs 1st CAS,1st CAR,1st CAS,Ashvin Adihetty,15,,1,75,5.00,0
3,1st,1st CAR vs 1st CAS,1st CAR,1st CAS,Finlay Gordon,14,,0,74,5.28,0
3,1st,1st CAR vs 1st CAS,1st CAR,1st CAS,Lenny Wilton,1,,0,10,10.00,2
3,1st,1st CAR vs 1st CAS,1st CAR,1st CAS,Chris Benedek,0,,0,0,0.00,0
3,1st,1st CAR vs 1st CAS,1st CAR,1st CAS,Yash Pednekar,0,,0,0,0.00,0
3,1st,1st CAR vs 1st CAS,1st CAS,1st CAR,Nicholas Brennan,14,,2,43,3.07,0
3,1st,1st CAR vs 1st CAS,1st CAS,1st CAR,Evan Gulbis,19,,13,18,0.94,0
3,1st,1st CAR vs 1st CAS,1st CAS,1st CAR,Connor Rutland,12,,4,39,3.25,0
3,1st,1st CAR vs 1st CAS,1st CAS,1st CAR,Cameron Stevenson,20,,4,59,2.95,0
3,1st,1st CAR vs 1st CAS,1st CAS,1st CAR,Dominic Sullivan,3,,0,9,3.00,0
3,1st,1st CAR vs 1st CAS,1st CAS,1st CAR,Michael Archer,19,,3,45,2.36,0
3,1st,1st CAR vs 1st CAS,1st CAS,1st CAR,Tom Smyth,3,,0,10,3.33,0
3,1st,1st CAR vs 1st CAS,1st CAS,1st CAR,Aryan J Sharma,9,,2,15,1.66,0
3,1st,1st CAR vs 1st CAS,1st CAS,1st CAR,Harrison Smyth,0,,0,0,0.00,0
3,1st,1st CAR vs 1st CAS,1st CAS,1st CAR,Jagadeswara Koduru,0,,0,0,0.00,0
4,1st,1st CAS vs 1st MEL,1st CAS,1st MEL,Glenn Hannah,21,,2,72,3.42,0
4,1st,1st CAS vs 1st MEL,1st CAS,1st MEL,Wilson McGillivray,20,,4,70,3.50,2
4,1st,1st CAS vs 1st MEL,1st CAS,1st MEL,Christian Howe,10,,1,32,3.20,0
4,1st,1st CAS vs 1st MEL,1st CAS,1st MEL,Jonathan Merlo,14,,0,60,4.28,0
4,1st,1st CAS vs 1st MEL,1st CAS,1st MEL,Thomas Wrigglesworth,15,,1,79,5.26,0
4,1st,1st CAS vs 1st MEL,1st CAS,1st MEL,Rishi Desai,4,,0,30,7.50,0
4,1st,1st CAS vs 1st MEL,1st MEL,1st CAS,Nathan Lambden,18,,3,55,3.05,1
4,1st,1st CAS vs 1st MEL,1st MEL,1st CAS,Harry Hoekstra,29,,10,67,2.31,0
4,1st,1st CAS vs 1st MEL,1st MEL,1st CAS,Muhammad Irfan,27,,9,83,3.07,3
4,1st,1st CAS vs 1st MEL,1st MEL,1st CAS,Ashvin Adihetty,17,,7,25,1.47,0
4,1st,1st CAS vs 1st MEL,1st MEL,1st CAS,Finlay Gordon,11,,3,26,2.36,1
4,1st,1st CAS vs 1st MEL,1st MEL,1st CAS,Ashley Chandrasinghe,3,,0,4,1.33,0
4,1st,1st ST vs 1st FOO,1st ST,1st FOO,Max Birthisel,22.4,,3,78,3.44,1
4,1st,1st ST vs 1st FOO,1st ST,1st FOO,Liam Mason,17,,3,26,1.52,0
4,1st,1st ST vs 1st FOO,1st ST,1st FOO,Aiman Nadeem,11,,1,28,2.54,0
4,1st,1st ST vs 1st FOO,1st ST,1st FOO,Jay Vine,17,,0,59,3.47,0
4,1st,1st ST vs 1st FOO,1st ST,1st FOO,Daniel Wilczynski,11,,4,29,2.63,1
4,1st,1st ST vs 1st FOO,1st ST,1st FOO,Bailey Toseland,18,,3,49,2.72,0
4,1st,1st ST vs 1st FOO,1st ST,1st FOO,Dylan Brasher,4,,0,10,2.50,0
4,1st,1st ST vs 1st FOO,1st FOO,1st ST,Matthew Hennig,18,,4,54,3.00,0
4,1st,1st ST vs 1st FOO,1st FOO,1st ST,Luke Destito,20,,4,61,3.05,0
4,1st,1st ST vs 1st FOO,1st FOO,1st ST,Will Lovell,18.4,,6,51,2.73,0
4,1st,1st ST vs 1st FOO,1st FOO,1st ST,Thomas Paddington,13,,1,33,2.53,0
4,1st,1st ST vs 1st FOO,1st FOO,1st ST,James Seymour,7,,1,23,3.28,0
4,1st,1st ST vs 1st FOO,1st FOO,1st ST,Harry Dixon,2,,0,10,5.00,0
6,1st,CAR vs FOO,CAR,FOO,Ben Roosenboom,6,,0,16,2.66,0
6,1st,CAR vs FOO,CAR,FOO,Liam Mason,6,,1,37,6.16,8
6,1st,CAR vs FOO,CAR,FOO,Max Birthisel,5,,0,28,5.60,1
6,1st,CAR vs FOO,CAR,FOO,Jay Vine,6,,0,29,4.83,0
6,1st,CAR vs FOO,CAR,FOO,Aiman Nadeem,4,,0,24,6.00,0
6,1st,CAR vs FOO,CAR,FOO,Dylan Brasher,1,,0,8,8.00,0
6,1st,CAR vs FOO,FOO,CAR,Cameron Stevenson,6,,0,28,4.66,6
6,1st,CAR vs FOO,FOO,CAR,Aaron Smillie,6,,0,22,3.66,5
6,1st,CAR vs FOO,FOO,CAR,Tom Smyth,2,,0,11,5.50,0
6,1st,CAR vs FOO,FOO,CAR,Michael Archer,4,,0,22,5.50,1
6,1st,CAR vs FOO,FOO,CAR,Evan Gulbis,6,,0,24,4.00,0
6,1st,CAR vs FOO,FOO,CAR,Lucas Brasher,1,,0,11,11.00,0
6,1st,CAR vs FOO,FOO,CAR,Connor Rutland,3,,0,38,12.66,2
5,1st,1st ST vs 1st MEL,1st ST,1st MEL,Wilson McGillivray,13,,4,32,2.46,1
5,1st,1st ST vs 1st MEL,1st ST,1st MEL,Glenn Hannah,28,,8,50,1.78,2
5,1st,1st ST vs 1st MEL,1st ST,1st MEL,Joshua Driscoll,21,,5,71,3.38,0
5,1st,1st ST vs 1st MEL,1st ST,1st MEL,Jonathan Merlo,18.2,,2,49,2.67,0
5,1st,1st ST vs 1st MEL,1st ST,1st MEL,Christian Howe,11,,4,25,2.27,0
5,1st,1st ST vs 1st MEL,1st ST,1st MEL,Thomas Wrigglesworth,9,,1,28,3.11,0
5,1st,1st ST vs 1st MEL,1st ST,1st MEL,Blake Thomson,2,,0,5,2.50,0
5,1st,1st ST vs 1st MEL,1st MEL,1st ST,Matthew Hennig,13.1,,1,40,3.03,0
5,1st,1st ST vs 1st MEL,1st MEL,1st ST,Luke Destito,17,,7,32,1.88,0
5,1st,1st ST vs 1st MEL,1st MEL,1st ST,Will Lovell,11,,1,41,3.72,0
5,1st,1st ST vs 1st MEL,1st MEL,1st ST,Thomas Paddington,11,,3,29,2.63,0
5,1st,1st ST vs 1st MEL,1st MEL,1st ST,Thomas Russ,6,,0,16,2.66,0
5,1st,1st ST vs 1st MEL,2nd ST,1st ST,Glenn Hannah,12,,2,34,2.83,0
5,1st,1st ST vs 1st MEL,2nd ST,1st ST,Joshua Driscoll,7,,2,23,3.28,0
5,1st,1st ST vs 1st MEL,2nd ST,1st ST,Jonathan Merlo,12,,1,63,5.25,0
5,1st,1st ST vs 1st MEL,2nd ST,1st ST,Wilson McGillivray,4,,0,13,3.25,2
5,1st,1st ST vs 1st MEL,2nd ST,1st ST,Christian Howe,7,,1,19,2.71,1
5,1st,1st ST vs 1st MEL,2nd ST,1st ST,Thomas Wrigglesworth,3,,0,17,5.66,0
6,1st,FIT vs CAS,FIT,CAS,Nathan Lambden,6,,0,49,8.16,2
6,1st,FIT vs CAS,FIT,CAS,Harry Hoekstra,8,,0,56,7.00,0
6,1st,FIT vs CAS,FIT,CAS,Akshay Ramkumar,8,,0,33,4.12,0
6,1st,FIT vs CAS,FIT,CAS,Finlay Gordon,8,,0,50,6.25,1
6,1st,FIT vs CAS,FIT,CAS,Evan Allaway,8,,1,43,5.37,0
6,1st,FIT vs CAS,FIT,CAS,Vinu Mohotty,2,,0,20,10.00,0
6,1st,FIT vs CAS,CAS,FIT,Samuel Elliott,6,,0,24,4.00,0
6,1st,FIT vs CAS,CAS,FIT,Harkirat Bajwa,8,,0,36,4.50,1
6,1st,FIT vs CAS,CAS,FIT,Ejaaz Alavi,8,,0,28,3.50,0
6,1st,FIT vs CAS,CAS,FIT,Zac Parr,3,,0,27,9.00,1
6,1st,FIT vs CAS,CAS,FIT,Matthew Spoors,8,,1,47,5.87,0
6,1st,FIT vs CAS,CAS,FIT,Liam Myott,7,,0,30,4.28,0
6,1st,ESS vs RIN,ESS,RIN,Matthew Fotia,6,,0,31,5.16,0
6,1st,ESS vs RIN,ESS,RIN,Justin Beaton,3,,0,25,8.33,0
6,1st,ESS vs RIN,ESS,RIN,David King,5,,0,33,6.60,0
6,1st,ESS vs RIN,ESS,RIN,Dylan Walker,5,,0,35,7.00,0
6,1st,ESS vs RIN,ESS,RIN,Jackson Freeman,3,,0,19,6.33,0
6,1st,ESS vs RIN,ESS,RIN,Rheedyi Adam Amin,1,,0,7,7.00,0
6,1st,ESS vs RIN,ESS,RIN,Timothy Sugumar,3,,0,19,6.33,0
6,1st,ESS vs RIN,RIN,ESS,Noman Safdar,3,,0,17,5.66,0
6,1st,ESS vs RIN,RIN,ESS,Muhammad Abdulrafay,4.2,,0,19,4.38,3
6,1st,ESS vs RIN,RIN,ESS,Arshit Rajput,6,,0,43,7.16,0
6,1st,ESS vs RIN,RIN,ESS,Nicholas McGuane,5,,0,34,6.80,0
6,1st,ESS vs RIN,RIN,ESS,Liam Molloy,5,,0,26,5.20,0
6,1st,ESS vs RIN,RIN,ESS,Muhammad Arsalan,2,,0,5,2.50,0
6,1st,KIN vs GEE,KIN,GEE,Josh Garner,7,,0,56,8.00,1
6,1st,KIN vs GEE,KIN,GEE,Oliver Haberfield,4,,0,14,3.50,3
6,1st,KIN vs GEE,KIN,GEE,Lachlan Neate,7,,0,28,4.00,0
6,1st,KIN vs GEE,KIN,GEE,Arjun Sehrawat,6,,0,32,5.33,0
6,1st,KIN vs GEE,KIN,GEE,Joshua Larkin,3,,0,17,5.66,1
6,1st,KIN vs GEE,KIN,GEE,Zane Attard,5,,0,22,4.40,0
6,1st,KIN vs GEE,GEE,KIN,Luke Stow,4.5,,0,29,6.00,5
6,1st,KIN vs GEE,GEE,KIN,Cory Cater,6,,0,42,7.00,1
6,1st,KIN vs GEE,GEE,KIN,Saad Khattak,7,,0,22,3.14,0
6,1st,KIN vs GEE,GEE,KIN,Thaveesh Attanayake,2,,0,15,7.50,0
6,1st,KIN vs GEE,GEE,KIN,William Bowering,5,,0,29,5.80,0
6,1st,KIN vs GEE,GEE,KIN,Vimesh Wickramasinghe,3,,0,18,6.00,0
6,1st,KIN vs GEE,GEE,KIN,Nic Tindall,2,,0,20,10.00,0
6,1st,MEL vs RIC,MEL,RIC,Mitch Perry,7,,0,29,4.14,7
6,1st,MEL vs RIC,MEL,RIC,Austin Anlezark,6,,0,31,5.16,7
6,1st,MEL vs RIC,MEL,RIC,Brendan Rose,7,,0,26,3.71,1
6,1st,MEL vs RIC,MEL,RIC,Sam Mills,2.2,,0,16,6.85,5
6,1st,MEL vs RIC,MEL,RIC,Joshua Sawrey,3,,0,23,7.66,1
6,1st,MEL vs RIC,MEL,RIC,Dhruval Parikh,5,,0,33,6.60,4
6,1st,MEL vs RIC,RIC,MEL,Mark Stafford,7,,0,34,4.85,4
6,1st,MEL vs RIC,RIC,MEL,Tom Walker,5,,0,24,4.80,4
6,1st,MEL vs RIC,RIC,MEL,Peter Hatzoglou,7,,0,27,3.85,1
6,1st,MEL vs RIC,RIC,MEL,Jack Lyndon,5.2,,0,36,6.75,0
6,1st,MEL vs RIC,RIC,MEL,Janak Prakash,2,,0,15,7.50,2
6,1st,MEL vs RIC,RIC,MEL,Yuvraj Singh,5,,0,33,6.60,0
7,1st,CAS vs ESS,CAS,ESS,Noman Safdar,3,,0,17,5.66,0
7,1st,CAS vs ESS,CAS,ESS,Muhammad Abdulrafay,4,,0,23,5.75,2
7,1st,CAS vs ESS,CAS,ESS,Arshit Rajput,4,,0,24,6.00,1
7,1st,CAS vs ESS,CAS,ESS,Liam Molloy,4,,0,32,8.00,0
7,1st,CAS vs ESS,CAS,ESS,Nicholas McGuane,4,,0,27,6.75,0
7,1st,CAS vs ESS,CAS,ESS,Ikroop Dhanoa,1,,0,8,8.00,0
7,1st,CAS vs ESS,ESS,CAS,Akshay Ramkumar,4,,0,18,4.50,0
7,1st,CAS vs ESS,ESS,CAS,Harry Hoekstra,3,,0,25,8.33,2
7,1st,CAS vs ESS,ESS,CAS,Nathan Lambden,3,,0,26,8.66,0
7,1st,CAS vs ESS,ESS,CAS,Finlay Gordon,4,,1,25,6.25,0
7,1st,CAS vs ESS,ESS,CAS,Ruwantha Kellapotha,4,,0,23,5.75,0
7,1st,CAS vs ESS,ESS,CAS,Evan Allaway,1,,0,8,8.00,0
7,1st,FRA vs ST,FRA,ST,Joshua Bartlett,3,,0,10,3.33,0
7,1st,FRA vs ST,FRA,ST,Luke Destito,4,,0,11,2.75,2
7,1st,FRA vs ST,FRA,ST,James Seymour,2,,0,13,6.50,0
7,1st,FRA vs ST,FRA,ST,Matthew Hennig,4,,0,22,5.50,1
7,1st,FRA vs ST,FRA,ST,Will Lovell,3,,0,28,9.33,1
7,1st,FRA vs ST,FRA,ST,Thomas Russ,2,,0,11,5.50,0
7,1st,FRA vs ST,ST,FRA,Xavier Crone,2,,0,23,11.50,1
7,1st,FRA vs ST,ST,FRA,Lachlan Klauer,4,,0,19,4.75,1
7,1st,FRA vs ST,ST,FRA,Jaspreet Singh,4,,0,35,8.75,0
7,1st,FRA vs ST,ST,FRA,Mitchell Cestnik,2,,0,7,3.50,1
7,1st,FRA vs ST,ST,FRA,Jamie Matheson,1.1,,0,14,12.00,0
7,1st,FOO vs RIN,FOO,RIN,Matthew Fotia,3.4,,0,30,8.18,3
7,1st,FOO vs RIN,FOO,RIN,Justin Beaton,3,,0,27,9.00,2
7,1st,FOO vs RIN,FOO,RIN,David King,3,,0,30,10.00,0
7,1st,FOO vs RIN,FOO,RIN,Jackson Freeman,4,,0,31,7.75,2
7,1st,FOO vs RIN,FOO,RIN,Gabe Lawson,1,,0,19,19.00,0
7,1st,FOO vs RIN,FOO,RIN,Timothy Sugumar,2,,0,14,7.00,0
7,1st,FOO vs RIN,RIN,FOO,Jay Vine,2,,0,10,5.00,0
7,1st,FOO vs RIN,RIN,FOO,Dylan Brasher,2,,1,2,1.00,0
7,1st,FOO vs RIN,RIN,FOO,Joshua Pace,1,,0,5,5.00,0
7,1st,FOO vs RIN,RIN,FOO,Declan O'Brien,1,,0,15,15.00,0
7,1st,GRE vs MEL,GRE,MEL,David Moody,4,,0,37,9.25,3
7,1st,GRE vs MEL,GRE,MEL,Jack Sullivan,3,,0,23,7.66,2
7,1st,GRE vs MEL,GRE,MEL,Glenn Hannah,4,,0,33,8.25,0
7,1st,GRE vs MEL,GRE,MEL,Thomas Wrigglesworth,2,,0,15,7.50,1
7,1st,GRE vs MEL,GRE,MEL,Rishi Desai,3,,0,25,8.33,2
7,1st,GRE vs MEL,GRE,MEL,Jonathan Merlo,4,,0,32,8.00,2
7,1st,GRE vs MEL,MEL,GRE,Benjamin Cliff,3,,0,23,7.66,0
7,1st,GRE vs MEL,MEL,GRE,Musa Hussain,3,,0,22,7.33,0
7,1st,GRE vs MEL,MEL,GRE,Yaseen Muntasir,4,,0,37,9.25,0
7,1st,GRE vs MEL,MEL,GRE,Armann Singh,4,,0,29,7.25,0
7,1st,GRE vs MEL,MEL,GRE,Ivan Zmak,3,,0,32,10.66,0
7,1st,CAR vs GEE,CAR,GEE,Josh Garner,4,,0,29,7.25,1
7,1st,CAR vs GEE,CAR,GEE,Oliver Haberfield,3,,0,26,8.66,3
7,1st,CAR vs GEE,CAR,GEE,Arjun Sehrawat,3,,0,32,10.66,0
7,1st,CAR vs GEE,CAR,GEE,Lachlan Neate,2,,0,21,10.50,2
7,1st,CAR vs GEE,CAR,GEE,Joshua Larkin,2,,0,14,7.00,0
7,1st,CAR vs GEE,CAR,GEE,Patrick Sullivan,2,,0,13,6.50,0
7,1st,CAR vs GEE,GEE,CAR,Aaron Smillie,2,,0,24,12.00,0
7,1st,CAR vs GEE,GEE,CAR,Cameron Stevenson,3,,0,20,6.66,2
7,1st,CAR vs GEE,GEE,CAR,Connor Rutland,4,,0,26,6.50,2
7,1st,CAR vs GEE,GEE,CAR,Evan Gulbis,2.5,,0,37,13.06,0
7,1st,CAR vs GEE,GEE,CAR,Dominic Sullivan,2,,0,14,7.00,0
7,1st,CAR vs GEE,GEE,CAR,Michael Archer,2,,0,25,12.50,0
7,1st,MEL vs KIN,MEL,KIN,Luke Stow,4,,0,26,6.50,0
7,1st,MEL vs KIN,MEL,KIN,Cory Cater,4,,0,27,6.75,0
7,1st,MEL vs KIN,MEL,KIN,Thaveesh Attanayake,2,,0,12,6.00,1
7,1st,MEL vs KIN,MEL,KIN,Saad Khattak,4,,0,22,5.50,0
7,1st,MEL vs KIN,MEL,KIN,Nic Tindall,4,,0,51,12.75,0
7,1st,MEL vs KIN,MEL,KIN,William Bowering,2,,0,18,9.00,0
7,1st,MEL vs KIN,KIN,MEL,Mark Stafford,4,,0,14,3.50,2
7,1st,MEL vs KIN,KIN,MEL,Ben Sears,4,,0,22,5.50,1
7,1st,MEL vs KIN,KIN,MEL,Tom Walker,3,,0,20,6.66,3
7,1st,MEL vs KIN,KIN,MEL,Peter Hatzoglou,4,,0,28,7.00,6
7,1st,MEL vs KIN,KIN,MEL,Michael Forwood,1,,0,11,11.00,0
7,1st,MEL vs KIN,KIN,MEL,Yuvraj Singh,2.1,,0,13,6.00,0
7,1st,MEL vs KIN,KIN,MEL,Janak Prakash,1,,0,3,3.00,1
8,1st,KIN vs RIN,KIN,RIN,Matthew Fotia,2,,0,8,4.00,0
8,1st,KIN vs RIN,KIN,RIN,David King,2,,0,9,4.50,1
8,1st,KIN vs RIN,KIN,RIN,Jackson Freeman,3,,0,10,3.33,2
8,1st,KIN vs RIN,KIN,RIN,Justin Beaton,2,,0,22,11.00,0
8,1st,KIN vs RIN,KIN,RIN,Timothy Sugumar,2,,0,9,4.50,0
8,1st,KIN vs RIN,RIN,KIN,Zen Malik,0,,0,0,0.00,0
8,1st,KIN vs RIN,RIN,KIN,Luke Stow,2,,0,13,6.50,1
8,1st,KIN vs RIN,RIN,KIN,Cory Cater,2,,0,15,7.50,1
8,1st,KIN vs RIN,RIN,KIN,Saad Khattak,1.2,,0,13,9.75,0
8,1st,KIN vs RIN,RIN,KIN,Nic Tindall,1,,0,13,13.00,0
8,1st,KIN vs RIN,RIN,KIN,Vimesh Wickramasinghe,2,,0,9,4.50,0
8,1st,MEL vs RIC,MEL,RIC,Joshua Sawrey,4,,0,8,2.00,0
8,1st,MEL vs RIC,MEL,RIC,Brendan Rose,2.2,,0,10,4.28,1
8,1st,MEL vs RIC,MEL,RIC,Sam Mills,2,,0,18,9.00,0
8,1st,MEL vs RIC,MEL,RIC,Dhruval Parikh,4,,0,18,4.50,1
8,1st,MEL vs RIC,MEL,RIC,Joshua Ash,3,,0,14,4.66,1
8,1st,MEL vs RIC,RIC,MEL,Glenn Hannah,1,,0,5,5.00,0
8,1st,MEL vs RIC,RIC,MEL,Thomas Curran,3,,0,22,7.33,0
8,1st,MEL vs RIC,RIC,MEL,Jack Sullivan,2,,0,12,6.00,0
8,1st,MEL vs RIC,RIC,MEL,Thomas Wrigglesworth,1,,0,6,6.00,0
8,1st,MEL vs RIC,RIC,MEL,Rishi Desai,0.2,,0,4,12.01,0
8,1st,PRA vs CAS,PRA,CAS,Akshay Ramkumar,1,,0,8,8.00,0
8,1st,PRA vs CAS,PRA,CAS,Nathan Lambden,2.4,,0,25,9.37,2
8,1st,PRA vs CAS,PRA,CAS,Harry Hoekstra,2,,0,23,11.50,0
8,1st,PRA vs CAS,PRA,CAS,Finlay Gordon,3,,0,16,5.33,1
8,1st,PRA vs CAS,PRA,CAS,Evan Allaway,1,,0,30,30.00,0
8,1st,PRA vs CAS,CAS,PRA,Brodie Symons,1,,0,6,6.00,0
8,1st,PRA vs CAS,CAS,PRA,Lachlan Bangs,1,,0,14,14.00,1
8,1st,PRA vs CAS,CAS,PRA,Shenuka De Silva,2,,0,37,18.50,2
8,1st,PRA vs CAS,CAS,PRA,Paul Walter,2,,0,15,7.50,1
8,1st,PRA vs CAS,CAS,PRA,Pranav Menon,1,,0,7,7.00,0
8,1st,FIT vs CAM,FIT,CAM,William Walker,2,,0,13,6.50,0
8,1st,FIT vs CAM,FIT,CAM,Charles Simondson,1.4,,0,27,16.20,0
8,1st,FIT vs CAM,FIT,CAM,Tom Nelson,1,,0,4,4.00,1
8,1st,FIT vs CAM,FIT,CAM,Patrick Dooley,1,,0,5,5.00,0
8,1st,FIT vs CAM,CAM,FIT,Nicholas Fletcher,1,,0,5,5.00,0
8,1st,FIT vs CAM,CAM,FIT,Harkirat Bajwa,1,,0,3,3.00,0
8,1st,FIT vs CAM,CAM,FIT,Ejaaz Alavi,1,,0,18,18.00,0
8,1st,FIT vs CAM,CAM,FIT,Matthew Spoors,1,,0,17,17.00,0
8,1st,FIT vs CAM,CAM,FIT,Braden Taeuber,0.4,,0,8,12.01,0
9,1st,FOO vs ST,FOO,ST,Joshua Bartlett,3,,0,23,7.66,0
9,1st,FOO vs ST,FOO,ST,Luke Destito,1,,0,16,16.00,1
9,1st,FOO vs ST,FOO,ST,Will Lovell,3,,0,35,11.66,0
9,1st,FOO vs ST,FOO,ST,Matthew Hennig,3,,0,33,11.00,1
9,1st,FOO vs ST,FOO,ST,Thomas Russ,4,,0,18,4.50,0
9,1st,FOO vs ST,FOO,ST,James Seymour,3,,0,14,4.66,0
9,1st,FOO vs ST,ST,FOO,Joshua Pace,1,,0,12,12.00,0
9,1st,FOO vs ST,ST,FOO,Max Birthisel,4,,0,41,10.25,0
9,1st,FOO vs ST,ST,FOO,Jay Vine,3,,0,17,5.66,0
9,1st,FOO vs ST,ST,FOO,Liam Mason,3,,0,34,11.33,2
9,1st,FOO vs ST,ST,FOO,Bailey Toseland,4,,0,22,5.50,0
9,1st,FOO vs ST,ST,FOO,Aiman Nadeem,2,,0,14,7.00,1
9,1st,CAM vs CAS,CAM,CAS,Akshay Ramkumar,4,,0,20,5.00,0
9,1st,CAM vs CAS,CAM,CAS,Nathan Lambden,4,,0,19,4.75,0
9,1st,CAM vs CAS,CAM,CAS,Harry Hoekstra,3.1,,0,25,7.89,2
9,1st,CAM vs CAS,CAM,CAS,Muhammad Irfan,4,,0,23,5.75,1
9,1st,CAM vs CAS,CAM,CAS,Finlay Gordon,4,,0,19,4.75,3
9,1st,CAM vs CAS,CAS,CAM,William Walker,3,,0,25,8.33,0
9,1st,CAM vs CAS,CAS,CAM,Tom Nelson,2,,0,20,10.00,2
9,1st,CAM vs CAS,CAS,CAM,Jakey Pietz,3,,0,13,4.33,1
9,1st,CAM vs CAS,CAS,CAM,Hamish McKenzie,3,,0,15,5.00,0
9,1st,CAM vs CAS,CAS,CAM,Charles Simondson,4,,0,17,4.25,0
9,1st,CAM vs CAS,CAS,CAM,Coby Fitzsimmons,1.5,,0,17,9.27,0
9,1st,RIN vs MEL,RIN,MEL,Jack Sullivan,4,,0,24,6.00,2
9,1st,RIN vs MEL,RIN,MEL,Glenn Hannah,4,,0,33,8.25,1
9,1st,RIN vs MEL,RIN,MEL,Jonathan Merlo,4,,0,30,7.50,1
9,1st,RIN vs MEL,RIN,MEL,Thomas Wrigglesworth,4,,0,20,5.00,1
9,1st,RIN vs MEL,RIN,MEL,Rishi Desai,4,,0,24,6.00,0
9,1st,RIN vs MEL,MEL,RIN,David King,4,,0,35,8.75,0
9,1st,RIN vs MEL,MEL,RIN,Matthew Fotia,4,,1,15,3.75,1
9,1st,RIN vs MEL,MEL,RIN,Jackson Freeman,4,,0,17,4.25,0
9,1st,RIN vs MEL,MEL,RIN,Justin Beaton,3,,0,21,7.00,1
9,1st,RIN vs MEL,MEL,RIN,Tom Rogers,4,,0,20,5.00,1
9,1st,RIN vs MEL,MEL,RIN,Timothy Sugumar,1,,0,5,5.00,0
9,1st,GRE vs NOR,GRE,NOR,Michael Rogneda,2,,0,19,9.50,1
9,1st,GRE vs NOR,GRE,NOR,Jackson Smith,4,,1,35,8.75,1
9,1st,GRE vs NOR,GRE,NOR,Jack Lalor,3,,0,31,10.33,4
9,1st,GRE vs NOR,GRE,NOR,Aaron Crispe,4,,0,23,5.75,0
9,1st,GRE vs NOR,GRE,NOR,Matthew Pearce,3,,0,18,6.00,0
9,1st,GRE vs NOR,GRE,NOR,Joe Medew-Ewen,4,,0,17,4.25,0
9,1st,GRE vs NOR,NOR,GRE,Benjamin Cliff,3.3,,0,22,6.28,0
9,1st,GRE vs NOR,NOR,GRE,Musa Hussain,4,,0,36,9.00,3
9,1st,GRE vs NOR,NOR,GRE,Tobias Sutherland,3,,0,31,10.33,3
9,1st,GRE vs NOR,NOR,GRE,Armann Singh,4,,0,39,9.75,1
9,1st,GRE vs NOR,NOR,GRE,Yaseen Muntasir,4,,0,19,4.75,0
9,1st,KIN vs RIC,KIN,RIC,Joshua Sawrey,4,,0,21,5.25,2
9,1st,KIN vs RIC,KIN,RIC,Brendan Rose,4,,0,44,11.00,5
9,1st,KIN vs RIC,KIN,RIC,Dhruval Parikh,4,,0,23,5.75,0
9,1st,KIN vs RIC,KIN,RIC,Sam Mills,4,,0,24,6.00,1
9,1st,KIN vs RIC,KIN,RIC,Joshua Ash,3,,0,15,5.00,0
9,1st,KIN vs RIC,KIN,RIC,Jonathan D’Rozario,1,,0,6,6.00,0
9,1st,KIN vs RIC,RIC,KIN,Luke Stow,4,,0,41,10.25,0
9,1st,KIN vs RIC,RIC,KIN,Cory Cater,3,,0,39,13.00,1
9,1st,KIN vs RIC,RIC,KIN,William Bowering,4,,0,20,5.00,0
9,1st,KIN vs RIC,RIC,KIN,Saad Khattak,3.3,,0,24,6.85,0
9,1st,KIN vs RIC,RIC,KIN,Vimesh Wickramasinghe,1,,0,11,11.00,0
9,1st,FIT vs PRA,FIT,PRA,Matt Wilcox,4,,0,35,8.75,1
9,1st,FIT vs PRA,FIT,PRA,Brodie Symons,4,,0,28,7.00,0
9,1st,FIT vs PRA,FIT,PRA,Paul Walter,4,,0,31,7.75,0
9,1st,FIT vs PRA,FIT,PRA,Pranav Menon,2,,0,17,8.50,2
9,1st,FIT vs PRA,FIT,PRA,Lachlan Bangs,3,,0,25,8.33,1
9,1st,FIT vs PRA,FIT,PRA,Shenuka De Silva,2,,0,11,5.50,0
9,1st,FIT vs PRA,FIT,PRA,Charlie Giles,1,,0,11,11.00,0
9,1st,FIT vs PRA,PRA,FIT,Nicholas Fletcher,4,,0,40,10.00,0
9,1st,FIT vs PRA,PRA,FIT,Harkirat Bajwa,4,,0,11,2.75,0
9,1st,FIT vs PRA,PRA,FIT,Braden Taeuber,4,,0,36,9.00,1
9,1st,FIT vs PRA,PRA,FIT,Ejaaz Alavi,4,,0,29,7.25,0
9,1st,FIT vs PRA,PRA,FIT,Matthew Spoors,1,,0,13,13.00,0
9,1st,FIT vs PRA,PRA,FIT,Miller Childs,3,,0,20,6.66,0
9,1st,GEE vs MEL,GEE,MEL,Mark Stafford,4,,0,24,6.00,6
9,1st,GEE vs MEL,GEE,MEL,Ben Sears,4,,0,30,7.50,6
9,1st,GEE vs MEL,GEE,MEL,Peter Hatzoglou,4,,0,33,8.25,6
9,1st,GEE vs MEL,GEE,MEL,Tom Walker,4,,0,30,7.50,3
9,1st,GEE vs MEL,GEE,MEL,Douglas Warren,3.5,,0,20,5.21,7
9,1st,GEE vs MEL,MEL,GEE,Nathan Caulfield,0,,0,0,0.00,0
9,1st,GEE vs MEL,MEL,GEE,Josh Garner,3,,0,23,7.66,0
9,1st,GEE vs MEL,MEL,GEE,Oliver Haberfield,2,,0,19,9.50,2
9,1st,GEE vs MEL,MEL,GEE,Kieren Helwig,3.1,,0,34,10.73,3
9,1st,GEE vs MEL,MEL,GEE,Patrick Sullivan,2,,0,25,12.50,1
9,1st,GEE vs MEL,MEL,GEE,Arjun Sehrawat,3,,0,33,11.00,0
9,1st,GEE vs MEL,MEL,GEE,Joshua Larkin,2,,0,10,5.00,3
9,1st,GEE vs MEL,MEL,GEE,Lachie Field,1,,0,7,7.00,1
9,1st,DAN vs ESS,DAN,ESS,Noman Safdar,2,,0,13,6.50,4
9,1st,DAN vs ESS,DAN,ESS,Muhammad Abdulrafay,4,,0,22,5.50,2
9,1st,DAN vs ESS,DAN,ESS,Nicholas McGuane,4,,0,26,6.50,3
9,1st,DAN vs ESS,DAN,ESS,Liam Molloy,4,,0,28,7.00,0
9,1st,DAN vs ESS,DAN,ESS,Muhammad Arsalan,2,,0,11,5.50,0
9,1st,DAN vs ESS,DAN,ESS,Arshit Rajput,4,,0,31,7.75,3
9,1st,DAN vs ESS,ESS,DAN,James Nanopoulos,3.5,,0,31,8.08,0
9,1st,DAN vs ESS,ESS,DAN,Noah Hurley,4,,0,33,8.25,6
9,1st,DAN vs ESS,ESS,DAN,Vishwa Ramkumar,3,,0,23,7.66,6
9,1st,DAN vs ESS,ESS,DAN,Nathan Whitford,4,,0,16,4.00,1
9,1st,DAN vs ESS,ESS,DAN,Gehan Seneviratne,1,,0,12,12.00,0
9,1st,DAN vs ESS,ESS,DAN,Matthew Wilson,3,,0,13,4.33,1
9,1st,CAR vs FRA,CAR,FRA,Xavier Crone,4,,0,15,3.75,1
9,1st,CAR vs FRA,CAR,FRA,Aidan Lenehan,4,,0,17,4.25,0
9,1st,CAR vs FRA,CAR,FRA,Lachlan Klauer,2,,0,23,11.50,2
9,1st,CAR vs FRA,CAR,FRA,Mitchell Cestnik,3,,0,22,7.33,1
9,1st,CAR vs FRA,CAR,FRA,Jaspreet Singh,3,,0,16,5.33,0
9,1st,CAR vs FRA,CAR,FRA,Lachlan Curtis,4,,0,14,3.50,0
9,1st,CAR vs FRA,FRA,CAR,Cameron Stevenson,4,,0,27,6.75,6
9,1st,CAR vs FRA,FRA,CAR,Aaron Smillie,2.2,,0,28,12.00,2
9,1st,CAR vs FRA,FRA,CAR,Evan Gulbis,4,,0,21,5.25,0
9,1st,CAR vs FRA,FRA,CAR,Michael Archer,4,,0,22,5.50,1
9,1st,CAR vs FRA,FRA,CAR,Connor Rutland,1,,0,7,7.00,0
9,1st,CAR vs FRA,FRA,CAR,Tom Smyth,4,,0,6,1.50,0
10,1st,CAR vs CAS,CAR,CAS,Akshay Ramkumar,3,,0,41,13.66,0
10,1st,CAR vs CAS,CAR,CAS,Nathan Lambden,3,,0,30,10.00,0
10,1st,CAR vs CAS,CAR,CAS,Harry Hoekstra,2,,0,18,9.00,0
10,1st,CAR vs CAS,CAR,CAS,Muhammad Irfan,4,,1,29,7.25,0
10,1st,CAR vs CAS,CAR,CAS,Ruwantha Kellapotha,4,,0,14,3.50,0
10,1st,CAR vs CAS,CAR,CAS,Finlay Gordon,4,,0,29,7.25,0
10,1st,CAR vs CAS,CAS,CAR,Cameron Stevenson,3,,0,25,8.33,4
10,1st,CAR vs CAS,CAS,CAR,Aryan J Sharma,4,,0,32,8.00,0
10,1st,CAR vs CAS,CAS,CAR,Evan Gulbis,3,,0,34,11.33,0
10,1st,CAR vs CAS,CAS,CAR,Michael Archer,3.2,,0,18,5.40,1
10,1st,CAR vs CAS,CAS,CAR,Connor Rutland,2,,0,13,6.50,2
10,1st,CAR vs CAS,CAS,CAR,Tom Smyth,2,,0,8,4.00,1
10,1st,PRA vs GRE,PRA,GRE,Benjamin Cliff,4,,0,44,11.00,0
10,1st,PRA vs GRE,PRA,GRE,Musa Hussain,4,,0,53,13.25,1
10,1st,PRA vs GRE,PRA,GRE,Armann Singh,4,,0,52,13.00,1
10,1st,PRA vs GRE,PRA,GRE,Ivan Zmak,4,,0,37,9.25,0
10,1st,PRA vs GRE,PRA,GRE,Yaseen Muntasir,4,,0,71,17.75,0
10,1st,PRA vs GRE,GRE,PRA,Cam McClure,4,,0,35,8.75,4
10,1st,PRA vs GRE,GRE,PRA,Brodie Symons,4,,0,39,9.75,0
10,1st,PRA vs GRE,GRE,PRA,Shenuka De Silva,4,,0,30,7.50,0
10,1st,PRA vs GRE,GRE,PRA,Matt Wilcox,4,,0,24,6.00,1
10,1st,PRA vs GRE,GRE,PRA,Lachlan Bangs,2,,0,22,11.00,2
10,1st,PRA vs GRE,GRE,PRA,Cameron Hemp,2,,0,21,10.50,0
10,1st,ESS vs CAM,ESS,CAM,Charles Simondson,3,,0,25,8.33,0
10,1st,ESS vs CAM,ESS,CAM,William Walker,4,,0,39,9.75,0
10,1st,ESS vs CAM,ESS,CAM,Tom Nelson,3,,0,32,10.66,3
10,1st,ESS vs CAM,ESS,CAM,Shorye Chopra,4,,0,22,5.50,1
10,1st,ESS vs CAM,ESS,CAM,Jakey Pietz,3,,0,23,7.66,1
10,1st,ESS vs CAM,ESS,CAM,Liam Fitzpatrick,3,,0,21,7.00,0
10,1st,ESS vs CAM,CAM,ESS,Noman Safdar,4,,0,27,6.75,0
10,1st,ESS vs CAM,CAM,ESS,Muhammad Abdulrafay,4,,0,40,10.00,0
10,1st,ESS vs CAM,CAM,ESS,Liam Molloy,4,,0,31,7.75,0
10,1st,ESS vs CAM,CAM,ESS,Nicholas McGuane,4,,0,25,6.25,1
10,1st,ESS vs CAM,CAM,ESS,Arshit Rajput,2,,0,25,12.50,0
10,1st,ESS vs CAM,CAM,ESS,Muhammad Arsalan,2,,0,20,10.00,0
10,1st,NOR vs FIT,NOR,FIT,Nicholas Fletcher,3,,0,16,5.33,5
10,1st,NOR vs FIT,NOR,FIT,Harkirat Bajwa,4,,0,37,9.25,0
10,1st,NOR vs FIT,NOR,FIT,Braden Taeuber,4,,0,19,4.75,0
10,1st,NOR vs FIT,NOR,FIT,Miller Childs,4,,0,19,4.75,1
10,1st,NOR vs FIT,NOR,FIT,Glenn Maxwell,4,,0,21,5.25,0
10,1st,NOR vs FIT,NOR,FIT,Ejaaz Alavi,1,,0,14,14.00,0
10,1st,NOR vs FIT,FIT,NOR,Michael Rogneda,2,,0,11,5.50,0
10,1st,NOR vs FIT,FIT,NOR,Jackson Smith,3.4,,0,35,9.54,6
10,1st,NOR vs FIT,FIT,NOR,Jack Lalor,3,,0,39,13.00,2
10,1st,NOR vs FIT,FIT,NOR,Joe Medew-Ewen,4,,0,31,7.75,1
10,1st,NOR vs FIT,FIT,NOR,Matthew Pearce,2,,0,7,3.50,0
10,1st,NOR vs FIT,FIT,NOR,Aaron Crispe,2,,0,11,5.50,3
10,1st,RIC vs DAN,RIC,DAN,James Nanopoulos,4,,0,26,6.50,0
10,1st,RIC vs DAN,RIC,DAN,Noah Hurley,4,,0,29,7.25,5
10,1st,RIC vs DAN,RIC,DAN,Matthew Wilson,4,,0,25,6.25,1
10,1st,RIC vs DAN,RIC,DAN,Vishwa Ramkumar,3,,0,19,6.33,1
10,1st,RIC vs DAN,RIC,DAN,Nathan Whitford,4,,0,26,6.50,5
10,1st,RIC vs DAN,RIC,DAN,Gehan Seneviratne,1,,0,10,10.00,0
10,1st,RIC vs DAN,DAN,RIC,Brendan Rose,4,,0,19,4.75,2
10,1st,RIC vs DAN,DAN,RIC,Joshua Sawrey,4,,0,20,5.00,5
10,1st,RIC vs DAN,DAN,RIC,Sam Mills,4,,0,16,4.00,1
10,1st,RIC vs DAN,DAN,RIC,Dhruval Parikh,4,,0,21,5.25,2
10,1st,RIC vs DAN,DAN,RIC,Joshua Ash,4,,0,20,5.00,1
10,1st,RIN vs FRA,RIN,FRA,Xavier Crone,4,,0,22,5.50,1
10,1st,RIN vs FRA,RIN,FRA,Aidan Lenehan,4,,0,41,10.25,0
10,1st,RIN vs FRA,RIN,FRA,Lachlan Klauer,4,,0,31,7.75,0
10,1st,RIN vs FRA,RIN,FRA,Jaspreet Singh,4,,0,36,9.00,1
10,1st,RIN vs FRA,RIN,FRA,Lachlan Curtis,1,,0,8,8.00,0
10,1st,RIN vs FRA,RIN,FRA,Mitchell Cestnik,3,,0,31,10.33,0
10,1st,RIN vs FRA,FRA,RIN,David King,4,,0,23,5.75,1
10,1st,RIN vs FRA,FRA,RIN,Matthew Fotia,3,,0,19,6.33,2
10,1st,RIN vs FRA,FRA,RIN,Jackson Freeman,4,,0,19,4.75,2
10,1st,RIN vs FRA,FRA,RIN,Dylan Walker,4,,0,23,5.75,1
10,1st,RIN vs FRA,FRA,RIN,Justin Beaton,2,,0,10,5.00,0
10,1st,RIN vs FRA,FRA,RIN,Rheedyi Adam Amin,2.2,,0,23,9.85,0
10,1st,ST vs MEL,ST,MEL,Tom Walker,1,,0,9,9.00,2
10,1st,ST vs MEL,ST,MEL,Ben Sears,4,,0,40,10.00,1
10,1st,ST vs MEL,ST,MEL,Mark Stafford,3,,0,19,6.33,1
10,1st,ST vs MEL,ST,MEL,Peter Hatzoglou,4,,0,17,4.25,0
10,1st,ST vs MEL,ST,MEL,Douglas Warren,4,,0,25,6.25,0
10,1st,ST vs MEL,ST,MEL,Yuvraj Singh,4,,0,32,8.00,0
10,1st,ST vs MEL,MEL,ST,Will Lovell,4,,0,42,10.50,1
10,1st,ST vs MEL,MEL,ST,Luke Destito,2,,0,11,5.50,0
10,1st,ST vs MEL,MEL,ST,Thomas Paddington,4,,0,20,5.00,1
10,1st,ST vs MEL,MEL,ST,James Seymour,2,,0,12,6.00,0
10,1st,ST vs MEL,MEL,ST,Matthew Hennig,4,,0,30,7.50,1
10,1st,ST vs MEL,MEL,ST,Thomas Russ,4,,0,24,6.00,0
10,1st,KIN vs MEL,KIN,MEL,David Moody,4,,0,26,6.50,6
10,1st,KIN vs MEL,KIN,MEL,Jack Sullivan,4,,0,13,3.25,1
10,1st,KIN vs MEL,KIN,MEL,Thomas Wrigglesworth,4,,0,20,5.00,0
10,1st,KIN vs MEL,KIN,MEL,Jonathan Merlo,4,,0,27,6.75,1
10,1st,KIN vs MEL,KIN,MEL,James Rosham,2,,0,21,10.50,0
10,1st,KIN vs MEL,KIN,MEL,Campbell Kellaway,2,,0,8,4.00,0
10,1st,KIN vs MEL,MEL,KIN,Luke Stow,2,,0,25,12.50,1
10,1st,KIN vs MEL,MEL,KIN,Cory Cater,4,,0,36,9.00,2
10,1st,KIN vs MEL,MEL,KIN,Saad Khattak,3,,0,31,10.33,0
10,1st,KIN vs MEL,MEL,KIN,William Bowering,2,,0,16,8.00,0
10,1st,KIN vs MEL,MEL,KIN,Nic Tindall,1.2,,0,9,6.75,0
10,1st,GEE vs FOO,GEE,FOO,Dylan Kight,0,,0,0,0.00,0
10,1st,GEE vs FOO,GEE,FOO,Jay Vine,4,,0,31,7.75,5
10,1st,GEE vs FOO,GEE,FOO,Liam Mason,4,,0,24,6.00,2
10,1st,GEE vs FOO,GEE,FOO,Max Birthisel,4,,0,37,9.25,0
10,1st,GEE vs FOO,GEE,FOO,Aiman Nadeem,2,,0,20,10.00,1
10,1st,GEE vs FOO,GEE,FOO,Dylan Brasher,2,,0,20,10.00,0
10,1st,GEE vs FOO,GEE,FOO,Bailey Toseland,4,,0,29,7.25,0
10,1st,GEE vs FOO,FOO,GEE,Oliver Haberfield,2,,0,23,11.50,2
10,1st,GEE vs FOO,FOO,GEE,Josh Garner,3,,0,32,10.66,1
10,1st,GEE vs FOO,FOO,GEE,Kieren Helwig,2,,0,37,18.50,0
10,1st,GEE vs FOO,FOO,GEE,Zane Attard,3.5,,0,26,6.78,0
10,1st,GEE vs FOO,FOO,GEE,Joshua Larkin,2,,0,16,8.00,0
10,1st,GEE vs FOO,FOO,GEE,Tom O’Connell,4,,0,21,5.25,0
10,1st,GEE vs FOO,FOO,GEE,Lachie Field,2,,0,16,8.00,0
11,1st,ST vs GRE,ST,GRE,Benjamin Cliff,4,,0,32,8.00,0
11,1st,ST vs GRE,ST,GRE,Musa Hussain,4,,0,32,8.00,7
11,1st,ST vs GRE,ST,GRE,Ivan Zmak,4,,0,27,6.75,0
11,1st,ST vs GRE,ST,GRE,Yaseen Muntasir,4,,0,25,6.25,0
11,1st,ST vs GRE,ST,GRE,Armann Singh,4,,0,40,10.00,2
11,1st,ST vs GRE,GRE,ST,Luke Destito,3,,0,27,9.00,1
11,1st,ST vs GRE,GRE,ST,Will Lovell,1,,0,13,13.00,0
11,1st,ST vs GRE,GRE,ST,Thomas Paddington,4,,0,27,6.75,0
11,1st,ST vs GRE,GRE,ST,Matthew Hennig,4,,0,19,4.75,0
11,1st,ST vs GRE,GRE,ST,Thomas Russ,4,,0,30,7.50,0
11,1st,ST vs GRE,GRE,ST,James Seymour,4,,0,24,6.00,0
11,1st,MEL vs MEL,MEL,MEL,Tom Walker,3,,0,39,13.00,1
11,1st,MEL vs MEL,MEL,MEL,Mark Stafford,4,,0,34,8.50,0
11,1st,MEL vs MEL,MEL,MEL,Peter Hatzoglou,4,,0,25,6.25,2
11,1st,MEL vs MEL,MEL,MEL,Douglas Warren,4,,0,20,5.00,0
11,1st,MEL vs MEL,MEL,MEL,Yuvraj Singh,4,,0,25,6.25,0
11,1st,MEL vs MEL,MEL,MEL,Janak Prakash,1,,0,16,16.00,3
11,1st,MEL vs MEL,MEL,MEL,Jack Sullivan,3,,0,28,9.33,0
11,1st,MEL vs MEL,MEL,MEL,Thomas Curran,4,,0,37,9.25,0
11,1st,MEL vs MEL,MEL,MEL,David Moody,4,,0,38,9.50,0
11,1st,MEL vs MEL,MEL,MEL,Thomas Wrigglesworth,3,,0,16,5.33,0
11,1st,MEL vs MEL,MEL,MEL,Campbell Kellaway,1,,0,10,10.00,0
11,1st,MEL vs MEL,MEL,MEL,Jonathan Merlo,3,,0,32,10.66,0
11,1st,ESS vs GEE,ESS,GEE,Josh Garner,4,,0,37,9.25,5
11,1st,ESS vs GEE,ESS,GEE,Oliver Haberfield,2,,0,12,6.00,2
11,1st,ESS vs GEE,ESS,GEE,Lachie Field,2,,0,14,7.00,0
11,1st,ESS vs GEE,ESS,GEE,Lachlan Neate,2,,0,30,15.00,0
11,1st,ESS vs GEE,ESS,GEE,Joshua Larkin,4,,0,13,3.25,0
11,1st,ESS vs GEE,ESS,GEE,Tom O’Connell,2,,0,15,7.50,0
11,1st,ESS vs GEE,ESS,GEE,Zane Attard,4,,0,24,6.00,0
11,1st,ESS vs GEE,GEE,ESS,Noman Safdar,4,,0,14,3.50,1
11,1st,ESS vs GEE,GEE,ESS,Muhammad Abdulrafay,4,,0,44,11.00,1
11,1st,ESS vs GEE,GEE,ESS,Liam Molloy,3,,0,19,6.33,0
11,1st,ESS vs GEE,GEE,ESS,Nicholas McGuane,4,,0,36,9.00,1
11,1st,ESS vs GEE,GEE,ESS,Arshit Rajput,2.4,,0,30,11.25,1
11,1st,CAS vs NOR,CAS,NOR,Michael Rogneda,2,,0,28,14.00,2
11,1st,CAS vs NOR,CAS,NOR,Jackson Smith,4,,0,32,8.00,0
11,1st,CAS vs NOR,CAS,NOR,Aaron Crispe,4,,0,32,8.00,0
11,1st,CAS vs NOR,CAS,NOR,Joe Medew-Ewen,4,,0,45,11.25,2
11,1st,CAS vs NOR,CAS,NOR,Matthew Pearce,3,,0,35,11.66,5
11,1st,CAS vs NOR,CAS,NOR,Jack Lalor,3,,0,25,8.33,1
11,1st,CAS vs NOR,NOR,CAS,Akshay Ramkumar,4,,0,37,9.25,0
11,1st,CAS vs NOR,NOR,CAS,Nathan Lambden,2,,1,7,3.50,0
11,1st,CAS vs NOR,NOR,CAS,Harry Hoekstra,2,,0,12,6.00,0
11,1st,CAS vs NOR,NOR,CAS,Muhammad Irfan,2,,0,16,8.00,0
11,1st,CAS vs NOR,NOR,CAS,Finlay Gordon,4,,0,32,8.00,1
11,1st,CAS vs NOR,NOR,CAS,Ruwantha Kellapotha,4,,0,35,8.75,0
11,1st,CAS vs NOR,NOR,CAS,Daud Malik,2,,0,29,14.50,0
11,1st,DAN vs RIN,DAN,RIN,David King,4,,0,21,5.25,0
11,1st,DAN vs RIN,DAN,RIN,Matthew Fotia,4,,0,21,5.25,4
11,1st,DAN vs RIN,DAN,RIN,Jackson Freeman,2,,0,17,8.50,0
11,1st,DAN vs RIN,DAN,RIN,Dylan Walker,4,,0,15,3.75,0
11,1st,DAN vs RIN,DAN,RIN,Tom Rogers,4,,0,23,5.75,2
11,1st,DAN vs RIN,DAN,RIN,Rheedyi Adam Amin,1,,0,5,5.00,0
11,1st,DAN vs RIN,DAN,RIN,Justin Beaton,1,,0,7,7.00,0
11,1st,DAN vs RIN,RIN,DAN,James Nanopoulos,3,,0,22,7.33,1
11,1st,DAN vs RIN,RIN,DAN,Noah Hurley,4,,0,26,6.50,1
11,1st,DAN vs RIN,RIN,DAN,Nathan Whitford,1,,0,22,22.00,5
11,1st,DAN vs RIN,RIN,DAN,Gehan Seneviratne,3,,0,21,7.00,0
11,1st,DAN vs RIN,RIN,DAN,Vishwa Ramkumar,1.1,,0,11,9.43,0
11,1st,DAN vs RIN,RIN,DAN,Matthew Wilson,2,,0,12,6.00,0
11,1st,RIC vs FRA,RIC,FRA,Aidan Lenehan,4,,0,30,7.50,2
11,1st,RIC vs FRA,RIC,FRA,Xavier Crone,4,,0,28,7.00,2
11,1st,RIC vs FRA,RIC,FRA,Mitchell Cestnik,3,,0,28,9.33,3
11,1st,RIC vs FRA,RIC,FRA,Lachlan Klauer,4,,0,20,5.00,0
11,1st,RIC vs FRA,RIC,FRA,Jaspreet Singh,4,,0,33,8.25,3
11,1st,RIC vs FRA,RIC,FRA,Lachlan Curtis,1,,0,12,12.00,0
11,1st,RIC vs FRA,FRA,RIC,Brendan Rose,4,,0,21,5.25,2
11,1st,RIC vs FRA,FRA,RIC,Joshua Sawrey,4,,0,42,10.50,0
11,1st,RIC vs FRA,FRA,RIC,Dhruval Parikh,4,,0,24,6.00,1
11,1st,RIC vs FRA,FRA,RIC,Sam Mills,4,,0,35,8.75,0
11,1st,RIC vs FRA,FRA,RIC,Joshua Ash,4,,0,19,4.75,2
11,1st,PRA vs KIN,PRA,KIN,Luke Stow,3,,0,30,10.00,1
11,1st,PRA vs KIN,PRA,KIN,Cory Cater,4,,0,23,5.75,1
11,1st,PRA vs KIN,PRA,KIN,William Bowering,4,,0,22,5.50,0
11,1st,PRA vs KIN,PRA,KIN,Saad Khattak,3,,0,28,9.33,1
11,1st,PRA vs KIN,PRA,KIN,Nic Tindall,4,,0,22,5.50,0
11,1st,PRA vs KIN,PRA,KIN,Vimesh Wickramasinghe,2,,0,10,5.00,0
11,1st,PRA vs KIN,KIN,PRA,Brodie Symons,4,,1,14,3.50,1
11,1st,PRA vs KIN,KIN,PRA,Cam McClure,3,,0,13,4.33,0
11,1st,PRA vs KIN,KIN,PRA,Paul Walter,4,,0,25,6.25,1
11,1st,PRA vs KIN,KIN,PRA,Matt Wilcox,3.1,,0,9,2.84,1
11,1st,PRA vs KIN,KIN,PRA,Shenuka De Silva,4,,0,33,8.25,5
11,1st,FIT vs CAR,FIT,CAR,Cameron Stevenson,4,,0,50,12.50,1
11,1st,FIT vs CAR,FIT,CAR,Aryan J Sharma,3,,0,27,9.00,0
11,1st,FIT vs CAR,FIT,CAR,Evan Gulbis,3,,0,29,9.66,0
11,1st,FIT vs CAR,FIT,CAR,Tom Smyth,3,,0,12,4.00,0
11,1st,FIT vs CAR,FIT,CAR,Connor Rutland,3,,0,33,11.00,1
11,1st,FIT vs CAR,FIT,CAR,Michael Archer,4,,0,25,6.25,0
11,1st,FIT vs CAR,CAR,FIT,Samuel Elliott,4,,0,33,8.25,0
11,1st,FIT vs CAR,CAR,FIT,Harkirat Bajwa,4,,0,42,10.50,0
11,1st,FIT vs CAR,CAR,FIT,Nicholas Fletcher,1,,0,12,12.00,0
11,1st,FIT vs CAR,CAR,FIT,Miller Childs,4,,0,23,5.75,1
11,1st,FIT vs CAR,CAR,FIT,Matthew Spoors,2,,0,23,11.50,0
11,1st,FIT vs CAR,CAR,FIT,Glenn Maxwell,4,,0,34,8.50,0
11,1st,FIT vs CAR,CAR,FIT,Braden Taeuber,1,,0,11,11.00,0
11,1st,CAM vs FOO,CAM,FOO,Jay Vine,4,,0,18,4.50,0
11,1st,CAM vs FOO,CAM,FOO,Liam Mason,4,,0,42,10.50,1
11,1st,CAM vs FOO,CAM,FOO,Max Birthisel,4,,0,40,10.00,1
11,1st,CAM vs FOO,CAM,FOO,Bailey Toseland,3,,0,30,10.00,0
11,1st,CAM vs FOO,CAM,FOO,Aiman Nadeem,4,,0,25,6.25,1
11,1st,CAM vs FOO,CAM,FOO,Dylan Brasher,1,,0,10,10.00,0
11,1st,CAM vs FOO,FOO,CAM,William Walker,4,,0,31,7.75,0
11,1st,CAM vs FOO,FOO,CAM,Charles Simondson,4,,0,57,14.25,0
11,1st,CAM vs FOO,FOO,CAM,Hamish McKenzie,2.1,,0,9,4.15,0
11,1st,CAM vs FOO,FOO,CAM,Tom Nelson,4,,0,24,6.00,0
11,1st,CAM vs FOO,FOO,CAM,Jakey Pietz,3,,0,33,11.00,0
11,1st,CAM vs FOO,FOO,CAM,Liam Fitzpatrick,2,,0,14,7.00,0
12,1st,DAN vs FRA,DAN,FRA,Xavier Crone,8,,2,19,2.37,1
12,1st,DAN vs FRA,DAN,FRA,Aidan Lenehan,9.2,,2,22,2.35,2
12,1st,DAN vs FRA,DAN,FRA,Lachlan Klauer,8,,1,23,2.87,0
12,1st,DAN vs FRA,DAN,FRA,Jamie Matheson,9,,0,34,3.77,1
12,1st,DAN vs FRA,DAN,FRA,Jaspreet Singh,10,,1,34,3.40,1
12,1st,DAN vs FRA,DAN,FRA,Jai Elcock,1,,1,0,0.00,0
12,1st,DAN vs FRA,FRA,DAN,James Nanopoulos,6,,0,27,4.50,1
12,1st,DAN vs FRA,FRA,DAN,Noah Hurley,7,,0,37,5.28,3
12,1st,DAN vs FRA,FRA,DAN,Matthew Wilson,4,,0,17,4.25,0
12,1st,DAN vs FRA,FRA,DAN,Nathan Whitford,4,,1,21,5.25,0
12,1st,DAN vs FRA,FRA,DAN,Vishwa Ramkumar,5,,0,24,4.80,2
12,1st,DAN vs FRA,FRA,DAN,Gehan Seneviratne,1.4,,0,8,4.80,0
12,1st,MEL vs FIT,MEL,FIT,Miller Childs,9,,0,32,3.55,3
12,1st,MEL vs FIT,MEL,FIT,Braden Taeuber,10,,0,36,3.60,1
12,1st,MEL vs FIT,MEL,FIT,Harkirat Bajwa,10,,4,20,2.00,0
12,1st,MEL vs FIT,MEL,FIT,Ejaaz Alavi,10,,0,36,3.60,0
12,1st,MEL vs FIT,MEL,FIT,Liam Myott,10,,1,19,1.90,0
12,1st,MEL vs FIT,FIT,MEL,Tom Walker,7,,1,29,4.14,0
12,1st,MEL vs FIT,FIT,MEL,Ben Sears,6,,2,19,3.16,2
12,1st,MEL vs FIT,FIT,MEL,Mark Stafford,9,,2,14,1.55,2
12,1st,MEL vs FIT,FIT,MEL,Peter Hatzoglou,6,,0,34,5.66,5
12,1st,MEL vs FIT,FIT,MEL,Douglas Warren,8,,1,22,2.75,0
12,1st,MEL vs FIT,FIT,MEL,Yuvraj Singh,6.1,,0,28,4.54,0
12,1st,RIC vs FOO,RIC,FOO,Ben Roosenboom,3,,0,26,8.66,0
12,1st,RIC vs FOO,RIC,FOO,Liam Mason,5,,0,9,1.80,5
12,1st,RIC vs FOO,RIC,FOO,Max Birthisel,3,,0,34,11.33,2
12,1st,RIC vs FOO,RIC,FOO,Aiman Nadeem,2,,0,19,9.50,1
12,1st,RIC vs FOO,RIC,FOO,Jay Vine,5,,0,36,7.20,0
12,1st,RIC vs FOO,RIC,FOO,Dylan Brasher,4,,0,27,6.75,1
12,1st,RIC vs FOO,FOO,RIC,Austin Anlezark,5,,1,40,8.00,8
12,1st,RIC vs FOO,FOO,RIC,Joshua Sawrey,3,,1,19,6.33,1
12,1st,RIC vs FOO,FOO,RIC,Dhruval Parikh,4,,0,27,6.75,1
12,1st,RIC vs FOO,FOO,RIC,Brendan Rose,5,,0,29,5.80,1
12,1st,RIC vs FOO,FOO,RIC,Sam Mills,3.4,,0,34,9.27,2
12,1st,CAR vs ESS,CAR,ESS,Noman Safdar,9,,0,60,6.66,9
12,1st,CAR vs ESS,CAR,ESS,Muhammad Abdulrafay,10,,0,70,7.00,0
12,1st,CAR vs ESS,CAR,ESS,Arshit Rajput,2,,0,21,10.50,2
12,1st,CAR vs ESS,CAR,ESS,Nicholas McGuane,10,,2,40,4.00,4
12,1st,CAR vs ESS,CAR,ESS,Liam Molloy,9,,0,41,4.55,0
12,1st,CAR vs ESS,CAR,ESS,Muhammad Arsalan,10,,0,52,5.20,1
12,1st,CAR vs ESS,ESS,CAR,Cameron Stevenson,10,,0,55,5.50,14
12,1st,CAR vs ESS,ESS,CAR,Evan Gulbis,6,,2,23,3.83,1
12,1st,CAR vs ESS,ESS,CAR,Michael Archer,6.1,,2,38,6.16,0
12,1st,CAR vs ESS,ESS,CAR,Connor Rutland,7,,0,33,4.71,1
12,1st,CAR vs ESS,ESS,CAR,Aryan J Sharma,7,,0,18,2.57,0
12,1st,GRE vs CAS,GRE,CAS,Nathan Lambden,10,,1,40,4.00,2
12,1st,GRE vs CAS,GRE,CAS,Harry Hoekstra,9,,2,27,3.00,1
12,1st,GRE vs CAS,GRE,CAS,Muhammad Irfan,8,,0,35,4.37,1
12,1st,GRE vs CAS,GRE,CAS,Finlay Gordon,10,,3,32,3.20,2
12,1st,GRE vs CAS,GRE,CAS,Akshay Ramkumar,10,,0,40,4.00,0
12,1st,GRE vs CAS,GRE,CAS,Aaron Abeyesekera,1,,0,7,7.00,0
12,1st,GRE vs CAS,CAS,GRE,Benjamin Cliff,8.3,,3,28,3.29,3
12,1st,GRE vs CAS,CAS,GRE,Musa Hussain,7,,0,37,5.28,2
12,1st,GRE vs CAS,CAS,GRE,Armann Singh,7,,1,35,5.00,5
12,1st,GRE vs CAS,CAS,GRE,Ivan Zmak,8,,0,43,5.37,1
12,1st,GRE vs CAS,CAS,GRE,Yaseen Muntasir,10,,0,37,3.70,0
12,1st,GEE vs ST,GEE,ST,Luke Destito,7,,0,23,3.28,1
12,1st,GEE vs ST,GEE,ST,Matthew Hennig,8,,0,43,5.37,1
12,1st,GEE vs ST,GEE,ST,Will Lovell,7,,0,35,5.00,0
12,1st,GEE vs ST,GEE,ST,Thomas Paddington,7,,0,36,5.14,0
12,1st,GEE vs ST,GEE,ST,James Seymour,10,,1,30,3.00,0
12,1st,GEE vs ST,GEE,ST,Harry Dixon,10,,1,43,4.30,0
12,1st,GEE vs ST,GEE,ST,Ed Newman,1,,0,15,15.00,0
12,1st,GEE vs ST,ST,GEE,Josh Garner,9,,0,53,5.88,2
12,1st,GEE vs ST,ST,GEE,Nathan Harper,9,,1,46,5.11,1
12,1st,GEE vs ST,ST,GEE,Zane Attard,8,,0,53,6.62,0
12,1st,GEE vs ST,ST,GEE,Joshua Larkin,5,,0,19,3.80,0
12,1st,GEE vs ST,ST,GEE,Josh Collins,3.4,,1,44,12.00,0
12,1st,GEE vs ST,ST,GEE,Lachlan Neate,4,,0,14,3.50,0
12,1st,CAM vs RIN,CAM,RIN,Matthew Fotia,10,,0,35,3.50,1
12,1st,CAM vs RIN,CAM,RIN,Justin Beaton,9,,0,50,5.55,3
12,1st,CAM vs RIN,CAM,RIN,Ian Holland,6,,3,6,1.00,0
12,1st,CAM vs RIN,CAM,RIN,David King,8,,0,37,4.62,0
12,1st,CAM vs RIN,CAM,RIN,Jackson Freeman,8,,0,47,5.87,3
12,1st,CAM vs RIN,CAM,RIN,Dylan Walker,7,,0,34,4.85,0
12,1st,CAM vs RIN,RIN,CAM,William Walker,9,,3,24,2.66,0
12,1st,CAM vs RIN,RIN,CAM,Sacheen R Paramesh,6,,1,15,2.50,1
12,1st,CAM vs RIN,RIN,CAM,Tom Nelson,7,,0,31,4.42,2
12,1st,CAM vs RIN,RIN,CAM,Charles Simondson,10,,1,38,3.80,3
12,1st,CAM vs RIN,RIN,CAM,Hamish McKenzie,7,,1,37,5.28,3
12,1st,KIN vs NOR,KIN,NOR,Jackson Smith,8,,0,52,6.50,3
12,1st,KIN vs NOR,KIN,NOR,Sam Harbinson,6,,1,19,3.16,2
12,1st,KIN vs NOR,KIN,NOR,Jack Lalor,3,,1,7,2.33,0
12,1st,KIN vs NOR,KIN,NOR,Aaron Crispe,8,,1,31,3.87,1
12,1st,KIN vs NOR,KIN,NOR,Joe Medew-Ewen,8,,1,40,5.00,1
12,1st,KIN vs NOR,KIN,NOR,Matthew Pearce,6,,0,25,4.16,0
12,1st,KIN vs NOR,NOR,KIN,Luke Stow,6,,1,26,4.33,1
12,1st,KIN vs NOR,NOR,KIN,Cory Cater,6.5,,0,52,7.61,1
12,1st,KIN vs NOR,NOR,KIN,Vimesh Wickramasinghe,7,,1,19,2.71,0
12,1st,KIN vs NOR,NOR,KIN,William Bowering,8,,1,29,3.62,0
12,1st,KIN vs NOR,NOR,KIN,Nic Tindall,3,,0,20,6.66,2
12,1st,KIN vs NOR,NOR,KIN,Saad Khattak,6,,0,45,7.50,1
12,1st,MEL vs PRA,MEL,PRA,Cam McClure,10,,0,50,5.00,6
12,1st,MEL vs PRA,MEL,PRA,Matt Wilcox,10,,1,51,5.10,2
12,1st,MEL vs PRA,MEL,PRA,William Collins,5,,0,31,6.20,0
12,1st,MEL vs PRA,MEL,PRA,Shenuka De Silva,10,,1,53,5.30,1
12,1st,MEL vs PRA,MEL,PRA,Lachlan Bangs,8,,0,47,5.87,4
12,1st,MEL vs PRA,MEL,PRA,Cameron Hemp,7,,0,50,7.14,2
12,1st,MEL vs PRA,PRA,MEL,Jack Sullivan,6.1,,0,67,10.86,1
12,1st,MEL vs PRA,PRA,MEL,David Moody,10,,0,71,7.10,6
12,1st,MEL vs PRA,PRA,MEL,James Rosham,6,,0,54,9.00,1
12,1st,MEL vs PRA,PRA,MEL,Jonathan Merlo,10,,1,44,4.40,0
12,1st,MEL vs PRA,PRA,MEL,Benjamin Wickham,4,,0,21,5.25,0
12,1st,MEL vs PRA,PRA,MEL,Rishi Desai,3,,0,24,8.00,0
13,1st,CAM vs FRA,CAM,FRA,Xavier Crone,10,,2,69,6.90,1
13,1st,CAM vs FRA,CAM,FRA,Aidan Lenehan,9,,1,54,6.00,7
13,1st,CAM vs FRA,CAM,FRA,Lachlan Klauer,7,,0,38,5.42,1
13,1st,CAM vs FRA,CAM,FRA,Jamie Matheson,9,,2,26,2.88,1
13,1st,CAM vs FRA,CAM,FRA,Jaspreet Singh,10,,0,33,3.30,0
13,1st,CAM vs FRA,CAM,FRA,Jai Elcock,5,,0,36,7.20,0
13,1st,CAM vs FRA,FRA,CAM,William Walker,9,,1,47,5.22,11
13,1st,CAM vs FRA,FRA,CAM,Sacheen R Paramesh,10,,1,38,3.80,1
13,1st,CAM vs FRA,FRA,CAM,Tom Nelson,10,,1,53,5.30,2
13,1st,CAM vs FRA,FRA,CAM,Liam Fitzpatrick,4.4,,0,16,3.42,0
13,1st,CAM vs FRA,FRA,CAM,Shorye Chopra,10,,0,48,4.80,5
13,1st,CAM vs FRA,FRA,CAM,Charles Simondson,4,,0,40,10.00,0
13,1st,CAS vs GEE,CAS,GEE,Josh Garner,10,,1,32,3.20,1
13,1st,CAS vs GEE,CAS,GEE,Thomas Neate,5,,1,26,5.20,1
13,1st,CAS vs GEE,CAS,GEE,Kieren Helwig,8,,0,37,4.62,0
13,1st,CAS vs GEE,CAS,GEE,Joshua Larkin,10,,0,27,2.70,1
13,1st,CAS vs GEE,CAS,GEE,Lachlan Neate,8,,0,45,5.62,2
13,1st,CAS vs GEE,CAS,GEE,Zane Attard,9,,0,40,4.44,0
13,1st,CAS vs GEE,GEE,CAS,Nathan Lambden,10,,2,30,3.00,7
13,1st,CAS vs GEE,GEE,CAS,Harry Hoekstra,6,,1,13,2.16,2
13,1st,CAS vs GEE,GEE,CAS,Finlay Gordon,5,,0,40,8.00,5
13,1st,CAS vs GEE,GEE,CAS,Muhammad Irfan,7,,0,18,2.57,0
13,1st,CAS vs GEE,GEE,CAS,Aaron Abeyesekera,6,,0,27,4.50,0
13,1st,CAS vs GEE,GEE,CAS,Ashvin Adihetty,7.1,,0,22,3.07,1
13,1st,MEL vs NOR,MEL,NOR,Mitch Lawson,0,,0,0,0.00,0
13,1st,MEL vs NOR,MEL,NOR,Jackson Smith,10,,0,61,6.10,0
13,1st,MEL vs NOR,MEL,NOR,Sam Harbinson,8,,0,37,4.62,1
13,1st,MEL vs NOR,MEL,NOR,Jack Lalor,8,,0,47,5.87,2
13,1st,MEL vs NOR,MEL,NOR,Joe Medew-Ewen,10,,0,71,7.10,2
13,1st,MEL vs NOR,MEL,NOR,Aaron Crispe,5,,0,30,6.00,0
13,1st,MEL vs NOR,MEL,NOR,Matthew Pearce,9,,0,35,3.88,0
13,1st,MEL vs NOR,NOR,MEL,Fergus O’Neill,8,,0,32,4.00,1
13,1st,MEL vs NOR,NOR,MEL,David Moody,7,,1,29,4.14,0
13,1st,MEL vs NOR,NOR,MEL,Glenn Hannah,7,,0,34,4.85,0
13,1st,MEL vs NOR,NOR,MEL,Thomas Wrigglesworth,10,,0,47,4.70,1
13,1st,MEL vs NOR,NOR,MEL,Christian Howe,7.4,,0,38,4.95,0
13,1st,MEL vs NOR,NOR,MEL,Rishi Desai,4,,0,16,4.00,0
13,1st,FOO vs FIT,FOO,FIT,Nicholas Fletcher,7.3,,1,44,5.86,6
13,1st,FOO vs FIT,FOO,FIT,Harkirat Bajwa,7,,0,30,4.28,0
13,1st,FOO vs FIT,FOO,FIT,Miller Childs,9.3,,0,101,10.63,0
13,1st,FOO vs FIT,FOO,FIT,Liam Myott,6,,0,45,7.50,0
13,1st,FOO vs FIT,FOO,FIT,Ejaaz Alavi,10,,0,66,6.60,1
13,1st,FOO vs FIT,FOO,FIT,Matthew Spoors,10,,0,61,6.10,1
13,1st,FOO vs FIT,FIT,FOO,Ben Roosenboom,9,,2,23,2.55,0
13,1st,FOO vs FIT,FIT,FOO,Thomas Rogers,5,,1,35,7.00,1
13,1st,FOO vs FIT,FIT,FOO,Liam Mason,6,,0,33,5.50,1
13,1st,FOO vs FIT,FIT,FOO,Max Birthisel,8,,0,31,3.87,1
13,1st,FOO vs FIT,FIT,FOO,Aiman Nadeem,2,,0,16,8.00,1
13,1st,FOO vs FIT,FIT,FOO,Jay Vine,8,,0,26,3.25,1
13,1st,FOO vs FIT,FIT,FOO,Dylan Brasher,4,,0,18,4.50,0
13,1st,ST vs KIN,ST,KIN,Luke Stow,9,,0,50,5.55,2
13,1st,ST vs KIN,ST,KIN,Cory Cater,10,,1,46,4.60,3
13,1st,ST vs KIN,ST,KIN,Saad Khattak,10,,0,34,3.40,0
13,1st,ST vs KIN,ST,KIN,Nic Tindall,2,,0,9,4.50,0
13,1st,ST vs KIN,ST,KIN,William Bowering,10,,0,32,3.20,0
13,1st,ST vs KIN,ST,KIN,Vimesh Wickramasinghe,9,,0,38,4.22,0
13,1st,ST vs KIN,KIN,ST,Luke Destito,9,,3,29,3.22,1
13,1st,ST vs KIN,KIN,ST,Thomas Paddington,10,,0,40,4.00,2
13,1st,ST vs KIN,KIN,ST,Will Lovell,10,,0,40,4.00,1
13,1st,ST vs KIN,KIN,ST,Harry Jones,10,,0,33,3.30,0
13,1st,ST vs KIN,KIN,ST,James Seymour,10,,3,32,3.20,0
13,1st,ST vs KIN,KIN,ST,Reyaan Farooq,1,,0,7,7.00,0
13,1st,GRE vs DAN,GRE,DAN,James Nanopoulos,7,,1,31,4.42,0
13,1st,GRE vs DAN,GRE,DAN,Nathan Whitford,8,,0,55,6.87,9
13,1st,GRE vs DAN,GRE,DAN,Hayden Wrigglesworth,8,,0,45,5.62,2
13,1st,GRE vs DAN,GRE,DAN,Vishwa Ramkumar,8,,0,54,6.75,3
13,1st,GRE vs DAN,GRE,DAN,Matthew Wilson,10,,1,40,4.00,1
13,1st,GRE vs DAN,GRE,DAN,Brett Forsyth,9,,0,33,3.66,0
13,1st,GRE vs DAN,DAN,GRE,Benjamin Cliff,10,,0,56,5.60,5
13,1st,GRE vs DAN,DAN,GRE,Musa Hussain,8,,1,35,4.37,0
13,1st,GRE vs DAN,DAN,GRE,Yaseen Muntasir,8,,0,35,4.37,0
13,1st,GRE vs DAN,DAN,GRE,Armann Singh,8.5,,1,54,6.11,5
13,1st,GRE vs DAN,DAN,GRE,Ivan Zmak,5,,0,36,7.20,0
13,1st,GRE vs DAN,DAN,GRE,Justin Galeotti,9,,0,47,5.22,0
13,1st,CAR vs PRA,CAR,PRA,Cam McClure,9.4,,0,53,5.48,3
13,1st,CAR vs PRA,CAR,PRA,Matt Wilcox,7,,2,17,2.42,1
13,1st,CAR vs PRA,CAR,PRA,Andrew Tye,8,,0,40,5.00,2
13,1st,CAR vs PRA,CAR,PRA,Shenuka De Silva,10,,0,45,4.50,0
13,1st,CAR vs PRA,CAR,PRA,Lachlan Bangs,5,,0,17,3.40,3
13,1st,CAR vs PRA,CAR,PRA,Cameron Hemp,5,,0,18,3.60,1
13,1st,CAR vs PRA,PRA,CAR,Cameron Stevenson,7,,0,39,5.57,1
13,1st,CAR vs PRA,PRA,CAR,Evan Gulbis,9.1,,1,24,2.61,1
13,1st,CAR vs PRA,PRA,CAR,Tom Smyth,5,,0,22,4.40,0
13,1st,CAR vs PRA,PRA,CAR,Connor Rutland,5,,0,22,4.40,5
13,1st,CAR vs PRA,PRA,CAR,Michael Archer,9,,1,45,5.00,0
13,1st,RIC vs ESS,RIC,ESS,Navdeep Rai,7,,0,37,5.28,5
13,1st,RIC vs ESS,RIC,ESS,Noman Safdar,6,,1,22,3.66,2
13,1st,RIC vs ESS,RIC,ESS,Nicholas McGuane,9,,0,60,6.66,3
13,1st,RIC vs ESS,RIC,ESS,Liam Molloy,6,,0,23,3.83,0
13,1st,RIC vs ESS,RIC,ESS,Arshit Rajput,9,,0,36,4.00,0
13,1st,RIC vs ESS,RIC,ESS,Muhammad Arsalan,4,,0,18,4.50,0
13,1st,RIC vs ESS,RIC,ESS,Ikroop Dhanoa,9,,0,39,4.33,1
13,1st,RIC vs ESS,ESS,RIC,Austin Anlezark,7,,1,21,3.00,3
13,1st,RIC vs ESS,ESS,RIC,Joshua Sawrey,10,,1,44,4.40,0
13,1st,RIC vs ESS,ESS,RIC,Brendan Rose,7,,1,29,4.14,1
13,1st,RIC vs ESS,ESS,RIC,Sam Mills,9.4,,0,37,3.82,0
13,1st,RIC vs ESS,ESS,RIC,Dhruval Parikh,9,,0,51,5.66,1
13,1st,RIC vs ESS,ESS,RIC,Jonathan D’Rozario,2,,0,16,8.00,0
13,1st,RIC vs ESS,ESS,RIC,Jacob Hinds,4,,0,16,4.00,0
13,1st,RIN vs MEL,RIN,MEL,Tom Walker,10,,1,30,3.00,7
13,1st,RIN vs MEL,RIN,MEL,Mark Stafford,10,,1,39,3.90,2
13,1st,RIN vs MEL,RIN,MEL,Yuvraj Singh,10,,3,20,2.00,0
13,1st,RIN vs MEL,RIN,MEL,Peter Hatzoglou,10,,1,26,2.60,1
13,1st,RIN vs MEL,RIN,MEL,Douglas Warren,10,,0,44,4.40,3
13,1st,RIN vs MEL,MEL,RIN,Ian Holland,6,,0,20,3.33,0
13,1st,RIN vs MEL,MEL,RIN,Justin Beaton,7,,0,29,4.14,1
13,1st,RIN vs MEL,MEL,RIN,David King,4,,1,16,4.00,0
13,1st,RIN vs MEL,MEL,RIN,Jackson Freeman,7.3,,1,35,4.66,1
13,1st,RIN vs MEL,MEL,RIN,Dylan Walker,6,,0,27,4.50,0
13,1st,RIN vs MEL,MEL,RIN,Luke Tully,5,,0,19,3.80,0
13,1st,RIN vs MEL,MEL,RIN,Timothy Sugumar,1,,0,16,16.00,0
14,1st,1st CAS vs 1st KIN,1st CAS,1st KIN,Luke Stow,15,,5,47,3.13,0
14,1st,1st CAS vs 1st KIN,1st CAS,1st KIN,Cory Cater,21,,4,81,3.85,0
14,1st,1st CAS vs 1st KIN,1st CAS,1st KIN,Nic Tindall,10,,2,36,3.60,0
14,1st,1st CAS vs 1st KIN,1st CAS,1st KIN,Saad Khattak,14,,1,56,4.00,0
14,1st,1st CAS vs 1st KIN,1st CAS,1st KIN,William Bowering,32,,4,82,2.56,0
14,1st,1st CAS vs 1st KIN,1st CAS,1st KIN,Vimesh Wickramasinghe,4,,1,21,5.25,0
14,1st,1st CAS vs 1st KIN,1st KIN,1st CAS,Nathan Lambden,14,,3,50,3.57,0
14,1st,1st CAS vs 1st KIN,1st KIN,1st CAS,Harry Hoekstra,20,,6,50,2.50,0
14,1st,1st CAS vs 1st KIN,1st KIN,1st CAS,Muhammad Irfan,16,,3,55,3.43,0
14,1st,1st CAS vs 1st KIN,1st KIN,1st CAS,Finlay Gordon,22.5,,0,84,3.67,0
14,1st,1st CAS vs 1st KIN,1st KIN,1st CAS,Ashvin Adihetty,22,,2,69,3.13,0
14,1st,1st CAM vs 1st DAN,1st CAM,1st DAN,Noah Hurley,21,,4,53,2.52,0
14,1st,1st CAM vs 1st DAN,1st CAM,1st DAN,Nathan Whitford,19,,2,59,3.10,0
14,1st,1st CAM vs 1st DAN,1st CAM,1st DAN,Matthew Wilson,13,,2,46,3.53,0
14,1st,1st CAM vs 1st DAN,1st CAM,1st DAN,Gehan Seneviratne,18,,2,63,3.50,0
14,1st,1st CAM vs 1st DAN,1st CAM,1st DAN,Vishwa Ramkumar,25,,3,49,1.96,0
14,1st,1st CAM vs 1st DAN,1st CAM,1st DAN,Brett Forsyth,1,,0,2,2.00,0
14,1st,1st CAM vs 1st DAN,1st DAN,1st CAM,William Walker,17,,6,39,2.29,0
14,1st,1st CAM vs 1st DAN,1st DAN,1st CAM,Sacheen R Paramesh,20,,4,56,2.80,0
14,1st,1st CAM vs 1st DAN,1st DAN,1st CAM,Tom Nelson,21,,1,66,3.14,2
14,1st,1st CAM vs 1st DAN,1st DAN,1st CAM,Patrick Dooley,29,,9,45,1.55,0
14,1st,1st CAM vs 1st DAN,1st DAN,1st CAM,Shorye Chopra,3,,0,14,4.66,0
14,1st,1st CAM vs 1st DAN,1st DAN,1st CAM,Patrick Forrest,2,,1,4,2.00,0
14,1st,1st CAM vs 1st DAN,1st DAN,1st CAM,Liam Fitzpatrick,1,,0,6,6.00,0
14,1st,1st FIT vs 1st GEE,1st FIT,1st GEE,Nathan Harper,15,,0,54,3.60,0
14,1st,1st FIT vs 1st GEE,1st FIT,1st GEE,Thomas Neate,17,,4,53,3.11,0
14,1st,1st FIT vs 1st GEE,1st FIT,1st GEE,Josh Garner,17.2,,5,54,3.11,2
14,1st,1st FIT vs 1st GEE,1st FIT,1st GEE,Joshua Larkin,17,,3,49,2.88,0
14,1st,1st FIT vs 1st GEE,1st FIT,1st GEE,Zane Attard,10,,3,14,1.40,0
14,1st,1st FIT vs 1st GEE,1st FIT,1st GEE,Lincoln Koliba,4,,0,10,2.50,0
14,1st,1st FIT vs 1st GEE,1st GEE,1st FIT,Braden Taeuber,24,,2,85,3.54,0
14,1st,1st FIT vs 1st GEE,1st GEE,1st FIT,Gurnaz Khatra,17,,3,51,3.00,1
14,1st,1st FIT vs 1st GEE,1st GEE,1st FIT,Ejaaz Alavi,24,,7,42,1.75,0
14,1st,1st FIT vs 1st GEE,1st GEE,1st FIT,Harkirat Bajwa,21.4,,2,55,2.53,0
14,1st,1st FIT vs 1st GEE,1st GEE,1st FIT,Miller Childs,3,,0,13,4.33,0
14,1st,1st RIC vs 1st PRA,1st RIC,1st PRA,Cam McClure,6,,0,37,6.16,0
14,1st,1st RIC vs 1st PRA,1st RIC,1st PRA,Matt Wilcox,21,,2,72,3.42,0
14,1st,1st RIC vs 1st PRA,1st RIC,1st PRA,Lachlan Bangs,14,,3,37,2.64,1
14,1st,1st RIC vs 1st PRA,1st RIC,1st PRA,Shenuka De Silva,39,,4,133,3.41,0
14,1st,1st RIC vs 1st PRA,1st RIC,1st PRA,Damon Malcolm,13,,0,34,2.61,0
14,1st,1st RIC vs 1st PRA,1st RIC,1st PRA,Cameron Hemp,2,,0,13,6.50,0
14,1st,1st RIC vs 1st PRA,1st RIC,1st PRA,Paul Walter,5,,1,10,2.00,0
14,1st,1st RIC vs 1st PRA,1st PRA,1st RIC,Austin Anlezark,10,,1,38,3.80,2
14,1st,1st RIC vs 1st PRA,1st PRA,1st RIC,Joshua Sawrey,12,,3,36,3.00,0
14,1st,1st RIC vs 1st PRA,1st PRA,1st RIC,Dhruval Parikh,19,,1,95,5.00,0
14,1st,1st RIC vs 1st PRA,1st PRA,1st RIC,Sam Mills,13.3,,4,64,4.74,0
14,1st,1st RIC vs 1st PRA,1st PRA,1st RIC,Jonathan D’Rozario,13,,0,33,2.53,0
14,1st,1st RIC vs 1st PRA,1st PRA,1st RIC,Dan Scholz,5,,0,32,6.40,0
14,1st,1st RIC vs 1st PRA,1st PRA,1st RIC,Joshua Ash,11,,0,44,4.00,0
14,1st,1st MEL vs 1st ESS,1st MEL,1st ESS,Nicholas McGuane,17,,5,77,4.52,1
14,1st,1st MEL vs 1st ESS,1st MEL,1st ESS,Noman Safdar,14,,3,49,3.50,1
14,1st,1st MEL vs 1st ESS,1st MEL,1st ESS,Noah Guida,10,,0,52,5.20,1
14,1st,1st MEL vs 1st ESS,1st MEL,1st ESS,Arshit Rajput,17,,2,69,4.05,0
14,1st,1st MEL vs 1st ESS,1st MEL,1st ESS,Emerson White,3,,0,18,6.00,0
14,1st,1st MEL vs 1st ESS,1st MEL,1st ESS,Muhammad Arsalan,7,,1,33,4.71,0
14,1st,1st MEL vs 1st ESS,1st MEL,1st ESS,Ikroop Dhanoa,12,,3,52,4.33,0
14,1st,1st MEL vs 1st ESS,1st MEL,1st ESS,Liam Molloy,9,,0,34,3.77,0
14,1st,1st MEL vs 1st ESS,1st ESS,1st MEL,Mark Stafford,17,,3,51,3.00,0
14,1st,1st MEL vs 1st ESS,1st ESS,1st MEL,Tom Walker,14,,2,48,3.42,1
14,1st,1st MEL vs 1st ESS,1st ESS,1st MEL,Douglas Warren,29,,7,89,3.06,0
14,1st,1st MEL vs 1st ESS,1st ESS,1st MEL,Jack Lyndon,11,,3,30,2.72,4
14,1st,1st MEL vs 1st ESS,1st ESS,1st MEL,Peter Hatzoglou,11,,1,54,4.90,0
14,1st,1st MEL vs 1st ESS,1st ESS,1st MEL,Yuvraj Singh,18,,0,75,4.16,0
14,1st,1st GRE vs 1st FOO,1st GRE,1st FOO,Ben Roosenboom,10,,0,48,4.80,0
14,1st,1st GRE vs 1st FOO,1st GRE,1st FOO,Liam Mason,8,,2,36,4.50,1
14,1st,1st GRE vs 1st FOO,1st GRE,1st FOO,Max Birthisel,7,,0,40,5.71,2
14,1st,1st GRE vs 1st FOO,1st GRE,1st FOO,Daniel Wilczynski,7.1,,1,28,3.90,0
14,1st,1st GRE vs 1st FOO,1st GRE,1st FOO,Aiman Nadeem,7,,2,15,2.14,0
14,1st,1st GRE vs 1st FOO,1st GRE,1st FOO,Jack Prestwidge,3,,0,7,2.33,0
14,1st,1st GRE vs 1st FOO,1st GRE,1st FOO,Jay Vine,3,,0,3,1.00,0
14,1st,1st GRE vs 1st FOO,1st FOO,1st GRE,Benjamin Cliff,13,,5,54,4.15,0
14,1st,1st GRE vs 1st FOO,1st FOO,1st GRE,Musa Hussain,13,,0,65,5.00,1
14,1st,1st GRE vs 1st FOO,1st FOO,1st GRE,Armann Singh,9,,1,45,5.00,3
14,1st,1st GRE vs 1st FOO,1st FOO,1st GRE,Yaseen Muntasir,16,,0,118,7.37,0
14,1st,1st GRE vs 1st FOO,1st FOO,1st GRE,Ivan Zmak,11,,0,63,5.72,0
14,1st,1st GRE vs 1st FOO,1st FOO,1st GRE,Justin Galeotti,2,,0,14,7.00,0
14,1st,1st GRE vs 1st FOO,2nd GRE,1st GRE,Ben Roosenboom,12,,3,50,4.16,0
14,1st,1st GRE vs 1st FOO,2nd GRE,1st GRE,Liam Mason,8,,1,27,3.37,0
14,1st,1st GRE vs 1st FOO,2nd GRE,1st GRE,Daniel Wilczynski,15.3,,4,39,2.51,1
14,1st,1st GRE vs 1st FOO,2nd GRE,1st GRE,Max Birthisel,12,,5,23,1.91,0
14,1st,1st GRE vs 1st FOO,2nd GRE,1st GRE,Jay Vine,8,,1,24,3.00,0
14,1st,1st GRE vs 1st FOO,2nd GRE,1st GRE,Joshua Pace,1,,0,5,5.00,0
14,1st,1st GRE vs 1st FOO,2nd GRE,1st GRE,Aiman Nadeem,5,,1,10,2.00,0
14,1st,1st FRA vs 1st MEL,1st FRA,1st MEL,David Moody,16,,5,30,1.87,0
14,1st,1st FRA vs 1st MEL,1st FRA,1st MEL,Jack Sullivan,17.5,,2,87,4.87,1
14,1st,1st FRA vs 1st MEL,1st FRA,1st MEL,Christian Howe,16,,1,46,2.87,1
14,1st,1st FRA vs 1st MEL,1st FRA,1st MEL,Glenn Hannah,11,,2,48,4.36,0
14,1st,1st FRA vs 1st MEL,1st FRA,1st MEL,Wilson McGillivray,8,,1,43,5.37,2
14,1st,1st FRA vs 1st MEL,1st FRA,1st MEL,Thomas Wrigglesworth,14,,3,40,2.85,0
14,1st,1st FRA vs 1st MEL,1st FRA,1st MEL,Christopher Kellaway,6,,0,22,3.66,0
14,1st,1st FRA vs 1st MEL,1st FRA,1st MEL,Blake Thomson,2,,0,2,1.00,0
14,1st,1st FRA vs 1st MEL,1st MEL,1st FRA,Xavier Crone,11,,1,48,4.36,0
14,1st,1st FRA vs 1st MEL,1st MEL,1st FRA,Aidan Lenehan,14.3,,1,97,6.68,0
14,1st,1st FRA vs 1st MEL,1st MEL,1st FRA,Lachlan Klauer,13,,4,45,3.46,0
14,1st,1st FRA vs 1st MEL,1st MEL,1st FRA,Liam Cox,12,,1,55,4.58,0
14,1st,1st FRA vs 1st MEL,1st MEL,1st FRA,Jaspreet Singh,13,,1,66,5.07,0
14,1st,1st FRA vs 1st MEL,1st MEL,1st FRA,Jai Elcock,2,,0,21,10.50,1
15,1st,1st KIN vs 1st GRE,1st KIN,1st GRE,Benjamin Cliff,18,,4,61,3.38,0
15,1st,1st KIN vs 1st GRE,1st KIN,1st GRE,Musa Hussain,13.4,,3,48,3.51,0
15,1st,1st KIN vs 1st GRE,1st KIN,1st GRE,Declan Highgate,12,,2,47,3.91,0
15,1st,1st KIN vs 1st GRE,1st KIN,1st GRE,Armann Singh,13,,2,47,3.61,2
15,1st,1st KIN vs 1st GRE,1st KIN,1st GRE,Yaseen Muntasir,22,,5,54,2.45,0
15,1st,1st KIN vs 1st GRE,1st KIN,1st GRE,Ivan Zmak,5,,1,21,4.20,0
15,1st,1st KIN vs 1st GRE,1st GRE,1st KIN,Cory Cater,15,,5,41,2.73,0
15,1st,1st KIN vs 1st GRE,1st GRE,1st KIN,Herbie Fischbacher,17.2,,8,42,2.42,0
15,1st,1st KIN vs 1st GRE,1st GRE,1st KIN,William Bowering,14,,5,55,3.92,0
15,1st,1st KIN vs 1st GRE,1st GRE,1st KIN,Saad Khattak,22,,1,70,3.18,0
15,1st,1st KIN vs 1st GRE,1st GRE,1st KIN,Thaveesh Attanayake,9,,0,26,2.88,0
15,1st,1st KIN vs 1st GRE,1st GRE,1st KIN,Vimesh Wickramasinghe,3,,0,13,4.33,0
14,1st,1st RIN vs 1st CAR,1st RIN,1st CAR,Julian Pollard,4,,0,14,3.50,0
14,1st,1st RIN vs 1st CAR,1st RIN,1st CAR,Evan Gulbis,13,,6,19,1.46,0
14,1st,1st RIN vs 1st CAR,1st RIN,1st CAR,Cameron Stevenson,7.4,,2,19,2.47,0
14,1st,1st RIN vs 1st CAR,1st RIN,1st CAR,Connor Rutland,6,,1,26,4.33,0
14,1st,1st RIN vs 1st CAR,1st RIN,1st CAR,Dominic Sullivan,10,,0,35,3.50,0
14,1st,1st RIN vs 1st CAR,1st RIN,1st CAR,Henry Edwards,2,,1,3,1.50,0
14,1st,1st RIN vs 1st CAR,1st CAR,1st RIN,Matthew Fotia,4.3,,1,17,3.77,0
14,1st,1st RIN vs 1st CAR,1st CAR,1st RIN,Ian Holland,10,,3,25,2.50,0
14,1st,1st RIN vs 1st CAR,1st CAR,1st RIN,David King,20,,6,47,2.35,0
14,1st,1st RIN vs 1st CAR,1st CAR,1st RIN,Justin Beaton,11.5,,1,41,3.46,0
14,1st,1st RIN vs 1st CAR,1st CAR,1st RIN,Jackson Freeman,4,,0,11,2.75,0
14,1st,1st RIN vs 1st CAR,1st CAR,1st RIN,Dylan Walker,5,,0,13,2.60,0
14,1st,1st RIN vs 1st CAR,1st CAR,1st RIN,Timothy Sugumar,1,,0,1,1.00,0
14,1st,1st RIN vs 1st CAR,2nd RIN,1st RIN,Julian Pollard,3,,1,9,3.00,0
14,1st,1st RIN vs 1st CAR,2nd RIN,1st RIN,Evan Gulbis,6,,0,23,3.83,0
14,1st,1st RIN vs 1st CAR,2nd RIN,1st RIN,Cameron Stevenson,11,,1,32,2.90,1
14,1st,1st RIN vs 1st CAR,2nd RIN,1st RIN,Connor Rutland,8,,0,32,4.00,0
14,1st,1st RIN vs 1st CAR,2nd RIN,1st RIN,Dominic Sullivan,7,,1,27,3.85,0
14,1st,1st RIN vs 1st CAR,2nd RIN,1st RIN,Henry Edwards,7,,0,40,5.71,0
14,1st,1st RIN vs 1st CAR,2nd RIN,1st RIN,Tom Smyth,6,,1,22,3.66,0
14,1st,1st NOR vs 1st ST,1st NOR,1st ST,Matthew Hennig,9,,2,31,3.44,0
14,1st,1st NOR vs 1st ST,1st NOR,1st ST,Luke Destito,10.3,,5,11,1.04,1
14,1st,1st NOR vs 1st ST,1st NOR,1st ST,Thomas Paddington,6,,2,8,1.33,1
14,1st,1st NOR vs 1st ST,1st NOR,1st ST,Will Lovell,4,,1,10,2.50,0
14,1st,1st NOR vs 1st ST,1st ST,1st NOR,Jackson Smith,16,,2,60,3.75,0
14,1st,1st NOR vs 1st ST,1st ST,1st NOR,Adam Howard,10.4,,3,40,3.75,0
14,1st,1st NOR vs 1st ST,1st ST,1st NOR,Jack Lalor,7,,0,44,6.28,0
14,1st,1st NOR vs 1st ST,1st ST,1st NOR,Joe Medew-Ewen,13,,1,65,5.00,0
14,1st,1st NOR vs 1st ST,1st ST,1st NOR,Aaron Crispe,9,,2,25,2.77,0
14,1st,1st NOR vs 1st ST,1st ST,1st NOR,Matthew Pearce,9,,0,44,4.88,0
14,1st,1st NOR vs 1st ST,1st ST,1st NOR,Will Blair,2,,0,27,13.50,0
14,1st,1st NOR vs 1st ST,2nd NOR,1st NOR,Matthew Hennig,13,,3,39,3.00,0
14,1st,1st NOR vs 1st ST,2nd NOR,1st NOR,Luke Destito,11.4,,7,9,0.77,0
14,1st,1st NOR vs 1st ST,2nd NOR,1st NOR,Thomas Paddington,8,,3,10,1.25,0
14,1st,1st NOR vs 1st ST,2nd NOR,1st NOR,Thomas Russ,16,,2,43,2.68,0
14,1st,1st NOR vs 1st ST,2nd NOR,1st NOR,Will Lovell,9,,3,24,2.66,0
14,1st,1st NOR vs 1st ST,2nd NOR,1st NOR,James Seymour,2,,1,2,1.00,0
15,1st,1st GEE vs 1st DAN,1st GEE,1st DAN,James Nanopoulos,15,,1,48,3.20,0
15,1st,1st GEE vs 1st DAN,1st GEE,1st DAN,Noah Hurley,13,,3,36,2.76,0
15,1st,1st GEE vs 1st DAN,1st GEE,1st DAN,Matthew Wilson,10.3,,6,17,1.61,0
15,1st,1st GEE vs 1st DAN,1st GEE,1st DAN,Nathan Whitford,9,,2,22,2.44,0
15,1st,1st GEE vs 1st DAN,1st GEE,1st DAN,Vishwa Ramkumar,8,,0,41,5.12,1
15,1st,1st GEE vs 1st DAN,1st GEE,1st DAN,Brett Forsyth,2,,0,6,3.00,0
15,1st,1st GEE vs 1st DAN,1st DAN,1st GEE,Nathan Harper,21,,5,68,3.23,0
15,1st,1st GEE vs 1st DAN,1st DAN,1st GEE,Thomas Neate,20,,2,60,3.00,1
15,1st,1st GEE vs 1st DAN,1st DAN,1st GEE,Josh Garner,16,,5,35,2.18,1
15,1st,1st GEE vs 1st DAN,1st DAN,1st GEE,Joshua Larkin,13,,2,34,2.61,0
15,1st,1st GEE vs 1st DAN,1st DAN,1st GEE,Zane Attard,13,,3,46,3.53,0
15,1st,1st GEE vs 1st DAN,1st DAN,1st GEE,Lincoln Koliba,5,,0,15,3.00,0
15,1st,1st GEE vs 1st DAN,1st DAN,1st GEE,Lachie Field,3,,0,17,5.66,0
15,1st,1st PRA vs 1st MEL,1st PRA,1st MEL,Mark Stafford,10,,1,42,4.20,0
15,1st,1st PRA vs 1st MEL,1st PRA,1st MEL,Tom Walker,8,,0,48,6.00,1
15,1st,1st PRA vs 1st MEL,1st PRA,1st MEL,Jack Lyndon,13,,4,45,3.46,1
15,1st,1st PRA vs 1st MEL,1st PRA,1st MEL,Yuvraj Singh,31.5,,1,126,3.95,0
15,1st,1st PRA vs 1st MEL,1st PRA,1st MEL,Fergus McKenna,3,,1,10,3.33,0
15,1st,1st PRA vs 1st MEL,1st PRA,1st MEL,Douglas Warren,16,,2,36,2.25,0
15,1st,1st PRA vs 1st MEL,1st PRA,1st MEL,Janak Prakash,3,,0,16,5.33,1
15,1st,1st PRA vs 1st MEL,1st PRA,1st MEL,Jacob Whiteaker,11,,1,38,3.45,0
15,1st,1st PRA vs 1st MEL,1st MEL,1st PRA,Matt Wilcox,18,,5,59,3.27,0
15,1st,1st PRA vs 1st MEL,1st MEL,1st PRA,Max Keogh,10,,1,43,4.30,0
15,1st,1st PRA vs 1st MEL,1st MEL,1st PRA,Lachlan Bangs,9,,2,16,1.77,0
15,1st,1st PRA vs 1st MEL,1st MEL,1st PRA,Damon Malcolm,10,,0,47,4.70,0
15,1st,1st PRA vs 1st MEL,1st MEL,1st PRA,Shenuka De Silva,30.1,,8,118,3.91,0
15,1st,1st PRA vs 1st MEL,1st MEL,1st PRA,Paul Walter,3,,0,15,5.00,0
15,1st,1st PRA vs 1st MEL,1st MEL,1st PRA,Cameron Hemp,2,,0,10,5.00,0
15,1st,1st RIC vs 1st RIN,1st RIC,1st RIN,Ian Holland,12,,7,21,1.75,0
15,1st,1st RIC vs 1st RIN,1st RIC,1st RIN,Justin Beaton,17.3,,6,27,1.54,0
15,1st,1st RIC vs 1st RIN,1st RIC,1st RIN,David King,4,,1,11,2.75,0
15,1st,1st RIC vs 1st RIN,1st RIC,1st RIN,Luke Tully,9,,1,32,3.55,0
15,1st,1st RIC vs 1st RIN,1st RIC,1st RIN,Jackson Freeman,8,,1,24,3.00,0
15,1st,1st RIC vs 1st RIN,1st RIC,1st RIN,Dylan Walker,28,,3,89,3.17,0
15,1st,1st RIC vs 1st RIN,1st RIC,1st RIN,Rheedyi Adam Amin,14,,2,46,3.28,0
15,1st,1st RIC vs 1st RIN,1st RIC,1st RIN,Oliver Horlock,1,,0,2,2.00,0
15,1st,1st RIC vs 1st RIN,1st RIN,1st RIC,Sam Mills,7,,2,12,1.71,0
15,1st,1st RIC vs 1st RIN,1st RIN,1st RIC,Mitch Perry,9,,5,11,1.22,1
15,1st,1st RIC vs 1st RIN,1st RIN,1st RIC,Joshua Sawrey,9,,2,24,2.66,0
15,1st,1st RIC vs 1st RIN,1st RIN,1st RIC,Griffin Box,9,,2,37,4.11,1
15,1st,1st RIC vs 1st RIN,1st RIN,1st RIC,Dhruval Parikh,22,,5,54,2.45,0
15,1st,1st RIC vs 1st RIN,1st RIN,1st RIC,Jonathan D’Rozario,2.2,,2,0,0.00,0
15,1st,1st FOO vs 1st CAS,1st FOO,1st CAS,Nathan Lambden,11,,2,34,3.09,0
15,1st,1st FOO vs 1st CAS,1st FOO,1st CAS,Daud Malik,0,,0,0,0.00,0
15,1st,1st FOO vs 1st CAS,1st FOO,1st CAS,Harry Hoekstra,16,,9,18,1.12,0
15,1st,1st FOO vs 1st CAS,1st FOO,1st CAS,Muhammad Irfan,17,,3,44,2.58,0
15,1st,1st FOO vs 1st CAS,1st FOO,1st CAS,Finlay Gordon,24,,3,72,3.00,0
15,1st,1st FOO vs 1st CAS,1st FOO,1st CAS,Ashvin Adihetty,20,,4,36,1.80,0
15,1st,1st FOO vs 1st CAS,1st CAS,1st FOO,Ben Roosenboom,16,,6,37,2.31,0
15,1st,1st FOO vs 1st CAS,1st CAS,1st FOO,Liam Mason,8,,2,23,2.87,0
15,1st,1st FOO vs 1st CAS,1st CAS,1st FOO,Daniel Wilczynski,10,,2,35,3.50,2
15,1st,1st FOO vs 1st CAS,1st CAS,1st FOO,Max Birthisel,8,,1,29,3.62,0
15,1st,1st FOO vs 1st CAS,1st CAS,1st FOO,Jack Prestwidge,2,,1,8,4.00,0
15,1st,1st FOO vs 1st CAS,1st CAS,1st FOO,Jay Vine,19,,9,41,2.15,0
15,1st,1st FOO vs 1st CAS,1st CAS,1st FOO,Aiman Nadeem,5,,0,24,4.80,0
15,1st,1st FOO vs 1st CAS,1st CAS,1st FOO,Dylan Brasher,4,,1,18,4.50,0
15,1st,1st FOO vs 1st CAS,1st CAS,1st FOO,Mitchell Jamieson,1.2,,0,7,5.25,0
15,1st,1st CAR vs 1st MEL,1st CAR,1st MEL,Fergus O’Neill,19,,7,30,1.57,1
15,1st,1st CAR vs 1st MEL,1st CAR,1st MEL,Jack Sullivan,15,,4,50,3.33,1
15,1st,1st CAR vs 1st MEL,1st CAR,1st MEL,Jonathan Merlo,14,,1,49,3.50,0
15,1st,1st CAR vs 1st MEL,1st CAR,1st MEL,Glenn Hannah,12,,1,33,2.75,0
15,1st,1st CAR vs 1st MEL,1st CAR,1st MEL,James Rosham,12,,3,43,3.58,0
15,1st,1st CAR vs 1st MEL,1st CAR,1st MEL,Christian Howe,6,,1,17,2.83,1
15,1st,1st CAR vs 1st MEL,1st CAR,1st MEL,Thomas Wrigglesworth,14,,0,57,4.07,0
15,1st,1st CAR vs 1st MEL,1st CAR,1st MEL,Christopher Kellaway,6,,0,22,3.66,0
15,1st,1st CAR vs 1st MEL,1st CAR,1st MEL,Blake Thomson,3,,0,10,3.33,0
15,1st,1st CAR vs 1st MEL,1st CAR,1st MEL,Campbell Kellaway,5,,0,11,2.20,0
15,1st,1st CAR vs 1st MEL,1st MEL,1st CAR,Cameron Stevenson,14,,1,72,5.14,0
15,1st,1st CAR vs 1st MEL,1st MEL,1st CAR,Evan Gulbis,12,,1,57,4.75,0
15,1st,1st CAR vs 1st MEL,1st MEL,1st CAR,Connor Rutland,9,,0,39,4.33,0
15,1st,1st CAR vs 1st MEL,1st MEL,1st CAR,Nicholas Brennan,11,,0,61,5.54,0
15,1st,1st CAR vs 1st MEL,1st MEL,1st CAR,Michael Archer,10.4,,0,42,3.93,0
15,1st,1st CAR vs 1st MEL,1st MEL,1st CAR,Tom Smyth,5,,0,14,2.80,0
15,1st,1st CAR vs 1st MEL,1st MEL,1st CAR,Dominic Sullivan,6,,0,35,5.83,0
15,1st,1st NOR vs 1st ESS,1st NOR,1st ESS,Nicholas McGuane,20,,6,49,2.45,0
15,1st,1st NOR vs 1st ESS,1st NOR,1st ESS,Noman Safdar,21,,6,59,2.80,0
15,1st,1st NOR vs 1st ESS,1st NOR,1st ESS,Noah Guida,11,,0,44,4.00,0
15,1st,1st NOR vs 1st ESS,1st NOR,1st ESS,Arshit Rajput,20,,3,78,3.90,0
15,1st,1st NOR vs 1st ESS,1st NOR,1st ESS,Emerson White,2,,0,9,4.50,0
15,1st,1st NOR vs 1st ESS,1st NOR,1st ESS,Muhammad Arsalan,2,,0,21,10.50,0
15,1st,1st NOR vs 1st ESS,1st NOR,1st ESS,Liam Molloy,14,,2,51,3.64,0
15,1st,1st NOR vs 1st ESS,1st NOR,1st ESS,Ikroop Dhanoa,6,,0,36,6.00,0
15,1st,1st NOR vs 1st ESS,1st ESS,1st NOR,Jackson Smith,14,,2,65,4.64,0
15,1st,1st NOR vs 1st ESS,1st ESS,1st NOR,Archie Lalor,9,,1,22,2.44,0
15,1st,1st NOR vs 1st ESS,1st ESS,1st NOR,Adam Howard,9,,3,34,3.77,1
15,1st,1st NOR vs 1st ESS,1st ESS,1st NOR,Jack Lalor,5,,1,20,4.00,0
15,1st,1st NOR vs 1st ESS,1st ESS,1st NOR,Joe Medew-Ewen,16.4,,4,60,3.60,0
15,1st,1st NOR vs 1st ESS,1st ESS,1st NOR,Matthew Pearce,17,,3,33,1.94,0
15,1st,1st NOR vs 1st ESS,1st ESS,1st NOR,Aaron Crispe,3,,3,0,0.00,0
15,1st,1st NOR vs 1st ESS,1st ESS,1st NOR,Will Blair,2,,0,10,5.00,0
15,1st,1st NOR vs 1st ESS,1st ESS,1st NOR,Tearan Gleeson,0,,0,0,0.00,0
15,1st,1st ST vs 1st CAM,1st ST,1st CAM,William Walker,16.2,,4,52,3.18,1
15,1st,1st ST vs 1st CAM,1st ST,1st CAM,Sacheen R Paramesh,13,,4,31,2.38,0
15,1st,1st ST vs 1st CAM,1st ST,1st CAM,Tom Nelson,13,,2,38,2.92,0
15,1st,1st ST vs 1st CAM,1st ST,1st CAM,Charles Simondson,20,,5,52,2.60,0
15,1st,1st ST vs 1st CAM,1st ST,1st CAM,Liam Fitzpatrick,5,,1,12,2.40,0
15,1st,1st ST vs 1st CAM,1st CAM,1st ST,Luke Destito,12,,5,23,1.91,0
15,1st,1st ST vs 1st CAM,1st CAM,1st ST,Matthew Hennig,16,,4,60,3.75,0
15,1st,1st ST vs 1st CAM,1st CAM,1st ST,Thomas Paddington,5,,2,11,2.20,0
15,1st,1st ST vs 1st CAM,1st CAM,1st ST,Will Lovell,15,,3,34,2.26,0
15,1st,1st ST vs 1st CAM,1st CAM,1st ST,Thomas Russ,13,,1,27,2.07,0
15,1st,1st ST vs 1st CAM,1st CAM,1st ST,Peter Handscomb,0,,0,0,0.00,0
15,1st,1st ST vs 1st CAM,1st CAM,1st ST,Todd Murphy,12,,2,30,2.50,0
15,1st,1st ST vs 1st CAM,1st CAM,1st ST,James Seymour,7,,1,30,4.28,0
15,1st,1st ST vs 1st CAM,1st CAM,1st ST,Harry Dixon,9,,1,35,3.88,0
15,1st,1st FIT vs 1st FRA,1st FIT,1st FRA,Aidan Lenehan,15,,2,66,4.40,6
15,1st,1st FIT vs 1st FRA,1st FIT,1st FRA,Xavier Crone,10,,2,25,2.50,0
15,1st,1st FIT vs 1st FRA,1st FIT,1st FRA,Lachlan Klauer,17,,1,47,2.76,0
15,1st,1st FIT vs 1st FRA,1st FIT,1st FRA,Lachlan Hose,19,,2,64,3.36,0
15,1st,1st FIT vs 1st FRA,1st FIT,1st FRA,Jaspreet Singh,20.5,,3,64,3.07,0
15,1st,1st FIT vs 1st FRA,1st FIT,1st FRA,Jai Elcock,6,,1,21,3.50,0
15,1st,1st FIT vs 1st FRA,1st FRA,1st FIT,Samuel Elliott,13,,3,20,1.53,1
15,1st,1st FIT vs 1st FRA,1st FRA,1st FIT,Braden Taeuber,11,,2,30,2.72,0
15,1st,1st FIT vs 1st FRA,1st FRA,1st FIT,Rupptaz Kharoud,10,,0,62,6.20,0
15,1st,1st FIT vs 1st FRA,1st FRA,1st FIT,Gurnaz Khatra,9,,5,11,1.22,0
15,1st,1st FIT vs 1st FRA,1st FRA,1st FIT,Ejaaz Alavi,6.3,,1,19,2.92,0
15,1st,1st FIT vs 1st FRA,1st FRA,1st FIT,Harkirat Bajwa,8,,2,27,3.37,0
16,1st,1st FRA vs 1st GEE,1st FRA,1st GEE,Nathan Harper,9,,2,40,4.44,0
16,1st,1st FRA vs 1st GEE,1st FRA,1st GEE,Oliver Haberfield,13.2,,3,48,3.60,0
16,1st,1st FRA vs 1st GEE,1st FRA,1st GEE,Josh Garner,15,,1,74,4.93,1
16,1st,1st FRA vs 1st GEE,1st FRA,1st GEE,Zane Attard,28,,4,91,3.25,0
16,1st,1st FRA vs 1st GEE,1st FRA,1st GEE,Joshua Larkin,28,,6,72,2.57,0
16,1st,1st FRA vs 1st GEE,1st GEE,1st FRA,Xavier Crone,12.3,,3,35,2.80,0
16,1st,1st FRA vs 1st GEE,1st GEE,1st FRA,Aidan Lenehan,20.3,,5,61,2.97,0
16,1st,1st FRA vs 1st GEE,1st GEE,1st FRA,Lachlan Klauer,15,,4,42,2.80,0
16,1st,1st FRA vs 1st GEE,1st GEE,1st FRA,Jaspreet Singh,19.3,,6,54,2.76,0
16,1st,1st FRA vs 1st GEE,1st GEE,1st FRA,Lachlan Hose,6,,0,29,4.83,0
16,1st,1st DAN vs 1st MEL,1st DAN,1st MEL,Jack Sullivan,17,,5,42,2.47,0
16,1st,1st DAN vs 1st MEL,1st DAN,1st MEL,Wilson McGillivray,15,,3,42,2.80,0
16,1st,1st DAN vs 1st MEL,1st DAN,1st MEL,Christian Howe,6.3,,1,14,2.15,0
16,1st,1st DAN vs 1st MEL,1st DAN,1st MEL,Jonathan Merlo,8,,0,29,3.62,1
16,1st,1st DAN vs 1st MEL,1st DAN,1st MEL,Thomas Wrigglesworth,16,,5,35,2.18,0
16,1st,1st DAN vs 1st MEL,1st DAN,1st MEL,Rishi Desai,11,,0,34,3.09,0
16,1st,1st DAN vs 1st MEL,1st MEL,1st DAN,James Nanopoulos,15,,5,41,2.73,0
16,1st,1st DAN vs 1st MEL,1st MEL,1st DAN,Noah Hurley,14,,0,67,4.78,0
16,1st,1st DAN vs 1st MEL,1st MEL,1st DAN,Nathan Whitford,16,,1,68,4.25,0
16,1st,1st DAN vs 1st MEL,1st MEL,1st DAN,Matthew Wilson,14,,1,49,3.50,0
16,1st,1st DAN vs 1st MEL,1st MEL,1st DAN,Vishwa Ramkumar,16,,1,61,3.81,0
16,1st,1st DAN vs 1st MEL,1st MEL,1st DAN,Venuk Hemachandra,1,,0,11,11.00,0
16,1st,1st ST vs 1st RIC,1st ST,1st RIC,Joshua Sawrey,16,,6,26,1.62,0
16,1st,1st ST vs 1st RIC,1st ST,1st RIC,Jack Trevethan,9,,2,44,4.88,1
16,1st,1st ST vs 1st RIC,1st ST,1st RIC,Sam Mills,25.4,,7,77,3.00,0
16,1st,1st ST vs 1st RIC,1st ST,1st RIC,Dhruval Parikh,25,,8,52,2.08,0
16,1st,1st ST vs 1st RIC,1st ST,1st RIC,Dan Scholz,12,,5,30,2.50,0
16,1st,1st ST vs 1st RIC,1st ST,1st RIC,Jonathan D’Rozario,10,,2,40,4.00,0
16,1st,1st ST vs 1st RIC,1st ST,1st RIC,Jacob Hinds,6,,0,25,4.16,0
16,1st,1st ST vs 1st RIC,1st ST,1st RIC,Austin Anlezark,2,,0,9,4.50,0
16,1st,1st ST vs 1st RIC,1st RIC,1st ST,Matthew Hennig,19,,1,90,4.73,1
16,1st,1st ST vs 1st RIC,1st RIC,1st ST,Luke Destito,20,,3,54,2.70,0
16,1st,1st ST vs 1st RIC,1st RIC,1st ST,Thomas Paddington,15,,3,50,3.33,1
16,1st,1st ST vs 1st RIC,1st RIC,1st ST,Will Lovell,14,,5,28,2.00,0
16,1st,1st ST vs 1st RIC,1st RIC,1st ST,Thomas Russ,15,,2,55,3.66,0
16,1st,1st ST vs 1st RIC,1st RIC,1st ST,James Seymour,2,,0,11,5.50,0
16,1st,1st MEL vs 1st GRE,1st MEL,1st GRE,Benjamin Cliff,16,,0,81,5.06,0
16,1st,1st MEL vs 1st GRE,1st MEL,1st GRE,Musa Hussain,18,,0,97,5.38,0
16,1st,1st MEL vs 1st GRE,1st MEL,1st GRE,Tobias Sutherland,15,,2,77,5.13,0
16,1st,1st MEL vs 1st GRE,1st MEL,1st GRE,Declan Highgate,10,,0,40,4.00,0
16,1st,1st MEL vs 1st GRE,1st MEL,1st GRE,Yaseen Muntasir,13,,0,54,4.15,0
16,1st,1st MEL vs 1st GRE,1st MEL,1st GRE,Lewis Dichiera,10,,0,54,5.40,0
16,1st,1st MEL vs 1st GRE,1st GRE,1st MEL,Tom Walker,14,,4,49,3.50,1
16,1st,1st MEL vs 1st GRE,1st GRE,1st MEL,Mark Stafford,12,,4,23,1.91,0
16,1st,1st MEL vs 1st GRE,1st GRE,1st MEL,Douglas Warren,18.4,,6,43,2.30,0
16,1st,1st MEL vs 1st GRE,1st GRE,1st MEL,Jack Lyndon,7,,1,25,3.57,0
16,1st,1st MEL vs 1st GRE,1st GRE,1st MEL,Peter Hatzoglou,8,,1,24,3.00,0
16,1st,1st MEL vs 1st GRE,2nd GRE,1st MEL,Tom Walker,3,,0,21,7.00,0
16,1st,1st MEL vs 1st GRE,2nd GRE,1st MEL,Mark Stafford,2,,1,8,4.00,0
16,1st,1st MEL vs 1st GRE,2nd GRE,1st MEL,Jack Lyndon,2,,0,6,3.00,0
16,1st,1st MEL vs 1st GRE,2nd GRE,1st MEL,Peter Hatzoglou,1,,0,1,1.00,0
16,1st,1st MEL vs 1st GRE,2nd GRE,1st MEL,Yuvraj Singh,5,,1,24,4.80,0
16,1st,1st MEL vs 1st GRE,2nd GRE,1st MEL,Dhruv Poojari Redhu,5,,0,27,5.40,0
16,1st,1st CAR vs 1st CAM,1st CAR,1st CAM,William Walker,20,,2,61,3.05,0
16,1st,1st CAR vs 1st CAM,1st CAR,1st CAM,Sacheen R Paramesh,15,,4,40,2.66,0
16,1st,1st CAR vs 1st CAM,1st CAR,1st CAM,Charles Simondson,19,,0,72,3.78,0
16,1st,1st CAR vs 1st CAM,1st CAR,1st CAM,Tom Nelson,13,,1,68,5.23,1
16,1st,1st CAR vs 1st CAM,1st CAR,1st CAM,Patrick Dooley,25,,1,92,3.68,0
16,1st,1st CAR vs 1st CAM,1st CAR,1st CAM,Liam Fitzpatrick,4,,0,13,3.25,0
16,1st,1st CAR vs 1st CAM,1st CAM,1st CAR,Nicholas Brennan,16,,3,40,2.50,0
16,1st,1st CAR vs 1st CAM,1st CAM,1st CAR,Evan Gulbis,16,,8,32,2.00,0
16,1st,1st CAR vs 1st CAM,1st CAM,1st CAR,Connor Rutland,18,,5,42,2.33,0
16,1st,1st CAR vs 1st CAM,1st CAM,1st CAR,Dominic Sullivan,9,,4,9,1.00,0
16,1st,1st CAR vs 1st CAM,1st CAM,1st CAR,Michael Archer,12,,2,36,3.00,0
16,1st,1st CAR vs 1st CAM,1st CAM,1st CAR,Aryan J Sharma,15,,3,27,1.80,0
16,1st,1st CAR vs 1st CAM,1st CAM,1st CAR,Tom Smyth,1,,1,0,0.00,0
16,1st,1st RIN vs 1st CAS,1st RIN,1st CAS,Nathan Lambden,11,,4,21,1.90,0
16,1st,1st RIN vs 1st CAS,1st RIN,1st CAS,Harry Hoekstra,20.1,,4,32,1.58,0
16,1st,1st RIN vs 1st CAS,1st RIN,1st CAS,Muhammad Irfan,11,,2,39,3.54,0
16,1st,1st RIN vs 1st CAS,1st RIN,1st CAS,Finlay Gordon,23,,2,77,3.34,0
16,1st,1st RIN vs 1st CAS,1st RIN,1st CAS,Akshay Ramkumar,10,,2,28,2.80,0
16,1st,1st RIN vs 1st CAS,1st CAS,1st RIN,Ian Holland,14,,5,41,2.92,0
16,1st,1st RIN vs 1st CAS,1st CAS,1st RIN,Justin Beaton,15,,1,49,3.26,0
16,1st,1st RIN vs 1st CAS,1st CAS,1st RIN,Luke Tully,11,,2,34,3.09,0
16,1st,1st RIN vs 1st CAS,1st CAS,1st RIN,David King,11,,8,6,0.54,0
16,1st,1st RIN vs 1st CAS,1st CAS,1st RIN,Dylan Walker,11,,2,21,1.90,0
16,1st,1st RIN vs 1st CAS,1st CAS,1st RIN,Jackson Freeman,9,,1,33,3.66,0
16,1st,1st RIN vs 1st CAS,1st CAS,1st RIN,Rheedyi Adam Amin,1,,0,1,1.00,0
16,1st,1st RIN vs 1st CAS,1st CAS,1st RIN,Matthew Mountain,3,,0,16,5.33,0
16,1st,1st RIN vs 1st CAS,1st CAS,1st RIN,Oliver Horlock,1,,0,2,2.00,0
16,1st,1st RIN vs 1st CAS,1st CAS,1st RIN,Archie Flynn,1,,0,4,4.00,0
16,1st,1st RIN vs 1st CAS,1st CAS,1st RIN,Benjamin Gibson,1,,0,4,4.00,0
16,1st,1st ESS vs 1st FOO,1st ESS,1st FOO,Ben Roosenboom,19,,3,63,3.31,0
16,1st,1st ESS vs 1st FOO,1st ESS,1st FOO,Liam Mason,20.3,,11,21,1.02,0
16,1st,1st ESS vs 1st FOO,1st ESS,1st FOO,Aiman Nadeem,18,,6,23,1.27,0
16,1st,1st ESS vs 1st FOO,1st ESS,1st FOO,Daniel Wilczynski,14,,2,38,2.71,0
16,1st,1st ESS vs 1st FOO,1st ESS,1st FOO,Jay Vine,14,,4,15,1.07,0
16,1st,1st ESS vs 1st FOO,1st ESS,1st FOO,Joshua Pace,3,,0,11,3.66,0
16,1st,1st ESS vs 1st FOO,1st ESS,1st FOO,Travis Dean,0,,0,0,0.00,0
16,1st,1st ESS vs 1st FOO,1st ESS,1st FOO,Max Hatzoglou,0,,0,0,0.00,0
16,1st,1st ESS vs 1st FOO,1st FOO,1st ESS,Nicholas McGuane,25.1,,8,60,2.38,1
16,1st,1st ESS vs 1st FOO,1st FOO,1st ESS,Noman Safdar,25,,6,50,2.00,2
16,1st,1st ESS vs 1st FOO,1st FOO,1st ESS,Lachie Busk,16,,4,40,2.50,0
16,1st,1st ESS vs 1st FOO,1st FOO,1st ESS,Liam Molloy,7,,1,19,2.71,0
16,1st,1st ESS vs 1st FOO,1st FOO,1st ESS,Muhammad Arsalan,0,,0,0,0.00,0
16,1st,1st ESS vs 1st FOO,1st FOO,1st ESS,Ikroop Dhanoa,0,,0,0,0.00,0
16,1st,1st ESS vs 1st FOO,1st FOO,1st ESS,Harry Duke,0,,0,0,0.00,0
16,1st,1st ESS vs 1st FOO,1st FOO,1st ESS,Arshit Rajput,0,,0,0,0.00,0
16,1st,1st ESS vs 1st FOO,1st FOO,1st ESS,Joshua Trembearth,0,,0,0,0.00,0
16,1st,1st FIT vs 1st KIN,1st FIT,1st KIN,Luke Stow,10,,3,26,2.60,0
16,1st,1st FIT vs 1st KIN,1st FIT,1st KIN,Herbie Fischbacher,15.4,,4,51,3.25,0
16,1st,1st FIT vs 1st KIN,1st FIT,1st KIN,Cory Cater,14,,4,34,2.42,0
16,1st,1st FIT vs 1st KIN,1st FIT,1st KIN,Thaveesh Attanayake,4,,2,9,2.25,0
16,1st,1st FIT vs 1st KIN,1st FIT,1st KIN,William Bowering,13,,1,40,3.07,0
16,1st,1st FIT vs 1st KIN,1st FIT,1st KIN,Saad Khattak,8,,0,26,3.25,0
16,1st,1st FIT vs 1st KIN,1st KIN,1st FIT,Braden Taeuber,12,,0,56,4.66,0
16,1st,1st FIT vs 1st KIN,1st KIN,1st FIT,Gurnaz Khatra,12,,3,28,2.33,0
16,1st,1st FIT vs 1st KIN,1st KIN,1st FIT,Harkirat Bajwa,30.3,,9,63,2.06,0
16,1st,1st FIT vs 1st KIN,1st KIN,1st FIT,Rupptaz Kharoud,10,,2,26,2.60,0
16,1st,1st FIT vs 1st KIN,1st KIN,1st FIT,Matthew Spoors,18,,3,46,2.55,0
16,1st,1st FIT vs 1st KIN,1st KIN,1st FIT,Ejaaz Alavi,12,,2,60,5.00,0
16,1st,1st NOR vs 1st PRA,1st NOR,1st PRA,Cam McClure,15,,1,65,4.33,0
16,1st,1st NOR vs 1st PRA,1st NOR,1st PRA,Matt Wilcox,21.3,,5,73,3.39,0
16,1st,1st NOR vs 1st PRA,1st NOR,1st PRA,Lachlan Bangs,11,,1,48,4.36,1
16,1st,1st NOR vs 1st PRA,1st NOR,1st PRA,Shenuka De Silva,35,,5,109,3.11,0
16,1st,1st NOR vs 1st PRA,1st NOR,1st PRA,Damon Malcolm,10,,3,13,1.30,0
16,1st,1st NOR vs 1st PRA,1st PRA,1st NOR,Jackson Smith,12,,4,50,4.16,0
16,1st,1st NOR vs 1st PRA,1st PRA,1st NOR,Archie Lalor,6,,1,36,6.00,0
16,1st,1st NOR vs 1st PRA,1st PRA,1st NOR,Adam Howard,10,,0,36,3.60,0
16,1st,1st NOR vs 1st PRA,1st PRA,1st NOR,Joe Medew-Ewen,19.5,,5,67,3.37,0
16,1st,1st NOR vs 1st PRA,1st PRA,1st NOR,Matthew Pearce,12,,3,32,2.66,0
16,1st,1st NOR vs 1st PRA,1st PRA,1st NOR,Aaron Crispe,3,,1,3,1.00,0
17,1st,1st PRA vs 1st FOO,1st PRA,1st FOO,Ben Roosenboom,22,,1,101,4.59,0
17,1st,1st PRA vs 1st FOO,1st PRA,1st FOO,Liam Mason,17,,1,96,5.64,0
17,1st,1st PRA vs 1st FOO,1st PRA,1st FOO,Daniel Wilczynski,12,,1,68,5.66,1
17,1st,1st PRA vs 1st FOO,1st PRA,1st FOO,Aiman Nadeem,6,,0,27,4.50,0
17,1st,1st PRA vs 1st FOO,1st PRA,1st FOO,Jack Prestwidge,6,,0,18,3.00,0
17,1st,1st PRA vs 1st FOO,1st PRA,1st FOO,Jay Vine,23,,3,76,3.30,0
17,1st,1st PRA vs 1st FOO,1st PRA,1st FOO,Joshua Pace,1,,0,2,2.00,0
17,1st,1st PRA vs 1st FOO,1st PRA,1st FOO,Mitchell Jamieson,2,,0,11,5.50,0
17,1st,1st PRA vs 1st FOO,1st FOO,1st PRA,Matt Wilcox,26,,8,41,1.57,0
17,1st,1st PRA vs 1st FOO,1st FOO,1st PRA,Lachlan Bangs,21,,5,79,3.76,2
17,1st,1st PRA vs 1st FOO,1st FOO,1st PRA,Shenuka De Silva,28,,4,114,4.07,0
17,1st,1st PRA vs 1st FOO,1st FOO,1st PRA,Hugh Birchall,17,,2,70,4.11,0
17,1st,1st PRA vs 1st FOO,1st FOO,1st PRA,Damon Malcolm,8,,4,23,2.87,0
17,1st,1st CAR vs 1st DAN,1st CAR,1st DAN,James Nanopoulos,16,,5,43,2.68,0
17,1st,1st CAR vs 1st DAN,1st CAR,1st DAN,Noah Hurley,21,,5,65,3.09,0
17,1st,1st CAR vs 1st DAN,1st CAR,1st DAN,Nathan Whitford,17,,2,54,3.17,0
17,1st,1st CAR vs 1st DAN,1st CAR,1st DAN,Matthew Wilson,16,,2,37,2.31,1
17,1st,1st CAR vs 1st DAN,1st CAR,1st DAN,Vishwa Ramkumar,25,,0,114,4.56,0
17,1st,1st CAR vs 1st DAN,1st CAR,1st DAN,Brett Forsyth,1,,0,2,2.00,0
17,1st,1st CAR vs 1st DAN,1st DAN,1st CAR,Cameron Stevenson,15.4,,5,44,2.80,7
17,1st,1st CAR vs 1st DAN,1st DAN,1st CAR,Evan Gulbis,12,,6,35,2.91,0
17,1st,1st CAR vs 1st DAN,1st DAN,1st CAR,Connor Rutland,16,,2,49,3.06,0
17,1st,1st CAR vs 1st DAN,1st DAN,1st CAR,Dominic Sullivan,13,,2,33,2.53,0
17,1st,1st CAR vs 1st DAN,1st DAN,1st CAR,Aryan J Sharma,7,,1,24,3.42,0
17,1st,1st CAR vs 1st DAN,1st DAN,1st CAR,Michael Archer,15,,4,25,1.66,0
17,1st,1st CAR vs 1st DAN,1st DAN,1st CAR,Tom Smyth,2,,0,5,2.50,0
17,1st,1st CAM vs 1st MEL,1st CAM,1st MEL,Glenn Hannah,16,,4,48,3.00,0
17,1st,1st CAM vs 1st MEL,1st CAM,1st MEL,Jack Sullivan,20.3,,1,72,3.51,3
17,1st,1st CAM vs 1st MEL,1st CAM,1st MEL,Wilson McGillivray,14,,0,54,3.85,1
17,1st,1st CAM vs 1st MEL,1st CAM,1st MEL,Jonathan Merlo,15,,5,25,1.66,0
17,1st,1st CAM vs 1st MEL,1st CAM,1st MEL,Christian Howe,11,,1,42,3.81,0
17,1st,1st CAM vs 1st MEL,1st CAM,1st MEL,Thomas Wrigglesworth,17,,3,36,2.11,0
17,1st,1st CAM vs 1st MEL,1st CAM,1st MEL,Ritin Raman,0,,0,0,0.00,0
17,1st,1st CAM vs 1st MEL,1st CAM,1st MEL,Farzan Chowna,0,,0,0,0.00,0
17,1st,1st CAM vs 1st MEL,1st CAM,1st MEL,Nikki du Toit,0,,0,0,0.00,0
17,1st,1st CAM vs 1st MEL,1st CAM,1st MEL,Campbell Kellaway,0,,0,0,0.00,0
17,1st,1st CAM vs 1st MEL,1st MEL,1st CAM,William Walker,26,,7,54,2.07,0
17,1st,1st CAM vs 1st MEL,1st MEL,1st CAM,Sacheen R Paramesh,16,,2,65,4.06,0
17,1st,1st CAM vs 1st MEL,1st MEL,1st CAM,Patrick Dooley,27.3,,5,71,2.58,0
17,1st,1st CAM vs 1st MEL,1st MEL,1st CAM,Tom Nelson,5,,0,58,11.60,2
17,1st,1st CAM vs 1st MEL,1st MEL,1st CAM,Charles Simondson,9,,1,24,2.66,0
17,1st,1st CAM vs 1st MEL,1st MEL,1st CAM,Shorye Chopra,1,,0,7,7.00,0
17,1st,1st CAM vs 1st MEL,1st MEL,1st CAM,Patrick Forrest,0,,0,0,0.00,0
17,1st,1st CAM vs 1st MEL,1st MEL,1st CAM,Prajay Paramesh,0,,0,0,0.00,0
17,1st,1st CAM vs 1st MEL,1st MEL,1st CAM,James Wiseman,0,,0,0,0.00,0
17,1st,1st CAS vs 1st RIC,1st CAS,1st RIC,Joshua Sawrey,9,,4,17,1.88,0
17,1st,1st CAS vs 1st RIC,1st CAS,1st RIC,Brendan Rose,12,,4,26,2.16,0
17,1st,1st CAS vs 1st RIC,1st CAS,1st RIC,Sam Mills,15.1,,8,22,1.45,0
17,1st,1st CAS vs 1st RIC,1st CAS,1st RIC,Griffin Box,11,,2,24,2.18,0
17,1st,1st CAS vs 1st RIC,1st CAS,1st RIC,Dhruval Parikh,11,,3,17,1.54,0
17,1st,1st CAS vs 1st RIC,1st CAS,1st RIC,Jacob Hinds,14,,6,18,1.28,0
17,1st,1st CAS vs 1st RIC,1st CAS,1st RIC,Jonathan D’Rozario,1,,0,2,2.00,0
17,1st,1st CAS vs 1st RIC,1st RIC,1st CAS,Nathan Lambden,7.3,,3,12,1.60,0
17,1st,1st CAS vs 1st RIC,1st RIC,1st CAS,Harry Hoekstra,11,,1,28,2.54,0
17,1st,1st CAS vs 1st RIC,1st RIC,1st CAS,Muhammad Irfan,4,,0,25,6.25,0
17,1st,1st CAS vs 1st RIC,2nd CAS,1st CAS,Joshua Sawrey,11,,3,43,3.90,0
17,1st,1st CAS vs 1st RIC,2nd CAS,1st CAS,Mitch Perry,12,,5,25,2.08,0
17,1st,1st CAS vs 1st RIC,2nd CAS,1st CAS,Brendan Rose,10,,3,36,3.60,0
17,1st,1st CAS vs 1st RIC,2nd CAS,1st CAS,Sam Mills,14,,4,37,2.64,0
17,1st,1st CAS vs 1st RIC,2nd CAS,1st CAS,James Doherty,0,,0,0,0.00,0
17,1st,1st CAS vs 1st RIC,2nd CAS,1st CAS,Jacob Hinds,4,,1,15,3.75,0
17,1st,1st CAS vs 1st RIC,2nd CAS,1st CAS,Dhruval Parikh,5.1,,1,16,3.09,0
17,1st,1st CAS vs 1st RIC,2nd RIC,1st CAS,Nathan Lambden,10,,0,51,5.10,0
17,1st,1st CAS vs 1st RIC,2nd RIC,1st CAS,Harry Hoekstra,8,,0,40,5.00,1
17,1st,1st CAS vs 1st RIC,2nd RIC,1st CAS,Finlay Gordon,10,,0,60,6.00,0
17,1st,1st CAS vs 1st RIC,2nd RIC,1st CAS,Ashvin Adihetty,11,,0,61,5.54,1
17,1st,1st GEE vs 1st GRE,1st GEE,1st GRE,Benjamin Cliff,16.4,,5,54,3.24,7
17,1st,1st GEE vs 1st GRE,1st GEE,1st GRE,Musa Hussain,18,,3,47,2.61,1
17,1st,1st GEE vs 1st GRE,1st GEE,1st GRE,Tobias Sutherland,17,,4,56,3.29,0
17,1st,1st GEE vs 1st GRE,1st GEE,1st GRE,Armann Singh,12,,2,51,4.25,1
17,1st,1st GEE vs 1st GRE,1st GEE,1st GRE,Lewis Dichiera,9,,1,31,3.44,2
17,1st,1st GEE vs 1st GRE,1st GEE,1st GRE,Yaseen Muntasir,15,,2,45,3.00,0
17,1st,1st GEE vs 1st GRE,1st GEE,1st GRE,Ryan Stingel,1,,0,6,6.00,0
17,1st,1st GEE vs 1st GRE,1st GRE,1st GEE,Nathan Harper,20,,4,68,3.40,0
17,1st,1st GEE vs 1st GRE,1st GRE,1st GEE,Oliver Haberfield,14,,3,66,4.71,0
17,1st,1st GEE vs 1st GRE,1st GRE,1st GEE,Josh Garner,16.2,,2,82,5.02,1
17,1st,1st GEE vs 1st GRE,1st GRE,1st GEE,Joshua Larkin,9,,1,32,3.55,0
17,1st,1st GEE vs 1st GRE,1st GRE,1st GEE,Lachie Field,2,,0,14,7.00,0
17,1st,1st GEE vs 1st GRE,1st GRE,1st GEE,Zane Attard,7,,0,36,5.14,0
17,1st,1st FRA vs 1st KIN,1st FRA,1st KIN,Luke Stow,14,,5,52,3.71,0
17,1st,1st FRA vs 1st KIN,1st FRA,1st KIN,Herbie Fischbacher,15,,2,54,3.60,5
17,1st,1st FRA vs 1st KIN,1st FRA,1st KIN,Cory Cater,8,,0,36,4.50,0
17,1st,1st FRA vs 1st KIN,1st FRA,1st KIN,William Bowering,13,,3,35,2.69,0
17,1st,1st FRA vs 1st KIN,1st FRA,1st KIN,Rehan Majoka,12,,1,44,3.66,0
17,1st,1st FRA vs 1st KIN,1st KIN,1st FRA,Aidan Lenehan,22.5,,7,72,3.15,1
17,1st,1st FRA vs 1st KIN,1st KIN,1st FRA,Lachlan Klauer,14,,3,39,2.78,0
17,1st,1st FRA vs 1st KIN,1st KIN,1st FRA,Jack Hay,4,,0,21,5.25,0
17,1st,1st FRA vs 1st KIN,1st KIN,1st FRA,Jaspreet Singh,25,,7,43,1.72,0
17,1st,1st FRA vs 1st KIN,1st KIN,1st FRA,Jye Dignan,4,,1,8,2.00,0
17,1st,1st FRA vs 1st KIN,1st KIN,1st FRA,Xavier Crone,13,,5,20,1.53,0
17,1st,1st ESS vs 1st FIT,1st ESS,1st FIT,Braden Taeuber,14,,0,60,4.28,0
17,1st,1st ESS vs 1st FIT,1st ESS,1st FIT,Gurnaz Khatra,14,,5,40,2.85,0
17,1st,1st ESS vs 1st FIT,1st ESS,1st FIT,Rupptaz Kharoud,13.2,,2,34,2.55,0
17,1st,1st ESS vs 1st FIT,1st ESS,1st FIT,Harkirat Bajwa,17,,3,36,2.11,0
17,1st,1st ESS vs 1st FIT,1st ESS,1st FIT,Matthew Spoors,7,,1,22,3.14,0
17,1st,1st ESS vs 1st FIT,1st ESS,1st FIT,Ejaaz Alavi,11,,0,24,2.18,0
17,1st,1st ESS vs 1st FIT,1st ESS,1st FIT,Zachary Elliott,2,,0,5,2.50,0
17,1st,1st ESS vs 1st FIT,1st FIT,1st ESS,Nicholas McGuane,22,,4,66,3.00,0
17,1st,1st ESS vs 1st FIT,1st FIT,1st ESS,Noman Safdar,22,,6,74,3.36,0
17,1st,1st ESS vs 1st FIT,1st FIT,1st ESS,Lachie Busk,6,,1,36,6.00,0
17,1st,1st ESS vs 1st FIT,1st FIT,1st ESS,Liam Molloy,6,,1,8,1.33,0
17,1st,1st ESS vs 1st FIT,1st FIT,1st ESS,Arshit Rajput,2,,0,22,11.00,0
17,1st,1st ESS vs 1st FIT,1st FIT,1st ESS,Ikroop Dhanoa,3,,0,15,5.00,0
17,1st,1st MEL vs 1st NOR,1st MEL,1st NOR,Jackson Smith,12.1,,2,33,2.71,0
17,1st,1st MEL vs 1st NOR,1st MEL,1st NOR,Archie Lalor,8,,1,30,3.75,0
17,1st,1st MEL vs 1st NOR,1st MEL,1st NOR,Sam Harbinson,4,,0,22,5.50,0
17,1st,1st MEL vs 1st NOR,1st MEL,1st NOR,Joe Medew-Ewen,2,,1,9,4.50,0
17,1st,1st MEL vs 1st NOR,1st MEL,1st NOR,Adam Howard,8,,5,17,2.12,0
17,1st,1st MEL vs 1st NOR,1st MEL,1st NOR,Aaron Crispe,0,,0,0,0.00,0
17,1st,1st MEL vs 1st NOR,1st MEL,1st NOR,Joshua Sundberg,0,,0,0,0.00,0
17,1st,1st MEL vs 1st NOR,1st MEL,1st NOR,Michael Jephcott,0,,0,0,0.00,0
17,1st,1st MEL vs 1st NOR,1st NOR,1st MEL,Mark Stafford,13,,3,34,2.61,0
17,1st,1st MEL vs 1st NOR,1st NOR,1st MEL,Tom Walker,10,,3,28,2.80,1
17,1st,1st MEL vs 1st NOR,1st NOR,1st MEL,Jack Lyndon,10,,1,39,3.90,0
17,1st,1st MEL vs 1st NOR,1st NOR,1st MEL,Douglas Warren,17,,5,32,1.88,0
17,1st,1st MEL vs 1st NOR,1st NOR,1st MEL,Peter Hatzoglou,4,,0,16,4.00,0
17,1st,1st MEL vs 1st NOR,1st NOR,1st MEL,Yuvraj Singh,4,,0,19,4.75,0
17,1st,1st MEL vs 1st NOR,1st NOR,1st MEL,Dhruv Poojari Redhu,0,,0,0,0.00,0
17,1st,1st MEL vs 1st NOR,1st NOR,1st MEL,Finlay Bean,0,,0,0,0.00,0
17,1st,1st MEL vs 1st NOR,2nd MEL,1st MEL,Jackson Smith,16,,5,47,2.93,0
17,1st,1st MEL vs 1st NOR,2nd MEL,1st MEL,Archie Lalor,13,,1,36,2.76,0
17,1st,1st MEL vs 1st NOR,2nd MEL,1st MEL,Adam Howard,9,,1,37,4.11,0
17,1st,1st MEL vs 1st NOR,2nd MEL,1st MEL,Sam Harbinson,7,,1,19,2.71,0
17,1st,1st MEL vs 1st NOR,2nd MEL,1st MEL,Joe Medew-Ewen,15.2,,3,48,3.13,0
17,1st,1st MEL vs 1st NOR,2nd MEL,1st MEL,Aaron Crispe,5,,2,11,2.20,0
17,1st,1st MEL vs 1st NOR,2nd MEL,1st MEL,Michael Jephcott,0,,0,0,0.00,0
17,1st,1st MEL vs 1st NOR,2nd NOR,1st MEL,Mark Stafford,8,,2,21,2.62,0
17,1st,1st MEL vs 1st NOR,2nd NOR,1st MEL,Tom Walker,9,,2,17,1.88,0
17,1st,1st MEL vs 1st NOR,2nd NOR,1st MEL,Peter Hatzoglou,4,,0,12,3.00,0
17,1st,1st MEL vs 1st NOR,2nd NOR,1st MEL,Douglas Warren,2,,0,14,7.00,0
17,1st,1st MEL vs 1st NOR,2nd NOR,1st MEL,Jack Lyndon,4,,1,6,1.50,0
17,1st,1st MEL vs 1st NOR,2nd NOR,1st MEL,Fergus McKenna,0,,0,0,0.00,0
17,1st,1st MEL vs 1st NOR,2nd NOR,1st MEL,Finlay Bean,0,,0,0,0.00,0
17,1st,1st MEL vs 1st NOR,2nd NOR,1st MEL,Jacob Whiteaker,0,,0,0,0.00,0
17,1st,1st MEL vs 1st NOR,2nd NOR,1st MEL,Yuvraj Singh,0,,0,0,0.00,0
1,2nd,1st GEE vs 1st CAM,1st GEE,1st CAM,Aidan Nicholls,16,,1,56,3.50,0
1,2nd,1st GEE vs 1st CAM,1st GEE,1st CAM,Christopher Gorman,8,,1,34,4.25,0
1,2nd,1st GEE vs 1st CAM,1st GEE,1st CAM,Jakey Pietz,27,,6,77,2.85,0
1,2nd,1st GEE vs 1st CAM,1st GEE,1st CAM,Daniel Pietz,6,,2,27,4.50,0
1,2nd,1st GEE vs 1st CAM,1st GEE,1st CAM,Coby Fitzsimmons,19,,4,62,3.26,0
1,2nd,1st GEE vs 1st CAM,1st GEE,1st CAM,Kevin Prior,25,,6,67,2.68,0
1,2nd,1st GEE vs 1st CAM,1st GEE,1st CAM,Prajay Paramesh,5,,0,19,3.80,0
1,2nd,1st GEE vs 1st CAM,1st CAM,1st GEE,Nathan Harper,12.2,,3,25,2.02,0
1,2nd,1st GEE vs 1st CAM,1st CAM,1st GEE,Kyle Bienefelt,18,,2,46,2.55,0
1,2nd,1st GEE vs 1st CAM,1st CAM,1st GEE,Joshua Slater,10,,1,40,4.00,0
1,2nd,1st GEE vs 1st CAM,1st CAM,1st GEE,Liam Biddiscombe,4,,0,19,4.75,0
1,2nd,1st GEE vs 1st CAM,1st CAM,1st GEE,Sam Croft,17,,2,62,3.64,0
1,2nd,1st MEL vs 1st FIT,1st MEL,1st FIT,Kobe Smith,15,,4,43,2.86,0
1,2nd,1st MEL vs 1st FIT,1st MEL,1st FIT,Gurnaz Khatra,17.4,,7,17,0.96,0
1,2nd,1st MEL vs 1st FIT,1st MEL,1st FIT,Rupptaz Kharoud,12,,3,35,2.91,0
1,2nd,1st MEL vs 1st FIT,1st MEL,1st FIT,Harry Smith,20,,7,32,1.60,0
1,2nd,1st MEL vs 1st FIT,1st MEL,1st FIT,Liam Myott,13,,8,26,2.00,0
1,2nd,1st MEL vs 1st FIT,1st MEL,1st FIT,Brodie Richardson,3,,1,13,4.33,0
1,2nd,1st MEL vs 1st FIT,1st FIT,1st MEL,Joshua Driscoll,16,,5,44,2.75,0
1,2nd,1st MEL vs 1st FIT,1st FIT,1st MEL,Tom Reid,13,,3,43,3.30,1
1,2nd,1st MEL vs 1st FIT,1st FIT,1st MEL,Roland Murphy,11,,4,22,2.00,0
1,2nd,1st MEL vs 1st FIT,1st FIT,1st MEL,Samuel Field,15,,6,29,1.93,0
1,2nd,1st MEL vs 1st FIT,1st FIT,1st MEL,Phil Halbish,4,,1,8,2.00,0
1,2nd,1st MEL vs 1st FIT,1st FIT,1st MEL,Christopher Kellaway,0.5,,0,24,28.81,0
17,1st,1st RIN vs 1st ST,1st RIN,1st ST,Matthew Hennig,10,,2,50,5.00,0
17,1st,1st RIN vs 1st ST,1st RIN,1st ST,Luke Destito,14,,6,26,1.85,0
17,1st,1st RIN vs 1st ST,1st RIN,1st ST,Thomas Paddington,11,,5,22,2.00,0
17,1st,1st RIN vs 1st ST,1st RIN,1st ST,Will Lovell,16,,7,24,1.50,0
17,1st,1st RIN vs 1st ST,1st RIN,1st ST,Thomas Russ,11.1,,2,23,2.05,0
17,1st,1st RIN vs 1st ST,1st RIN,1st ST,Harry Dixon,1,,0,3,3.00,0
17,1st,1st RIN vs 1st ST,1st ST,1st RIN,Ian Holland,12,,3,19,1.58,0
17,1st,1st RIN vs 1st ST,1st ST,1st RIN,Justin Beaton,13,,7,15,1.15,0
17,1st,1st RIN vs 1st ST,1st ST,1st RIN,Luke Tully,7,,1,31,4.42,0
17,1st,1st RIN vs 1st ST,1st ST,1st RIN,David King,8,,5,3,0.37,0
17,1st,1st RIN vs 1st ST,1st ST,1st RIN,Jackson Freeman,8,,1,20,2.50,0
17,1st,1st RIN vs 1st ST,1st ST,1st RIN,Dylan Walker,4,,3,2,0.50,0
17,1st,1st RIN vs 1st ST,1st ST,1st RIN,Rheedyi Adam Amin,1,,1,0,0.00,0
17,1st,1st RIN vs 1st ST,2nd RIN,1st RIN,Matthew Hennig,9,,0,38,4.22,0
17,1st,1st RIN vs 1st ST,2nd RIN,1st RIN,Luke Destito,10,,1,23,2.30,0
17,1st,1st RIN vs 1st ST,2nd RIN,1st RIN,Will Lovell,9,,1,19,2.11,0
17,1st,1st RIN vs 1st ST,2nd RIN,1st RIN,Thomas Russ,8,,1,24,3.00,0
17,1st,1st RIN vs 1st ST,2nd RIN,1st RIN,Todd Murphy,3,,0,12,4.00,0
17,1st,1st RIN vs 1st ST,2nd ST,1st RIN,Ian Holland,12,,3,22,1.83,0
17,1st,1st RIN vs 1st ST,2nd ST,1st RIN,Justin Beaton,10.1,,0,69,6.78,0
17,1st,1st RIN vs 1st ST,2nd ST,1st RIN,Luke Tully,3,,0,27,9.00,0
17,1st,1st RIN vs 1st ST,2nd ST,1st RIN,Jackson Freeman,6,,0,32,5.33,0
17,1st,1st RIN vs 1st ST,2nd ST,1st RIN,Dylan Walker,2,,0,21,10.50,0
17,1st,1st RIN vs 1st ST,2nd ST,1st RIN,Matthew Mountain,2,,0,15,7.50,0
1,2nd,1st ST vs 1st MEL,1st ST,1st MEL,James Browning,22,,2,98,4.45,0
1,2nd,1st ST vs 1st MEL,1st ST,1st MEL,Krish Kumar,18,,5,49,2.72,1
1,2nd,1st ST vs 1st MEL,1st ST,1st MEL,Om Patel,25,,7,76,3.04,0
1,2nd,1st ST vs 1st MEL,1st ST,1st MEL,Jacob Stevenson,15,,2,59,3.93,0
1,2nd,1st ST vs 1st MEL,1st ST,1st MEL,Brodie O'Donnell,11.2,,3,40,3.52,0
1,2nd,1st ST vs 1st MEL,1st MEL,1st ST,James Gray,22.4,,4,80,3.52,0
1,2nd,1st ST vs 1st MEL,1st MEL,1st ST,Declan McComb,19,,5,53,2.78,0
1,2nd,1st ST vs 1st MEL,1st MEL,1st ST,Luke Gandy,19,,3,53,2.78,0
1,2nd,1st ST vs 1st MEL,1st MEL,1st ST,Harry Jones,11,,2,41,3.72,1
1,2nd,1st ST vs 1st MEL,1st MEL,1st ST,Lachlan Graf,11,,1,28,2.54,0
2,2nd,1st GEE vs 1st FIT,1st GEE,1st FIT,Gurnaz Khatra,21,,6,47,2.23,0
2,2nd,1st GEE vs 1st FIT,1st GEE,1st FIT,Kobe Smith,19.5,,5,49,2.47,0
2,2nd,1st GEE vs 1st FIT,1st GEE,1st FIT,Harry Smith,17,,6,31,1.82,0
2,2nd,1st GEE vs 1st FIT,1st GEE,1st FIT,Rupptaz Kharoud,10,,2,33,3.30,0
2,2nd,1st GEE vs 1st FIT,1st GEE,1st FIT,Liam Myott,15,,2,36,2.40,0
2,2nd,1st GEE vs 1st FIT,1st GEE,1st FIT,Brodie Richardson,7,,0,17,2.42,0
2,2nd,1st GEE vs 1st FIT,1st FIT,1st GEE,Nathan Harper,20,,5,68,3.40,0
2,2nd,1st GEE vs 1st FIT,1st FIT,1st GEE,Kyle Bienefelt,26,,7,51,1.96,1
2,2nd,1st GEE vs 1st FIT,1st FIT,1st GEE,Joshua Slater,10,,1,41,4.10,2
2,2nd,1st GEE vs 1st FIT,1st FIT,1st GEE,Liam Biddiscombe,13,,5,13,1.00,0
2,2nd,1st GEE vs 1st FIT,1st FIT,1st GEE,Sam Croft,11,,1,26,2.36,0
2,2nd,1st GEE vs 1st FIT,1st FIT,1st GEE,Josh Collins,15,,5,17,1.13,0
1,2nd,1st RIC vs 1st CAR,1st RIC,1st CAR,Aaron Smillie,18,,9,17,0.94,1
1,2nd,1st RIC vs 1st CAR,1st RIC,1st CAR,Seth McGinty,18,,2,55,3.05,0
1,2nd,1st RIC vs 1st CAR,1st RIC,1st CAR,Sean Morrow,19,,6,43,2.26,0
1,2nd,1st RIC vs 1st CAR,1st RIC,1st CAR,Henry Edwards,12,,1,36,3.00,0
1,2nd,1st RIC vs 1st CAR,1st RIC,1st CAR,Lucas Brasher,15,,1,47,3.13,0
1,2nd,1st RIC vs 1st CAR,1st CAR,1st RIC,Jack Trevethan,19.5,,5,60,3.02,0
1,2nd,1st RIC vs 1st CAR,1st CAR,1st RIC,Luke McCann,14,,6,36,2.57,0
1,2nd,1st RIC vs 1st CAR,1st CAR,1st RIC,Griffin Box,10,,2,28,2.80,0
1,2nd,1st RIC vs 1st CAR,1st CAR,1st RIC,Callum McIlveen,16,,6,41,2.56,0
1,2nd,1st RIC vs 1st CAR,1st CAR,1st RIC,Joshua Ash,12,,1,42,3.50,0
2,2nd,1st ST vs 1st CAR,1st ST,1st CAR,Aaron Smillie,25,,8,40,1.60,1
2,2nd,1st ST vs 1st CAR,1st ST,1st CAR,Seth McGinty,19.2,,7,46,2.37,0
2,2nd,1st ST vs 1st CAR,1st ST,1st CAR,Sean Morrow,18,,6,59,3.27,0
2,2nd,1st ST vs 1st CAR,1st ST,1st CAR,Henry Edwards,23,,2,72,3.13,0
2,2nd,1st ST vs 1st CAR,1st ST,1st CAR,Lucas Brasher,20,,1,69,3.45,0
2,2nd,1st ST vs 1st CAR,1st CAR,1st ST,Aaron Harding,12,,4,29,2.41,0
2,2nd,1st ST vs 1st CAR,1st CAR,1st ST,Declan McComb,10,,1,35,3.50,0
2,2nd,1st ST vs 1st CAR,1st CAR,1st ST,Lachlan Graf,9,,3,14,1.55,0
2,2nd,1st ST vs 1st CAR,1st CAR,1st ST,Harry Jones,6,,3,15,2.50,0
2,2nd,1st ST vs 1st CAR,1st CAR,1st ST,James Gray,18.4,,5,30,1.60,0
2,2nd,1st ST vs 1st CAR,1st CAR,1st ST,Angus Newman,2,,0,8,4.00,0
3,2nd,1st FIT vs 1st ST,1st FIT,1st ST,Aaron Harding,19.5,,3,44,2.21,0
3,2nd,1st FIT vs 1st ST,1st FIT,1st ST,Luke Gandy,17,,2,53,3.11,0
3,2nd,1st FIT vs 1st ST,1st FIT,1st ST,Declan McComb,12,,3,32,2.66,0
3,2nd,1st FIT vs 1st ST,1st FIT,1st ST,Lachlan Graf,20,,11,20,1.00,0
3,2nd,1st FIT vs 1st ST,1st FIT,1st ST,James Gray,36,,8,72,2.00,0
3,2nd,1st FIT vs 1st ST,1st ST,1st FIT,Gurnaz Khatra,15,,3,36,2.40,0
3,2nd,1st FIT vs 1st ST,1st ST,1st FIT,Kobe Smith,15,,6,24,1.60,0
3,2nd,1st FIT vs 1st ST,1st ST,1st FIT,Harry Smith,9.3,,3,15,1.57,0
3,2nd,1st FIT vs 1st ST,1st ST,1st FIT,Rupptaz Kharoud,3,,0,16,5.33,0
3,2nd,1st FIT vs 1st ST,1st ST,1st FIT,Liam Myott,13,,3,29,2.23,0
4,2nd,GRE vs FRA,GRE,FRA,Harsh Laxmikant Mohade,10,,1,42,4.20,2
4,2nd,GRE vs FRA,GRE,FRA,Mitchell Cestnik,9.2,,0,36,3.85,2
4,2nd,GRE vs FRA,GRE,FRA,Lochlan Scott,5,,0,19,3.80,2
4,2nd,GRE vs FRA,GRE,FRA,Harrison Wallace,10,,4,38,3.80,0
4,2nd,GRE vs FRA,GRE,FRA,Lachlan Hose,8,,0,34,4.25,0
4,2nd,GRE vs FRA,GRE,FRA,Jamie Matheson,7,,0,30,4.28,0
4,2nd,GRE vs FRA,FRA,GRE,Declan Highgate,10,,0,45,4.50,2
4,2nd,GRE vs FRA,FRA,GRE,Michael Cross,9,,0,27,3.00,3
4,2nd,GRE vs FRA,FRA,GRE,Mitch Clark,8.5,,0,39,4.41,2
4,2nd,GRE vs FRA,FRA,GRE,Aidan McConnell,10,,0,45,4.50,4
4,2nd,GRE vs FRA,FRA,GRE,Ivan Zmak,10,,0,46,4.60,0
4,2nd,MEL vs GEE,MEL,GEE,Patrick Sullivan,10,,0,21,2.10,2
4,2nd,MEL vs GEE,MEL,GEE,Nathan Harper,9.2,,0,63,6.75,7
4,2nd,MEL vs GEE,MEL,GEE,Joshua Slater,8,,0,27,3.37,2
4,2nd,MEL vs GEE,MEL,GEE,Zane Attard,10,,1,34,3.40,0
4,2nd,MEL vs GEE,MEL,GEE,Josh Collins,4,,0,16,4.00,0
4,2nd,MEL vs GEE,MEL,GEE,Paawan Sharma,8,,0,24,3.00,1
4,2nd,MEL vs GEE,GEE,MEL,Glenn Hannah,10,,1,34,3.40,1
4,2nd,MEL vs GEE,GEE,MEL,Nicholas Xavier,6,,0,35,5.83,2
4,2nd,MEL vs GEE,GEE,MEL,Thomas Cesaro,4,,0,22,5.50,2
4,2nd,MEL vs GEE,GEE,MEL,Tom Reid,5,,0,22,4.40,0
4,2nd,MEL vs GEE,GEE,MEL,Phil Halbish,4,,0,17,4.25,0
4,2nd,MEL vs GEE,GEE,MEL,Benjamin Wickham,6,,0,19,3.16,1
4,2nd,MEL vs GEE,GEE,MEL,Kyle Parrott,6.3,,1,33,5.07,0
4,2nd,FIT vs RIN,FIT,RIN,Jonathan Farrand,10,,2,33,3.30,1
4,2nd,FIT vs RIN,FIT,RIN,Liam Walker,10,,0,48,4.80,4
4,2nd,FIT vs RIN,FIT,RIN,Jack Martin,7,,2,24,3.42,1
4,2nd,FIT vs RIN,FIT,RIN,Harry Flynn,3,,0,9,3.00,0
4,2nd,FIT vs RIN,FIT,RIN,Bailey O’Riley,10,,0,37,3.70,0
4,2nd,FIT vs RIN,FIT,RIN,Gabe Lawson,10,,1,47,4.70,1
4,2nd,FIT vs RIN,RIN,FIT,Rupptaz Kharoud,6,,1,25,4.16,0
4,2nd,FIT vs RIN,RIN,FIT,Rahul Surendran,6,,1,14,2.33,1
4,2nd,FIT vs RIN,RIN,FIT,Liam Myott,10,,3,16,1.60,0
4,2nd,FIT vs RIN,RIN,FIT,Angus Robinson,6,,4,3,0.50,0
4,2nd,FIT vs RIN,RIN,FIT,Miller Childs,4,,1,9,2.25,1
4,2nd,FIT vs RIN,RIN,FIT,Kepler Lukies,0.5,,0,0,0.00,0
4,2nd,MEL vs DAN,MEL,DAN,Nathan Whitford,6,,1,33,5.50,1
4,2nd,MEL vs DAN,MEL,DAN,Hayden Wrigglesworth,8.5,,0,52,5.88,5
4,2nd,MEL vs DAN,MEL,DAN,Tyler Evans,9,,1,46,5.11,3
4,2nd,MEL vs DAN,MEL,DAN,Max Marinic,9.1,,0,34,3.70,2
4,2nd,MEL vs DAN,MEL,DAN,Aaron Fernando,10,,0,38,3.80,3
4,2nd,MEL vs DAN,MEL,DAN,Tom Morrison,7,,1,19,2.71,0
4,2nd,MEL vs DAN,DAN,MEL,James Browning,8.5,,0,59,6.67,5
4,2nd,MEL vs DAN,DAN,MEL,Krish Kumar,10,,2,34,3.40,0
4,2nd,MEL vs DAN,DAN,MEL,Harshit Takkar,9.1,,0,30,3.27,6
4,2nd,MEL vs DAN,DAN,MEL,Elliott Durrant,10,,0,31,3.10,0
4,2nd,MEL vs DAN,DAN,MEL,Om Patel,10,,1,39,3.90,2
4,2nd,CAM vs KIN,CAM,KIN,Kyle Scott,9,,1,54,6.00,0
4,2nd,CAM vs KIN,CAM,KIN,Dylan Jacotine,6,,0,43,7.16,7
4,2nd,CAM vs KIN,CAM,KIN,Herbie Fischbacher,5,,0,16,3.20,0
4,2nd,CAM vs KIN,CAM,KIN,Rehan Majoka,10,,0,35,3.50,0
4,2nd,CAM vs KIN,CAM,KIN,William Bowering,10,,1,26,2.60,0
4,2nd,CAM vs KIN,CAM,KIN,Bhanuka Keppetipola,10,,2,32,3.20,0
4,2nd,CAM vs KIN,KIN,CAM,Christopher Gorman,7,,0,19,2.71,1
4,2nd,CAM vs KIN,KIN,CAM,simon greene,4,,0,20,5.00,2
4,2nd,CAM vs KIN,KIN,CAM,Daniel Pietz,8,,0,32,4.00,1
4,2nd,CAM vs KIN,KIN,CAM,Jakey Pietz,10,,0,28,2.80,0
4,2nd,CAM vs KIN,KIN,CAM,Kevin Prior,6,,0,17,2.83,1
4,2nd,CAM vs KIN,KIN,CAM,Prajay Paramesh,2,,0,4,2.00,0
4,2nd,CAM vs KIN,KIN,CAM,Samuel Olsen,10,,1,48,4.80,0
4,2nd,ESS vs PRA,ESS,PRA,Hugh Birchall,4,,0,32,8.00,2
4,2nd,ESS vs PRA,ESS,PRA,Max Keogh,8,,0,54,6.75,1
4,2nd,ESS vs PRA,ESS,PRA,Damon Malcolm,8,,1,34,4.25,1
4,2nd,ESS vs PRA,ESS,PRA,James Boyce,5,,0,35,7.00,0
4,2nd,ESS vs PRA,ESS,PRA,Pranav Menon,1,,0,13,13.00,0
4,2nd,ESS vs PRA,ESS,PRA,Henry Nicholls,10,,0,64,6.40,2
4,2nd,ESS vs PRA,ESS,PRA,Nicholas Morrey,10,,0,37,3.70,0
4,2nd,ESS vs PRA,ESS,PRA,Will Scott,4,,0,16,4.00,0
4,2nd,ESS vs PRA,PRA,ESS,Lachie Busk,8,,1,34,4.25,1
4,2nd,ESS vs PRA,PRA,ESS,Muhammad Abdulrafay,10,,1,53,5.30,3
4,2nd,ESS vs PRA,PRA,ESS,Noman Safdar,10,,0,48,4.80,2
4,2nd,ESS vs PRA,PRA,ESS,Arshit Rajput,8,,0,53,6.62,0
4,2nd,ESS vs PRA,PRA,ESS,Henry Robertson,5,,0,24,4.80,0
4,2nd,ESS vs PRA,PRA,ESS,Ikroop Dhanoa,6,,0,37,6.16,0
4,2nd,ESS vs PRA,PRA,ESS,Noah Panaia,1,,0,13,13.00,0
4,2nd,RIC vs CAR,RIC,CAR,Julian Pollard,6.4,,2,16,2.40,2
4,2nd,RIC vs CAR,RIC,CAR,Sean Morrow,8,,1,18,2.25,1
4,2nd,RIC vs CAR,RIC,CAR,Jack Beer,10,,3,25,2.50,0
4,2nd,RIC vs CAR,RIC,CAR,Aryan J Sharma,7,,0,32,4.57,0
4,2nd,RIC vs CAR,RIC,CAR,Henry Edwards,10,,1,43,4.30,0
4,2nd,RIC vs CAR,RIC,CAR,Akshith Sriram,3,,0,4,1.33,0
4,2nd,RIC vs CAR,CAR,RIC,Jackson Reed,2,,0,17,8.50,1
4,2nd,RIC vs CAR,CAR,RIC,Luke McCann,7,,1,25,3.57,1
4,2nd,RIC vs CAR,CAR,RIC,Griffin Box,9.4,,2,39,4.03,0
4,2nd,RIC vs CAR,CAR,RIC,Dhruval Parikh,10,,2,33,3.30,0
4,2nd,RIC vs CAR,CAR,RIC,Prithish Pancholi,10,,2,17,1.70,1
4,2nd,RIC vs CAR,CAR,RIC,Kurt Heigl,1,,0,7,7.00,0
4,2nd,RIC vs CAR,CAR,RIC,Tim Goodman,3,,1,5,1.66,0
4,2nd,NOR vs FOO,NOR,FOO,Liam Mason,10,,1,65,6.50,5
4,2nd,NOR vs FOO,NOR,FOO,Umair Butt,10,,0,64,6.40,6
4,2nd,NOR vs FOO,NOR,FOO,Ashton Frost,9,,1,49,5.44,1
4,2nd,NOR vs FOO,NOR,FOO,Lachlan Fitzgerald,5,,0,29,5.80,0
4,2nd,NOR vs FOO,NOR,FOO,Blake Aggelis,7,,0,39,5.57,0
4,2nd,NOR vs FOO,NOR,FOO,Aayan Nadeem,4,,0,19,4.75,1
4,2nd,NOR vs FOO,NOR,FOO,Luke Gilham,5,,0,25,5.00,0
4,2nd,NOR vs FOO,FOO,NOR,Adam Howard,9.1,,0,44,4.80,3
4,2nd,NOR vs FOO,FOO,NOR,Michael Rogneda,10,,0,47,4.70,1
4,2nd,NOR vs FOO,FOO,NOR,Ethan Sharkey,1,,0,18,18.00,0
4,2nd,NOR vs FOO,FOO,NOR,Matthew Pearce,10,,1,39,3.90,0
4,2nd,NOR vs FOO,FOO,NOR,Roby Lane,9,,0,46,5.11,4
4,2nd,NOR vs FOO,FOO,NOR,Daniel Lalor,2,,0,23,11.50,0
4,2nd,NOR vs FOO,FOO,NOR,Samson Storey,8,,1,38,4.75,2
4,2nd,CAS vs ST,CAS,ST,Harry Jones,9,,0,50,5.55,2
4,2nd,CAS vs ST,CAS,ST,Luke Gandy,10,,0,55,5.50,0
4,2nd,CAS vs ST,CAS,ST,Declan McComb,10,,1,46,4.60,1
4,2nd,CAS vs ST,CAS,ST,Lachlan Graf,7,,1,20,2.85,0
4,2nd,CAS vs ST,CAS,ST,James Gray,10,,0,47,4.70,0
4,2nd,CAS vs ST,CAS,ST,Angus Newman,4,,0,18,4.50,1
4,2nd,CAS vs ST,ST,CAS,Rohan Mathew,5,,0,37,7.40,1
4,2nd,CAS vs ST,ST,CAS,Matthew Sheridan,7,,1,32,4.57,0
4,2nd,CAS vs ST,ST,CAS,Jack Stevenson,10,,0,41,4.10,0
4,2nd,CAS vs ST,ST,CAS,Ashvin Adihetty,10,,0,35,3.50,0
4,2nd,CAS vs ST,ST,CAS,Jacob Long,10,,1,29,2.90,0
4,2nd,CAS vs ST,ST,CAS,Aaron Abeyesekera,8,,0,44,5.50,1
5,2nd,GEE vs RIC,GEE,RIC,Jack Trevethan,5,,0,28,5.60,1
5,2nd,GEE vs RIC,GEE,RIC,Luke McCann,6,,0,15,2.50,1
5,2nd,GEE vs RIC,GEE,RIC,Prithish Pancholi,6,,1,21,3.50,3
5,2nd,GEE vs RIC,GEE,RIC,Jack Iverson,2,,0,5,2.50,0
5,2nd,GEE vs RIC,GEE,RIC,Joshua Ash,8.3,,0,20,2.35,0
5,2nd,GEE vs RIC,GEE,RIC,Callum McIlveen,6,,0,28,4.66,1
5,2nd,GEE vs RIC,RIC,GEE,Nathan Harper,3,,0,17,5.66,1
5,2nd,GEE vs RIC,RIC,GEE,Patrick Sullivan,5,,1,13,2.60,0
5,2nd,GEE vs RIC,RIC,GEE,Liam Biddiscombe,6,,0,22,3.66,0
5,2nd,GEE vs RIC,RIC,GEE,Paawan Sharma,6,,0,33,5.50,3
5,2nd,GEE vs RIC,RIC,GEE,Joshua Slater,5,,0,20,4.00,5
5,2nd,GEE vs RIC,RIC,GEE,Josh Collins,4,,0,14,3.50,0
5,2nd,NOR vs CAM,NOR,CAM,Christopher Gorman,6,,1,12,2.00,1
5,2nd,NOR vs CAM,NOR,CAM,simon greene,6,,0,39,6.50,6
5,2nd,NOR vs CAM,NOR,CAM,Daniel Pietz,7,,0,24,3.42,0
5,2nd,NOR vs CAM,NOR,CAM,Jakey Pietz,10,,2,14,1.40,0
5,2nd,NOR vs CAM,NOR,CAM,Kevin Prior,8.3,,1,18,2.11,0
5,2nd,NOR vs CAM,CAM,NOR,Adam Howard,5,,1,23,4.60,2
5,2nd,NOR vs CAM,CAM,NOR,Ethan Sharkey,6,,1,27,4.50,0
5,2nd,NOR vs CAM,CAM,NOR,Matthew Pearce,7,,1,18,2.57,0
5,2nd,NOR vs CAM,CAM,NOR,Samson Storey,2,,0,14,7.00,0
5,2nd,NOR vs CAM,CAM,NOR,Earl Dicesare,6.1,,0,28,4.54,0
5,2nd,DAN vs CAS,DAN,CAS,Rohan Mathew,6,,1,26,4.33,1
5,2nd,DAN vs CAS,DAN,CAS,Matthew Sheridan,8,,1,56,7.00,1
5,2nd,DAN vs CAS,DAN,CAS,Jack Stevenson,10,,0,43,4.30,2
5,2nd,DAN vs CAS,DAN,CAS,Aaron Abeyesekera,8,,0,39,4.87,1
5,2nd,DAN vs CAS,DAN,CAS,Ashvin Adihetty,9,,0,43,4.77,0
5,2nd,DAN vs CAS,DAN,CAS,Jacob Long,7,,0,50,7.14,1
5,2nd,DAN vs CAS,DAN,CAS,Jaskabeer Singh,2,,0,15,7.50,0
5,2nd,DAN vs CAS,CAS,DAN,Hayden Wrigglesworth,10,,0,48,4.80,1
5,2nd,DAN vs CAS,CAS,DAN,Nathan Whitford,6,,2,19,3.16,1
5,2nd,DAN vs CAS,CAS,DAN,Tom Morrison,6,,0,31,5.16,1
5,2nd,DAN vs CAS,CAS,DAN,Tyler Evans,4,,0,20,5.00,0
5,2nd,DAN vs CAS,CAS,DAN,Vishesh Bansal,6,,0,29,4.83,0
5,2nd,DAN vs CAS,CAS,DAN,Aaron Fernando,6,,0,45,7.50,1
5,2nd,DAN vs CAS,CAS,DAN,Sayed Rihan,7,,0,33,4.71,0
5,2nd,DAN vs CAS,CAS,DAN,Jett Kelly,2.1,,0,9,4.15,0
5,2nd,ESS vs KIN,ESS,KIN,Kyle Scott,0.2,,0,0,0.00,0
5,2nd,ESS vs KIN,ESS,KIN,Luke Sullivan,2.4,,0,13,4.87,1
5,2nd,ESS vs KIN,ESS,KIN,Dylan Jacotine,7,,0,55,7.85,1
5,2nd,ESS vs KIN,ESS,KIN,Herbie Fischbacher,10,,0,58,5.80,0
5,2nd,ESS vs KIN,ESS,KIN,Jamie Moraitis,10,,0,52,5.20,0
5,2nd,ESS vs KIN,ESS,KIN,Bhanuka Keppetipola,10,,0,34,3.40,0
5,2nd,ESS vs KIN,ESS,KIN,Rehan Majoka,10,,0,49,4.90,0
5,2nd,ESS vs KIN,KIN,ESS,Lachie Busk,10,,1,56,5.60,0
5,2nd,ESS vs KIN,KIN,ESS,Muhammad Abdulrafay,10,,2,52,5.20,0
5,2nd,ESS vs KIN,KIN,ESS,Navdeep Rai,8.3,,0,59,6.94,0
5,2nd,ESS vs KIN,KIN,ESS,Simrth Singh Gill,6,,0,22,3.66,0
5,2nd,ESS vs KIN,KIN,ESS,Ikroop Dhanoa,10,,0,47,4.70,0
5,2nd,ESS vs KIN,KIN,ESS,Henry Robertson,5,,0,29,5.80,1
5,2nd,FOO vs MEL,FOO,MEL,Nicholas Xavier,8,,0,53,6.62,4
5,2nd,FOO vs MEL,FOO,MEL,Isaac Bepey,8,,0,51,6.37,3
5,2nd,FOO vs MEL,FOO,MEL,Thomas Cesaro,10,,0,54,5.40,3
5,2nd,FOO vs MEL,FOO,MEL,Phil Halbish,6,,0,23,3.83,0
5,2nd,FOO vs MEL,FOO,MEL,Tom Reid,4,,0,37,9.25,3
5,2nd,FOO vs MEL,FOO,MEL,Kyle Parrott,10,,0,40,4.00,1
5,2nd,FOO vs MEL,FOO,MEL,Benjamin Wickham,4,,0,29,7.25,0
5,2nd,FOO vs MEL,FOO,MEL,Sam Anderson,0,,0,0,0.00,0
5,2nd,FOO vs MEL,FOO,MEL,Nikki du Toit,0,,0,0,0.00,0
5,2nd,FOO vs MEL,FOO,MEL,Oliver Gunning,0,,0,0,0.00,0
5,2nd,FOO vs MEL,FOO,MEL,Max Parrott,0,,0,0,0.00,0
5,2nd,FOO vs MEL,MEL,FOO,Liam Mason,6,,0,34,5.66,1
5,2nd,FOO vs MEL,MEL,FOO,Lachlan Fitzgerald,6,,0,33,5.50,1
5,2nd,FOO vs MEL,MEL,FOO,Umair Butt,4,,0,15,3.75,3
5,2nd,FOO vs MEL,MEL,FOO,Joshua Pace,10,,0,46,4.60,0
5,2nd,FOO vs MEL,MEL,FOO,Blake Aggelis,10,,0,50,5.00,0
5,2nd,FOO vs MEL,MEL,FOO,Ashton Frost,6,,0,27,4.50,1
5,2nd,FOO vs MEL,MEL,FOO,Daksh Kumar,5.4,,1,29,5.11,0
5,2nd,FOO vs MEL,MEL,FOO,Max Hatzoglou,0,,0,0,0.00,0
5,2nd,FOO vs MEL,MEL,FOO,Aayan Nadeem,0,,0,0,0.00,0
5,2nd,FOO vs MEL,MEL,FOO,Luke Gilham,0,,0,0,0.00,0
5,2nd,CAR vs MEL,CAR,MEL,James Browning,10,,3,49,4.90,3
5,2nd,CAR vs MEL,CAR,MEL,Krish Kumar,8,,0,30,3.75,0
5,2nd,CAR vs MEL,CAR,MEL,Harshit Takkar,8,,1,30,3.75,1
5,2nd,CAR vs MEL,CAR,MEL,Elliott Durrant,10,,1,22,2.20,1
5,2nd,CAR vs MEL,CAR,MEL,Om Patel,9,,1,28,3.11,0
5,2nd,CAR vs MEL,MEL,CAR,Dominic Sullivan,4,,0,22,5.50,0
5,2nd,CAR vs MEL,MEL,CAR,Julian Pollard,5,,0,27,5.40,1
5,2nd,CAR vs MEL,MEL,CAR,Sean Morrow,6,,1,19,3.16,2
5,2nd,CAR vs MEL,MEL,CAR,Aryan J Sharma,4,,0,29,7.25,0
5,2nd,CAR vs MEL,MEL,CAR,Henry Edwards,9.3,,2,40,4.21,5
5,2nd,CAR vs MEL,MEL,CAR,Jack Beer,4,,0,23,5.75,0
5,2nd,PRA vs FRA,PRA,FRA,Mitchell Cestnik,9,,0,47,5.22,3
5,2nd,PRA vs FRA,PRA,FRA,Harrison Wallace,8,,0,70,8.75,2
5,2nd,PRA vs FRA,PRA,FRA,Jack Hay,10,,1,73,7.30,3
5,2nd,PRA vs FRA,PRA,FRA,Lachlan Hose,10,,0,50,5.00,1
5,2nd,PRA vs FRA,PRA,FRA,Jye Dignan,7,,1,33,4.71,0
5,2nd,PRA vs FRA,PRA,FRA,Lucas McConnell,6,,1,28,4.66,1
5,2nd,PRA vs FRA,FRA,PRA,Hugh Birchall,8,,0,25,3.12,0
5,2nd,PRA vs FRA,FRA,PRA,James Boyce,10,,0,46,4.60,0
5,2nd,PRA vs FRA,FRA,PRA,Hamish Braden,4,,0,18,4.50,1
5,2nd,PRA vs FRA,FRA,PRA,Liam McGain,5.4,,0,32,5.64,0
5,2nd,PRA vs FRA,FRA,PRA,Henry Nicholls,5,,0,28,5.60,1
5,2nd,PRA vs FRA,FRA,PRA,Pranav Menon,4,,0,13,3.25,0
5,2nd,PRA vs FRA,FRA,PRA,Nicholas Morrey,3,,0,15,5.00,0
5,2nd,GRE vs RIN,GRE,RIN,Jonathan Farrand,10,,1,46,4.60,3
5,2nd,GRE vs RIN,GRE,RIN,Liam Walker,10,,2,31,3.10,1
5,2nd,GRE vs RIN,GRE,RIN,Jack Martin,10,,0,37,3.70,5
5,2nd,GRE vs RIN,GRE,RIN,Gabe Lawson,10,,1,34,3.40,0
5,2nd,GRE vs RIN,GRE,RIN,Bailey O’Riley,1,,0,19,19.00,0
5,2nd,GRE vs RIN,GRE,RIN,Prabhav Mishra,9,,0,45,5.00,0
5,2nd,GRE vs RIN,RIN,GRE,Declan Highgate,4,,0,27,6.75,0
5,2nd,GRE vs RIN,RIN,GRE,Michael Cross,6,,1,32,5.33,0
5,2nd,GRE vs RIN,RIN,GRE,Mitch Clark,4,,0,25,6.25,1
5,2nd,GRE vs RIN,RIN,GRE,Lewis Dichiera,7,,0,45,6.42,4
5,2nd,GRE vs RIN,RIN,GRE,Nirmana Fernando,6,,0,28,4.66,0
5,2nd,GRE vs RIN,RIN,GRE,Ashley Fernando,4,,0,38,9.50,0
5,2nd,GRE vs RIN,RIN,GRE,Kanishk Bollu,3,,0,23,7.66,4
5,2nd,ST vs FIT,ST,FIT,Gurnaz Khatra,10,,0,42,4.20,1
5,2nd,ST vs FIT,ST,FIT,Rahul Surendran,6,,1,28,4.66,1
5,2nd,ST vs FIT,ST,FIT,Angus Robinson,6,,0,26,4.33,0
5,2nd,ST vs FIT,ST,FIT,Kepler Lukies,10,,0,37,3.70,0
5,2nd,ST vs FIT,ST,FIT,Rupptaz Kharoud,6,,0,25,4.16,1
5,2nd,ST vs FIT,ST,FIT,Brodie Richardson,5,,0,26,5.20,0
5,2nd,ST vs FIT,ST,FIT,Miller Childs,7,,0,28,4.00,2
5,2nd,ST vs FIT,FIT,ST,Luke Gandy,7.3,,0,19,2.53,3
5,2nd,ST vs FIT,FIT,ST,Lachlan Graf,6,,1,16,2.66,0
5,2nd,ST vs FIT,FIT,ST,Harry Jones,8,,0,49,6.12,0
5,2nd,ST vs FIT,FIT,ST,Declan McComb,8,,2,17,2.12,0
5,2nd,ST vs FIT,FIT,ST,James Gray,2,,0,14,7.00,0
5,2nd,ST vs FIT,FIT,ST,Jobe Kennedy,4,,0,25,6.25,0
5,2nd,ST vs FIT,FIT,ST,Angus Newman,9,,0,29,3.22,1
6,2nd,KIN vs GEE,KIN,GEE,Patrick Sullivan,10,,1,29,2.90,4
6,2nd,KIN vs GEE,KIN,GEE,Kyle Bienefelt,9,,0,40,4.44,1
6,2nd,KIN vs GEE,KIN,GEE,Joshua Slater,9,,0,38,4.22,1
6,2nd,KIN vs GEE,KIN,GEE,Liam Biddiscombe,8,,1,33,4.12,1
6,2nd,KIN vs GEE,KIN,GEE,Paawan Sharma,6,,0,38,6.33,0
6,2nd,KIN vs GEE,KIN,GEE,Ted Bain,4,,1,11,2.75,0
6,2nd,KIN vs GEE,GEE,KIN,Herbie Fischbacher,7.5,,0,31,3.95,0
6,2nd,KIN vs GEE,GEE,KIN,Jamie Moraitis,7,,0,43,6.14,1
6,2nd,KIN vs GEE,GEE,KIN,Rehan Majoka,9,,0,42,4.66,0
6,2nd,KIN vs GEE,GEE,KIN,Bhanuka Keppetipola,10,,0,42,4.20,0
6,2nd,KIN vs GEE,GEE,KIN,Redwan Laghmani,9,,0,43,4.77,1
6,2nd,CAR vs FOO,CAR,FOO,Lachlan Fitzgerald,3,,0,19,6.33,0
6,2nd,CAR vs FOO,CAR,FOO,Umair Butt,5,,0,44,8.80,1
6,2nd,CAR vs FOO,CAR,FOO,Blake Aggelis,6,,0,26,4.33,0
6,2nd,CAR vs FOO,CAR,FOO,Bailey Toseland,6,,0,50,8.33,0
6,2nd,CAR vs FOO,CAR,FOO,Luke Gilham,3,,0,27,9.00,0
6,2nd,CAR vs FOO,CAR,FOO,Aiden D'Souza,4,,0,31,7.75,0
6,2nd,CAR vs FOO,FOO,CAR,Dominic Sullivan,3.4,,1,9,2.45,0
6,2nd,CAR vs FOO,FOO,CAR,Vincent Bush,5,,2,23,4.60,0
6,2nd,CAR vs FOO,FOO,CAR,Henry Edwards,6,,0,30,5.00,5
6,2nd,CAR vs FOO,FOO,CAR,Sean Morrow,6,,0,33,5.50,1
6,2nd,CAR vs FOO,FOO,CAR,Jack Beer,3,,0,18,6.00,0
6,2nd,DAN vs PRA,DAN,PRA,Hugh Birchall,5,,0,16,3.20,0
6,2nd,DAN vs PRA,DAN,PRA,Max Keogh,6,,0,33,5.50,0
6,2nd,DAN vs PRA,DAN,PRA,Damon Malcolm,6.5,,0,29,4.24,0
6,2nd,DAN vs PRA,DAN,PRA,Charlie Giles,7,,0,35,5.00,3
6,2nd,DAN vs PRA,DAN,PRA,Pranav Menon,9,,1,40,4.44,1
6,2nd,DAN vs PRA,DAN,PRA,James Boyce,7,,0,39,5.57,0
6,2nd,DAN vs PRA,PRA,DAN,Tyler Evans,4,,0,26,6.50,2
6,2nd,DAN vs PRA,PRA,DAN,Nathan Whitford,4,,1,16,4.00,1
6,2nd,DAN vs PRA,PRA,DAN,Parth Hirani,6,,0,26,4.33,3
6,2nd,DAN vs PRA,PRA,DAN,Max Marinic,3,,0,29,9.66,0
6,2nd,DAN vs PRA,PRA,DAN,Venuk Hemachandra,5,,0,33,6.60,0
6,2nd,DAN vs PRA,PRA,DAN,Aaron Fernando,5,,0,29,5.80,2
6,2nd,DAN vs PRA,PRA,DAN,Tom Morrison,2,,0,10,5.00,0
6,2nd,DAN vs PRA,PRA,DAN,Sayed Rihan,2,,0,12,6.00,0
6,2nd,DAN vs PRA,PRA,DAN,Vishesh Bansal,1.4,,0,12,7.20,1
6,2nd,DAN vs PRA,PRA,DAN,Abhikaran Singh Chhina,0,,0,0,0.00,0
6,2nd,DAN vs PRA,PRA,DAN,Ashton Ceeney,0,,0,0,0.00,0
6,2nd,DAN vs PRA,PRA,DAN,Hayden Wrigglesworth,0,,0,0,0.00,0
6,2nd,MEL vs ST,MEL,ST,Lachlan Graf,5,,0,38,7.60,1
6,2nd,MEL vs ST,MEL,ST,Luke Gandy,5,,1,48,9.60,0
6,2nd,MEL vs ST,MEL,ST,Harry Jones,3,,0,39,13.00,1
6,2nd,MEL vs ST,MEL,ST,Jobe Kennedy,3,,0,24,8.00,0
6,2nd,MEL vs ST,MEL,ST,James Gray,6,,0,46,7.66,0
6,2nd,MEL vs ST,MEL,ST,Angus Newman,4,,0,32,8.00,2
6,2nd,MEL vs ST,ST,MEL,Thomas Cesaro,4,,0,46,11.50,7
6,2nd,MEL vs ST,ST,MEL,Wilson McGillivray,5.3,,0,53,9.63,2
6,2nd,MEL vs ST,ST,MEL,Phil Halbish,3,,0,30,10.00,1
6,2nd,MEL vs ST,ST,MEL,Rishi Desai,5,,0,30,6.00,0
6,2nd,MEL vs ST,ST,MEL,Nicholas Xavier,5,,0,50,10.00,0
6,2nd,MEL vs ST,ST,MEL,Kyle Parrott,3,,0,16,5.33,1
6,2nd,CAS vs FIT,CAS,FIT,Gurnaz Khatra,8,,0,34,4.25,0
6,2nd,CAS vs FIT,CAS,FIT,Braden Taeuber,8,,2,28,3.50,1
6,2nd,CAS vs FIT,CAS,FIT,Angus Robinson,8,,1,24,3.00,0
6,2nd,CAS vs FIT,CAS,FIT,Rupptaz Kharoud,5,,0,22,4.40,2
6,2nd,CAS vs FIT,CAS,FIT,Kepler Lukies,9,,0,32,3.55,2
6,2nd,CAS vs FIT,CAS,FIT,Miller Childs,3,,0,15,5.00,0
6,2nd,CAS vs FIT,FIT,CAS,Ashvin Adihetty,8,,0,36,4.50,1
6,2nd,CAS vs FIT,FIT,CAS,Matthew Sheridan,5,,0,27,5.40,1
6,2nd,CAS vs FIT,FIT,CAS,Jack Stevenson,5,,0,34,6.80,0
6,2nd,CAS vs FIT,FIT,CAS,Rohan Mathew,4,,0,25,6.25,0
6,2nd,CAS vs FIT,FIT,CAS,Jacob Long,5,,1,18,3.60,0
6,2nd,CAS vs FIT,FIT,CAS,Aaron Abeyesekera,3.5,,0,18,4.69,1
6,2nd,FRA vs NOR,FRA,NOR,Ryan Siede,7,,1,44,6.28,2
6,2nd,FRA vs NOR,FRA,NOR,Ethan Sharkey,5,,1,19,3.80,0
6,2nd,FRA vs NOR,FRA,NOR,Roby Lane,10,,0,38,3.80,0
6,2nd,FRA vs NOR,FRA,NOR,Adam Howard,10,,0,67,6.70,0
6,2nd,FRA vs NOR,FRA,NOR,Matthew Pearce,10,,1,31,3.10,5
6,2nd,FRA vs NOR,FRA,NOR,Daniel Lalor,8,,0,27,3.37,0
6,2nd,FRA vs NOR,NOR,FRA,Harrison Wallace,6,,1,25,4.16,0
6,2nd,FRA vs NOR,NOR,FRA,Lachlan Hose,6.4,,2,18,2.70,3
6,2nd,FRA vs NOR,NOR,FRA,Talal Shahzad,7,,0,27,3.85,0
6,2nd,FRA vs NOR,NOR,FRA,Jye Dignan,8,,0,31,3.87,0
6,2nd,FRA vs NOR,NOR,FRA,Lachlan Curtis,10,,2,30,3.00,0
6,2nd,FRA vs NOR,NOR,FRA,Lucas McConnell,8,,0,37,4.62,0
6,2nd,MEL vs RIC,MEL,RIC,Jack Trevethan,6,,2,10,1.66,0
6,2nd,MEL vs RIC,MEL,RIC,Luke McCann,8,,2,15,1.87,2
6,2nd,MEL vs RIC,MEL,RIC,Griffin Box,6.5,,1,18,2.63,1
6,2nd,MEL vs RIC,MEL,RIC,Prithish Pancholi,6,,0,14,2.33,0
6,2nd,MEL vs RIC,MEL,RIC,Joshua Ash,7,,0,20,2.85,1
6,2nd,MEL vs RIC,RIC,MEL,James Browning,6,,1,18,3.00,3
6,2nd,MEL vs RIC,RIC,MEL,Krish Kumar,2,,0,10,5.00,7
6,2nd,MEL vs RIC,RIC,MEL,Om Patel,6,,0,22,3.66,1
6,2nd,MEL vs RIC,RIC,MEL,Harshit Takkar,4,,0,26,6.50,1
6,2nd,MEL vs RIC,RIC,MEL,Benjamin Rolfs,1.1,,0,4,3.43,0
6,2nd,GRE vs CAM,GRE,CAM,Aidan Nicholls,5,,0,21,4.20,5
6,2nd,GRE vs CAM,GRE,CAM,Christopher Gorman,3,,0,28,9.33,2
6,2nd,GRE vs CAM,GRE,CAM,Kevin Prior,4,,0,23,5.75,0
6,2nd,GRE vs CAM,GRE,CAM,Daniel Pietz,5,,0,22,4.40,0
6,2nd,GRE vs CAM,GRE,CAM,DAKSH SAINI,5,,0,35,7.00,0
6,2nd,GRE vs CAM,GRE,CAM,Samuel Olsen,2,,0,13,6.50,0
6,2nd,GRE vs CAM,CAM,GRE,Lewis Dichiera,5,,0,32,6.40,0
6,2nd,GRE vs CAM,CAM,GRE,Mitch Clark,2,,0,13,6.50,0
6,2nd,GRE vs CAM,CAM,GRE,Declan Highgate,5,,0,36,7.20,1
6,2nd,GRE vs CAM,CAM,GRE,Nirmana Fernando,2,,0,19,9.50,0
6,2nd,GRE vs CAM,CAM,GRE,Aidan McConnell,5,,0,18,3.60,0
6,2nd,GRE vs CAM,CAM,GRE,Yaseen Muntasir,5,,0,18,3.60,0
7,2nd,FOO vs RIN,FOO,RIN,Jonathan Farrand,4,,0,14,3.50,1
7,2nd,FOO vs RIN,FOO,RIN,Luke Tully,4,,0,20,5.00,0
7,2nd,FOO vs RIN,FOO,RIN,Liam Walker,4,,0,26,6.50,1
7,2nd,FOO vs RIN,FOO,RIN,Jack Martin,4,,0,24,6.00,3
7,2nd,FOO vs RIN,FOO,RIN,Bailey O’Riley,4,,0,24,6.00,0
7,2nd,FOO vs RIN,RIN,FOO,Liam Mason,2,,0,15,7.50,4
7,2nd,FOO vs RIN,RIN,FOO,Lachlan Fitzgerald,2,,0,12,6.00,0
7,2nd,FOO vs RIN,RIN,FOO,Aiden D'Souza,1.4,,0,8,4.80,2
7,2nd,FOO vs RIN,RIN,FOO,Umair Butt,2,,0,9,4.50,1
7,2nd,FOO vs RIN,RIN,FOO,Blake Aggelis,1,,0,12,12.00,1
7,2nd,KIN vs MEL,KIN,MEL,Jack Lyndon,4,,0,22,5.50,3
7,2nd,KIN vs MEL,KIN,MEL,James Browning,4,,1,20,5.00,0
7,2nd,KIN vs MEL,KIN,MEL,Krish Kumar,3,,0,15,5.00,0
7,2nd,KIN vs MEL,KIN,MEL,Harshit Takkar,4,,0,17,4.25,0
7,2nd,KIN vs MEL,KIN,MEL,Om Patel,3,,0,14,4.66,0
7,2nd,KIN vs MEL,KIN,MEL,Elliott Durrant,2,,0,7,3.50,0
7,2nd,KIN vs MEL,MEL,KIN,Herbie Fischbacher,3,,0,14,4.66,3
7,2nd,KIN vs MEL,MEL,KIN,Jamie Moraitis,3,,0,20,6.66,0
7,2nd,KIN vs MEL,MEL,KIN,Keiran Mant,1,,0,8,8.00,0
7,2nd,KIN vs MEL,MEL,KIN,Rehan Majoka,3,,0,14,4.66,0
7,2nd,KIN vs MEL,MEL,KIN,Bhanuka Keppetipola,2,,0,10,5.00,0
7,2nd,KIN vs MEL,MEL,KIN,Redwan Laghmani,0.2,,0,0,0.00,0
7,2nd,GRE vs MEL,GRE,MEL,Wilson McGillivray,4,,0,25,6.25,1
7,2nd,GRE vs MEL,GRE,MEL,Isaac Bepey,4,,0,27,6.75,2
7,2nd,GRE vs MEL,GRE,MEL,Roland Murphy,4,,0,28,7.00,0
7,2nd,GRE vs MEL,GRE,MEL,Nicholas Xavier,4,,0,36,9.00,3
7,2nd,GRE vs MEL,GRE,MEL,Kyle Parrott,4,,0,21,5.25,0
7,2nd,GRE vs MEL,MEL,GRE,Declan Highgate,3,,0,18,6.00,1
7,2nd,GRE vs MEL,MEL,GRE,Samuel Clark,3,,0,24,8.00,1
7,2nd,GRE vs MEL,MEL,GRE,Tobias Sutherland,3,,0,20,6.66,0
7,2nd,GRE vs MEL,MEL,GRE,Nirmana Fernando,3,,0,17,5.66,0
7,2nd,GRE vs MEL,MEL,GRE,Lewis Dichiera,3,,0,21,7.00,0
7,2nd,FIT vs RIC,FIT,RIC,Jack Trevethan,4,,0,25,6.25,0
7,2nd,FIT vs RIC,FIT,RIC,Luke McCann,4,,0,32,8.00,1
7,2nd,FIT vs RIC,FIT,RIC,Prithish Pancholi,4,,0,33,8.25,0
7,2nd,FIT vs RIC,FIT,RIC,Caiden Dobson,4,,0,22,5.50,0
7,2nd,FIT vs RIC,FIT,RIC,Callum McIlveen,4,,0,25,6.25,4
7,2nd,FIT vs RIC,RIC,FIT,Gurnaz Khatra,2,,0,7,3.50,0
7,2nd,FIT vs RIC,RIC,FIT,Liam Myott,1,,0,9,9.00,0
7,2nd,FIT vs RIC,RIC,FIT,Zac Parr,2,,0,7,3.50,0
7,2nd,FIT vs RIC,RIC,FIT,Rupptaz Kharoud,1,,0,6,6.00,0
7,2nd,FRA vs ST,FRA,ST,Luke Gandy,4,,0,20,5.00,0
7,2nd,FRA vs ST,FRA,ST,Lachlan Graf,3,,0,25,8.33,0
7,2nd,FRA vs ST,FRA,ST,Harry Jones,4,,0,28,7.00,1
7,2nd,FRA vs ST,FRA,ST,Jobe Kennedy,4,,0,28,7.00,0
7,2nd,FRA vs ST,FRA,ST,James Gray,4,,0,18,4.50,0
7,2nd,FRA vs ST,FRA,ST,Barnaby Smith,1,,0,11,11.00,5
7,2nd,FRA vs ST,ST,FRA,Lachlan Hose,2,,0,5,2.50,0
7,2nd,FRA vs ST,ST,FRA,Harsh Laxmikant Mohade,1,,1,0,0.00,0
7,2nd,FRA vs ST,ST,FRA,Jye Dignan,1,,0,6,6.00,0
7,2nd,FRA vs ST,ST,FRA,Lachlan Curtis,1,,0,4,4.00,0
7,2nd,CAR vs GEE,CAR,GEE,Sam Croft,4,,0,16,4.00,0
7,2nd,CAR vs GEE,CAR,GEE,Kyle Bienefelt,4,,0,20,5.00,0
7,2nd,CAR vs GEE,CAR,GEE,Monty Maloney,2,,0,12,6.00,0
7,2nd,CAR vs GEE,CAR,GEE,Lachlan Watson,3,,0,26,8.66,0
7,2nd,CAR vs GEE,CAR,GEE,Paawan Sharma,3,,0,27,9.00,0
7,2nd,CAR vs GEE,CAR,GEE,Toby Cunningham,4,,0,22,5.50,0
7,2nd,CAR vs GEE,GEE,CAR,Sean Morrow,4,,0,21,5.25,2
7,2nd,CAR vs GEE,GEE,CAR,Vincent Bush,4,,0,36,9.00,0
7,2nd,CAR vs GEE,GEE,CAR,Akshith Sriram,2.2,,0,14,6.00,0
7,2nd,CAR vs GEE,GEE,CAR,Nicholas Brennan,4,,0,23,5.75,3
7,2nd,CAR vs GEE,GEE,CAR,Henry Edwards,4,,0,30,7.50,0
7,2nd,CAR vs GEE,GEE,CAR,Jack Beer,1,,0,6,6.00,0
7,2nd,CAM vs PRA,CAM,PRA,Hugh Birchall,4,,0,15,3.75,0
7,2nd,CAM vs PRA,CAM,PRA,Max Keogh,2,,0,20,10.00,1
7,2nd,CAM vs PRA,CAM,PRA,William Collins,3,,0,20,6.66,0
7,2nd,CAM vs PRA,CAM,PRA,Damon Malcolm,4,,0,10,2.50,0
7,2nd,CAM vs PRA,CAM,PRA,James Boyce,4,,0,24,6.00,0
7,2nd,CAM vs PRA,CAM,PRA,Pranav Menon,3,,0,21,7.00,0
7,2nd,CAM vs PRA,PRA,CAM,Christopher Gorman,2,,0,34,17.00,0
7,2nd,CAM vs PRA,PRA,CAM,Sacheen R Paramesh,3,,0,16,5.33,1
7,2nd,CAM vs PRA,PRA,CAM,Daniel Pietz,3.2,,0,21,6.30,1
7,2nd,CAM vs PRA,PRA,CAM,Kevin Prior,4,,0,18,4.50,1
7,2nd,CAM vs PRA,PRA,CAM,DAKSH SAINI,2,,0,25,12.50,0
7,2nd,CAS vs ESS,CAS,ESS,Harvinder Singh,2,,0,20,10.00,0
7,2nd,CAS vs ESS,CAS,ESS,Lachie Busk,3,,0,24,8.00,1
7,2nd,CAS vs ESS,CAS,ESS,Navdeep Rai,4,,0,23,5.75,0
7,2nd,CAS vs ESS,CAS,ESS,Jacob Pawlowicz,4,,0,25,6.25,0
7,2nd,CAS vs ESS,CAS,ESS,Krit Darji,3,,0,14,4.66,0
7,2nd,CAS vs ESS,CAS,ESS,Henry Robertson,2,,0,11,5.50,0
7,2nd,CAS vs ESS,CAS,ESS,Arin Mishra,2,,0,5,2.50,0
7,2nd,CAS vs ESS,ESS,CAS,Ashvin Adihetty,2,,0,16,8.00,0
7,2nd,CAS vs ESS,ESS,CAS,Matthew Sheridan,2,,0,17,8.50,1
7,2nd,CAS vs ESS,ESS,CAS,Jack Stevenson,2,,0,14,7.00,2
7,2nd,CAS vs ESS,ESS,CAS,Jacob Long,1,,0,17,17.00,0
7,2nd,CAS vs ESS,ESS,CAS,Aaron Abeyesekera,1,,0,3,3.00,0
7,2nd,CAS vs ESS,ESS,CAS,Vinu Mohotty,1,,0,5,5.00,0
8,2nd,CAS vs PRA,CAS,PRA,Max Keogh,3,,0,20,6.66,1
8,2nd,CAS vs PRA,CAS,PRA,William Collins,4,,0,25,6.25,0
8,2nd,CAS vs PRA,CAS,PRA,Will Scott,4,,0,27,6.75,0
8,2nd,CAS vs PRA,CAS,PRA,Hugh Birchall,4,,0,31,7.75,0
8,2nd,CAS vs PRA,CAS,PRA,Saksham Kapoor,2,,0,20,10.00,0
8,2nd,CAS vs PRA,CAS,PRA,Riley Backhouse,3,,0,21,7.00,0
8,2nd,CAS vs PRA,PRA,CAS,Ashvin Adihetty,3,,0,7,2.33,0
8,2nd,CAS vs PRA,PRA,CAS,Matthew Sheridan,3,,0,24,8.00,1
8,2nd,CAS vs PRA,PRA,CAS,Jacob Long,3,,0,42,14.00,3
8,2nd,CAS vs PRA,PRA,CAS,Jack Stevenson,3,,0,25,8.33,0
8,2nd,CAS vs PRA,PRA,CAS,Aaron Abeyesekera,3,,0,22,7.33,0
8,2nd,CAS vs PRA,PRA,CAS,Krishna Sridhar,2.5,,0,23,8.11,0
8,2nd,CAM vs FIT,CAM,FIT,Gurnaz Khatra,4,,0,41,10.25,2
8,2nd,CAM vs FIT,CAM,FIT,Liam Myott,4,,0,15,3.75,1
8,2nd,CAM vs FIT,CAM,FIT,Angus Robinson,2,,0,17,8.50,3
8,2nd,CAM vs FIT,CAM,FIT,Zac Parr,3,,0,20,6.66,0
8,2nd,CAM vs FIT,CAM,FIT,Brodie Richardson,3,,0,15,5.00,1
8,2nd,CAM vs FIT,CAM,FIT,Rupptaz Kharoud,4,,0,17,4.25,0
8,2nd,CAM vs FIT,FIT,CAM,Jakey Pietz,3,,0,23,7.66,0
8,2nd,CAM vs FIT,FIT,CAM,Sacheen R Paramesh,3,,0,24,8.00,2
8,2nd,CAM vs FIT,FIT,CAM,Kevin Prior,2,,0,9,4.50,0
8,2nd,CAM vs FIT,FIT,CAM,Aidan Nicholls,3,,0,19,6.33,0
8,2nd,CAM vs FIT,FIT,CAM,Reuben Jamieson,3,,0,21,7.00,0
8,2nd,CAM vs FIT,FIT,CAM,DAKSH SAINI,3.5,,1,31,8.08,0
9,2nd,FRA vs CAR,FRA,CAR,Sean Morrow,2,,0,19,9.50,0
9,2nd,FRA vs CAR,FRA,CAR,Jack Beer,2,,0,12,6.00,0
9,2nd,FRA vs CAR,FRA,CAR,Nicholas Brennan,2,,0,17,8.50,0
9,2nd,FRA vs CAR,FRA,CAR,Akshith Sriram,2,,0,8,4.00,0
9,2nd,FRA vs CAR,FRA,CAR,Henry Edwards,2,,0,12,6.00,0
9,2nd,FRA vs CAR,CAR,FRA,Harsh Laxmikant Mohade,2,,0,15,7.50,0
9,2nd,FRA vs CAR,CAR,FRA,Lachlan Hose,1.1,,0,11,9.43,2
9,2nd,FRA vs CAR,CAR,FRA,Jye Dignan,2,,0,15,7.50,0
9,2nd,FRA vs CAR,CAR,FRA,Jamie Matheson,2,,0,8,4.00,0
9,2nd,FRA vs CAR,CAR,FRA,Harrison Wallace,1,,0,9,9.00,0
9,2nd,FRA vs CAR,CAR,FRA,Lucas McConnell,1,,0,14,14.00,0
9,2nd,MEL vs GEE,MEL,GEE,Thomas Neate,2,,0,20,10.00,2
9,2nd,MEL vs GEE,MEL,GEE,Sam Croft,4,,0,23,5.75,0
9,2nd,MEL vs GEE,MEL,GEE,Kyle Bienefelt,3,,0,20,6.66,0
9,2nd,MEL vs GEE,MEL,GEE,Paawan Sharma,3,,0,10,3.33,0
9,2nd,MEL vs GEE,MEL,GEE,Josh Collins,4,,0,31,7.75,0
9,2nd,MEL vs GEE,MEL,GEE,Toby Cunningham,4,,0,37,9.25,0
9,2nd,MEL vs GEE,GEE,MEL,James Browning,4,,1,6,1.50,0
9,2nd,MEL vs GEE,GEE,MEL,Jack Lyndon,3,,0,24,8.00,1
9,2nd,MEL vs GEE,GEE,MEL,Krish Kumar,3,,0,26,8.66,0
9,2nd,MEL vs GEE,GEE,MEL,Janak Prakash,3,,0,19,6.33,4
9,2nd,MEL vs GEE,GEE,MEL,Elliott Durrant,4,,0,19,4.75,0
9,2nd,MEL vs GEE,GEE,MEL,Om Patel,3,,0,14,4.66,1
9,2nd,FOO vs ST,FOO,ST,James Gray,4,,0,13,3.25,0
9,2nd,FOO vs ST,FOO,ST,Luke Gandy,4,,0,24,6.00,1
9,2nd,FOO vs ST,FOO,ST,Harry Jones,4,,0,15,3.75,0
9,2nd,FOO vs ST,FOO,ST,Walter Jackson,4,,0,19,4.75,0
9,2nd,FOO vs ST,FOO,ST,Jobe Kennedy,4,,0,32,8.00,0
9,2nd,FOO vs ST,ST,FOO,Aiden D'Souza,2,,0,8,4.00,2
9,2nd,FOO vs ST,ST,FOO,Luke Gilham,2,,0,9,4.50,3
9,2nd,FOO vs ST,ST,FOO,Harshal S Suresh,2,,0,11,5.50,0
9,2nd,FOO vs ST,ST,FOO,Karthikeya Rallapalli,2,,0,16,8.00,0
9,2nd,FOO vs ST,ST,FOO,Blake Aggelis,4,,0,29,7.25,1
9,2nd,FOO vs ST,ST,FOO,Daksh Kumar,4,,0,29,7.25,0
9,2nd,NOR vs GRE,NOR,GRE,Declan Highgate,4,,0,25,6.25,0
9,2nd,NOR vs GRE,NOR,GRE,Aidan McConnell,2,,0,23,11.50,0
9,2nd,NOR vs GRE,NOR,GRE,Michael Cross,3,,0,32,10.66,0
9,2nd,NOR vs GRE,NOR,GRE,Eshann Singh,4,,0,25,6.25,1
9,2nd,NOR vs GRE,NOR,GRE,Chandramauli Sridev,4,,0,27,6.75,2
9,2nd,NOR vs GRE,NOR,GRE,Lewis Dichiera,3,,0,18,6.00,0
9,2nd,NOR vs GRE,GRE,NOR,Roby Lane,4,,0,25,6.25,1
9,2nd,NOR vs GRE,GRE,NOR,Adam Howard,4,,0,30,7.50,1
9,2nd,NOR vs GRE,GRE,NOR,Earl Dicesare,4,,0,14,3.50,2
9,2nd,NOR vs GRE,GRE,NOR,Ryan Siede,4,,0,21,5.25,0
9,2nd,NOR vs GRE,GRE,NOR,Ethan Sharkey,2,,0,14,7.00,0
9,2nd,NOR vs GRE,GRE,NOR,Samson Storey,2,,0,15,7.50,0
9,2nd,FIT vs PRA,FIT,PRA,James Boyce,4,,0,27,6.75,1
9,2nd,FIT vs PRA,FIT,PRA,William Collins,4,,0,45,11.25,0
9,2nd,FIT vs PRA,FIT,PRA,Hugh Birchall,3,,0,36,12.00,1
9,2nd,FIT vs PRA,FIT,PRA,Saksham Kapoor,4,,0,24,6.00,2
9,2nd,FIT vs PRA,FIT,PRA,Max Keogh,3,,0,16,5.33,0
9,2nd,FIT vs PRA,PRA,FIT,Gurnaz Khatra,3,,0,33,11.00,0
9,2nd,FIT vs PRA,PRA,FIT,Liam Myott,3,,0,23,7.66,0
9,2nd,FIT vs PRA,PRA,FIT,Zac Parr,4,,0,32,8.00,1
9,2nd,FIT vs PRA,PRA,FIT,Angus Robinson,2,,0,16,8.00,0
9,2nd,FIT vs PRA,PRA,FIT,Brodie Richardson,3,,0,13,4.33,0
9,2nd,FIT vs PRA,PRA,FIT,Rupptaz Kharoud,3,,0,18,6.00,1
9,2nd,DAN vs ESS,DAN,ESS,Harvinder Singh,2,,0,10,5.00,0
9,2nd,DAN vs ESS,DAN,ESS,Lachie Busk,4,,0,24,6.00,2
9,2nd,DAN vs ESS,DAN,ESS,Navdeep Rai,1,,0,11,11.00,0
9,2nd,DAN vs ESS,DAN,ESS,Jacob Pawlowicz,4,,0,24,6.00,1
9,2nd,DAN vs ESS,DAN,ESS,Ikroop Dhanoa,4,,0,31,7.75,0
9,2nd,DAN vs ESS,DAN,ESS,Krit Darji,3,,0,24,8.00,0
9,2nd,DAN vs ESS,DAN,ESS,Simrth Singh Gill,1,,0,6,6.00,1
9,2nd,DAN vs ESS,ESS,DAN,Aaron Fernando,2.1,,0,25,11.54,0
9,2nd,DAN vs ESS,ESS,DAN,Parth Hirani,3,,0,20,6.66,1
9,2nd,DAN vs ESS,ESS,DAN,Tyler Evans,3,,0,16,5.33,0
9,2nd,DAN vs ESS,ESS,DAN,Sayed Rihan,3,,0,24,8.00,0
9,2nd,DAN vs ESS,ESS,DAN,Vishesh Bansal,2,,0,16,8.00,0
9,2nd,DAN vs ESS,ESS,DAN,Thenuka Perera,2,,0,16,8.00,2
9,2nd,DAN vs ESS,ESS,DAN,Max Marinic,1,,0,17,17.00,0
9,2nd,CAS vs CAM,CAS,CAM,Aidan Nicholls,2,,0,22,11.00,4
9,2nd,CAS vs CAM,CAS,CAM,Sacheen R Paramesh,3,,0,21,7.00,1
9,2nd,CAS vs CAM,CAS,CAM,Kevin Prior,4,,0,16,4.00,0
9,2nd,CAS vs CAM,CAS,CAM,Reuben Jamieson,3,,0,32,10.66,0
9,2nd,CAS vs CAM,CAS,CAM,DAKSH SAINI,4,,0,16,4.00,0
9,2nd,CAS vs CAM,CAS,CAM,Samuel Olsen,4,,0,20,5.00,2
9,2nd,CAS vs CAM,CAM,CAS,Evan Allaway,4,,0,31,7.75,2
9,2nd,CAS vs CAM,CAM,CAS,Ashvin Adihetty,3.1,,0,21,6.63,0
9,2nd,CAS vs CAM,CAM,CAS,Matthew Sheridan,3,,0,21,7.00,0
9,2nd,CAS vs CAM,CAM,CAS,Jack Stevenson,3,,0,21,7.00,0
9,2nd,CAS vs CAM,CAM,CAS,Aaron Abeyesekera,3,,0,21,7.00,1
9,2nd,CAS vs CAM,CAM,CAS,Krishna Sridhar,2,,0,15,7.50,0
9,2nd,RIC vs KIN,RIC,KIN,Herbie Fischbacher,4,,0,32,8.00,3
9,2nd,RIC vs KIN,RIC,KIN,Jamie Moraitis,4,,0,30,7.50,1
9,2nd,RIC vs KIN,RIC,KIN,Rehan Majoka,4,,0,35,8.75,0
9,2nd,RIC vs KIN,RIC,KIN,Keiran Mant,2,,0,17,8.50,0
9,2nd,RIC vs KIN,RIC,KIN,Bhanuka Keppetipola,4,,0,37,9.25,0
9,2nd,RIC vs KIN,RIC,KIN,Redwan Laghmani,2,,0,14,7.00,0
9,2nd,RIC vs KIN,KIN,RIC,Jack Trevethan,4,,0,20,5.00,0
9,2nd,RIC vs KIN,KIN,RIC,Luke McCann,3,,0,30,10.00,0
9,2nd,RIC vs KIN,KIN,RIC,Griffin Box,4,,0,15,3.75,0
9,2nd,RIC vs KIN,KIN,RIC,Caiden Dobson,3,,0,16,5.33,0
9,2nd,RIC vs KIN,KIN,RIC,Callum McIlveen,4,,0,26,6.50,3
9,2nd,RIC vs KIN,KIN,RIC,Prithish Pancholi,2,,0,9,4.50,0
9,2nd,MEL vs RIN,MEL,RIN,Jonathan Farrand,4,,0,14,3.50,0
9,2nd,MEL vs RIN,MEL,RIN,Liam Walker,4,,0,30,7.50,1
9,2nd,MEL vs RIN,MEL,RIN,Luke Tully,4,,0,21,5.25,1
9,2nd,MEL vs RIN,MEL,RIN,Gabe Lawson,2,,0,13,6.50,2
9,2nd,MEL vs RIN,MEL,RIN,Jack Martin,2,,0,10,5.00,0
9,2nd,MEL vs RIN,MEL,RIN,Bailey O’Riley,4,,0,15,3.75,0
9,2nd,MEL vs RIN,RIN,MEL,Isaac Bepey,3,,0,9,3.00,3
9,2nd,MEL vs RIN,RIN,MEL,Wilson McGillivray,3,,0,25,8.33,2
9,2nd,MEL vs RIN,RIN,MEL,Joshua Driscoll,2,,0,5,2.50,0
9,2nd,MEL vs RIN,RIN,MEL,Roland Murphy,3,,0,16,5.33,0
9,2nd,MEL vs RIN,RIN,MEL,Nicholas Xavier,2,,0,19,9.50,0
9,2nd,MEL vs RIN,RIN,MEL,Kyle Parrott,1.4,,0,30,18.00,0
10,2nd,CAR vs CAS,CAR,CAS,Matthew Sheridan,4,,0,24,6.00,7
10,2nd,CAR vs CAS,CAR,CAS,Vinu Mohotty,4,,0,25,6.25,0
10,2nd,CAR vs CAS,CAR,CAS,Jack Stevenson,4,,0,47,11.75,0
10,2nd,CAR vs CAS,CAR,CAS,Ashvin Adihetty,4,,0,23,5.75,0
10,2nd,CAR vs CAS,CAR,CAS,Aaron Abeyesekera,4,,0,26,6.50,0
10,2nd,CAR vs CAS,CAS,CAR,Aaron Smillie,4,,0,32,8.00,1
10,2nd,CAR vs CAS,CAS,CAR,Nicholas Brennan,4,,0,24,6.00,0
10,2nd,CAR vs CAS,CAS,CAR,Sean Morrow,4,,0,17,4.25,0
10,2nd,CAR vs CAS,CAS,CAR,Henry Edwards,4,,0,38,9.50,1
10,2nd,CAR vs CAS,CAS,CAR,Akshith Sriram,1,,0,15,15.00,1
10,2nd,CAR vs CAS,CAS,CAR,Jujhar Singh Tamber,3,,0,17,5.66,0
10,2nd,MEL vs KIN,MEL,KIN,Jamie Moraitis,4,,0,45,11.25,2
10,2nd,MEL vs KIN,MEL,KIN,Herbie Fischbacher,4,,0,31,7.75,0
10,2nd,MEL vs KIN,MEL,KIN,Keiran Mant,1,,0,11,11.00,2
10,2nd,MEL vs KIN,MEL,KIN,Rehan Majoka,4,,0,31,7.75,1
10,2nd,MEL vs KIN,MEL,KIN,Bhanuka Keppetipola,4,,0,27,6.75,1
10,2nd,MEL vs KIN,MEL,KIN,Luke Sullivan,1,,0,8,8.00,0
10,2nd,MEL vs KIN,MEL,KIN,Redwan Laghmani,2,,0,10,5.00,0
10,2nd,MEL vs KIN,KIN,MEL,Glenn Hannah,4,,0,21,5.25,1
10,2nd,MEL vs KIN,KIN,MEL,Isaac Bepey,4,,0,19,4.75,1
10,2nd,MEL vs KIN,KIN,MEL,Roland Murphy,4,,0,12,3.00,0
10,2nd,MEL vs KIN,KIN,MEL,Simon O’Brien,4,,0,23,5.75,1
10,2nd,MEL vs KIN,KIN,MEL,Rishi Desai,4,,0,23,5.75,5
10,2nd,CAM vs ESS,CAM,ESS,Harvinder Singh,4,,0,31,7.75,0
10,2nd,CAM vs ESS,CAM,ESS,Krit Darji,4,,0,47,11.75,0
10,2nd,CAM vs ESS,CAM,ESS,Navdeep Rai,4,,0,25,6.25,0
10,2nd,CAM vs ESS,CAM,ESS,Ikroop Dhanoa,4,,0,28,7.00,0
10,2nd,CAM vs ESS,CAM,ESS,Henry Robertson,2,,0,24,12.00,0
10,2nd,CAM vs ESS,CAM,ESS,Arin Mishra,2,,0,22,11.00,0
10,2nd,CAM vs ESS,ESS,CAM,Aidan Nicholls,3,,0,17,5.66,1
10,2nd,CAM vs ESS,ESS,CAM,Sacheen R Paramesh,4,,0,34,8.50,1
10,2nd,CAM vs ESS,ESS,CAM,Kevin Prior,3,,0,18,6.00,1
10,2nd,CAM vs ESS,ESS,CAM,Reuben Jamieson,4,,0,21,5.25,0
10,2nd,CAM vs ESS,ESS,CAM,DAKSH SAINI,3,,0,15,5.00,0
10,2nd,CAM vs ESS,ESS,CAM,Daniel Pietz,2,,0,30,15.00,0
10,2nd,RIC vs DAN,RIC,DAN,Hayden Wrigglesworth,4,,0,16,4.00,0
10,2nd,RIC vs DAN,RIC,DAN,Parth Hirani,4,,0,38,9.50,1
10,2nd,RIC vs DAN,RIC,DAN,Tyler Evans,4,,0,30,7.50,3
10,2nd,RIC vs DAN,RIC,DAN,Sayed Rihan,1,,0,7,7.00,0
10,2nd,RIC vs DAN,RIC,DAN,Aaron Fernando,3,,0,22,7.33,1
10,2nd,RIC vs DAN,RIC,DAN,Max Marinic,2,,0,5,2.50,0
10,2nd,RIC vs DAN,RIC,DAN,Venuk Hemachandra,2,,0,19,9.50,0
10,2nd,RIC vs DAN,DAN,RIC,Jack Trevethan,3,,0,29,9.66,0
10,2nd,RIC vs DAN,DAN,RIC,Prithish Pancholi,4,,0,31,7.75,0
10,2nd,RIC vs DAN,DAN,RIC,Griffin Box,3,,0,19,6.33,0
10,2nd,RIC vs DAN,DAN,RIC,Luke McCann,4,,0,35,8.75,0
10,2nd,RIC vs DAN,DAN,RIC,Callum McIlveen,4,,0,31,7.75,7
10,2nd,GEE vs FOO,GEE,FOO,Aiden D'Souza,2,,0,20,10.00,3
10,2nd,GEE vs FOO,GEE,FOO,Lachlan Fitzgerald,4,,0,32,8.00,1
10,2nd,GEE vs FOO,GEE,FOO,Ashton Frost,4,,0,31,7.75,2
10,2nd,GEE vs FOO,GEE,FOO,Daksh Kumar,4,,0,21,5.25,0
10,2nd,GEE vs FOO,GEE,FOO,Luke Gilham,2,,0,23,11.50,0
10,2nd,GEE vs FOO,GEE,FOO,Blake Aggelis,4,,0,23,5.75,0
10,2nd,GEE vs FOO,FOO,GEE,Nathan Harper,4,,0,23,5.75,0
10,2nd,GEE vs FOO,FOO,GEE,Sam Croft,4,,0,26,6.50,0
10,2nd,GEE vs FOO,FOO,GEE,Patrick Sullivan,4,,0,25,6.25,1
10,2nd,GEE vs FOO,FOO,GEE,Paawan Sharma,1,,0,11,11.00,0
10,2nd,GEE vs FOO,FOO,GEE,Josh Collins,4,,0,32,8.00,0
10,2nd,GEE vs FOO,FOO,GEE,Joshua Slater,3,,0,18,6.00,1
10,2nd,FIT vs NOR,FIT,NOR,Adam Howard,4,,0,19,4.75,1
10,2nd,FIT vs NOR,FIT,NOR,Roby Lane,4,,0,30,7.50,0
10,2nd,FIT vs NOR,FIT,NOR,Ryan Siede,4,,0,37,9.25,2
10,2nd,FIT vs NOR,FIT,NOR,Earl Dicesare,4,,0,23,5.75,3
10,2nd,FIT vs NOR,FIT,NOR,Ethan Sharkey,3,,0,24,8.00,1
10,2nd,FIT vs NOR,FIT,NOR,Samson Storey,1,,0,6,6.00,0
10,2nd,FIT vs NOR,NOR,FIT,Liam Myott,3,,0,33,11.00,4
10,2nd,FIT vs NOR,NOR,FIT,Kobe Smith,4,,0,16,4.00,1
10,2nd,FIT vs NOR,NOR,FIT,Gurnaz Khatra,4,,0,26,6.50,3
10,2nd,FIT vs NOR,NOR,FIT,Rupptaz Kharoud,4,,0,35,8.75,1
10,2nd,FIT vs NOR,NOR,FIT,Angus Robinson,4,,0,22,5.50,0
10,2nd,FIT vs NOR,NOR,FIT,Brodie Richardson,1,,0,5,5.00,0
10,2nd,PRA vs GRE,PRA,GRE,Declan Highgate,4,,0,43,10.75,0
10,2nd,PRA vs GRE,PRA,GRE,Michael Cross,4,,0,35,8.75,2
10,2nd,PRA vs GRE,PRA,GRE,Eshann Singh,4,,0,20,5.00,0
10,2nd,PRA vs GRE,PRA,GRE,Tobias Sutherland,2,,0,23,11.50,0
10,2nd,PRA vs GRE,PRA,GRE,Lewis Dichiera,4,,0,29,7.25,0
10,2nd,PRA vs GRE,PRA,GRE,Aidan McConnell,2,,0,18,9.00,2
10,2nd,PRA vs GRE,GRE,PRA,Max Keogh,1,,0,19,19.00,4
10,2nd,PRA vs GRE,GRE,PRA,James Boyce,3,,0,24,8.00,0
10,2nd,PRA vs GRE,GRE,PRA,William Collins,4,,0,33,8.25,2
10,2nd,PRA vs GRE,GRE,PRA,Hugh Birchall,4,,0,17,4.25,0
10,2nd,PRA vs GRE,GRE,PRA,Parth Rath,3,,0,18,6.00,0
10,2nd,PRA vs GRE,GRE,PRA,Will Scott,2,,0,12,6.00,0
10,2nd,PRA vs GRE,GRE,PRA,Saksham Kapoor,3,,0,19,6.33,1
10,2nd,RIN vs FRA,RIN,FRA,Lachlan Hose,4,,0,21,5.25,0
10,2nd,RIN vs FRA,RIN,FRA,Harsh Laxmikant Mohade,3.4,,0,25,6.81,1
10,2nd,RIN vs FRA,RIN,FRA,Harrison Wallace,4,,0,18,4.50,0
10,2nd,RIN vs FRA,RIN,FRA,Jye Dignan,4,,0,16,4.00,0
10,2nd,RIN vs FRA,RIN,FRA,Jamie Matheson,4,,0,29,7.25,1
10,2nd,RIN vs FRA,FRA,RIN,Jonathan Farrand,4,,0,16,4.00,1
10,2nd,RIN vs FRA,FRA,RIN,Liam Walker,3,,0,23,7.66,0
10,2nd,RIN vs FRA,FRA,RIN,Luke Tully,4,,0,28,7.00,0
10,2nd,RIN vs FRA,FRA,RIN,Jack Martin,4,,0,16,4.00,1
10,2nd,RIN vs FRA,FRA,RIN,Gabe Lawson,1,,0,7,7.00,0
10,2nd,RIN vs FRA,FRA,RIN,Bailey O’Riley,3,,0,15,5.00,0
11,2nd,FIT vs CAR,FIT,CAR,Aaron Smillie,4,,0,33,8.25,3
11,2nd,FIT vs CAR,FIT,CAR,Nicholas Brennan,4,,0,25,6.25,0
11,2nd,FIT vs CAR,FIT,CAR,Sean Morrow,4,,0,18,4.50,2
11,2nd,FIT vs CAR,FIT,CAR,Henry Edwards,4,,0,33,8.25,0
11,2nd,FIT vs CAR,FIT,CAR,Akshith Sriram,2,,0,13,6.50,0
11,2nd,FIT vs CAR,FIT,CAR,Jujhar Singh Tamber,2,,0,20,10.00,0
11,2nd,FIT vs CAR,CAR,FIT,Liam Myott,4,,0,15,3.75,0
11,2nd,FIT vs CAR,CAR,FIT,Kobe Smith,3,,0,13,4.33,1
11,2nd,FIT vs CAR,CAR,FIT,Gurnaz Khatra,4,,0,26,6.50,0
11,2nd,FIT vs CAR,CAR,FIT,Brodie Richardson,4,,0,29,7.25,0
11,2nd,FIT vs CAR,CAR,FIT,Rupptaz Kharoud,3,,0,23,7.66,4
11,2nd,FIT vs CAR,CAR,FIT,Angus Robinson,2,,0,7,3.50,0
10,2nd,ST vs MEL,ST,MEL,James Browning,3,,0,36,12.00,1
10,2nd,ST vs MEL,ST,MEL,Jack Lyndon,3.4,,0,15,4.09,0
10,2nd,ST vs MEL,ST,MEL,Krish Kumar,3,,0,22,7.33,2
10,2nd,ST vs MEL,ST,MEL,Janak Prakash,2,,0,9,4.50,0
10,2nd,ST vs MEL,ST,MEL,Om Patel,4,,0,11,2.75,0
10,2nd,ST vs MEL,ST,MEL,Elliott Durrant,4,,0,23,5.75,0
10,2nd,ST vs MEL,MEL,ST,Lachlan Graf,2,,0,9,4.50,0
10,2nd,ST vs MEL,MEL,ST,Luke Gandy,2.5,,0,30,10.58,1
10,2nd,ST vs MEL,MEL,ST,Angus Newman,3,,0,20,6.66,4
10,2nd,ST vs MEL,MEL,ST,Harry Jones,3,,0,19,6.33,0
10,2nd,ST vs MEL,MEL,ST,James Gray,3,,0,20,6.66,0
10,2nd,ST vs MEL,MEL,ST,Jobe Kennedy,2,,0,22,11.00,7
11,2nd,DAN vs RIN,DAN,RIN,Jonathan Farrand,4,,0,39,9.75,5
11,2nd,DAN vs RIN,DAN,RIN,Liam Walker,4,,0,41,10.25,4
11,2nd,DAN vs RIN,DAN,RIN,Luke Tully,4,,0,35,8.75,2
11,2nd,DAN vs RIN,DAN,RIN,Jack Martin,4,,0,29,7.25,0
11,2nd,DAN vs RIN,DAN,RIN,Gabe Lawson,3,,0,18,6.00,0
11,2nd,DAN vs RIN,DAN,RIN,Bailey O’Riley,1,,0,13,13.00,0
11,2nd,DAN vs RIN,RIN,DAN,Hayden Wrigglesworth,3,,0,35,11.66,2
11,2nd,DAN vs RIN,RIN,DAN,Parth Hirani,2,,0,15,7.50,0
11,2nd,DAN vs RIN,RIN,DAN,Tyler Evans,3,,0,29,9.66,1
11,2nd,DAN vs RIN,RIN,DAN,Aaron Fernando,3,,0,31,10.33,3
11,2nd,DAN vs RIN,RIN,DAN,Max Marinic,4,,0,44,11.00,3
11,2nd,DAN vs RIN,RIN,DAN,Sayed Rihan,1,,0,19,19.00,0
11,2nd,DAN vs RIN,RIN,DAN,Venuk Hemachandra,1,,0,4,4.00,0
11,2nd,DAN vs RIN,RIN,DAN,Dhanusha Gamage,0.1,,0,6,36.14,0
11,2nd,RIC vs FRA,RIC,FRA,Lachlan Hose,4,,0,26,6.50,0
11,2nd,RIC vs FRA,RIC,FRA,Harsh Laxmikant Mohade,4,,0,40,10.00,1
11,2nd,RIC vs FRA,RIC,FRA,Harrison Wallace,4,,0,28,7.00,0
11,2nd,RIC vs FRA,RIC,FRA,Jye Dignan,4,,0,23,5.75,0
11,2nd,RIC vs FRA,RIC,FRA,Jamie Matheson,4,,0,27,6.75,1
11,2nd,RIC vs FRA,FRA,RIC,Jack Trevethan,3.4,,0,13,3.54,1
11,2nd,RIC vs FRA,FRA,RIC,Griffin Box,3,,0,14,4.66,0
11,2nd,RIC vs FRA,FRA,RIC,Prithish Pancholi,3,,0,23,7.66,1
11,2nd,RIC vs FRA,FRA,RIC,Callum McIlveen,4,,0,24,6.00,0
11,2nd,RIC vs FRA,FRA,RIC,Luke McCann,2,,0,19,9.50,0
11,2nd,RIC vs FRA,FRA,RIC,Caiden Dobson,2,,0,9,4.50,0
11,2nd,GEE vs ESS,GEE,ESS,Harvinder Singh,2,,0,21,10.50,1
11,2nd,GEE vs ESS,GEE,ESS,Navdeep Rai,4,,0,25,6.25,1
11,2nd,GEE vs ESS,GEE,ESS,Henry Robertson,4,,0,24,6.00,1
11,2nd,GEE vs ESS,GEE,ESS,Arin Mishra,4,,0,22,5.50,0
11,2nd,GEE vs ESS,GEE,ESS,Ikroop Dhanoa,4,,0,23,5.75,0
11,2nd,GEE vs ESS,GEE,ESS,Krit Darji,2,,0,15,7.50,0
11,2nd,GEE vs ESS,ESS,GEE,Sam Croft,4,,0,15,3.75,0
11,2nd,GEE vs ESS,ESS,GEE,Nathan Harper,3,,0,25,8.33,0
11,2nd,GEE vs ESS,ESS,GEE,Patrick Sullivan,4,,0,28,7.00,1
11,2nd,GEE vs ESS,ESS,GEE,Joshua Slater,2,,0,15,7.50,0
11,2nd,GEE vs ESS,ESS,GEE,Paawan Sharma,3,,0,19,6.33,0
11,2nd,GEE vs ESS,ESS,GEE,Josh Collins,4,,0,20,5.00,0
11,2nd,PRA vs KIN,PRA,KIN,Keiran Mant,2,,0,26,13.00,1
11,2nd,PRA vs KIN,PRA,KIN,Jamie Moraitis,4,,0,51,12.75,2
11,2nd,PRA vs KIN,PRA,KIN,Bhanuka Keppetipola,4,,0,39,9.75,0
11,2nd,PRA vs KIN,PRA,KIN,Herbie Fischbacher,4,,0,28,7.00,0
11,2nd,PRA vs KIN,PRA,KIN,Redwan Laghmani,3,,0,21,7.00,0
11,2nd,PRA vs KIN,PRA,KIN,Rehan Majoka,3,,0,25,8.33,0
11,2nd,PRA vs KIN,KIN,PRA,William Collins,1,,0,3,3.00,0
11,2nd,PRA vs KIN,KIN,PRA,Will Scott,2,,0,9,4.50,0
11,2nd,PRA vs KIN,KIN,PRA,James Boyce,4,,0,16,4.00,0
11,2nd,PRA vs KIN,KIN,PRA,Max Keogh,2.4,,0,14,5.25,0
11,2nd,FOO vs CAM,FOO,CAM,Aidan Nicholls,4,,0,30,7.50,0
11,2nd,FOO vs CAM,FOO,CAM,Sacheen R Paramesh,2.4,,0,17,6.37,1
11,2nd,FOO vs CAM,FOO,CAM,Kevin Prior,3,,0,8,2.66,0
11,2nd,FOO vs CAM,FOO,CAM,Daniel Pietz,3,,0,10,3.33,0
11,2nd,FOO vs CAM,FOO,CAM,DAKSH SAINI,3,,0,15,5.00,0
11,2nd,FOO vs CAM,FOO,CAM,Reuben Jamieson,4,,0,19,4.75,0
11,2nd,FOO vs CAM,CAM,FOO,Lachlan Fitzgerald,3,,0,26,8.66,0
11,2nd,FOO vs CAM,CAM,FOO,Aiden D'Souza,1,,0,14,14.00,0
11,2nd,FOO vs CAM,CAM,FOO,Ashton Frost,4,,0,19,4.75,2
11,2nd,FOO vs CAM,CAM,FOO,Blake Aggelis,4,,0,16,4.00,0
11,2nd,FOO vs CAM,CAM,FOO,Daksh Kumar,3,,0,23,7.66,0
11,2nd,FOO vs CAM,CAM,FOO,Luke Gilham,1.4,,0,15,9.00,2
11,2nd,GRE vs ST,GRE,ST,Luke Gandy,4,,0,25,6.25,2
11,2nd,GRE vs ST,GRE,ST,Lachlan Graf,4,,0,21,5.25,1
11,2nd,GRE vs ST,GRE,ST,Harry Jones,4,,0,32,8.00,1
11,2nd,GRE vs ST,GRE,ST,James Gray,4,,0,20,5.00,0
11,2nd,GRE vs ST,GRE,ST,Jobe Kennedy,3,,0,23,7.66,0
11,2nd,GRE vs ST,GRE,ST,Angus Newman,1,,0,10,10.00,0
11,2nd,GRE vs ST,ST,GRE,Declan Highgate,2,,0,16,8.00,1
11,2nd,GRE vs ST,ST,GRE,Michael Cross,2,,0,7,3.50,0
11,2nd,GRE vs ST,ST,GRE,Tobias Sutherland,1,,0,5,5.00,0
11,2nd,NOR vs CAS,NOR,CAS,Matthew Sheridan,3,,0,18,6.00,2
11,2nd,NOR vs CAS,NOR,CAS,Vinu Mohotty,3,,0,27,9.00,1
11,2nd,NOR vs CAS,NOR,CAS,Evan Allaway,2.5,,0,20,7.05,0
11,2nd,NOR vs CAS,NOR,CAS,Ashvin Adihetty,4,,0,20,5.00,2
11,2nd,NOR vs CAS,NOR,CAS,Jack Stevenson,4,,0,22,5.50,0
11,2nd,NOR vs CAS,NOR,CAS,Aaron Abeyesekera,3,,0,13,4.33,0
11,2nd,NOR vs CAS,CAS,NOR,Roby Lane,4,,0,22,5.50,0
11,2nd,NOR vs CAS,CAS,NOR,Adam Howard,2,,0,18,9.00,0
11,2nd,NOR vs CAS,CAS,NOR,Earl Dicesare,4,,0,24,6.00,1
11,2nd,NOR vs CAS,CAS,NOR,Ryan Siede,2,,0,24,12.00,1
11,2nd,NOR vs CAS,CAS,NOR,Samson Storey,1,,0,16,16.00,0
11,2nd,NOR vs CAS,CAS,NOR,Ethan Sharkey,3,,0,16,5.33,2
11,2nd,NOR vs CAS,CAS,NOR,Daniel Lalor,1,,0,7,7.00,0
12,2nd,ESS vs CAR,ESS,CAR,Aaron Smillie,7,,0,32,4.57,1
12,2nd,ESS vs CAR,ESS,CAR,Nicholas Brennan,5,,2,10,2.00,0
12,2nd,ESS vs CAR,ESS,CAR,Lucas Brasher,10,,1,30,3.00,1
12,2nd,ESS vs CAR,ESS,CAR,Sean Morrow,6,,2,9,1.50,1
12,2nd,ESS vs CAR,ESS,CAR,Henry Edwards,9,,0,31,3.44,0
12,2nd,ESS vs CAR,ESS,CAR,Akshith Sriram,4.1,,0,12,2.88,0
12,2nd,ESS vs CAR,CAR,ESS,Navdeep Rai,4,,1,22,5.50,0
12,2nd,ESS vs CAR,CAR,ESS,Arin Mishra,7,,2,15,2.14,2
12,2nd,ESS vs CAR,CAR,ESS,Jacob Pawlowicz,10,,0,34,3.40,0
12,2nd,ESS vs CAR,CAR,ESS,Krit Darji,4.2,,1,25,5.76,0
12,2nd,ESS vs CAR,CAR,ESS,Simrth Singh Gill,7,,0,32,4.57,0
12,2nd,ESS vs CAR,CAR,ESS,Henry Robertson,2,,0,9,4.50,0
12,2nd,FRA vs DAN,FRA,DAN,Hayden Wrigglesworth,10,,0,46,4.60,5
12,2nd,FRA vs DAN,FRA,DAN,Adam McMaster,10,,1,48,4.80,0
12,2nd,FRA vs DAN,FRA,DAN,Vishesh Bansal,5,,0,27,5.40,0
12,2nd,FRA vs DAN,FRA,DAN,Parth Hirani,4,,0,17,4.25,0
12,2nd,FRA vs DAN,FRA,DAN,Tyler Evans,1.2,,0,9,6.75,1
12,2nd,FRA vs DAN,FRA,DAN,Max Marinic,3,,0,14,4.66,2
12,2nd,FRA vs DAN,FRA,DAN,Sayed Rihan,4.4,,0,16,3.42,0
12,2nd,FRA vs DAN,FRA,DAN,Aaron Fernando,8,,0,48,6.00,0
12,2nd,FRA vs DAN,FRA,DAN,Venuk Hemachandra,4,,0,22,5.50,0
12,2nd,FRA vs DAN,DAN,FRA,Lachlan Hose,10,,0,39,3.90,0
12,2nd,FRA vs DAN,DAN,FRA,Liam Cox,9.1,,2,45,4.90,0
12,2nd,FRA vs DAN,DAN,FRA,Harsh Laxmikant Mohade,9,,0,60,6.66,1
12,2nd,FRA vs DAN,DAN,FRA,Mitchell Cestnik,8,,1,48,6.00,0
12,2nd,FRA vs DAN,DAN,FRA,Lachlan Curtis,10,,0,42,4.20,2
12,2nd,FRA vs DAN,DAN,FRA,Lucas McConnell,3,,0,18,6.00,2
12,2nd,PRA vs MEL,PRA,MEL,Glenn Hannah,9.2,,1,26,2.78,3
12,2nd,PRA vs MEL,PRA,MEL,Isaac Bepey,8,,0,60,7.50,2
12,2nd,PRA vs MEL,PRA,MEL,Joe Curtain,7,,0,34,4.85,4
12,2nd,PRA vs MEL,PRA,MEL,Roland Murphy,10,,0,54,5.40,1
12,2nd,PRA vs MEL,PRA,MEL,Kyle Parrott,10,,0,27,2.70,1
12,2nd,PRA vs MEL,PRA,MEL,Tom Reid,5,,0,27,5.40,3
12,2nd,PRA vs MEL,MEL,PRA,Charlie Giles,8,,0,35,4.37,4
12,2nd,PRA vs MEL,MEL,PRA,Max Keogh,9,,2,22,2.44,0
12,2nd,PRA vs MEL,MEL,PRA,Hugh Birchall,8.5,,1,32,3.62,0
12,2nd,PRA vs MEL,MEL,PRA,James Boyce,10,,0,43,4.30,0
12,2nd,PRA vs MEL,MEL,PRA,Riley Backhouse,4,,0,18,4.50,1
12,2nd,PRA vs MEL,MEL,PRA,Parth Rath,5,,1,20,4.00,0
12,2nd,PRA vs MEL,MEL,PRA,Will Scott,4,,0,17,4.25,0
12,2nd,FOO vs RIC,FOO,RIC,Jack Trevethan,10,,0,65,6.50,2
12,2nd,FOO vs RIC,FOO,RIC,Luke McCann,8,,2,24,3.00,2
12,2nd,FOO vs RIC,FOO,RIC,Griffin Box,8,,0,52,6.50,1
12,2nd,FOO vs RIC,FOO,RIC,Prithish Pancholi,6,,1,24,4.00,6
12,2nd,FOO vs RIC,FOO,RIC,Joshua Ash,8,,0,61,7.62,2
12,2nd,FOO vs RIC,FOO,RIC,Callum McIlveen,10,,0,67,6.70,4
12,2nd,FOO vs RIC,RIC,FOO,Lachlan Fitzgerald,9,,0,55,6.11,1
12,2nd,FOO vs RIC,RIC,FOO,Ashton Frost,8.5,,0,39,4.41,1
12,2nd,FOO vs RIC,RIC,FOO,Aiden D'Souza,7,,0,43,6.14,2
12,2nd,FOO vs RIC,RIC,FOO,Luke Gilham,3,,0,15,5.00,4
12,2nd,FOO vs RIC,RIC,FOO,Bailey Toseland,10,,0,63,6.30,0
12,2nd,FOO vs RIC,RIC,FOO,Blake Aggelis,10,,0,46,4.60,1
12,2nd,MEL vs FIT,MEL,FIT,Gurnaz Khatra,10,,0,30,3.00,0
12,2nd,MEL vs FIT,MEL,FIT,Harry Smith,5,,1,16,3.20,1
12,2nd,MEL vs FIT,MEL,FIT,Angus Robinson,5,,0,17,3.40,0
12,2nd,MEL vs FIT,MEL,FIT,Joseph Dossor,10,,1,33,3.30,1
12,2nd,MEL vs FIT,MEL,FIT,Rupptaz Kharoud,6,,2,22,3.66,0
12,2nd,MEL vs FIT,MEL,FIT,Brodie Richardson,3.1,,0,16,5.05,1
12,2nd,MEL vs FIT,FIT,MEL,Jack Lyndon,6,,1,25,4.16,0
12,2nd,MEL vs FIT,FIT,MEL,James Browning,3,,0,19,6.33,0
12,2nd,MEL vs FIT,FIT,MEL,Janak Prakash,5,,0,22,4.40,3
12,2nd,MEL vs FIT,FIT,MEL,Om Patel,8.4,,2,32,3.69,0
12,2nd,MEL vs FIT,FIT,MEL,Elliott Durrant,2,,0,14,7.00,5
12,2nd,MEL vs FIT,FIT,MEL,Krish Kumar,4,,1,20,5.00,0
12,2nd,GRE vs CAS,GRE,CAS,Evan Allaway,8,,0,49,6.12,0
12,2nd,GRE vs CAS,GRE,CAS,Matthew Sheridan,6,,0,38,6.33,2
12,2nd,GRE vs CAS,GRE,CAS,Jack Stevenson,7,,1,37,5.28,3
12,2nd,GRE vs CAS,GRE,CAS,Jacob Long,10,,0,52,5.20,3
12,2nd,GRE vs CAS,GRE,CAS,Ashvin Adihetty,10,,0,42,4.20,0
12,2nd,GRE vs CAS,GRE,CAS,Vinu Mohotty,3,,0,18,6.00,0
12,2nd,GRE vs CAS,GRE,CAS,Neville Avari,6,,1,30,5.00,0
12,2nd,GRE vs CAS,CAS,GRE,Michael Cross,7,,0,37,5.28,0
12,2nd,GRE vs CAS,CAS,GRE,Tobias Sutherland,8,,0,56,7.00,0
12,2nd,GRE vs CAS,CAS,GRE,Declan Highgate,8,,1,29,3.62,0
12,2nd,GRE vs CAS,CAS,GRE,Eshann Singh,5,,0,43,8.60,1
12,2nd,GRE vs CAS,CAS,GRE,Chandramauli Sridev,9.2,,0,54,5.78,0
12,2nd,GRE vs CAS,CAS,GRE,Nirmana Fernando,8,,0,50,6.25,0
12,2nd,ST vs GEE,ST,GEE,Kieren Helwig,10,,0,51,5.10,1
12,2nd,ST vs GEE,ST,GEE,Oliver Haberfield,7,,0,60,8.57,3
12,2nd,ST vs GEE,ST,GEE,Sam Croft,7,,2,32,4.57,0
12,2nd,ST vs GEE,ST,GEE,Joshua Slater,10,,1,43,4.30,1
12,2nd,ST vs GEE,ST,GEE,Kyle Bienefelt,10,,1,37,3.70,0
12,2nd,ST vs GEE,ST,GEE,Paawan Sharma,2,,0,18,9.00,0
12,2nd,ST vs GEE,ST,GEE,Liam Biddiscombe,4,,0,14,3.50,1
12,2nd,ST vs GEE,GEE,ST,Luke Gandy,10,,0,60,6.00,2
12,2nd,ST vs GEE,GEE,ST,Lachlan Graf,10,,1,37,3.70,0
12,2nd,ST vs GEE,GEE,ST,Harry Jones,10,,1,50,5.00,1
12,2nd,ST vs GEE,GEE,ST,James Gray,10,,0,46,4.60,0
12,2nd,ST vs GEE,GEE,ST,Angus Newman,4,,0,20,5.00,0
12,2nd,ST vs GEE,GEE,ST,Jobe Kennedy,6,,0,34,5.66,0
12,2nd,CAM vs RIN,CAM,RIN,Luke Tully,9,,0,35,3.88,0
12,2nd,CAM vs RIN,CAM,RIN,Jonathan Farrand,10,,2,19,1.90,2
12,2nd,CAM vs RIN,CAM,RIN,Liam Walker,8,,0,39,4.87,4
12,2nd,CAM vs RIN,CAM,RIN,Gabe Lawson,10,,0,50,5.00,1
12,2nd,CAM vs RIN,CAM,RIN,Harry Flynn,9,,1,47,5.22,1
12,2nd,CAM vs RIN,CAM,RIN,Bailey O’Riley,3,,0,15,5.00,0
12,2nd,CAM vs RIN,RIN,CAM,Reuben Jamieson,6,,1,19,3.16,1
12,2nd,CAM vs RIN,RIN,CAM,Christopher Gorman,7.1,,2,13,1.81,0
12,2nd,CAM vs RIN,RIN,CAM,Daniel Pietz,4,,1,24,6.00,0
12,2nd,CAM vs RIN,RIN,CAM,Jakey Pietz,5,,1,21,4.20,0
12,2nd,CAM vs RIN,RIN,CAM,Coby Fitzsimmons,5,,0,23,4.60,1
12,2nd,CAM vs RIN,RIN,CAM,Kevin Prior,4,,0,16,4.00,0
12,2nd,CAM vs RIN,RIN,CAM,DAKSH SAINI,6,,0,22,3.66,0
12,2nd,KIN vs NOR,KIN,NOR,Michael Rogneda,7.5,,0,22,2.80,0
12,2nd,KIN vs NOR,KIN,NOR,Adam Howard,10,,3,28,2.80,0
12,2nd,KIN vs NOR,KIN,NOR,Roby Lane,9,,0,26,2.88,1
12,2nd,KIN vs NOR,KIN,NOR,Ethan Sharkey,6,,1,19,3.16,0
12,2nd,KIN vs NOR,KIN,NOR,Earl Dicesare,7,,1,20,2.85,5
12,2nd,KIN vs NOR,NOR,KIN,Herbie Fischbacher,6,,0,31,5.16,0
12,2nd,KIN vs NOR,NOR,KIN,Jamie Moraitis,4,,1,18,4.50,1
12,2nd,KIN vs NOR,NOR,KIN,Bhanuka Keppetipola,7,,1,13,1.85,0
12,2nd,KIN vs NOR,NOR,KIN,Thaveesh Attanayake,3,,0,14,4.66,1
12,2nd,KIN vs NOR,NOR,KIN,Rehan Majoka,3,,0,18,6.00,0
12,2nd,KIN vs NOR,NOR,KIN,Redwan Laghmani,2,,0,22,11.00,0
13,2nd,KIN vs ST,KIN,ST,Lachlan Graf,10,,0,37,3.70,1
13,2nd,KIN vs ST,KIN,ST,Luke Gandy,10,,0,28,2.80,5
13,2nd,KIN vs ST,KIN,ST,Declan McComb,10,,0,46,4.60,0
13,2nd,KIN vs ST,KIN,ST,Jobe Kennedy,10,,0,42,4.20,1
13,2nd,KIN vs ST,KIN,ST,James Gray,10,,1,27,2.70,1
13,2nd,KIN vs ST,ST,KIN,Herbie Fischbacher,9.2,,1,29,3.10,2
13,2nd,KIN vs ST,ST,KIN,Jamie Moraitis,3,,0,19,6.33,0
13,2nd,KIN vs ST,ST,KIN,Thaveesh Attanayake,8,,1,41,5.12,1
13,2nd,KIN vs ST,ST,KIN,Rehan Majoka,8,,0,39,4.87,3
13,2nd,KIN vs ST,ST,KIN,Bhanuka Keppetipola,7,,0,28,4.00,1
13,2nd,KIN vs ST,ST,KIN,Redwan Laghmani,3,,0,28,9.33,1
13,2nd,CAM vs FRA,CAM,FRA,Jye Dignan,7,,0,40,5.71,0
13,2nd,CAM vs FRA,CAM,FRA,Harsh Laxmikant Mohade,7,,1,61,8.71,6
13,2nd,CAM vs FRA,CAM,FRA,Liam Cox,9,,1,39,4.33,0
13,2nd,CAM vs FRA,CAM,FRA,Mitchell Cestnik,5,,0,35,7.00,1
13,2nd,CAM vs FRA,CAM,FRA,Ned Hurley,5,,0,23,4.60,1
13,2nd,CAM vs FRA,CAM,FRA,Lachlan Hose,7,,0,43,6.14,2
13,2nd,CAM vs FRA,CAM,FRA,Lachlan Curtis,10,,0,60,6.00,2
13,2nd,CAM vs FRA,FRA,CAM,Christopher Gorman,3,,0,23,7.66,0
13,2nd,CAM vs FRA,FRA,CAM,Daniel Pietz,5,,0,28,5.60,0
13,2nd,CAM vs FRA,FRA,CAM,Kevin Prior,7,,0,18,2.57,0
13,2nd,CAM vs FRA,FRA,CAM,Coby Fitzsimmons,7.5,,1,29,3.70,1
13,2nd,CAM vs FRA,FRA,CAM,DAKSH SAINI,7,,1,31,4.42,0
13,2nd,CAM vs FRA,FRA,CAM,Samuel Olsen,5,,1,11,2.20,3
13,2nd,RIN vs MEL,RIN,MEL,Jack Lyndon,10,,0,34,3.40,1
13,2nd,RIN vs MEL,RIN,MEL,James Browning,10,,0,55,5.50,6
13,2nd,RIN vs MEL,RIN,MEL,Krish Kumar,7,,1,37,5.28,2
13,2nd,RIN vs MEL,RIN,MEL,Janak Prakash,8,,0,45,5.62,9
13,2nd,RIN vs MEL,RIN,MEL,Om Patel,10,,0,36,3.60,5
13,2nd,RIN vs MEL,RIN,MEL,Elliott Durrant,5,,1,21,4.20,0
13,2nd,RIN vs MEL,MEL,RIN,Jonathan Farrand,10,,2,28,2.80,2
13,2nd,RIN vs MEL,MEL,RIN,Liam Walker,4,,0,30,7.50,1
13,2nd,RIN vs MEL,MEL,RIN,Jack Martin,8.5,,0,38,4.30,1
13,2nd,RIN vs MEL,MEL,RIN,Harry Flynn,4,,0,22,5.50,4
13,2nd,RIN vs MEL,MEL,RIN,Gabe Lawson,5,,0,22,4.40,0
13,2nd,RIN vs MEL,MEL,RIN,Bailey O’Riley,8,,1,39,4.87,1
13,2nd,RIN vs MEL,MEL,RIN,Prabhav Mishra,10,,1,27,2.70,0
13,2nd,FOO vs FIT,FOO,FIT,Gurnaz Khatra,10,,0,60,6.00,0
13,2nd,FOO vs FIT,FOO,FIT,Braden Taeuber,9,,2,24,2.66,1
13,2nd,FOO vs FIT,FOO,FIT,Matthew Bremner,10,,1,24,2.40,0
13,2nd,FOO vs FIT,FOO,FIT,Harry Smith,10,,1,29,2.90,1
13,2nd,FOO vs FIT,FOO,FIT,Kepler Lukies,9,,0,33,3.66,0
13,2nd,FOO vs FIT,FOO,FIT,Joseph Dossor,2,,0,19,9.50,0
13,2nd,FOO vs FIT,FIT,FOO,Daniel Wilczynski,8,,0,39,4.87,0
13,2nd,FOO vs FIT,FIT,FOO,Ashton Frost,8,,0,27,3.37,0
13,2nd,FOO vs FIT,FIT,FOO,Aiden D'Souza,3,,0,15,5.00,0
13,2nd,FOO vs FIT,FIT,FOO,Lachlan Fitzgerald,5,,0,27,5.40,3
13,2nd,FOO vs FIT,FIT,FOO,Bailey Toseland,10,,0,37,3.70,0
13,2nd,FOO vs FIT,FIT,FOO,Blake Aggelis,10,,0,44,4.40,2
13,2nd,GRE vs DAN,GRE,DAN,Adam McMaster,7,,0,34,4.85,3
13,2nd,GRE vs DAN,GRE,DAN,Parth Hirani,9,,0,44,4.88,5
13,2nd,GRE vs DAN,GRE,DAN,Gehan Seneviratne,10,,0,35,3.50,0
13,2nd,GRE vs DAN,GRE,DAN,Max Marinic,8,,0,43,5.37,0
13,2nd,GRE vs DAN,GRE,DAN,Vishesh Bansal,3,,0,12,4.00,0
13,2nd,GRE vs DAN,GRE,DAN,Tyler Evans,6,,0,23,3.83,2
13,2nd,GRE vs DAN,GRE,DAN,Aaron Fernando,5,,0,30,6.00,3
13,2nd,GRE vs DAN,GRE,DAN,Sayed Rihan,2,,0,14,7.00,0
13,2nd,GRE vs DAN,DAN,GRE,Bernard Kelly,0,,0,0,0.00,0
13,2nd,GRE vs DAN,DAN,GRE,Declan Highgate,9,,0,43,4.77,1
13,2nd,GRE vs DAN,DAN,GRE,Michael Cross,8,,1,35,4.37,1
13,2nd,GRE vs DAN,DAN,GRE,Tobias Sutherland,7,,0,31,4.42,0
13,2nd,GRE vs DAN,DAN,GRE,Nirmana Fernando,10,,1,42,4.20,1
13,2nd,GRE vs DAN,DAN,GRE,Lewis Dichiera,6.2,,0,13,2.05,0
13,2nd,GRE vs DAN,DAN,GRE,Chandramauli Sridev,7,,0,29,4.14,1
13,2nd,CAR vs PRA,CAR,PRA,William Collins,7,,2,21,3.00,0
13,2nd,CAR vs PRA,CAR,PRA,Max Keogh,9,,1,39,4.33,0
13,2nd,CAR vs PRA,CAR,PRA,Damon Malcolm,8,,0,42,5.25,2
13,2nd,CAR vs PRA,CAR,PRA,Hugh Birchall,8,,0,41,5.12,2
13,2nd,CAR vs PRA,CAR,PRA,Charlie Giles,5,,0,16,3.20,0
13,2nd,CAR vs PRA,CAR,PRA,Parth Rath,6,,0,29,4.83,1
13,2nd,CAR vs PRA,CAR,PRA,James Boyce,7,,0,41,5.85,0
13,2nd,CAR vs PRA,PRA,CAR,Aaron Smillie,9.4,,2,39,4.03,0
13,2nd,CAR vs PRA,PRA,CAR,Nicholas Brennan,10,,0,39,3.90,4
13,2nd,CAR vs PRA,PRA,CAR,Sean Morrow,9,,0,35,3.88,3
13,2nd,CAR vs PRA,PRA,CAR,Lucas Brasher,10,,0,47,4.70,1
13,2nd,CAR vs PRA,PRA,CAR,Henry Edwards,10,,0,49,4.90,0
13,2nd,GEE vs CAS,GEE,CAS,Matthew Sheridan,10,,0,36,3.60,0
13,2nd,GEE vs CAS,GEE,CAS,Evan Allaway,9,,1,46,5.11,1
13,2nd,GEE vs CAS,GEE,CAS,Jacob Long,9,,1,49,5.44,1
13,2nd,GEE vs CAS,GEE,CAS,Jack Stevenson,10,,0,38,3.80,3
13,2nd,GEE vs CAS,GEE,CAS,Neville Avari,10,,0,37,3.70,0
13,2nd,GEE vs CAS,GEE,CAS,Lenny Wilton,2,,0,11,5.50,1
13,2nd,GEE vs CAS,CAS,GEE,Oliver Haberfield,8,,0,42,5.25,2
13,2nd,GEE vs CAS,CAS,GEE,Kyle Bienefelt,6.5,,0,33,4.82,3
13,2nd,GEE vs CAS,CAS,GEE,Joshua Slater,6,,0,40,6.66,0
13,2nd,GEE vs CAS,CAS,GEE,Sam Croft,10,,1,36,3.60,1
13,2nd,GEE vs CAS,CAS,GEE,Josh Collins,6,,0,40,6.66,0
13,2nd,GEE vs CAS,CAS,GEE,Liam Biddiscombe,4,,0,21,5.25,5
13,2nd,RIC vs ESS,RIC,ESS,Lachie Busk,9,,1,53,5.88,1
13,2nd,RIC vs ESS,RIC,ESS,Arin Mishra,10,,0,63,6.30,1
13,2nd,RIC vs ESS,RIC,ESS,Noah Guida,10,,1,72,7.20,1
13,2nd,RIC vs ESS,RIC,ESS,Krit Darji,10,,0,35,3.50,1
13,2nd,RIC vs ESS,RIC,ESS,Henry Robertson,6,,0,36,6.00,0
13,2nd,RIC vs ESS,RIC,ESS,Jarrod Parsons,5,,0,36,7.20,2
13,2nd,RIC vs ESS,ESS,RIC,Jack Trevethan,9,,1,45,5.00,6
13,2nd,RIC vs ESS,ESS,RIC,Charlie Wigney,6,,1,10,1.66,0
13,2nd,RIC vs ESS,ESS,RIC,Griffin Box,6,,0,33,5.50,1
13,2nd,RIC vs ESS,ESS,RIC,Prithish Pancholi,7,,0,28,4.00,3
13,2nd,RIC vs ESS,ESS,RIC,Joshua Ash,10,,0,45,4.50,1
13,2nd,RIC vs ESS,ESS,RIC,Callum McIlveen,10,,0,42,4.20,4
13,2nd,RIC vs ESS,ESS,RIC,Archit Bhatia,0,,0,0,0.00,0
13,2nd,RIC vs ESS,ESS,RIC,Ranbir Singh,1.4,,0,6,3.60,0
13,2nd,NOR vs MEL,NOR,MEL,Jack Sullivan,10,,1,37,3.70,3
13,2nd,NOR vs MEL,NOR,MEL,Wilson McGillivray,9.2,,0,28,3.00,0
13,2nd,NOR vs MEL,NOR,MEL,Isaac Bepey,10,,1,44,4.40,4
13,2nd,NOR vs MEL,NOR,MEL,James Rosham,10,,0,34,3.40,4
13,2nd,NOR vs MEL,NOR,MEL,Roland Murphy,8,,0,50,6.25,0
13,2nd,NOR vs MEL,NOR,MEL,Phil Halbish,2,,0,18,9.00,0
13,2nd,NOR vs MEL,MEL,NOR,Adam Howard,10,,0,56,5.60,1
13,2nd,NOR vs MEL,MEL,NOR,Earl Dicesare,10,,0,45,4.50,6
13,2nd,NOR vs MEL,MEL,NOR,Ethan Sharkey,3,,0,19,6.33,4
13,2nd,NOR vs MEL,MEL,NOR,Roby Lane,10,,1,39,3.90,0
13,2nd,NOR vs MEL,MEL,NOR,Connor Burchall,3,,0,19,6.33,6
13,2nd,NOR vs MEL,MEL,NOR,Samson Storey,10,,0,22,2.20,1
13,2nd,NOR vs MEL,MEL,NOR,Daniel Lalor,2.2,,0,13,5.57,0
14,2nd,1st ST vs 1st NOR,1st ST,1st NOR,Ethan Sharkey,17,,2,54,3.17,0
14,2nd,1st ST vs 1st NOR,1st ST,1st NOR,Connor Burchall,9,,1,57,6.33,0
14,2nd,1st ST vs 1st NOR,1st ST,1st NOR,Samson Storey,15,,1,67,4.46,1
14,2nd,1st ST vs 1st NOR,1st ST,1st NOR,Tremayne Ryder,7,,2,32,4.57,0
14,2nd,1st ST vs 1st NOR,1st ST,1st NOR,Roby Lane,32,,2,120,3.75,0
14,2nd,1st ST vs 1st NOR,1st ST,1st NOR,Daniel Lalor,5,,0,23,4.60,0
14,2nd,1st ST vs 1st NOR,1st ST,1st NOR,Michael Jephcott,0,,0,0,0.00,0
14,2nd,1st ST vs 1st NOR,1st ST,1st NOR,Archie Lalor,0,,0,0,0.00,0
14,2nd,1st ST vs 1st NOR,1st NOR,1st ST,Declan McComb,10,,2,46,4.60,0
14,2nd,1st ST vs 1st NOR,1st NOR,1st ST,Lachlan Graf,8,,1,24,3.00,0
14,2nd,1st ST vs 1st NOR,1st NOR,1st ST,James Gray,26.1,,9,58,2.21,0
14,2nd,1st ST vs 1st NOR,1st NOR,1st ST,Harry Jones,16,,9,26,1.62,0
14,2nd,1st ST vs 1st NOR,1st NOR,1st ST,Jobe Kennedy,5,,0,24,4.80,0
14,2nd,1st ST vs 1st NOR,1st NOR,1st ST,Ashish Ashish,0,,0,0,0.00,0
14,2nd,1st ST vs 1st NOR,1st NOR,1st ST,Dan Meddings,0,,0,0,0.00,0
14,2nd,1st ST vs 1st NOR,1st NOR,1st ST,Angus Newman,0,,0,0,0.00,0
14,2nd,1st ST vs 1st NOR,1st NOR,1st ST,Jack Cunnington,0,,0,0,0.00,0
14,2nd,1st ST vs 1st NOR,1st NOR,1st ST,Reyaan Farooq,0,,0,0,0.00,0
14,2nd,1st ST vs 1st NOR,1st NOR,1st ST,Henry Gray,0,,0,0,0.00,0
14,2nd,1st ST vs 1st NOR,1st NOR,1st ST,Guy Barnes,0,,0,0,0.00,0
14,2nd,1st FOO vs 1st GRE,1st FOO,1st GRE,Declan Highgate,17,,6,61,3.58,0
14,2nd,1st FOO vs 1st GRE,1st FOO,1st GRE,Michael Cross,13,,3,55,4.23,0
14,2nd,1st FOO vs 1st GRE,1st FOO,1st GRE,Chandramauli Sridev,6,,1,31,5.16,0
14,2nd,1st FOO vs 1st GRE,1st FOO,1st GRE,Samuel Clark,10,,1,47,4.70,0
14,2nd,1st FOO vs 1st GRE,1st FOO,1st GRE,Eshann Singh,19,,3,74,3.89,0
14,2nd,1st FOO vs 1st GRE,1st FOO,1st GRE,Nirmana Fernando,18,,0,86,4.77,0
14,2nd,1st FOO vs 1st GRE,1st FOO,1st GRE,Kanishk Bollu,4,,1,17,4.25,0
14,2nd,1st FOO vs 1st GRE,1st GRE,1st FOO,Ashton Frost,15.1,,2,53,3.49,0
14,2nd,1st FOO vs 1st GRE,1st GRE,1st FOO,Aiden D'Souza,15,,1,71,4.73,0
14,2nd,1st FOO vs 1st GRE,1st GRE,1st FOO,Blake Aggelis,23,,1,88,3.82,0
14,2nd,1st FOO vs 1st GRE,1st GRE,1st FOO,Bailey Toseland,21,,2,71,3.38,0
14,2nd,1st FOO vs 1st GRE,1st GRE,1st FOO,Luke Gilham,5,,0,33,6.60,0
14,2nd,1st FOO vs 1st GRE,1st GRE,1st FOO,Lachlan Campbell,6,,1,38,6.33,0
14,2nd,1st FOO vs 1st GRE,1st GRE,1st FOO,Aayan Nadeem,5,,2,10,2.00,0
14,2nd,1st FOO vs 1st GRE,1st GRE,1st FOO,Max Hatzoglou,2,,0,5,2.50,0
14,2nd,1st CAS vs 1st KIN,1st CAS,1st KIN,Herbie Fischbacher,17,,4,60,3.52,0
14,2nd,1st CAS vs 1st KIN,1st CAS,1st KIN,Kyle Scott,8,,2,43,5.37,0
14,2nd,1st CAS vs 1st KIN,1st CAS,1st KIN,Thaveesh Attanayake,12,,2,41,3.41,0
14,2nd,1st CAS vs 1st KIN,1st CAS,1st KIN,Rehan Majoka,25,,3,75,3.00,0
14,2nd,1st CAS vs 1st KIN,1st CAS,1st KIN,Bhanuka Keppetipola,21.5,,4,61,2.79,0
14,2nd,1st CAS vs 1st KIN,1st CAS,1st KIN,Redwan Laghmani,2,,0,8,4.00,0
14,2nd,1st CAS vs 1st KIN,1st CAS,1st KIN,Luke Ajani,0,,0,0,0.00,0
14,2nd,1st CAS vs 1st KIN,1st CAS,1st KIN,Hamish Mckenzie,0,,0,0,0.00,0
14,2nd,1st CAS vs 1st KIN,1st CAS,1st KIN,Luke Sullivan,0,,0,0,0.00,0
14,2nd,1st CAS vs 1st KIN,1st KIN,1st CAS,Evan Allaway,15,,4,46,3.06,0
14,2nd,1st CAS vs 1st KIN,1st KIN,1st CAS,Matthew Sheridan,7,,0,36,5.14,0
14,2nd,1st CAS vs 1st KIN,1st KIN,1st CAS,Akshay Ramkumar,29,,5,68,2.34,0
14,2nd,1st CAS vs 1st KIN,1st KIN,1st CAS,Jack Stevenson,6,,0,19,3.16,0
14,2nd,1st CAS vs 1st KIN,1st KIN,1st CAS,Jacob Long,8,,2,24,3.00,0
14,2nd,1st CAS vs 1st KIN,1st KIN,1st CAS,Neville Avari,27,,5,73,2.70,0
14,2nd,1st CAS vs 1st KIN,1st KIN,1st CAS,Lenny Wilton,3,,0,19,6.33,0
14,2nd,1st CAS vs 1st KIN,1st KIN,1st CAS,Jaskabeer Singh,3,,2,4,1.33,0
14,2nd,1st ESS vs 1st MEL,1st ESS,1st MEL,James Browning,12,,4,22,1.83,2
14,2nd,1st ESS vs 1st MEL,1st ESS,1st MEL,Janak Prakash,9,,2,30,3.33,1
14,2nd,1st ESS vs 1st MEL,1st ESS,1st MEL,Krish Kumar,9,,3,30,3.33,0
14,2nd,1st ESS vs 1st MEL,1st ESS,1st MEL,Om Patel,16,,8,15,0.93,0
14,2nd,1st ESS vs 1st MEL,1st ESS,1st MEL,Brodie O'Donnell,9,,2,20,2.22,0
14,2nd,1st ESS vs 1st MEL,1st ESS,1st MEL,Elliott Durrant,5,,1,11,2.20,0
14,2nd,1st ESS vs 1st MEL,1st MEL,1st ESS,Lachie Busk,15,,1,45,3.00,0
14,2nd,1st ESS vs 1st MEL,1st MEL,1st ESS,Navdeep Rai,17,,4,31,1.82,0
14,2nd,1st ESS vs 1st MEL,1st MEL,1st ESS,Arin Mishra,4,,0,19,4.75,0
14,2nd,1st ESS vs 1st MEL,1st MEL,1st ESS,Simrth Singh Gill,4,,1,9,2.25,0
14,2nd,1st ESS vs 1st MEL,1st MEL,1st ESS,Henry Robertson,3,,0,31,10.33,0
14,2nd,1st ESS vs 1st MEL,1st MEL,1st ESS,Jarrod Parsons,12,,1,45,3.75,0
14,2nd,1st ESS vs 1st MEL,1st MEL,1st ESS,Krit Darji,8.2,,1,39,4.68,0
14,2nd,1st ESS vs 1st MEL,2nd ESS,1st ESS,James Browning,12,,1,31,2.58,3
14,2nd,1st ESS vs 1st MEL,2nd ESS,1st ESS,Janak Prakash,3,,0,21,7.00,1
14,2nd,1st ESS vs 1st MEL,2nd ESS,1st ESS,Om Patel,13,,4,48,3.69,0
14,2nd,1st ESS vs 1st MEL,2nd ESS,1st ESS,Krish Kumar,8,,6,6,0.75,0
14,2nd,1st ESS vs 1st MEL,2nd ESS,1st ESS,Elliott Durrant,10,,1,22,2.20,0
14,2nd,1st ESS vs 1st MEL,2nd ESS,1st ESS,Brodie O'Donnell,8,,3,18,2.25,0
14,2nd,1st ESS vs 1st MEL,2nd ESS,1st ESS,Naman Sharma,1,,0,6,6.00,0
14,2nd,1st ESS vs 1st MEL,2nd ESS,1st ESS,Michael Forwood,1,,0,2,2.00,0
14,2nd,1st FIT vs 1st GEE,1st FIT,1st GEE,Oliver Haberfield,10,,3,34,3.40,0
14,2nd,1st FIT vs 1st GEE,1st FIT,1st GEE,Kieren Helwig,22,,8,45,2.04,1
14,2nd,1st FIT vs 1st GEE,1st FIT,1st GEE,Lachlan Neate,13,,5,24,1.84,0
14,2nd,1st FIT vs 1st GEE,1st FIT,1st GEE,Joshua Slater,9,,3,15,1.66,0
14,2nd,1st FIT vs 1st GEE,1st FIT,1st GEE,Liam Biddiscombe,11,,4,22,2.00,0
14,2nd,1st FIT vs 1st GEE,1st FIT,1st GEE,Josh Collins,18,,1,52,2.88,0
14,2nd,1st FIT vs 1st GEE,1st FIT,1st GEE,Sam Croft,10,,5,9,0.90,0
14,2nd,1st FIT vs 1st GEE,1st FIT,1st GEE,Ted Bain,0.5,,0,0,0.00,0
14,2nd,1st FIT vs 1st GEE,1st GEE,1st FIT,Kobe Smith,12,,5,25,2.08,0
14,2nd,1st FIT vs 1st GEE,1st GEE,1st FIT,Harry Smith,18,,5,28,1.55,0
14,2nd,1st FIT vs 1st GEE,1st GEE,1st FIT,Rahul Surendran,11,,6,17,1.54,0
14,2nd,1st FIT vs 1st GEE,1st GEE,1st FIT,Liam Myott,22,,4,66,3.00,0
14,2nd,1st FIT vs 1st GEE,1st GEE,1st FIT,Kepler Lukies,22,,5,52,2.36,0
14,2nd,1st FIT vs 1st GEE,1st GEE,1st FIT,Matthew Bremner,1,,1,0,0.00,0
14,2nd,1st FIT vs 1st GEE,1st GEE,1st FIT,Brodie Richardson,5,,0,21,4.20,0
14,2nd,1st MEL vs 1st FRA,1st MEL,1st FRA,Mitchell Cestnik,9,,0,69,7.66,1
14,2nd,1st MEL vs 1st FRA,1st MEL,1st FRA,Harsh Laxmikant Mohade,18,,2,76,4.22,1
14,2nd,1st MEL vs 1st FRA,1st MEL,1st FRA,Ned Hurley,8,,1,46,5.75,0
14,2nd,1st MEL vs 1st FRA,1st MEL,1st FRA,Jack Hay,16.5,,1,60,3.56,0
14,2nd,1st MEL vs 1st FRA,1st MEL,1st FRA,Lachlan Hose,19,,0,69,3.63,0
14,2nd,1st MEL vs 1st FRA,1st MEL,1st FRA,Jamie Matheson,15,,1,70,4.66,0
14,2nd,1st MEL vs 1st FRA,1st MEL,1st FRA,Lachlan Curtis,6,,0,28,4.66,0
14,2nd,1st MEL vs 1st FRA,1st MEL,1st FRA,Patrick Parsons,1,,0,6,6.00,0
14,2nd,1st MEL vs 1st FRA,1st FRA,1st MEL,Nicholas Xavier,9.3,,1,42,4.42,1
14,2nd,1st MEL vs 1st FRA,1st FRA,1st MEL,Roland Murphy,26,,7,69,2.65,0
14,2nd,1st MEL vs 1st FRA,1st FRA,1st MEL,Samuel Field,20,,8,48,2.40,0
14,2nd,1st MEL vs 1st FRA,1st FRA,1st MEL,Phil Halbish,6,,3,5,0.83,0
14,2nd,1st MEL vs 1st FRA,1st FRA,1st MEL,Tom Reid,12,,2,49,4.08,0
14,2nd,1st MEL vs 1st FRA,1st FRA,1st MEL,Charles Lill,6,,1,16,2.66,0
14,2nd,1st PRA vs 1st RIC,1st PRA,1st RIC,Jack Trevethan,14,,6,36,2.57,1
14,2nd,1st PRA vs 1st RIC,1st PRA,1st RIC,Charlie Wigney,14,,5,23,1.64,0
14,2nd,1st PRA vs 1st RIC,1st PRA,1st RIC,Griffin Box,15.1,,2,45,2.96,0
14,2nd,1st PRA vs 1st RIC,1st PRA,1st RIC,Prithish Pancholi,12,,4,22,1.83,1
14,2nd,1st PRA vs 1st RIC,1st PRA,1st RIC,Jack Iverson,3,,1,5,1.66,0
14,2nd,1st PRA vs 1st RIC,1st PRA,1st RIC,Callum McIlveen,18,,4,56,3.11,2
14,2nd,1st PRA vs 1st RIC,1st PRA,1st RIC,Caiden Dobson,20,,6,33,1.65,0
14,2nd,1st PRA vs 1st RIC,1st PRA,1st RIC,Jacob Hinds,5,,0,14,2.80,0
14,2nd,1st PRA vs 1st RIC,1st RIC,1st PRA,William Collins,13,,5,34,2.61,0
14,2nd,1st PRA vs 1st RIC,1st RIC,1st PRA,Max Keogh,17.5,,2,56,3.14,0
14,2nd,1st PRA vs 1st RIC,1st RIC,1st PRA,Charlie Giles,9,,1,24,2.66,2
14,2nd,1st PRA vs 1st RIC,1st RIC,1st PRA,Hugh Birchall,15,,6,24,1.60,0
14,2nd,1st PRA vs 1st RIC,1st RIC,1st PRA,Parth Rath,8,,2,30,3.75,0
14,2nd,1st PRA vs 1st RIC,1st RIC,1st PRA,James Boyce,13,,2,46,3.53,0
14,2nd,1st PRA vs 1st RIC,1st RIC,1st PRA,Will Scott,4,,1,15,3.75,0
14,2nd,1st PRA vs 1st RIC,1st RIC,1st PRA,Riley Backhouse,2,,0,12,6.00,0
14,2nd,1st CAM vs 1st DAN,1st CAM,1st DAN,Hayden Wrigglesworth,10,,6,15,1.50,0
14,2nd,1st CAM vs 1st DAN,1st CAM,1st DAN,Adam McMaster,17,,6,49,2.88,0
14,2nd,1st CAM vs 1st DAN,1st CAM,1st DAN,Parth Hirani,11,,2,34,3.09,0
14,2nd,1st CAM vs 1st DAN,1st CAM,1st DAN,Sayed Rihan,11,,4,28,2.54,0
14,2nd,1st CAM vs 1st DAN,1st CAM,1st DAN,Tyler Evans,5,,1,21,4.20,0
14,2nd,1st CAM vs 1st DAN,1st CAM,1st DAN,Aaron Fernando,21,,4,82,3.90,0
14,2nd,1st CAM vs 1st DAN,1st CAM,1st DAN,Max Marinic,3,,0,13,4.33,0
14,2nd,1st CAM vs 1st DAN,1st CAM,1st DAN,Vishesh Bansal,11,,0,50,4.54,0
14,2nd,1st CAM vs 1st DAN,1st DAN,1st CAM,Daniel Pietz,12,,2,29,2.41,0
14,2nd,1st CAM vs 1st DAN,1st DAN,1st CAM,Charles Simondson,25.3,,4,71,2.78,0
14,2nd,1st CAM vs 1st DAN,1st DAN,1st CAM,Jakey Pietz,22,,7,54,2.45,0
14,2nd,1st CAM vs 1st DAN,1st DAN,1st CAM,Christopher Gorman,13,,1,54,4.15,0
14,2nd,1st CAM vs 1st DAN,1st DAN,1st CAM,Simarjit Pawar,2,,0,16,8.00,0
14,2nd,1st CAM vs 1st DAN,1st DAN,1st CAM,Coby Fitzsimmons,10,,1,29,2.90,0
14,2nd,1st CAM vs 1st DAN,1st DAN,1st CAM,Samuel Olsen,8,,0,21,2.62,0
14,2nd,1st RIN vs 1st CAR,1st RIN,1st CAR,Aaron Smillie,16,,6,34,2.12,0
14,2nd,1st RIN vs 1st CAR,1st RIN,1st CAR,Nicholas Brennan,15,,3,57,3.80,0
14,2nd,1st RIN vs 1st CAR,1st RIN,1st CAR,Sean Morrow,16,,8,57,3.56,0
14,2nd,1st RIN vs 1st CAR,1st RIN,1st CAR,Lucas Brasher,26,,3,101,3.88,0
14,2nd,1st RIN vs 1st CAR,1st RIN,1st CAR,Vincent Bush,10,,1,41,4.10,0
14,2nd,1st RIN vs 1st CAR,1st RIN,1st CAR,Akshith Sriram,3,,1,11,3.66,0
14,2nd,1st RIN vs 1st CAR,1st RIN,1st CAR,Guntaas Brar,4,,0,22,5.50,0
14,2nd,1st RIN vs 1st CAR,1st CAR,1st RIN,Luke Tully,17,,2,64,3.76,0
14,2nd,1st RIN vs 1st CAR,1st CAR,1st RIN,Jonathan Farrand,15,,5,42,2.80,0
14,2nd,1st RIN vs 1st CAR,1st CAR,1st RIN,Liam Walker,11,,0,57,5.18,1
14,2nd,1st RIN vs 1st CAR,1st CAR,1st RIN,Matthew Mountain,17,,1,69,4.05,1
14,2nd,1st RIN vs 1st CAR,1st CAR,1st RIN,Jack Martin,13,,4,42,3.23,0
14,2nd,1st RIN vs 1st CAR,1st CAR,1st RIN,Prabhav Mishra,5.5,,2,27,4.62,0
14,2nd,1st RIN vs 1st CAR,1st CAR,1st RIN,Bailey O’Riley,8,,2,30,3.75,0
15,2nd,1st FIT vs 1st FRA,1st FIT,1st FRA,Harsh Laxmikant Mohade,14,,4,35,2.50,0
15,2nd,1st FIT vs 1st FRA,1st FIT,1st FRA,Jack Hay,15,,4,30,2.00,0
15,2nd,1st FIT vs 1st FRA,1st FIT,1st FRA,Mitchell Cestnik,10.1,,1,42,4.13,1
15,2nd,1st FIT vs 1st FRA,1st FIT,1st FRA,Ned Hurley,9,,1,19,2.11,0
15,2nd,1st FIT vs 1st FRA,1st FIT,1st FRA,Jye Dignan,30,,4,75,2.50,0
15,2nd,1st FIT vs 1st FRA,1st FIT,1st FRA,Tanush Nandini,11,,2,43,3.90,0
15,2nd,1st FIT vs 1st FRA,1st FRA,1st FIT,Kobe Smith,7,,3,8,1.14,0
15,2nd,1st FIT vs 1st FRA,1st FRA,1st FIT,Harry Smith,17,,5,36,2.11,0
15,2nd,1st FIT vs 1st FRA,1st FRA,1st FIT,Miller Childs,11,,5,20,1.81,0
15,2nd,1st FIT vs 1st FRA,1st FRA,1st FIT,Kepler Lukies,12,,6,11,0.91,0
15,2nd,1st FIT vs 1st FRA,1st FRA,1st FIT,Liam Myott,17.1,,8,33,1.92,0
15,2nd,1st FIT vs 1st FRA,1st FRA,1st FIT,Brodie Richardson,9,,3,26,2.88,0
15,2nd,1st ST vs 1st CAM,1st ST,1st CAM,Aidan Nicholls,16,,2,38,2.37,0
15,2nd,1st ST vs 1st CAM,1st ST,1st CAM,Christopher Gorman,12,,3,47,3.91,0
15,2nd,1st ST vs 1st CAM,1st ST,1st CAM,Jakey Pietz,15,,4,35,2.33,0
15,2nd,1st ST vs 1st CAM,1st ST,1st CAM,Daniel Pietz,11,,5,17,1.54,0
15,2nd,1st ST vs 1st CAM,1st ST,1st CAM,Coby Fitzsimmons,14,,3,29,2.07,0
15,2nd,1st ST vs 1st CAM,1st ST,1st CAM,Kevin Prior,17.1,,5,48,2.79,0
15,2nd,1st ST vs 1st CAM,1st ST,1st CAM,DAKSH SAINI,8,,1,24,3.00,0
15,2nd,1st ST vs 1st CAM,1st ST,1st CAM,Samuel Olsen,2,,0,8,4.00,0
15,2nd,1st ST vs 1st CAM,1st CAM,1st ST,Thomas Paddington,16,,6,25,1.56,5
15,2nd,1st ST vs 1st CAM,1st CAM,1st ST,Aaron Harding,14.4,,5,39,2.65,0
15,2nd,1st ST vs 1st CAM,1st CAM,1st ST,Harry Jones,11,,1,17,1.54,0
15,2nd,1st ST vs 1st CAM,1st CAM,1st ST,Lachlan Graf,13,,3,23,1.76,0
15,2nd,1st ST vs 1st CAM,1st CAM,1st ST,James Gray,20,,6,36,1.80,0
15,2nd,1st PRA vs 1st MEL,1st PRA,1st MEL,James Browning,14.3,,2,48,3.31,1
15,2nd,1st PRA vs 1st MEL,1st PRA,1st MEL,Krish Kumar,16,,6,42,2.62,0
15,2nd,1st PRA vs 1st MEL,1st PRA,1st MEL,Jacob Stevenson,16,,6,38,2.37,0
15,2nd,1st PRA vs 1st MEL,1st PRA,1st MEL,Om Patel,32,,9,88,2.75,0
15,2nd,1st PRA vs 1st MEL,1st PRA,1st MEL,Brodie O'Donnell,13,,3,49,3.76,0
15,2nd,1st PRA vs 1st MEL,1st PRA,1st MEL,Elliott Durrant,9,,0,40,4.44,0
15,2nd,1st PRA vs 1st MEL,1st MEL,1st PRA,Sam Beer,13,,4,37,2.84,0
15,2nd,1st PRA vs 1st MEL,1st MEL,1st PRA,William Collins,6,,0,40,6.66,0
15,2nd,1st PRA vs 1st MEL,1st MEL,1st PRA,James Boyce,27,,13,42,1.55,0
15,2nd,1st PRA vs 1st MEL,1st MEL,1st PRA,Hugh Birchall,13,,1,34,2.61,0
15,2nd,1st PRA vs 1st MEL,1st MEL,1st PRA,Pranav Menon,5,,2,8,1.60,0
15,2nd,1st PRA vs 1st MEL,1st MEL,1st PRA,Charlie Giles,7,,1,20,2.85,0
15,2nd,1st NOR vs 1st ESS,1st NOR,1st ESS,Lachie Busk,10,,2,34,3.40,1
15,2nd,1st NOR vs 1st ESS,1st NOR,1st ESS,Krit Darji,8,,1,25,3.12,0
15,2nd,1st NOR vs 1st ESS,1st NOR,1st ESS,Navdeep Rai,19,,9,35,1.84,0
15,2nd,1st NOR vs 1st ESS,1st NOR,1st ESS,Arin Mishra,15,,5,35,2.33,1
15,2nd,1st NOR vs 1st ESS,1st NOR,1st ESS,Henry Robertson,8.5,,4,14,1.58,0
15,2nd,1st NOR vs 1st ESS,1st NOR,1st ESS,Jarrod Parsons,1,,0,8,8.00,0
15,2nd,1st NOR vs 1st ESS,1st NOR,1st ESS,Simrth Singh Gill,3,,0,13,4.33,0
15,2nd,1st NOR vs 1st ESS,1st ESS,1st NOR,Leonardo Manteit,21,,4,52,2.47,0
15,2nd,1st NOR vs 1st ESS,1st ESS,1st NOR,Ethan Sharkey,10,,4,15,1.50,0
15,2nd,1st NOR vs 1st ESS,1st ESS,1st NOR,Tremayne Ryder,6,,2,7,1.16,0
15,2nd,1st NOR vs 1st ESS,1st ESS,1st NOR,Roby Lane,28.2,,16,48,1.69,0
15,2nd,1st NOR vs 1st ESS,1st ESS,1st NOR,Samson Storey,2,,0,8,4.00,0
15,2nd,1st NOR vs 1st ESS,2nd NOR,1st NOR,Lachie Busk,6,,0,27,4.50,0
15,2nd,1st NOR vs 1st ESS,2nd NOR,1st NOR,Navdeep Rai,6,,4,2,0.33,0
15,2nd,1st KIN vs 1st GRE,1st KIN,1st GRE,Tobias Sutherland,15,,7,39,2.60,0
15,2nd,1st KIN vs 1st GRE,1st KIN,1st GRE,Michael Cross,14,,5,24,1.71,0
15,2nd,1st KIN vs 1st GRE,1st KIN,1st GRE,Chandramauli Sridev,9,,3,19,2.11,0
15,2nd,1st KIN vs 1st GRE,1st KIN,1st GRE,Lewis Dichiera,16,,5,54,3.37,0
15,2nd,1st KIN vs 1st GRE,1st KIN,1st GRE,Eshann Singh,24.3,,8,57,2.32,0
15,2nd,1st KIN vs 1st GRE,1st KIN,1st GRE,Nirmana Fernando,6,,0,31,5.16,0
15,2nd,1st KIN vs 1st GRE,1st KIN,1st GRE,Ashley Fernando,13,,6,28,2.15,0
15,2nd,1st KIN vs 1st GRE,1st GRE,1st KIN,Kyle Scott,5,,0,36,7.20,0
15,2nd,1st KIN vs 1st GRE,1st GRE,1st KIN,Bradley Stow,6,,1,20,3.33,0
15,2nd,1st KIN vs 1st GRE,1st GRE,1st KIN,Luke Sullivan,12,,2,36,3.00,0
15,2nd,1st KIN vs 1st GRE,1st GRE,1st KIN,Rehan Majoka,17.5,,7,43,2.41,1
15,2nd,1st KIN vs 1st GRE,1st GRE,1st KIN,Bhanuka Keppetipola,12,,5,26,2.16,0
15,2nd,1st KIN vs 1st GRE,2nd KIN,1st KIN,Tobias Sutherland,3,,1,6,2.00,0
15,2nd,1st KIN vs 1st GRE,2nd KIN,1st KIN,Michael Cross,2,,1,4,2.00,0
15,2nd,1st GEE vs 1st DAN,1st GEE,1st DAN,Hayden Wrigglesworth,12,,0,42,3.50,0
15,2nd,1st GEE vs 1st DAN,1st GEE,1st DAN,Adam McMaster,13,,2,36,2.76,0
15,2nd,1st GEE vs 1st DAN,1st GEE,1st DAN,Parth Hirani,9,,1,36,4.00,0
15,2nd,1st GEE vs 1st DAN,1st GEE,1st DAN,Nathan Giove,13,,4,35,2.69,0
15,2nd,1st GEE vs 1st DAN,1st GEE,1st DAN,Aaron Fernando,15,,2,58,3.86,0
15,2nd,1st GEE vs 1st DAN,1st GEE,1st DAN,Rohan Chandel,11,,2,41,3.72,0
15,2nd,1st GEE vs 1st DAN,1st GEE,1st DAN,Vishesh Bansal,19,,5,41,2.15,0
15,2nd,1st GEE vs 1st DAN,1st GEE,1st DAN,Sayed Rihan,5,,0,15,3.00,0
15,2nd,1st GEE vs 1st DAN,1st GEE,1st DAN,Venuk Hemachandra,0,,0,0,0.00,0
15,2nd,1st GEE vs 1st DAN,1st GEE,1st DAN,Aryan Mohan,0,,0,0,0.00,0
15,2nd,1st GEE vs 1st DAN,1st DAN,1st GEE,Oliver Haberfield,11,,1,35,3.18,0
15,2nd,1st GEE vs 1st DAN,1st DAN,1st GEE,Kieren Helwig,3,,2,2,0.66,0
15,2nd,1st GEE vs 1st DAN,1st DAN,1st GEE,Lachlan Neate,14,,7,39,2.78,0
15,2nd,1st GEE vs 1st DAN,1st DAN,1st GEE,Joshua Slater,10.3,,1,25,2.38,0
15,2nd,1st GEE vs 1st DAN,1st DAN,1st GEE,Liam Biddiscombe,16,,6,36,2.25,0
15,2nd,1st GEE vs 1st DAN,1st DAN,1st GEE,Josh Collins,8,,2,26,3.25,0
15,2nd,1st GEE vs 1st DAN,1st DAN,1st GEE,Sam Croft,4,,0,18,4.50,0
15,2nd,1st GEE vs 1st DAN,1st DAN,1st GEE,Ryan Aikman,0,,0,0,0.00,0
15,2nd,1st GEE vs 1st DAN,1st DAN,1st GEE,Santhosh Ramireddy,0,,0,0,0.00,0
15,2nd,1st FOO vs 1st CAS,1st FOO,1st CAS,Evan Allaway,21.4,,1,75,3.46,0
15,2nd,1st FOO vs 1st CAS,1st FOO,1st CAS,Matthew Sheridan,18,,3,85,4.72,0
15,2nd,1st FOO vs 1st CAS,1st FOO,1st CAS,Jacob Long,18,,5,71,3.94,0
15,2nd,1st FOO vs 1st CAS,1st FOO,1st CAS,Krishna Sridhar,8,,1,34,4.25,0
15,2nd,1st FOO vs 1st CAS,1st FOO,1st CAS,Akshay Ramkumar,21,,2,66,3.14,0
15,2nd,1st FOO vs 1st CAS,1st FOO,1st CAS,Neville Avari,18,,2,50,2.77,0
15,2nd,1st FOO vs 1st CAS,1st CAS,1st FOO,Ashton Frost,9,,3,20,2.22,0
15,2nd,1st FOO vs 1st CAS,1st CAS,1st FOO,Aiden D'Souza,9,,2,30,3.33,0
15,2nd,1st FOO vs 1st CAS,1st CAS,1st FOO,Luke Gilham,9,,3,22,2.44,1
15,2nd,1st FOO vs 1st CAS,1st CAS,1st FOO,Aayan Nadeem,2,,0,6,3.00,0
15,2nd,1st FOO vs 1st CAS,1st CAS,1st FOO,Bailey Toseland,15.5,,0,59,3.72,0
15,2nd,1st FOO vs 1st CAS,1st CAS,1st FOO,Blake Aggelis,15,,1,54,3.60,0
15,2nd,1st RIC vs 1st RIN,1st RIC,1st RIN,Jarryd Cameron,15.5,,4,22,1.38,0
15,2nd,1st RIC vs 1st RIN,1st RIC,1st RIN,Jonathan Farrand,15,,3,34,2.26,0
15,2nd,1st RIC vs 1st RIN,1st RIC,1st RIN,Jack Martin,7,,2,24,3.42,0
15,2nd,1st RIC vs 1st RIN,1st RIC,1st RIN,Liam Walker,11,,2,34,3.09,0
15,2nd,1st RIC vs 1st RIN,1st RIC,1st RIN,Harry Flynn,8,,2,25,3.12,0
15,2nd,1st RIC vs 1st RIN,1st RIC,1st RIN,Timothy Sugumar,18,,8,41,2.27,0
15,2nd,1st RIC vs 1st RIN,1st RIC,1st RIN,Matthew Mountain,3,,0,7,2.33,0
15,2nd,1st RIC vs 1st RIN,1st RIC,1st RIN,Charlie Moore,3,,0,9,3.00,0
15,2nd,1st RIC vs 1st RIN,1st RIN,1st RIC,Jack Trevethan,11,,0,39,3.54,0
15,2nd,1st RIC vs 1st RIN,1st RIN,1st RIC,Luke McCann,16,,6,61,3.81,0
15,2nd,1st RIC vs 1st RIN,1st RIN,1st RIC,Prithish Pancholi,11,,2,34,3.09,0
15,2nd,1st RIC vs 1st RIN,1st RIN,1st RIC,Callum McIlveen,15,,4,38,2.53,0
15,2nd,1st RIC vs 1st RIN,1st RIN,1st RIC,Joshua Ash,12.1,,1,62,5.09,0
15,2nd,1st RIC vs 1st RIN,1st RIN,1st RIC,Jack Iverson,1,,0,12,12.00,0
15,2nd,1st RIC vs 1st RIN,1st RIN,1st RIC,Jacob Hinds,6,,0,18,3.00,0
15,2nd,1st MEL vs 1st CAR,1st MEL,1st CAR,Vincent Bush,17,,3,72,4.23,0
15,2nd,1st MEL vs 1st CAR,1st MEL,1st CAR,Sean Morrow,17,,2,44,2.58,0
15,2nd,1st MEL vs 1st CAR,1st MEL,1st CAR,Jack Beer,14,,6,24,1.71,0
15,2nd,1st MEL vs 1st CAR,1st MEL,1st CAR,Akshith Sriram,3,,0,12,4.00,0
15,2nd,1st MEL vs 1st CAR,1st MEL,1st CAR,Lucas Brasher,29,,5,78,2.68,0
15,2nd,1st MEL vs 1st CAR,1st MEL,1st CAR,Henry Edwards,19,,0,72,3.78,0
15,2nd,1st MEL vs 1st CAR,1st CAR,1st MEL,Glenn Hannah,21,,5,46,2.19,1
15,2nd,1st MEL vs 1st CAR,1st CAR,1st MEL,Wilson McGillivray,24,,6,74,3.08,4
15,2nd,1st MEL vs 1st CAR,1st CAR,1st MEL,Nicholas Xavier,8,,1,42,5.25,2
15,2nd,1st MEL vs 1st CAR,1st CAR,1st MEL,Phil Halbish,5,,0,30,6.00,0
15,2nd,1st MEL vs 1st CAR,1st CAR,1st MEL,Samuel Field,24,,5,50,2.08,0
15,2nd,1st MEL vs 1st CAR,1st CAR,1st MEL,Benjamin Wickham,2,,1,10,5.00,0
15,2nd,1st MEL vs 1st CAR,1st CAR,1st MEL,Charles Lill,1,,0,7,7.00,0
16,2nd,1st DAN vs 1st MEL,1st DAN,1st MEL,Thomas Cesaro,16,,1,75,4.68,0
16,2nd,1st DAN vs 1st MEL,1st DAN,1st MEL,Isaac Bepey,18,,2,59,3.27,2
16,2nd,1st DAN vs 1st MEL,1st DAN,1st MEL,Tom Reid,11,,4,38,3.45,0
16,2nd,1st DAN vs 1st MEL,1st DAN,1st MEL,Sam Anderson,8,,2,30,3.75,0
16,2nd,1st DAN vs 1st MEL,1st DAN,1st MEL,Samuel Field,26,,11,47,1.80,0
16,2nd,1st DAN vs 1st MEL,1st DAN,1st MEL,Phil Halbish,14,,5,31,2.21,0
16,2nd,1st DAN vs 1st MEL,1st DAN,1st MEL,Benjamin Wickham,9,,1,16,1.77,1
16,2nd,1st DAN vs 1st MEL,1st DAN,1st MEL,Charles Lill,4,,0,14,3.50,0
16,2nd,1st DAN vs 1st MEL,1st MEL,1st DAN,Hayden Wrigglesworth,9,,0,63,7.00,0
16,2nd,1st DAN vs 1st MEL,1st MEL,1st DAN,Adam McMaster,11,,2,45,4.09,0
16,2nd,1st DAN vs 1st MEL,1st MEL,1st DAN,Parth Hirani,8.3,,1,35,4.11,0
16,2nd,1st DAN vs 1st MEL,1st MEL,1st DAN,Nathan Giove,3.5,,1,13,3.39,0
16,2nd,1st DAN vs 1st MEL,1st MEL,1st DAN,Vishesh Bansal,8.1,,0,39,4.77,0
16,2nd,1st DAN vs 1st MEL,1st MEL,1st DAN,Neil D'Souza,8,,1,32,4.00,0
16,2nd,1st DAN vs 1st MEL,1st MEL,1st DAN,Kartikay Sharma,9,,1,42,4.66,0
16,2nd,1st DAN vs 1st MEL,1st MEL,1st DAN,Aaron Fernando,11,,0,43,3.90,0
16,2nd,1st FIT vs 1st KIN,1st FIT,1st KIN,Kyle Scott,17,,4,40,2.35,0
16,2nd,1st FIT vs 1st KIN,1st FIT,1st KIN,Bradley Stow,6,,1,13,2.16,0
16,2nd,1st FIT vs 1st KIN,1st FIT,1st KIN,Luke Sullivan,8,,1,27,3.37,0
16,2nd,1st FIT vs 1st KIN,1st FIT,1st KIN,Rehan Majoka,26.1,,6,48,1.83,0
16,2nd,1st FIT vs 1st KIN,1st FIT,1st KIN,Bhanuka Keppetipola,19,,9,21,1.10,0
16,2nd,1st FIT vs 1st KIN,1st FIT,1st KIN,Roshan Gunatilake,4,,1,10,2.50,0
16,2nd,1st FIT vs 1st KIN,1st KIN,1st FIT,Rahul Surendran,22,,9,56,2.54,0
16,2nd,1st FIT vs 1st KIN,1st KIN,1st FIT,Harry Smith,22,,12,26,1.18,0
16,2nd,1st FIT vs 1st KIN,1st KIN,1st FIT,Miller Childs,13,,6,27,2.07,0
16,2nd,1st FIT vs 1st KIN,1st KIN,1st FIT,Liam Myott,14,,5,27,1.92,0
16,2nd,1st FIT vs 1st KIN,1st KIN,1st FIT,Brodie Richardson,1,,0,10,10.00,0
16,2nd,1st FIT vs 1st KIN,1st KIN,1st FIT,Kepler Lukies,6,,3,18,3.00,0
16,2nd,1st CAS vs 1st RIN,1st CAS,1st RIN,Jarryd Cameron,23,,9,49,2.13,0
16,2nd,1st CAS vs 1st RIN,1st CAS,1st RIN,Jonathan Farrand,15,,4,38,2.53,0
16,2nd,1st CAS vs 1st RIN,1st CAS,1st RIN,Jack Martin,11,,3,19,1.72,0
16,2nd,1st CAS vs 1st RIN,1st CAS,1st RIN,Liam Walker,10.2,,2,27,2.61,0
16,2nd,1st CAS vs 1st RIN,1st CAS,1st RIN,Harry Flynn,7,,2,16,2.28,0
16,2nd,1st CAS vs 1st RIN,1st CAS,1st RIN,Timothy Sugumar,17,,3,36,2.11,0
16,2nd,1st CAS vs 1st RIN,1st CAS,1st RIN,Charlie Moore,3,,1,5,1.66,0
16,2nd,1st CAS vs 1st RIN,1st RIN,1st CAS,Evan Allaway,22,,7,50,2.27,0
16,2nd,1st CAS vs 1st RIN,1st RIN,1st CAS,Jacob Long,13,,3,19,1.46,0
16,2nd,1st CAS vs 1st RIN,1st RIN,1st CAS,Matthew Sheridan,11,,1,30,2.72,0
16,2nd,1st CAS vs 1st RIN,1st RIN,1st CAS,Neville Avari,25,,5,52,2.08,0
16,2nd,1st CAS vs 1st RIN,1st RIN,1st CAS,Krishna Sridhar,5,,2,11,2.20,0
16,2nd,1st CAS vs 1st RIN,1st RIN,1st CAS,Tristan Booth,12,,2,25,2.08,0
16,2nd,1st FOO vs 1st ESS,1st FOO,1st ESS,Noah Guida,14,,2,74,5.28,0
16,2nd,1st FOO vs 1st ESS,1st FOO,1st ESS,Navdeep Rai,9,,0,46,5.11,0
16,2nd,1st FOO vs 1st ESS,1st FOO,1st ESS,Arin Mishra,17,,1,74,4.35,0
16,2nd,1st FOO vs 1st ESS,1st FOO,1st ESS,Aaron Cornish,36,,0,117,3.25,0
16,2nd,1st FOO vs 1st ESS,1st FOO,1st ESS,Jarrod Parsons,24,,1,94,3.91,0
16,2nd,1st FOO vs 1st ESS,1st FOO,1st ESS,Aidan Salvado,0,,0,0,0.00,0
16,2nd,1st FOO vs 1st ESS,1st FOO,1st ESS,Vihanga Fernando,0,,0,0,0.00,0
16,2nd,1st FOO vs 1st ESS,1st FOO,1st ESS,Paul Wasiewicz,0,,0,0,0.00,0
16,2nd,1st FOO vs 1st ESS,1st FOO,1st ESS,Nicholas Markovski,0,,0,0,0.00,0
16,2nd,1st FOO vs 1st ESS,1st FOO,1st ESS,Jackson Martin,0,,0,0,0.00,0
16,2nd,1st FOO vs 1st ESS,1st ESS,1st FOO,Max Birthisel,19.2,,5,61,3.15,3
16,2nd,1st FOO vs 1st ESS,1st ESS,1st FOO,Ashton Frost,8,,3,22,2.75,0
16,2nd,1st FOO vs 1st ESS,1st ESS,1st FOO,Aiden D'Souza,8,,1,26,3.25,0
16,2nd,1st FOO vs 1st ESS,1st ESS,1st FOO,Luke Gilham,3,,0,6,2.00,0
16,2nd,1st FOO vs 1st ESS,1st ESS,1st FOO,Bailey Toseland,24,,2,100,4.16,0
16,2nd,1st FOO vs 1st ESS,1st ESS,1st FOO,Blake Aggelis,20,,4,57,2.85,0
16,2nd,1st FOO vs 1st ESS,1st ESS,1st FOO,Daksh Kumar,2,,0,5,2.50,0
16,2nd,1st FOO vs 1st ESS,1st ESS,1st FOO,Aayan Nadeem,0,,0,0,0.00,0
16,2nd,1st FOO vs 1st ESS,1st ESS,1st FOO,Noah Panaia,0,,0,0,0.00,0
16,2nd,1st FOO vs 1st ESS,1st ESS,1st FOO,Dezi Carter,0,,0,0,0.00,0
16,2nd,1st FOO vs 1st ESS,1st ESS,1st FOO,Max Hatzoglou,0,,0,0,0.00,0
16,2nd,1st GRE vs 1st MEL,1st GRE,1st MEL,James Browning,16.1,,4,43,2.65,0
16,2nd,1st GRE vs 1st MEL,1st GRE,1st MEL,Krish Kumar,18,,5,38,2.11,0
16,2nd,1st GRE vs 1st MEL,1st GRE,1st MEL,Jacob Stevenson,13,,5,24,1.84,0
16,2nd,1st GRE vs 1st MEL,1st GRE,1st MEL,Om Patel,29,,9,72,2.48,0
16,2nd,1st GRE vs 1st MEL,1st GRE,1st MEL,Brodie O'Donnell,22,,8,48,2.18,0
16,2nd,1st GRE vs 1st MEL,1st MEL,1st GRE,Armann Singh,13,,2,31,2.38,1
16,2nd,1st GRE vs 1st MEL,1st MEL,1st GRE,Michael Cross,9,,1,32,3.55,0
16,2nd,1st GRE vs 1st MEL,1st MEL,1st GRE,Samuel Clark,9,,2,29,3.22,0
16,2nd,1st GRE vs 1st MEL,1st MEL,1st GRE,Chandramauli Sridev,5,,0,22,4.40,0
16,2nd,1st GRE vs 1st MEL,1st MEL,1st GRE,Ivan Zmak,10,,0,73,7.30,0
16,2nd,1st GRE vs 1st MEL,1st MEL,1st GRE,Eshann Singh,16,,1,43,2.68,0
16,2nd,1st CAR vs 1st CAM,1st CAR,1st CAM,Aidan Nicholls,11,,1,45,4.09,0
16,2nd,1st CAR vs 1st CAM,1st CAR,1st CAM,Daniel Pietz,5,,0,25,5.00,0
16,2nd,1st CAR vs 1st CAM,1st CAR,1st CAM,Jakey Pietz,20.3,,4,52,2.53,0
16,2nd,1st CAR vs 1st CAM,1st CAR,1st CAM,Kevin Prior,17,,10,23,1.35,0
16,2nd,1st CAR vs 1st CAM,1st CAR,1st CAM,Christopher Gorman,4,,0,16,4.00,0
16,2nd,1st CAR vs 1st CAM,1st CAR,1st CAM,Coby Fitzsimmons,9,,1,16,1.77,1
16,2nd,1st CAR vs 1st CAM,1st CAM,1st CAR,Vincent Bush,6.5,,1,23,3.36,0
16,2nd,1st CAR vs 1st CAM,1st CAM,1st CAR,Seth McGinty,18,,8,33,1.83,0
16,2nd,1st CAR vs 1st CAM,1st CAM,1st CAR,Sean Morrow,15,,2,35,2.33,0
16,2nd,1st CAR vs 1st CAM,1st CAM,1st CAR,Lucas Brasher,13,,2,41,3.15,0
16,2nd,1st CAR vs 1st CAM,1st CAM,1st CAR,Henry Edwards,12,,4,41,3.41,0
16,2nd,1st CAR vs 1st CAM,1st CAM,1st CAR,Cameron Stevenson,15,,3,31,2.06,0
16,2nd,1st CAR vs 1st CAM,2nd CAR,1st CAR,Aidan Nicholls,4,,0,15,3.75,0
16,2nd,1st CAR vs 1st CAM,2nd CAR,1st CAR,Christopher Gorman,2,,1,4,2.00,0
16,2nd,1st CAR vs 1st CAM,2nd CAR,1st CAR,Daniel Pietz,2,,1,2,1.00,0
16,2nd,1st FRA vs 1st GEE,1st FRA,1st GEE,Kyle Bienefelt,22,,4,69,3.13,1
16,2nd,1st FRA vs 1st GEE,1st FRA,1st GEE,Kieren Helwig,12,,2,38,3.16,0
16,2nd,1st FRA vs 1st GEE,1st FRA,1st GEE,Joshua Slater,13,,2,54,4.15,0
16,2nd,1st FRA vs 1st GEE,1st FRA,1st GEE,Josh Collins,16,,3,93,5.81,0
16,2nd,1st FRA vs 1st GEE,1st FRA,1st GEE,Liam Biddiscombe,14,,3,32,2.28,0
16,2nd,1st FRA vs 1st GEE,1st FRA,1st GEE,Sam Croft,17,,3,60,3.52,0
16,2nd,1st FRA vs 1st GEE,1st FRA,1st GEE,Lincoln Koliba,2,,0,12,6.00,0
16,2nd,1st FRA vs 1st GEE,1st FRA,1st GEE,Cody Brogden,0,,0,0,0.00,0
16,2nd,1st FRA vs 1st GEE,1st FRA,1st GEE,Fletcher Cozens,0,,0,0,0.00,0
16,2nd,1st FRA vs 1st GEE,1st FRA,1st GEE,Santhosh Ramireddy,0,,0,0,0.00,0
16,2nd,1st FRA vs 1st GEE,1st GEE,1st FRA,Ned Hurley,16,,3,62,3.87,1
16,2nd,1st FRA vs 1st GEE,1st GEE,1st FRA,Jack Hay,18,,1,68,3.77,0
16,2nd,1st FRA vs 1st GEE,1st GEE,1st FRA,Mitchell Cestnik,14,,1,63,4.50,0
16,2nd,1st FRA vs 1st GEE,1st GEE,1st FRA,Tanush Nandini,10,,0,44,4.40,0
16,2nd,1st FRA vs 1st GEE,1st GEE,1st FRA,Jye Dignan,12,,2,31,2.58,0
16,2nd,1st FRA vs 1st GEE,1st GEE,1st FRA,Lachlan Curtis,22,,3,57,2.59,0
16,2nd,1st FRA vs 1st GEE,1st GEE,1st FRA,Lucas McConnell,4,,2,5,1.25,0
16,2nd,1st FRA vs 1st GEE,1st GEE,1st FRA,Matthew Gapes,0,,0,0,0.00,0
16,2nd,1st FRA vs 1st GEE,1st GEE,1st FRA,Joshua Edwards,0,,0,0,0.00,0
16,2nd,1st FRA vs 1st GEE,1st GEE,1st FRA,Noah Langham,0,,0,0,0.00,0
16,2nd,1st PRA vs 1st NOR,1st PRA,1st NOR,Leonardo Manteit,15,,6,42,2.80,2
16,2nd,1st PRA vs 1st NOR,1st PRA,1st NOR,Michael Rogneda,13,,5,42,3.23,0
16,2nd,1st PRA vs 1st NOR,1st PRA,1st NOR,Thomas Lambert,12,,1,38,3.16,0
16,2nd,1st PRA vs 1st NOR,1st PRA,1st NOR,Tremayne Ryder,7,,1,25,3.57,0
16,2nd,1st PRA vs 1st NOR,1st PRA,1st NOR,Roby Lane,17.3,,4,54,3.08,0
16,2nd,1st PRA vs 1st NOR,1st PRA,1st NOR,Daniel Lalor,1,,0,4,4.00,0
16,2nd,1st PRA vs 1st NOR,1st NOR,1st PRA,Sam Beer,19,,4,50,2.63,0
16,2nd,1st PRA vs 1st NOR,1st NOR,1st PRA,Max Keogh,11,,1,50,4.54,0
16,2nd,1st PRA vs 1st NOR,1st NOR,1st PRA,William Collins,13,,5,22,1.69,0
16,2nd,1st PRA vs 1st NOR,1st NOR,1st PRA,Hugh Birchall,20,,6,51,2.55,1
16,2nd,1st PRA vs 1st NOR,1st NOR,1st PRA,James Boyce,14,,8,21,1.50,0
16,2nd,1st PRA vs 1st NOR,1st NOR,1st PRA,Pranav Menon,5,,2,13,2.60,0
16,2nd,1st ST vs 1st RIC,1st ST,1st RIC,Luke McCann,12,,2,42,3.50,0
16,2nd,1st ST vs 1st RIC,1st ST,1st RIC,Charlie Wigney,12,,3,28,2.33,0
16,2nd,1st ST vs 1st RIC,1st ST,1st RIC,Jack Iverson,12,,2,42,3.50,0
16,2nd,1st ST vs 1st RIC,1st ST,1st RIC,Prithish Pancholi,7,,4,12,1.71,0
16,2nd,1st ST vs 1st RIC,1st ST,1st RIC,Joshua Ash,21,,0,73,3.47,0
16,2nd,1st ST vs 1st RIC,1st ST,1st RIC,Tim Goodman,13,,5,49,3.76,0
16,2nd,1st ST vs 1st RIC,1st ST,1st RIC,Callum McIlveen,19,,3,80,4.21,1
16,2nd,1st ST vs 1st RIC,1st RIC,1st ST,Aaron Harding,23,,7,54,2.34,0
16,2nd,1st ST vs 1st RIC,1st RIC,1st ST,Harry Jones,15,,3,31,2.06,0
16,2nd,1st ST vs 1st RIC,1st RIC,1st ST,Declan McComb,16,,6,39,2.43,0
16,2nd,1st ST vs 1st RIC,1st RIC,1st ST,James Gray,26.2,,10,38,1.44,0
16,2nd,1st ST vs 1st RIC,1st RIC,1st ST,Reyaan Farooq,3,,2,4,1.33,0
17,2nd,1st RIC vs 1st CAS,1st RIC,1st CAS,Evan Allaway,15.5,,3,42,2.65,0
17,2nd,1st RIC vs 1st CAS,1st RIC,1st CAS,Matthew Sheridan,18,,4,54,3.00,1
17,2nd,1st RIC vs 1st CAS,1st RIC,1st CAS,Jack Stevenson,16,,4,48,3.00,0
17,2nd,1st RIC vs 1st CAS,1st RIC,1st CAS,Jacob Long,16,,10,15,0.93,0
17,2nd,1st RIC vs 1st CAS,1st RIC,1st CAS,Neville Avari,13,,3,40,3.07,0
17,2nd,1st RIC vs 1st CAS,1st RIC,1st CAS,Akshay Ramkumar,14,,1,47,3.35,0
17,2nd,1st RIC vs 1st CAS,1st CAS,1st RIC,Jack Trevethan,5,,1,20,4.00,0
17,2nd,1st RIC vs 1st CAS,1st CAS,1st RIC,Luke McCann,6,,1,14,2.33,0
17,2nd,1st RIC vs 1st CAS,1st CAS,1st RIC,Griffin Box,4,,0,11,2.75,0
17,2nd,1st RIC vs 1st CAS,1st CAS,1st RIC,Jack Iverson,3,,0,21,7.00,0
17,2nd,1st RIC vs 1st CAS,1st CAS,1st RIC,Callum McIlveen,11.1,,3,14,1.25,0
17,2nd,1st RIC vs 1st CAS,1st CAS,1st RIC,Joshua Ash,14,,7,16,1.14,0
17,2nd,1st RIC vs 1st CAS,2nd CAS,1st RIC,Jack Trevethan,6,,1,21,3.50,1
17,2nd,1st RIC vs 1st CAS,2nd CAS,1st RIC,Griffin Box,5,,1,16,3.20,0
17,2nd,1st RIC vs 1st CAS,2nd CAS,1st RIC,Tim Goodman,5,,2,12,2.40,0
17,2nd,1st RIC vs 1st CAS,2nd CAS,1st RIC,Joshua Ash,14,,1,46,3.28,0
17,2nd,1st RIC vs 1st CAS,2nd CAS,1st RIC,Callum McIlveen,13,,3,33,2.53,1
17,2nd,1st RIC vs 1st CAS,2nd CAS,1st RIC,Luke McCann,6,,1,27,4.50,0
17,2nd,1st FOO vs 1st PRA,1st FOO,1st PRA,Sam Beer,14.5,,5,44,2.96,0
17,2nd,1st FOO vs 1st PRA,1st FOO,1st PRA,William Collins,4,,2,12,3.00,0
17,2nd,1st FOO vs 1st PRA,1st FOO,1st PRA,Charlie Giles,12,,3,41,3.41,0
17,2nd,1st FOO vs 1st PRA,1st FOO,1st PRA,Henry Nicholls,6,,5,4,0.66,0
17,2nd,1st FOO vs 1st PRA,1st FOO,1st PRA,Max Keogh,13,,2,45,3.46,1
17,2nd,1st FOO vs 1st PRA,1st FOO,1st PRA,James Boyce,28,,16,37,1.32,0
17,2nd,1st FOO vs 1st PRA,1st FOO,1st PRA,Nicholas Morrey,6,,1,23,3.83,0
17,2nd,1st FOO vs 1st PRA,1st FOO,1st PRA,Pranav Menon,5,,2,12,2.40,0
17,2nd,1st FOO vs 1st PRA,1st PRA,1st FOO,Max Birthisel,23,,7,45,1.95,2
17,2nd,1st FOO vs 1st PRA,1st PRA,1st FOO,Ashton Frost,3,,0,11,3.66,0
17,2nd,1st FOO vs 1st PRA,1st PRA,1st FOO,Luke Gilham,7,,2,18,2.57,1
17,2nd,1st FOO vs 1st PRA,1st PRA,1st FOO,Aiden D'Souza,9.2,,3,29,3.10,0
17,2nd,1st FOO vs 1st PRA,1st PRA,1st FOO,Aayan Nadeem,3,,0,10,3.33,0
17,2nd,1st FOO vs 1st PRA,1st PRA,1st FOO,Blake Aggelis,16,,4,43,2.68,0
17,2nd,1st FOO vs 1st PRA,1st PRA,1st FOO,Bailey Toseland,16,,4,38,2.37,0
17,2nd,1st FOO vs 1st PRA,1st PRA,1st FOO,Tanish Taneja,4,,0,10,2.50,0
17,2nd,1st CAM vs 1st MEL,1st CAM,1st MEL,Phil Halbish,8,,2,29,3.62,1
17,2nd,1st CAM vs 1st MEL,1st CAM,1st MEL,Joshua Driscoll,10,,3,18,1.80,0
17,2nd,1st CAM vs 1st MEL,1st CAM,1st MEL,Tom Reid,18,,6,34,1.88,2
17,2nd,1st CAM vs 1st MEL,1st CAM,1st MEL,Samuel Field,34,,7,84,2.47,0
17,2nd,1st CAM vs 1st MEL,1st CAM,1st MEL,Rishi Desai,24,,7,68,2.83,0
17,2nd,1st CAM vs 1st MEL,1st CAM,1st MEL,Christopher Kellaway,5,,0,23,4.60,0
17,2nd,1st CAM vs 1st MEL,1st MEL,1st CAM,Aidan Nicholls,20,,3,59,2.95,1
17,2nd,1st CAM vs 1st MEL,1st MEL,1st CAM,Christopher Gorman,10,,1,28,2.80,0
17,2nd,1st CAM vs 1st MEL,1st MEL,1st CAM,Daniel Pietz,18,,5,44,2.44,0
17,2nd,1st CAM vs 1st MEL,1st MEL,1st CAM,Jakey Pietz,18,,5,53,2.94,0
17,2nd,1st CAM vs 1st MEL,1st MEL,1st CAM,Kevin Prior,11,,0,36,3.27,0
17,2nd,1st CAM vs 1st MEL,1st MEL,1st CAM,Coby Fitzsimmons,8,,0,32,4.00,0
17,2nd,1st CAM vs 1st MEL,1st MEL,1st CAM,Samuel Olsen,3,,0,10,3.33,0
17,2nd,1st MEL vs 1st NOR,1st MEL,1st NOR,Leonardo Manteit,12,,1,48,4.00,0
17,2nd,1st MEL vs 1st NOR,1st MEL,1st NOR,Michael Rogneda,20,,3,69,3.45,0
17,2nd,1st MEL vs 1st NOR,1st MEL,1st NOR,Thomas Lambert,12,,2,24,2.00,0
17,2nd,1st MEL vs 1st NOR,1st MEL,1st NOR,Matthew Pearce,21,,2,99,4.71,0
17,2nd,1st MEL vs 1st NOR,1st MEL,1st NOR,Roby Lane,13,,1,46,3.53,0
17,2nd,1st MEL vs 1st NOR,1st MEL,1st NOR,Ryan Siede,5,,0,24,4.80,0
17,2nd,1st MEL vs 1st NOR,1st NOR,1st MEL,James Browning,18,,4,38,2.11,0
17,2nd,1st MEL vs 1st NOR,1st NOR,1st MEL,Krish Kumar,15,,7,19,1.26,0
17,2nd,1st MEL vs 1st NOR,1st NOR,1st MEL,Om Patel,21.5,,7,46,2.10,0
17,2nd,1st MEL vs 1st NOR,1st NOR,1st MEL,Brodie O'Donnell,8,,2,12,1.50,0
17,2nd,1st MEL vs 1st NOR,1st NOR,1st MEL,Jacob Stevenson,9,,2,23,2.55,0
17,2nd,1st KIN vs 1st FRA,1st KIN,1st FRA,Ned Hurley,9,,3,16,1.77,0
17,2nd,1st KIN vs 1st FRA,1st KIN,1st FRA,Harrison Wallace,4,,2,18,4.50,0
17,2nd,1st KIN vs 1st FRA,1st KIN,1st FRA,Lachlan Hose,8,,4,13,1.62,0
17,2nd,1st KIN vs 1st FRA,1st KIN,1st FRA,Mitchell Cestnik,4,,1,10,2.50,0
17,2nd,1st KIN vs 1st FRA,1st KIN,1st FRA,Luke Kranzbuhler,9,,2,25,2.77,0
17,2nd,1st KIN vs 1st FRA,1st KIN,1st FRA,Lucas McConnell,2,,0,6,3.00,0
17,2nd,1st KIN vs 1st FRA,1st KIN,1st FRA,Lachlan Curtis,12,,3,22,1.83,0
17,2nd,1st KIN vs 1st FRA,1st KIN,1st FRA,Tanush Nandini,4.2,,1,10,2.30,0
17,2nd,1st KIN vs 1st FRA,1st FRA,1st KIN,Kyle Scott,7,,1,33,4.71,0
17,2nd,1st KIN vs 1st FRA,1st FRA,1st KIN,Bradley Stow,3,,0,15,5.00,0
17,2nd,1st KIN vs 1st FRA,1st FRA,1st KIN,Luke Sullivan,10,,2,38,3.80,0
17,2nd,1st KIN vs 1st FRA,1st FRA,1st KIN,Saad Khattak,3,,0,37,12.33,0
17,2nd,1st KIN vs 1st FRA,1st FRA,1st KIN,Bhanuka Keppetipola,12,,2,31,2.58,0
17,2nd,1st KIN vs 1st FRA,2nd KIN,1st KIN,Ned Hurley,5,,0,15,3.00,0
17,2nd,1st KIN vs 1st FRA,2nd KIN,1st KIN,Luke Kranzbuhler,8,,0,48,6.00,0
17,2nd,1st KIN vs 1st FRA,2nd KIN,1st KIN,Tanush Nandini,2,,1,2,1.00,0
17,2nd,1st KIN vs 1st FRA,2nd KIN,1st KIN,Lachlan Curtis,17.5,,4,54,3.02,0
17,2nd,1st KIN vs 1st FRA,2nd KIN,1st KIN,Harrison Wallace,8,,0,31,3.87,0
17,2nd,1st KIN vs 1st FRA,2nd KIN,1st KIN,Mitchell Cestnik,3,,0,22,7.33,0
17,2nd,1st KIN vs 1st FRA,2nd KIN,1st KIN,Jye Dignan,17,,5,59,3.47,0
17,2nd,1st KIN vs 1st FRA,2nd KIN,1st KIN,Lachlan Hose,10,,2,35,3.50,0
17,2nd,1st KIN vs 1st FRA,2nd KIN,1st KIN,Patrick Parsons,3,,0,29,9.66,0
17,2nd,1st KIN vs 1st FRA,2nd KIN,1st KIN,Lucas McConnell,2,,0,18,9.00,0
17,2nd,1st KIN vs 1st FRA,2nd FRA,1st KIN,Bradley Stow,8,,0,41,5.12,0
17,2nd,1st KIN vs 1st FRA,2nd FRA,1st KIN,Kyle Scott,6,,0,54,9.00,0
17,2nd,1st KIN vs 1st FRA,2nd FRA,1st KIN,Luke Sullivan,3,,0,8,2.66,0
17,2nd,1st KIN vs 1st FRA,2nd FRA,1st KIN,Bhanuka Keppetipola,7,,0,21,3.00,0
17,2nd,1st KIN vs 1st FRA,2nd FRA,1st KIN,Roshan Gunatilake,2,,0,16,8.00,0
17,2nd,1st KIN vs 1st FRA,2nd FRA,1st KIN,Luke Ajani,1,,1,0,0.00,0
17,2nd,1st GEE vs 1st GRE,1st GEE,1st GRE,Declan Highgate,22,,5,89,4.04,1
17,2nd,1st GEE vs 1st GRE,1st GEE,1st GRE,Michael Cross,14,,3,48,3.42,0
17,2nd,1st GEE vs 1st GRE,1st GEE,1st GRE,Samuel Clark,12,,4,41,3.41,0
17,2nd,1st GEE vs 1st GRE,1st GEE,1st GRE,Chandramauli Sridev,17,,4,49,2.88,0
17,2nd,1st GEE vs 1st GRE,1st GEE,1st GRE,Kanishk Bollu,9,,0,28,3.11,0
17,2nd,1st GEE vs 1st GRE,1st GEE,1st GRE,Ivan Zmak,7,,0,31,4.42,0
17,2nd,1st GEE vs 1st GRE,1st GEE,1st GRE,Eshann Singh,15,,6,18,1.20,0
17,2nd,1st GEE vs 1st GRE,1st GRE,1st GEE,Kieren Helwig,12.3,,3,42,3.36,1
17,2nd,1st GEE vs 1st GRE,1st GRE,1st GEE,Joshua Slater,6,,0,26,4.33,0
17,2nd,1st GEE vs 1st GRE,1st GRE,1st GEE,Josh Collins,10,,3,24,2.40,0
17,2nd,1st GEE vs 1st GRE,1st GRE,1st GEE,Liam Biddiscombe,7,,2,17,2.42,0
17,2nd,1st GEE vs 1st GRE,1st GRE,1st GEE,Sam Croft,7,,0,17,2.42,0
17,2nd,1st GEE vs 1st GRE,2nd GRE,1st GEE,Joshua Slater,5,,1,36,7.20,0
17,2nd,1st GEE vs 1st GRE,2nd GRE,1st GEE,Kieren Helwig,3,,0,12,4.00,0
17,2nd,1st GEE vs 1st GRE,2nd GRE,1st GEE,Lincoln Koliba,3,,0,11,3.66,0
17,2nd,1st GEE vs 1st GRE,2nd GRE,1st GEE,Josh Collins,5,,1,23,4.60,0
17,2nd,1st GEE vs 1st GRE,2nd GRE,1st GEE,Liam Biddiscombe,3,,0,13,4.33,0
17,2nd,1st ESS vs 1st FIT,1st ESS,1st FIT,Kobe Smith,21.2,,7,58,2.71,0
17,2nd,1st ESS vs 1st FIT,1st ESS,1st FIT,Harry Smith,19,,4,69,3.63,0
17,2nd,1st ESS vs 1st FIT,1st ESS,1st FIT,Rahul Surendran,16,,5,40,2.50,0
17,2nd,1st ESS vs 1st FIT,1st ESS,1st FIT,Miller Childs,4,,1,7,1.75,0
17,2nd,1st ESS vs 1st FIT,1st ESS,1st FIT,Liam Myott,33,,11,88,2.66,0
17,2nd,1st ESS vs 1st FIT,1st ESS,1st FIT,Brodie Richardson,6,,1,15,2.50,0
17,2nd,1st ESS vs 1st FIT,1st ESS,1st FIT,Matthew Bremner,1,,1,0,0.00,0
17,2nd,1st ESS vs 1st FIT,1st ESS,1st FIT,Braden Taeuber,5,,0,13,2.60,0
17,2nd,1st ESS vs 1st FIT,1st FIT,1st ESS,Navdeep Rai,18,,5,70,3.88,0
17,2nd,1st ESS vs 1st FIT,1st FIT,1st ESS,Noah Guida,27,,5,77,2.85,1
17,2nd,1st ESS vs 1st FIT,1st FIT,1st ESS,Arin Mishra,8,,2,20,2.50,0
17,2nd,1st ESS vs 1st FIT,1st FIT,1st ESS,Aaron Cornish,13,,2,43,3.30,0
17,2nd,1st ESS vs 1st FIT,1st FIT,1st ESS,Jarrod Parsons,15,,3,46,3.06,0
17,2nd,1st ESS vs 1st FIT,1st FIT,1st ESS,Simrth Singh Gill,2,,1,2,1.00,0
17,2nd,1st RIN vs 1st ST,1st RIN,1st ST,Aaron Harding,10,,0,45,4.50,0
17,2nd,1st RIN vs 1st ST,1st RIN,1st ST,Harry Jones,9,,1,37,4.11,0
17,2nd,1st RIN vs 1st ST,1st RIN,1st ST,Declan McComb,10,,2,22,2.20,1
17,2nd,1st RIN vs 1st ST,1st RIN,1st ST,Lachlan Graf,7,,2,21,3.00,0
17,2nd,1st RIN vs 1st ST,1st RIN,1st ST,James Gray,11.4,,5,24,2.05,0
17,2nd,1st RIN vs 1st ST,1st ST,1st RIN,Jarryd Cameron,16,,2,40,2.50,0
17,2nd,1st RIN vs 1st ST,1st ST,1st RIN,Jonathan Farrand,10,,1,40,4.00,0
17,2nd,1st RIN vs 1st ST,1st ST,1st RIN,Liam Walker,5,,0,23,4.60,0
17,2nd,1st RIN vs 1st ST,1st ST,1st RIN,Harry Flynn,5,,0,14,2.80,0
17,2nd,1st RIN vs 1st ST,1st ST,1st RIN,Timothy Sugumar,8,,1,27,3.37,0
17,2nd,1st RIN vs 1st ST,1st ST,1st RIN,Charlie Moore,8,,0,46,5.75,0
17,2nd,1st RIN vs 1st ST,2nd RIN,1st RIN,Thomas Paddington,11,,3,29,2.63,0
17,2nd,1st RIN vs 1st ST,2nd RIN,1st RIN,Lachlan Graf,9,,4,13,1.44,0
17,2nd,1st RIN vs 1st ST,2nd RIN,1st RIN,Aaron Harding,13,,3,24,1.84,0
17,2nd,1st RIN vs 1st ST,2nd RIN,1st RIN,Harry Jones,8,,1,29,3.62,0
17,2nd,1st RIN vs 1st ST,2nd RIN,1st RIN,James Gray,28,,10,62,2.21,0
17,2nd,1st RIN vs 1st ST,2nd RIN,1st RIN,Angus Newman,2,,0,12,6.00,0
17,2nd,1st RIN vs 1st ST,2nd RIN,1st RIN,Ashish Ashish,2,,0,8,4.00,0
17,2nd,1st DAN vs 1st CAR,1st DAN,1st CAR,Aaron Smillie,15.1,,6,31,2.04,1
17,2nd,1st DAN vs 1st CAR,1st DAN,1st CAR,Seth McGinty,13,,4,50,3.84,0
17,2nd,1st DAN vs 1st CAR,1st DAN,1st CAR,Sean Morrow,15,,6,31,2.06,0
17,2nd,1st DAN vs 1st CAR,1st DAN,1st CAR,Lucas Brasher,12,,1,52,4.33,0
17,2nd,1st DAN vs 1st CAR,1st DAN,1st CAR,Henry Edwards,7,,3,11,1.57,0
17,2nd,1st DAN vs 1st CAR,1st CAR,1st DAN,Hayden Wrigglesworth,17,,5,54,3.17,0
17,2nd,1st DAN vs 1st CAR,1st CAR,1st DAN,Adam McMaster,13,,0,62,4.76,0
17,2nd,1st DAN vs 1st CAR,1st CAR,1st DAN,Rachit Sharma,13,,4,44,3.38,0
17,2nd,1st DAN vs 1st CAR,1st CAR,1st DAN,Parth Hirani,6,,0,16,2.66,0
17,2nd,1st DAN vs 1st CAR,1st CAR,1st DAN,Aaron Fernando,18.5,,1,93,4.93,0
17,2nd,1st DAN vs 1st CAR,1st CAR,1st DAN,Kartikay Sharma,5,,0,23,4.60,0
17,2nd,1st DAN vs 1st CAR,1st CAR,1st DAN,Neil D'Souza,3,,1,8,2.66,0
17,2nd,1st DAN vs 1st CAR,2nd DAN,1st DAN,Aaron Smillie,5,,2,27,5.40,0
17,2nd,1st DAN vs 1st CAR,2nd DAN,1st DAN,Seth McGinty,3,,0,27,9.00,0
17,2nd,1st DAN vs 1st CAR,2nd DAN,1st DAN,Sean Morrow,2,,0,17,8.50,0
17,2nd,1st DAN vs 1st CAR,2nd DAN,1st DAN,Henry Edwards,1,,0,1,1.00,0
17,2nd,1st DAN vs 1st CAR,2nd DAN,1st DAN,Lucas Brasher,1,,1,0,0.00,0
1,3rd,1st FIT vs 1st ESS,1st FIT,1st ESS,Muhammad Abdul Wasay,6,,3,16,2.66,0
1,3rd,1st FIT vs 1st ESS,1st FIT,1st ESS,Luay Miraz,4,,0,39,9.75,0
1,3rd,1st FIT vs 1st ESS,1st FIT,1st ESS,Paramvir Singh,6,,0,34,5.66,0
1,3rd,1st FIT vs 1st ESS,1st FIT,1st ESS,Jessraj Badhaan,13,,1,54,4.15,0
1,3rd,1st FIT vs 1st ESS,1st FIT,1st ESS,Jacob Pawlowicz,20,,5,45,2.25,0
1,3rd,1st FIT vs 1st ESS,1st FIT,1st ESS,Aaron Cornish,9,,2,26,2.88,0
1,3rd,1st FIT vs 1st ESS,1st FIT,1st ESS,Heath doherty,2,,0,16,8.00,0
1,3rd,1st FIT vs 1st ESS,1st ESS,1st FIT,Rahul Surendran,13.4,,4,24,1.75,0
1,3rd,1st FIT vs 1st ESS,1st ESS,1st FIT,Addison Forbes,18,,4,37,2.05,0
1,3rd,1st FIT vs 1st ESS,1st ESS,1st FIT,Joel Maaskant,11,,2,36,3.27,0
1,3rd,1st FIT vs 1st ESS,1st ESS,1st FIT,Joseph Dossor,12,,3,28,2.33,0
1,3rd,1st FIT vs 1st ESS,1st ESS,1st FIT,Edison Waghorn,11,,2,40,3.63,0
1,3rd,1st FIT vs 1st ESS,1st ESS,1st FIT,Blake Podesta,1,,1,0,0.00,0
1,3rd,1st FIT vs 1st ESS,2nd FIT,1st FIT,Muhammad Abdul Wasay,5,,2,24,4.80,0
1,3rd,1st FIT vs 1st ESS,2nd FIT,1st FIT,Luay Miraz,4,,1,34,8.50,0
1,3rd,1st FIT vs 1st ESS,2nd FIT,1st FIT,Aaron Cornish,3,,1,11,3.66,0
1,3rd,1st FIT vs 1st ESS,2nd FIT,1st FIT,Jacob Pawlowicz,2,,1,2,1.00,0
1,3rd,1st KIN vs 1st MEL,1st KIN,1st MEL,Isaac Bepey,14,,0,44,3.14,1
1,3rd,1st KIN vs 1st MEL,1st KIN,1st MEL,Thomas Cesaro,10,,3,28,2.80,0
1,3rd,1st KIN vs 1st MEL,1st KIN,1st MEL,Nicholas Xavier,6,,1,10,1.66,0
1,3rd,1st KIN vs 1st MEL,1st KIN,1st MEL,Sam Anderson,5,,1,11,2.20,0
1,3rd,1st KIN vs 1st MEL,1st KIN,1st MEL,Kyle Williamson,23.4,,6,49,2.07,0
1,3rd,1st KIN vs 1st MEL,1st KIN,1st MEL,Charlie Wolf,12,,1,35,2.91,0
1,3rd,1st KIN vs 1st MEL,1st KIN,1st MEL,Kyle Parrott,7,,0,24,3.42,0
1,3rd,1st KIN vs 1st MEL,1st KIN,1st MEL,Yash Goel,0,,0,0,0.00,0
1,3rd,1st KIN vs 1st MEL,1st KIN,1st MEL,Nicholas Critchley,0,,0,0,0.00,0
1,3rd,1st KIN vs 1st MEL,1st KIN,1st MEL,Brendan Reddell,0,,0,0,0.00,0
1,3rd,1st KIN vs 1st MEL,1st KIN,1st MEL,Yuvraj Sharma,0,,0,0,0.00,0
1,3rd,1st KIN vs 1st MEL,1st MEL,1st KIN,Bradley Stow,11,,3,32,2.90,0
1,3rd,1st KIN vs 1st MEL,1st MEL,1st KIN,Kovid Katta,13,,2,66,5.07,0
1,3rd,1st KIN vs 1st MEL,1st MEL,1st KIN,Arunkarthik Mannarsamy,1,,0,12,12.00,0
1,3rd,1st KIN vs 1st MEL,1st MEL,1st KIN,Gurdarshan Kaushik,7,,3,17,2.42,0
1,3rd,1st KIN vs 1st MEL,1st MEL,1st KIN,Max Ralph,5.5,,1,31,5.31,0
1,3rd,1st KIN vs 1st MEL,1st MEL,1st KIN,Sanithu Rajapaksha,17,,2,49,2.88,0
1,3rd,1st KIN vs 1st MEL,1st MEL,1st KIN,Rohith Chapalamadugu,0,,0,0,0.00,0
1,3rd,1st KIN vs 1st MEL,1st MEL,1st KIN,Manpreet Singh,0,,0,0,0.00,0
1,3rd,1st KIN vs 1st MEL,1st MEL,1st KIN,Jock McKenzie,0,,0,0,0.00,0
1,3rd,1st KIN vs 1st MEL,1st MEL,1st KIN,Arish Surani,0,,0,0,0.00,0
1,3rd,1st KIN vs 1st MEL,1st MEL,1st KIN,Andrew Johnson,0,,0,0,0.00,0
1,3rd,1st KIN vs 1st MEL,1st MEL,1st KIN,Joel Ajani,0,,0,0,0.00,0
1,3rd,1st RIN vs 1st MEL,1st RIN,1st MEL,Alex Ingpen,13,,2,47,3.61,0
1,3rd,1st RIN vs 1st MEL,1st RIN,1st MEL,Hunter Kremer-Slevin,8,,2,34,4.25,0
1,3rd,1st RIN vs 1st MEL,1st RIN,1st MEL,Angus Harms,9,,0,45,5.00,1
1,3rd,1st RIN vs 1st MEL,1st RIN,1st MEL,Leo Hatzoglou,6,,2,16,2.66,0
1,3rd,1st RIN vs 1st MEL,1st RIN,1st MEL,Elliott Durrant,20,,2,85,4.25,0
1,3rd,1st RIN vs 1st MEL,1st RIN,1st MEL,Tharindu Perera,4,,0,27,6.75,0
1,3rd,1st RIN vs 1st MEL,1st RIN,1st MEL,Will Waters,4,,0,24,6.00,0
1,3rd,1st RIN vs 1st MEL,1st RIN,1st MEL,Aanlin Cheeran,15,,2,45,3.00,0
1,3rd,1st RIN vs 1st MEL,1st MEL,1st RIN,Jarryd Cameron,20,,7,37,1.85,2
1,3rd,1st RIN vs 1st MEL,1st MEL,1st RIN,Darcy Noonan,14,,3,45,3.21,0
1,3rd,1st RIN vs 1st MEL,1st MEL,1st RIN,Isaac Macklin,10,,2,34,3.40,0
1,3rd,1st RIN vs 1st MEL,1st MEL,1st RIN,Charlie Moore,3,,2,6,2.00,0
1,3rd,1st RIN vs 1st MEL,1st MEL,1st RIN,Zachary Seal,4,,0,11,2.75,0
1,3rd,1st RIN vs 1st MEL,1st MEL,1st RIN,Xavier Noonan,3,,0,13,4.33,0
1,3rd,1st RIN vs 1st MEL,1st MEL,1st RIN,Trent Wynne,2,,0,6,3.00,0
1,3rd,1st GEE vs 1st ST,1st GEE,1st ST,Angus Robson,11,,3,35,3.18,0
1,3rd,1st GEE vs 1st ST,1st GEE,1st ST,Walter Jackson,12,,3,32,2.66,0
1,3rd,1st GEE vs 1st ST,1st GEE,1st ST,Yuvraj Lidder,10,,1,22,2.20,0
1,3rd,1st GEE vs 1st ST,1st GEE,1st ST,Aga Danish Hussain,17,,4,52,3.05,2
1,3rd,1st GEE vs 1st ST,1st GEE,1st ST,Dinuk de Silva,25,,13,45,1.80,0
1,3rd,1st GEE vs 1st ST,1st GEE,1st ST,Tom Deighton,15,,2,65,4.33,0
1,3rd,1st GEE vs 1st ST,1st GEE,1st ST,Jobe Kennedy,12.4,,1,40,3.15,0
1,3rd,1st GEE vs 1st ST,1st GEE,1st ST,Luke Ashen,2,,1,2,1.00,0
1,3rd,1st GEE vs 1st ST,1st ST,1st GEE,Will Rodda,12.5,,5,30,2.33,0
1,3rd,1st GEE vs 1st ST,1st ST,1st GEE,Lachlan Watson,5,,0,24,4.80,0
1,3rd,1st GEE vs 1st ST,1st ST,1st GEE,Toby Cunningham,20,,8,25,1.25,0
1,3rd,1st GEE vs 1st ST,1st ST,1st GEE,Paawan Sharma,26,,4,58,2.23,0
1,3rd,1st GEE vs 1st ST,1st ST,1st GEE,Ted Bain,1,,0,4,4.00,0
2,3rd,1st GEE vs 1st FIT,1st GEE,1st FIT,Rahul Surendran,18,,6,30,1.66,0
2,3rd,1st GEE vs 1st FIT,1st GEE,1st FIT,Addison Forbes,17,,8,26,1.52,0
2,3rd,1st GEE vs 1st FIT,1st GEE,1st FIT,Miller Childs,8.3,,1,33,3.88,0
2,3rd,1st GEE vs 1st FIT,1st GEE,1st FIT,Edison Waghorn,19,,4,50,2.63,0
2,3rd,1st GEE vs 1st FIT,1st GEE,1st FIT,Joseph Dossor,10,,1,26,2.60,0
2,3rd,1st GEE vs 1st FIT,1st FIT,1st GEE,Will Rodda,24,,9,45,1.87,0
2,3rd,1st GEE vs 1st FIT,1st FIT,1st GEE,Lachlan Watson,14,,3,37,2.64,0
2,3rd,1st GEE vs 1st FIT,1st FIT,1st GEE,Monty Maloney,2,,0,20,10.00,0
2,3rd,1st GEE vs 1st FIT,1st FIT,1st GEE,Paawan Sharma,25.1,,6,31,1.23,0
2,3rd,1st GEE vs 1st FIT,1st FIT,1st GEE,Toby Cunningham,2,,0,20,10.00,0
2,3rd,1st GEE vs 1st FIT,2nd GEE,1st GEE,Rahul Surendran,4,,0,18,4.50,0
2,3rd,1st GEE vs 1st FIT,2nd GEE,1st GEE,Addison Forbes,4,,0,14,3.50,0
2,3rd,1st MEL vs 1st RIN,1st MEL,1st RIN,Jarryd Cameron,21.1,,3,66,3.11,1
2,3rd,1st MEL vs 1st RIN,1st MEL,1st RIN,Isaac Macklin,21,,4,65,3.09,1
2,3rd,1st MEL vs 1st RIN,1st MEL,1st RIN,Michain Premaratne,13,,2,50,3.84,0
2,3rd,1st MEL vs 1st RIN,1st MEL,1st RIN,Zachary Seal,10,,1,39,3.90,1
2,3rd,1st MEL vs 1st RIN,1st MEL,1st RIN,Charlie Moore,17,,3,58,3.41,0
2,3rd,1st MEL vs 1st RIN,1st MEL,1st RIN,Xavier Noonan,11,,2,49,4.45,0
2,3rd,1st MEL vs 1st RIN,1st MEL,1st RIN,Trent Wynne,3,,0,17,5.66,0
2,3rd,1st MEL vs 1st RIN,1st RIN,1st MEL,Isaac Bepey,9,,2,31,3.44,0
2,3rd,1st MEL vs 1st RIN,1st RIN,1st MEL,Thomas Cesaro,5,,1,25,5.00,0
2,3rd,1st MEL vs 1st RIN,1st RIN,1st MEL,Nicholas Xavier,6,,2,14,2.33,0
2,3rd,1st MEL vs 1st RIN,1st RIN,1st MEL,Sam Anderson,6,,1,27,4.50,0
2,3rd,1st MEL vs 1st RIN,1st RIN,1st MEL,Kyle Williamson,6,,3,8,1.33,0
2,3rd,1st MEL vs 1st RIN,1st RIN,1st MEL,Samuel Field,2.3,,0,8,3.20,0
3,3rd,1st MEL vs 1st GEE,1st MEL,1st GEE,Will Rodda,24,,5,80,3.33,0
3,3rd,1st MEL vs 1st GEE,1st MEL,1st GEE,Kyle Bienefelt,25,,4,70,2.80,0
3,3rd,1st MEL vs 1st GEE,1st MEL,1st GEE,Lachlan Watson,17,,3,60,3.52,0
3,3rd,1st MEL vs 1st GEE,1st MEL,1st GEE,Paawan Sharma,28,,5,76,2.71,0
3,3rd,1st MEL vs 1st GEE,1st MEL,1st GEE,Toby Cunningham,9,,3,17,1.88,0
3,3rd,1st MEL vs 1st GEE,1st MEL,1st GEE,Monty Maloney,3,,0,18,6.00,0
3,3rd,1st MEL vs 1st GEE,1st GEE,1st MEL,Isaac Bepey,10,,0,48,4.80,1
3,3rd,1st MEL vs 1st GEE,1st GEE,1st MEL,Thomas Cesaro,10,,2,27,2.70,1
3,3rd,1st MEL vs 1st GEE,1st GEE,1st MEL,Nicholas Xavier,2,,0,8,4.00,0
3,3rd,1st MEL vs 1st GEE,1st GEE,1st MEL,Sam Anderson,7,,1,33,4.71,0
3,3rd,1st MEL vs 1st GEE,1st GEE,1st MEL,Kyle Williamson,29,,1,82,2.82,0
3,3rd,1st MEL vs 1st GEE,1st GEE,1st MEL,Samuel Field,22,,1,77,3.50,0
3,3rd,1st MEL vs 1st GEE,1st GEE,1st MEL,Kyle Parrott,2,,0,7,3.50,0
4,3rd,GEE vs MEL,GEE,MEL,Isaac Bepey,4,,3,3,0.75,1
4,3rd,GEE vs MEL,GEE,MEL,Joshua Driscoll,9,,1,35,3.88,1
4,3rd,GEE vs MEL,GEE,MEL,Trent Thompson,7,,0,46,6.57,10
4,3rd,GEE vs MEL,GEE,MEL,Sam Anderson,9,,1,30,3.33,2
4,3rd,GEE vs MEL,GEE,MEL,Rishi Desai,6,,0,34,5.66,3
4,3rd,GEE vs MEL,GEE,MEL,Kyle Williamson,7,,0,42,6.00,3
4,3rd,GEE vs MEL,GEE,MEL,Brendan Reddell,3,,0,16,5.33,0
4,3rd,GEE vs MEL,MEL,GEE,Lachlan Watson,7,,0,41,5.85,1
4,3rd,GEE vs MEL,MEL,GEE,Kyle Bienefelt,7.4,,0,21,2.73,3
4,3rd,GEE vs MEL,MEL,GEE,Sam Croft,6,,1,12,2.00,0
4,3rd,GEE vs MEL,MEL,GEE,Ted Bain,9,,1,37,4.11,1
4,3rd,GEE vs MEL,MEL,GEE,Toby Cunningham,8,,1,36,4.50,0
4,3rd,CAM vs KIN,CAM,KIN,Jamie Moraitis,8,,2,29,3.62,0
4,3rd,CAM vs KIN,CAM,KIN,Kovid Katta,6,,0,32,5.33,3
4,3rd,CAM vs KIN,CAM,KIN,Arunkarthik Mannarsamy,9,,1,26,2.88,1
4,3rd,CAM vs KIN,CAM,KIN,Bradley Stow,6,,0,20,3.33,0
4,3rd,CAM vs KIN,CAM,KIN,Gurdarshan Kaushik,7,,1,33,4.71,1
4,3rd,CAM vs KIN,CAM,KIN,Anurag Thakur,9,,0,48,5.33,0
4,3rd,CAM vs KIN,KIN,CAM,Andrew Procopiou,5,,0,21,4.20,2
4,3rd,CAM vs KIN,KIN,CAM,Ronit Rehal,8,,3,15,1.87,0
4,3rd,CAM vs KIN,KIN,CAM,Lucas Jones,9,,1,29,3.22,1
4,3rd,CAM vs KIN,KIN,CAM,DAKSH SAINI,8,,1,46,5.75,0
4,3rd,CAM vs KIN,KIN,CAM,Simarjit Pawar,7,,0,27,3.85,2
4,3rd,CAM vs KIN,KIN,CAM,Adam Rixon,8,,0,46,5.75,1
4,3rd,FIT vs RIN,FIT,RIN,Jarryd Cameron,9,,1,67,7.44,1
4,3rd,FIT vs RIN,FIT,RIN,Ezra Horneman,8,,0,41,5.12,3
4,3rd,FIT vs RIN,FIT,RIN,Isaac Macklin,9,,0,41,4.55,2
4,3rd,FIT vs RIN,FIT,RIN,Lachlan Payne,6,,0,40,6.66,0
4,3rd,FIT vs RIN,FIT,RIN,Xavier Noonan,5,,0,40,8.00,0
4,3rd,FIT vs RIN,FIT,RIN,Matthew Mountain,8,,0,53,6.62,2
4,3rd,FIT vs RIN,RIN,FIT,Addison Forbes,6,,0,38,6.33,1
4,3rd,FIT vs RIN,RIN,FIT,Nicholas Sheridan,7.5,,1,35,4.46,0
4,3rd,FIT vs RIN,RIN,FIT,Joel Maaskant,6,,0,22,3.66,1
4,3rd,FIT vs RIN,RIN,FIT,Alex Cole,3,,0,28,9.33,1
4,3rd,FIT vs RIN,RIN,FIT,Blake Podesta,3,,0,19,6.33,6
4,3rd,FIT vs RIN,RIN,FIT,Joseph Dossor,7,,0,36,5.14,0
4,3rd,FIT vs RIN,RIN,FIT,Ronan Culloty,9,,0,38,4.22,0
4,3rd,DAN vs MEL,DAN,MEL,Alex Ingpen,7,,0,49,7.00,4
4,3rd,DAN vs MEL,DAN,MEL,Jacob Stevenson,9,,1,59,6.55,6
4,3rd,DAN vs MEL,DAN,MEL,Tharindu Perera,7,,0,54,7.71,6
4,3rd,DAN vs MEL,DAN,MEL,Rowan Jesper,8,,0,59,7.37,0
4,3rd,DAN vs MEL,DAN,MEL,Brodie O'Donnell,9,,0,35,3.88,1
4,3rd,DAN vs MEL,DAN,MEL,Naman Sharma,2,,0,14,7.00,0
4,3rd,DAN vs MEL,MEL,DAN,Neil D'Souza,1,,0,7,7.00,4
4,3rd,DAN vs MEL,MEL,DAN,Rikhil Bharadwaj,6.3,,0,29,4.46,3
4,3rd,DAN vs MEL,MEL,DAN,Parth Hirani,9,,1,42,4.66,0
4,3rd,DAN vs MEL,MEL,DAN,Rohan Chandel,9,,0,45,5.00,2
4,3rd,DAN vs MEL,MEL,DAN,Sayed Rihan,6,,1,22,3.66,0
4,3rd,DAN vs MEL,MEL,DAN,Thenuka Perera,4,,0,23,5.75,1
4,3rd,DAN vs MEL,MEL,DAN,Liam Antonello,3,,0,19,6.33,0
4,3rd,FOO vs NOR,FOO,NOR,Ryan Siede,9,,1,35,3.88,1
4,3rd,FOO vs NOR,FOO,NOR,Zac Mills,5,,0,57,11.40,2
4,3rd,FOO vs NOR,FOO,NOR,Connor Burchall,9,,0,35,3.88,2
4,3rd,FOO vs NOR,FOO,NOR,Tremayne Ryder,9,,1,52,5.77,3
4,3rd,FOO vs NOR,FOO,NOR,Earl Dicesare,9,,0,29,3.22,2
4,3rd,FOO vs NOR,FOO,NOR,Qasim Khan,4,,0,32,8.00,6
4,3rd,FOO vs NOR,NOR,FOO,Aiden D'Souza,5.3,,0,59,10.72,2
4,3rd,FOO vs NOR,NOR,FOO,Stewart Wilson,9,,0,41,4.55,3
4,3rd,FOO vs NOR,NOR,FOO,Karthikeya Rallapalli,9,,0,33,3.66,2
4,3rd,FOO vs NOR,NOR,FOO,Harshal S Suresh,9,,0,37,4.11,0
4,3rd,FOO vs NOR,NOR,FOO,Lachlan Campbell,4,,0,29,7.25,2
4,3rd,FOO vs NOR,NOR,FOO,Riyan Bhasin,5,,0,26,5.20,3
4,3rd,FOO vs NOR,NOR,FOO,Ryder obrien,1,,0,17,17.00,0
4,3rd,CAS vs ST,CAS,ST,Walter Jackson,7,,1,24,3.42,5
4,3rd,CAS vs ST,CAS,ST,Orlando Pender,6,,0,44,7.33,3
4,3rd,CAS vs ST,CAS,ST,Yuvraj Lidder,6,,0,29,4.83,2
4,3rd,CAS vs ST,CAS,ST,Aga Danish Hussain,9,,1,33,3.66,4
4,3rd,CAS vs ST,CAS,ST,Tom Deighton,9,,0,37,4.11,1
4,3rd,CAS vs ST,CAS,ST,Jobe Kennedy,8,,0,38,4.75,0
4,3rd,CAS vs ST,ST,CAS,Matthew Blanch,8.1,,0,56,6.85,10
4,3rd,CAS vs ST,ST,CAS,Nate Murphy,8,,0,44,5.50,1
4,3rd,CAS vs ST,ST,CAS,Krishna Sridhar,7,,0,34,4.85,2
4,3rd,CAS vs ST,ST,CAS,Rison Wickramasurendra,9,,1,31,3.44,0
4,3rd,CAS vs ST,ST,CAS,Neville Avari,9,,0,26,2.88,2
4,3rd,CAS vs ST,ST,CAS,Aaron Blanch,3,,0,15,5.00,0
4,3rd,PRA vs ESS,PRA,ESS,Agamjot Sandhu,4,,0,27,6.75,4
4,3rd,PRA vs ESS,PRA,ESS,Arin Mishra,9,,0,65,7.22,2
4,3rd,PRA vs ESS,PRA,ESS,Paramvir Singh,9,,0,46,5.11,0
4,3rd,PRA vs ESS,PRA,ESS,Krit Darji,9,,1,41,4.55,0
4,3rd,PRA vs ESS,PRA,ESS,Jacob Pawlowicz,9,,1,29,3.22,0
4,3rd,PRA vs ESS,PRA,ESS,Jasper Wilson-Keir,5,,0,31,6.20,0
4,3rd,PRA vs ESS,ESS,PRA,Nigel K Munasinghe,4,,0,19,4.75,4
4,3rd,PRA vs ESS,ESS,PRA,Hamish Braden,5,,0,44,8.80,9
4,3rd,PRA vs ESS,ESS,PRA,Nicholas Graves,8,,0,58,7.25,2
4,3rd,PRA vs ESS,ESS,PRA,Saksham Kapoor,9,,0,32,3.55,2
4,3rd,PRA vs ESS,ESS,PRA,Nathan A Munasinghe,9,,0,36,4.00,0
4,3rd,PRA vs ESS,ESS,PRA,Liam McGain,9,,0,52,5.77,1
4,3rd,GRE vs FRA,GRE,FRA,Aaron McIlroy,9,,2,19,2.11,1
4,3rd,GRE vs FRA,GRE,FRA,Jared Gibbs,9,,1,26,2.88,0
4,3rd,GRE vs FRA,GRE,FRA,Jack Hay,7.1,,1,23,3.20,0
4,3rd,GRE vs FRA,GRE,FRA,Talal Shahzad,7,,0,21,3.00,0
4,3rd,GRE vs FRA,GRE,FRA,Jye Dignan,9,,1,24,2.66,2
4,3rd,GRE vs FRA,GRE,FRA,Matthew Stone,3,,0,22,7.33,0
4,3rd,GRE vs FRA,FRA,GRE,Lueder de Podolinsky,7,,1,24,3.42,0
4,3rd,GRE vs FRA,FRA,GRE,Eshann Singh,9,,1,22,2.44,0
4,3rd,GRE vs FRA,FRA,GRE,Xavier Cooknell,6,,0,28,4.66,5
4,3rd,GRE vs FRA,FRA,GRE,Ali Saleemi,4,,0,33,8.25,0
4,3rd,GRE vs FRA,FRA,GRE,Muhammad Taha Rabbani,4,,0,14,3.50,1
4,3rd,GRE vs FRA,FRA,GRE,Rikard Friedrich,2,,0,18,9.00,0
4,3rd,RIC vs CAR,RIC,CAR,Ashley Ward,9,,1,51,5.66,4
4,3rd,RIC vs CAR,RIC,CAR,Vincent Bush,8,,0,38,4.75,2
4,3rd,RIC vs CAR,RIC,CAR,Todd Marchant,9,,1,26,2.88,2
4,3rd,RIC vs CAR,RIC,CAR,Nicholas Brennan,9,,0,39,4.33,6
4,3rd,RIC vs CAR,RIC,CAR,Jujhar Singh Tamber,9,,0,55,6.11,0
4,3rd,RIC vs CAR,RIC,CAR,Jack Atkinson,1,,0,4,4.00,0
4,3rd,RIC vs CAR,CAR,RIC,Lachlan Giblett,0,,0,0,0.00,0
4,3rd,RIC vs CAR,CAR,RIC,Ethan Lovell,9,,0,36,4.00,1
4,3rd,RIC vs CAR,CAR,RIC,Charlie Wigney,6.4,,0,20,3.00,2
4,3rd,RIC vs CAR,CAR,RIC,Caiden Dobson,9,,1,29,3.22,0
4,3rd,RIC vs CAR,CAR,RIC,Navnith Satyan,5,,0,23,4.60,0
4,3rd,RIC vs CAR,CAR,RIC,Ethan Kolaritsch,9,,0,52,5.77,0
4,3rd,RIC vs CAR,CAR,RIC,Ethan Loy-Abrahams,4,,1,26,6.50,0
5,3rd,ST vs FIT,ST,FIT,Addison Forbes,3,,0,42,14.00,3
5,3rd,ST vs FIT,ST,FIT,Nicholas Sheridan,4,,0,24,6.00,0
5,3rd,ST vs FIT,ST,FIT,Blake Podesta,3,,0,12,4.00,1
5,3rd,ST vs FIT,ST,FIT,Joel Maaskant,9,,1,26,2.88,1
5,3rd,ST vs FIT,ST,FIT,Joseph Dossor,9,,2,20,2.22,0
5,3rd,ST vs FIT,ST,FIT,Lachlan Rees,9,,0,44,4.88,0
5,3rd,ST vs FIT,ST,FIT,Ronan Culloty,8,,0,37,4.62,0
5,3rd,ST vs FIT,FIT,ST,Orlando Pender,5,,0,44,8.80,2
5,3rd,ST vs FIT,FIT,ST,Walter Jackson,7,,1,24,3.42,0
5,3rd,ST vs FIT,FIT,ST,Yuvraj Lidder,4,,0,16,4.00,2
5,3rd,ST vs FIT,FIT,ST,Aga Danish Hussain,9,,1,50,5.55,3
5,3rd,ST vs FIT,FIT,ST,Dinuk de Silva,9,,1,22,2.44,0
5,3rd,ST vs FIT,FIT,ST,Tom Deighton,7.3,,0,53,7.06,1
5,3rd,GEE vs RIC,GEE,RIC,Charlie Wigney,9,,1,35,3.88,1
5,3rd,GEE vs RIC,GEE,RIC,Ethan Lovell,9,,0,52,5.77,3
5,3rd,GEE vs RIC,GEE,RIC,Caiden Dobson,9,,1,33,3.66,1
5,3rd,GEE vs RIC,GEE,RIC,Jackson Reed,3,,0,27,9.00,0
5,3rd,GEE vs RIC,GEE,RIC,Ethan Loy-Abrahams,7,,0,38,5.42,0
5,3rd,GEE vs RIC,GEE,RIC,Ethan Kolaritsch,8,,0,33,4.12,2
5,3rd,GEE vs RIC,RIC,GEE,Lachlan Watson,7,,0,30,4.28,0
5,3rd,GEE vs RIC,RIC,GEE,Kyle Bienefelt,9,,0,37,4.11,3
5,3rd,GEE vs RIC,RIC,GEE,Sam Croft,9,,0,31,3.44,0
5,3rd,GEE vs RIC,RIC,GEE,Monty Maloney,8,,0,39,4.87,1
5,3rd,GEE vs RIC,RIC,GEE,Ted Bain,9,,0,28,3.11,0
5,3rd,GEE vs RIC,RIC,GEE,Toby Cunningham,3,,0,8,2.66,0
5,3rd,CAM vs NOR,CAM,NOR,Ryan Siede,9,,1,36,4.00,1
5,3rd,CAM vs NOR,CAM,NOR,Connor Burchall,9,,0,62,6.88,3
5,3rd,CAM vs NOR,CAM,NOR,Zac Mills,9,,1,49,5.44,3
5,3rd,CAM vs NOR,CAM,NOR,Tremayne Ryder,9,,1,58,6.44,3
5,3rd,CAM vs NOR,CAM,NOR,Qasim Khan,9,,0,44,4.88,3
5,3rd,CAM vs NOR,NOR,CAM,Ronit Rehal,9,,1,48,5.33,3
5,3rd,CAM vs NOR,NOR,CAM,Simarjit Pawar,8,,0,46,5.75,4
5,3rd,CAM vs NOR,NOR,CAM,DAKSH SAINI,9,,2,31,3.44,1
5,3rd,CAM vs NOR,NOR,CAM,Benjamin Excell,9,,0,50,5.55,0
5,3rd,CAM vs NOR,NOR,CAM,Lucas Jones,7,,1,13,1.85,2
5,3rd,CAM vs NOR,NOR,CAM,Anthony Stubbs,3,,0,12,4.00,1
5,3rd,FOO vs MEL,FOO,MEL,Thomas Kenny,6,,1,37,6.16,3
5,3rd,FOO vs MEL,FOO,MEL,Charlie Wolf,8,,1,45,5.62,0
5,3rd,FOO vs MEL,FOO,MEL,Trent Thompson,8,,1,46,5.75,4
5,3rd,FOO vs MEL,FOO,MEL,Kyle Williamson,5,,1,20,4.00,0
5,3rd,FOO vs MEL,FOO,MEL,Samuel Field,9,,0,34,3.77,0
5,3rd,FOO vs MEL,FOO,MEL,Rishi Desai,9,,1,26,2.88,2
5,3rd,FOO vs MEL,MEL,FOO,Stewart Wilson,8.5,,1,28,3.16,1
5,3rd,FOO vs MEL,MEL,FOO,Aiden D'Souza,6,,1,31,5.16,0
5,3rd,FOO vs MEL,MEL,FOO,Karthikeya Rallapalli,6,,0,35,5.83,1
5,3rd,FOO vs MEL,MEL,FOO,Harshal S Suresh,9,,0,45,5.00,2
5,3rd,FOO vs MEL,MEL,FOO,Tanish Taneja,6,,0,43,7.16,1
5,3rd,FOO vs MEL,MEL,FOO,Traveen Pandithakoralege,4,,0,33,8.25,0
5,3rd,CAS vs DAN,CAS,DAN,Rikhil Bharadwaj,6,,0,38,6.33,7
5,3rd,CAS vs DAN,CAS,DAN,Parth Hirani,8,,1,29,3.62,4
5,3rd,CAS vs DAN,CAS,DAN,Neil D'Souza,4,,0,21,5.25,4
5,3rd,CAS vs DAN,CAS,DAN,Rohan Chandel,9,,1,28,3.11,0
5,3rd,CAS vs DAN,CAS,DAN,Nathan Giove,8,,0,40,5.00,2
5,3rd,CAS vs DAN,CAS,DAN,Thenuka Perera,5,,0,24,4.80,3
5,3rd,CAS vs DAN,CAS,DAN,Nisith Amarasinghe,5,,0,23,4.60,1
5,3rd,CAS vs DAN,DAN,CAS,Matthew Blanch,8,,0,27,3.37,3
5,3rd,CAS vs DAN,DAN,CAS,Krishna Sridhar,6,,1,24,4.00,1
5,3rd,CAS vs DAN,DAN,CAS,Nate Murphy,5.5,,0,28,4.80,3
5,3rd,CAS vs DAN,DAN,CAS,Rison Wickramasurendra,9,,0,38,4.22,0
5,3rd,CAS vs DAN,DAN,CAS,Siddharth Neelakantan,2,,0,18,9.00,1
5,3rd,CAS vs DAN,DAN,CAS,Neville Avari,8,,0,42,5.25,0
5,3rd,CAS vs DAN,DAN,CAS,Aaron Blanch,6,,0,29,4.83,1
5,3rd,ESS vs KIN,ESS,KIN,Kovid Katta,9,,2,46,5.11,7
5,3rd,ESS vs KIN,ESS,KIN,Bradley Stow,6,,0,25,4.16,1
5,3rd,ESS vs KIN,ESS,KIN,Keiran Mant,6,,1,14,2.33,2
5,3rd,ESS vs KIN,ESS,KIN,Abhishek Jain,9,,2,30,3.33,0
5,3rd,ESS vs KIN,ESS,KIN,Anurag Thakur,8,,0,43,5.37,3
5,3rd,ESS vs KIN,ESS,KIN,Gurdarshan Kaushik,4,,0,19,4.75,0
5,3rd,ESS vs KIN,ESS,KIN,Arunkarthik Mannarsamy,3,,1,18,6.00,0
5,3rd,ESS vs KIN,KIN,ESS,Paramvir Singh,8,,1,46,5.75,1
5,3rd,ESS vs KIN,KIN,ESS,Arin Mishra,7,,0,28,4.00,2
5,3rd,ESS vs KIN,KIN,ESS,Jessraj Badhaan,1,,0,6,6.00,0
5,3rd,ESS vs KIN,KIN,ESS,Jasper Wilson-Keir,1,,0,9,9.00,5
5,3rd,ESS vs KIN,KIN,ESS,Aaron Cornish,8,,0,43,5.37,0
5,3rd,ESS vs KIN,KIN,ESS,Muhammad Abdul Wasay,8,,0,37,4.62,3
5,3rd,ESS vs KIN,KIN,ESS,Krit Darji,9,,0,32,3.55,0
5,3rd,ESS vs KIN,KIN,ESS,Zachary Beniwal,0.3,,0,1,2.00,0
5,3rd,FRA vs PRA,FRA,PRA,Nigel K Munasinghe,9,,0,33,3.66,2
5,3rd,FRA vs PRA,FRA,PRA,Nicholas Graves,8,,0,41,5.12,1
5,3rd,FRA vs PRA,FRA,PRA,Parth Rath,9,,1,24,2.66,2
5,3rd,FRA vs PRA,FRA,PRA,William Collins,5,,0,32,6.40,0
5,3rd,FRA vs PRA,FRA,PRA,Saksham Kapoor,9,,0,35,3.88,3
5,3rd,FRA vs PRA,FRA,PRA,Nathan A Munasinghe,5,,0,19,3.80,1
5,3rd,FRA vs PRA,PRA,FRA,Aaron McIlroy,9,,0,41,4.55,5
5,3rd,FRA vs PRA,PRA,FRA,Jared Gibbs,9,,0,60,6.66,0
5,3rd,FRA vs PRA,PRA,FRA,Talal Shahzad,8.2,,2,29,3.48,1
5,3rd,FRA vs PRA,PRA,FRA,Lachlan Curtis,9,,1,32,3.55,0
5,3rd,FRA vs PRA,PRA,FRA,Joe Paulas,9,,1,27,3.00,2
5,3rd,MEL vs CAR,MEL,CAR,Leo Dench,9,,0,37,4.11,3
5,3rd,MEL vs CAR,MEL,CAR,Vincent Bush,9,,0,38,4.22,2
5,3rd,MEL vs CAR,MEL,CAR,Todd Marchant,9,,0,40,4.44,4
5,3rd,MEL vs CAR,MEL,CAR,Nicholas Brennan,9,,0,36,4.00,3
5,3rd,MEL vs CAR,MEL,CAR,Jujhar Singh Tamber,9,,0,46,5.11,0
5,3rd,MEL vs CAR,MEL,CAR,Izan Shaikh,0,,0,0,0.00,0
5,3rd,MEL vs CAR,MEL,CAR,Harry Simpson,0,,0,0,0.00,0
5,3rd,MEL vs CAR,CAR,MEL,Hunter Kremer-Slevin,4,,1,22,5.50,1
5,3rd,MEL vs CAR,CAR,MEL,Jacob Stevenson,9,,0,49,5.44,3
5,3rd,MEL vs CAR,CAR,MEL,Rowan Jesper,7,,0,52,7.42,3
5,3rd,MEL vs CAR,CAR,MEL,Alex Ingpen,7,,0,20,2.85,0
5,3rd,MEL vs CAR,CAR,MEL,Will Waters,9,,1,28,3.11,0
5,3rd,MEL vs CAR,CAR,MEL,Brodie O'Donnell,9,,0,26,2.88,0
5,3rd,MEL vs CAR,CAR,MEL,Naman Sharma,0,,0,0,0.00,0
5,3rd,MEL vs CAR,CAR,MEL,Andrew Young,0,,0,0,0.00,0
5,3rd,MEL vs CAR,CAR,MEL,Ali Khan,0,,0,0,0.00,0
5,3rd,MEL vs CAR,CAR,MEL,Connor Hastings,0,,0,0,0.00,0
5,3rd,GRE vs RIN,GRE,RIN,Jarryd Cameron,9,,0,36,4.00,4
5,3rd,GRE vs RIN,GRE,RIN,Ezra Horneman,9,,0,47,5.22,1
5,3rd,GRE vs RIN,GRE,RIN,Isaac Macklin,8,,1,31,3.87,2
5,3rd,GRE vs RIN,GRE,RIN,Zachary Seal,7,,0,36,5.14,3
5,3rd,GRE vs RIN,GRE,RIN,Paawan Dave,2,,0,17,8.50,1
5,3rd,GRE vs RIN,GRE,RIN,Matthew Mountain,3,,0,24,8.00,0
5,3rd,GRE vs RIN,GRE,RIN,Xavier Noonan,7,,1,36,5.14,0
5,3rd,GRE vs RIN,RIN,GRE,Samuel Clark,9,,1,56,6.22,4
5,3rd,GRE vs RIN,RIN,GRE,Lueder de Podolinsky,3,,1,30,10.00,0
5,3rd,GRE vs RIN,RIN,GRE,Chandramauli Sridev,7.2,,1,38,5.18,0
5,3rd,GRE vs RIN,RIN,GRE,Xavier Cooknell,6,,1,26,4.33,0
5,3rd,GRE vs RIN,RIN,GRE,Eshann Singh,9,,1,36,4.00,0
5,3rd,GRE vs RIN,RIN,GRE,Angus Webb,4,,0,29,7.25,1
5,3rd,GRE vs RIN,RIN,GRE,Muhammad Taha Rabbani,2,,0,14,7.00,0
6,3rd,CAM vs GRE,CAM,GRE,Samuel Clark,7,,1,26,3.71,2
6,3rd,CAM vs GRE,CAM,GRE,Lueder de Podolinsky,6,,1,14,2.33,1
6,3rd,CAM vs GRE,CAM,GRE,Chandramauli Sridev,7,,1,31,4.42,0
6,3rd,CAM vs GRE,CAM,GRE,Xavier Cooknell,7,,2,21,3.00,3
6,3rd,CAM vs GRE,CAM,GRE,Eshann Singh,6,,1,27,4.50,0
6,3rd,CAM vs GRE,GRE,CAM,Simarjit Pawar,5.4,,0,25,4.41,4
6,3rd,CAM vs GRE,GRE,CAM,Ronit Rehal,5,,0,36,7.20,3
6,3rd,CAM vs GRE,GRE,CAM,Andrew Procopiou,7,,1,26,3.71,3
6,3rd,CAM vs GRE,GRE,CAM,Adam Rixon,7,,1,31,4.42,5
6,3rd,CAM vs GRE,GRE,CAM,Lucas Jones,7,,1,16,2.28,2
6,3rd,ESS vs RIN,ESS,RIN,Jarryd Cameron,6,,1,39,6.50,3
6,3rd,ESS vs RIN,ESS,RIN,Ezra Horneman,6,,1,27,4.50,0
6,3rd,ESS vs RIN,ESS,RIN,Lachlan Payne,5,,0,38,7.60,2
6,3rd,ESS vs RIN,ESS,RIN,Isaac Macklin,5,,0,42,8.40,2
6,3rd,ESS vs RIN,ESS,RIN,Xavier Noonan,3,,0,31,10.33,0
6,3rd,ESS vs RIN,ESS,RIN,Matthew Mountain,5,,1,22,4.40,1
6,3rd,ESS vs RIN,RIN,ESS,Paramvir Singh,2,,0,36,18.00,2
6,3rd,ESS vs RIN,RIN,ESS,Arin Mishra,6,,1,39,6.50,3
6,3rd,ESS vs RIN,RIN,ESS,Agamjot Sandhu,6,,0,44,7.33,2
6,3rd,ESS vs RIN,RIN,ESS,Heath doherty,6,,0,30,5.00,4
6,3rd,ESS vs RIN,RIN,ESS,Aaron Cornish,6,,0,16,2.66,0
6,3rd,ESS vs RIN,RIN,ESS,Muhammad Abdul Wasay,4,,0,31,7.75,0
6,3rd,GEE vs KIN,GEE,KIN,Kovid Katta,5,,0,24,4.80,1
6,3rd,GEE vs KIN,GEE,KIN,Bradley Stow,4,,0,17,4.25,0
6,3rd,GEE vs KIN,GEE,KIN,Abhishek Jain,6,,0,34,5.66,0
6,3rd,GEE vs KIN,GEE,KIN,Arunkarthik Mannarsamy,6,,0,31,5.16,0
6,3rd,GEE vs KIN,GEE,KIN,Gurdarshan Kaushik,4,,0,30,7.50,2
6,3rd,GEE vs KIN,GEE,KIN,Anurag Thakur,5,,0,39,7.80,1
6,3rd,GEE vs KIN,KIN,GEE,Parth Patel,1,,0,15,15.00,10
6,3rd,GEE vs KIN,KIN,GEE,Lachlan Watson,5.3,,0,36,6.54,1
6,3rd,GEE vs KIN,KIN,GEE,Sam Croft,6,,0,36,6.00,0
6,3rd,GEE vs KIN,KIN,GEE,Monty Maloney,5,,0,34,6.80,1
6,3rd,GEE vs KIN,KIN,GEE,Oscar Agg,2,,0,14,7.00,0
6,3rd,GEE vs KIN,KIN,GEE,Toby Cunningham,6,,0,20,3.33,0
6,3rd,GEE vs KIN,KIN,GEE,Joshua Mastin,4,,0,24,6.00,0
6,3rd,FIT vs CAS,FIT,CAS,Tristan Booth,8,,0,32,4.00,0
6,3rd,FIT vs CAS,FIT,CAS,Krishna Sridhar,4,,0,23,5.75,3
6,3rd,FIT vs CAS,FIT,CAS,Matthew Blanch,9,,1,37,4.11,1
6,3rd,FIT vs CAS,FIT,CAS,Nate Murphy,8,,0,51,6.37,1
6,3rd,FIT vs CAS,FIT,CAS,Neville Avari,9,,1,22,2.44,0
6,3rd,FIT vs CAS,FIT,CAS,Rison Wickramasurendra,7,,0,34,4.85,0
6,3rd,FIT vs CAS,CAS,FIT,Harry Smith,7,,1,16,2.28,1
6,3rd,FIT vs CAS,CAS,FIT,Addison Forbes,6.1,,2,7,1.13,3
6,3rd,FIT vs CAS,CAS,FIT,Joseph Dossor,7,,0,31,4.42,0
6,3rd,FIT vs CAS,CAS,FIT,Joel Maaskant,9,,0,29,3.22,3
6,3rd,FIT vs CAS,CAS,FIT,Lachlan Rees,6,,0,19,3.16,1
6,3rd,FIT vs CAS,CAS,FIT,Lachlan Green,5,,0,24,4.80,1
6,3rd,FIT vs CAS,CAS,FIT,Angus Roach,2,,0,13,6.50,0
7,3rd,CAM vs FIT,CAM,FIT,Harry Smith,4,,0,24,6.00,0
7,3rd,CAM vs FIT,CAM,FIT,Rahul Surendran,4,,0,24,6.00,1
7,3rd,CAM vs FIT,CAM,FIT,Addison Forbes,4,,0,33,8.25,1
7,3rd,CAM vs FIT,CAM,FIT,Joseph Dossor,2,,0,9,4.50,0
7,3rd,CAM vs FIT,CAM,FIT,Lachlan Rees,3,,0,17,5.66,0
7,3rd,CAM vs FIT,CAM,FIT,Joel Maaskant,3,,0,18,6.00,0
7,3rd,CAM vs FIT,FIT,CAM,Andrew Procopiou,3.1,,0,13,4.10,2
7,3rd,CAM vs FIT,FIT,CAM,Christopher Gorman,4,,0,20,5.00,3
7,3rd,CAM vs FIT,FIT,CAM,Lucas Jones,1,,0,8,8.00,0
7,3rd,CAM vs FIT,FIT,CAM,Simarjit Pawar,2,,0,23,11.50,3
7,3rd,CAM vs FIT,FIT,CAM,Thomas Vanderslik,4,,0,20,5.00,0
7,3rd,CAM vs FIT,FIT,CAM,Adam Rixon,1,,0,20,20.00,0
7,3rd,CAM vs FIT,FIT,CAM,Anthony Stubbs,3,,0,20,6.66,2
7,3rd,FRA vs MEL,FRA,MEL,Hunter Kremer-Slevin,3,,0,11,3.66,1
7,3rd,FRA vs MEL,FRA,MEL,Jacob Stevenson,3,,1,14,4.66,0
7,3rd,FRA vs MEL,FRA,MEL,Harshit Takkar,3,,0,19,6.33,1
7,3rd,FRA vs MEL,FRA,MEL,Brodie O'Donnell,4,,0,16,4.00,0
7,3rd,FRA vs MEL,FRA,MEL,Alex Ingpen,3,,0,11,3.66,0
7,3rd,FRA vs MEL,FRA,MEL,Will Waters,1,,0,7,7.00,0
7,3rd,FRA vs MEL,MEL,FRA,Aaron McIlroy,1,,0,11,11.00,5
7,3rd,FRA vs MEL,MEL,FRA,Aryandeep Singh,1.5,,0,13,7.09,1
7,3rd,FRA vs MEL,MEL,FRA,Jared Gibbs,3,,0,14,4.66,1
7,3rd,FRA vs MEL,MEL,FRA,Talal Shahzad,2,,0,12,6.00,1
7,3rd,FRA vs MEL,MEL,FRA,Tanush Nandini,3,,0,12,4.00,0
7,3rd,FRA vs MEL,MEL,FRA,Harish Salwathura,1,,0,9,9.00,0
7,3rd,FOO vs DAN,FOO,DAN,Rikhil Bharadwaj,4,,0,43,10.75,2
7,3rd,FOO vs DAN,FOO,DAN,Rohan Chandel,3,,0,17,5.66,0
7,3rd,FOO vs DAN,FOO,DAN,Nathan Giove,4,,0,30,7.50,3
7,3rd,FOO vs DAN,FOO,DAN,Advit Sharma,3,,0,21,7.00,0
7,3rd,FOO vs DAN,FOO,DAN,Nisith Amarasinghe,4,,0,16,4.00,2
7,3rd,FOO vs DAN,FOO,DAN,Nick Thurgood,2,,0,11,5.50,1
7,3rd,FOO vs DAN,DAN,FOO,Stewart Wilson,3,,0,22,7.33,1
7,3rd,FOO vs DAN,DAN,FOO,William Pizaro,4,,0,30,7.50,1
7,3rd,FOO vs DAN,DAN,FOO,Joshua Norsetter,2,,0,18,9.00,0
7,3rd,FOO vs DAN,DAN,FOO,Tanish Taneja,4,,0,31,7.75,2
7,3rd,FOO vs DAN,DAN,FOO,Shlok Shanbhag,3,,0,20,6.66,0
7,3rd,FOO vs DAN,DAN,FOO,Riyan Bhasin,4,,1,14,3.50,0
7,3rd,KIN vs RIN,KIN,RIN,Jarryd Cameron,4,,0,21,5.25,0
7,3rd,KIN vs RIN,KIN,RIN,Xavier Noonan,2,,0,19,9.50,2
7,3rd,KIN vs RIN,KIN,RIN,Paawan Dave,2,,0,12,6.00,0
7,3rd,KIN vs RIN,KIN,RIN,Ezra Horneman,3,,0,25,8.33,4
7,3rd,KIN vs RIN,KIN,RIN,Darcy Noonan,3,,0,23,7.66,1
7,3rd,KIN vs RIN,KIN,RIN,Isaac Macklin,3,,0,27,9.00,2
7,3rd,KIN vs RIN,KIN,RIN,Charlie Moore,3,,0,33,11.00,1
7,3rd,KIN vs RIN,RIN,KIN,Bradley Stow,3,,0,20,6.66,2
7,3rd,KIN vs RIN,RIN,KIN,Arunkarthik Mannarsamy,4,,0,23,5.75,3
7,3rd,KIN vs RIN,RIN,KIN,Gurdarshan Kaushik,4,,0,10,2.50,0
7,3rd,KIN vs RIN,RIN,KIN,Abhishek Jain,4,,0,35,8.75,1
7,3rd,KIN vs RIN,RIN,KIN,Kovid Katta,3,,0,31,10.33,0
7,3rd,KIN vs RIN,RIN,KIN,Anurag Thakur,2,,0,15,7.50,2
7,3rd,GEE vs NOR,GEE,NOR,Zac Mills,4,,0,29,7.25,2
7,3rd,GEE vs NOR,GEE,NOR,Connor Burchall,4,,0,17,4.25,0
7,3rd,GEE vs NOR,GEE,NOR,Tremayne Ryder,4,,0,15,3.75,1
7,3rd,GEE vs NOR,GEE,NOR,Mandiv Ruwanpathirana,4,,0,19,4.75,3
7,3rd,GEE vs NOR,GEE,NOR,Qasim Khan,4,,0,29,7.25,7
7,3rd,GEE vs NOR,NOR,GEE,Lachlan Watson,4,,0,37,9.25,1
7,3rd,GEE vs NOR,NOR,GEE,Will Rodda,4,,0,19,4.75,2
7,3rd,GEE vs NOR,NOR,GEE,oskar granberg,4,,2,5,1.25,0
7,3rd,GEE vs NOR,NOR,GEE,Hamish Craig,2,,0,20,10.00,1
7,3rd,GEE vs NOR,NOR,GEE,Joshua Mastin,4,,0,14,3.50,0
7,3rd,GEE vs NOR,NOR,GEE,Harry Emerson,1.1,,0,10,8.57,0
7,3rd,RIC vs MEL,RIC,MEL,Thomas Cesaro,4,,0,11,2.75,2
7,3rd,RIC vs MEL,RIC,MEL,Tom Reid,4,,0,23,5.75,5
7,3rd,RIC vs MEL,RIC,MEL,Kyle Williamson,2,,0,11,5.50,3
7,3rd,RIC vs MEL,RIC,MEL,Simon O’Brien,3,,0,11,3.66,0
7,3rd,RIC vs MEL,RIC,MEL,Samuel Field,4,,0,21,5.25,0
7,3rd,RIC vs MEL,RIC,MEL,Fletcher Good,3,,0,10,3.33,0
7,3rd,RIC vs MEL,MEL,RIC,James Sajeba,4,,0,22,5.50,0
7,3rd,RIC vs MEL,MEL,RIC,Charlie Wigney,3,,0,17,5.66,0
7,3rd,RIC vs MEL,MEL,RIC,Ethan Kolaritsch,4,,0,25,6.25,1
7,3rd,RIC vs MEL,MEL,RIC,Jackson Reed,4,,0,17,4.25,2
7,3rd,RIC vs MEL,MEL,RIC,Ethan Lovell,2.2,,0,10,4.28,0
7,3rd,CAR vs GRE,CAR,GRE,Samuel Clark,4,,0,13,3.25,0
7,3rd,CAR vs GRE,CAR,GRE,Lueder de Podolinsky,3,,0,20,6.66,1
7,3rd,CAR vs GRE,CAR,GRE,Xavier Cooknell,3,,0,8,2.66,1
7,3rd,CAR vs GRE,CAR,GRE,Trent Waring,4,,0,21,5.25,0
7,3rd,CAR vs GRE,CAR,GRE,Charlie Karaluwinne,2,,0,11,5.50,0
7,3rd,CAR vs GRE,CAR,GRE,Muhammad Taha Rabbani,2,,0,15,7.50,0
7,3rd,CAR vs GRE,GRE,CAR,Todd Marchant,3,,0,20,6.66,4
7,3rd,CAR vs GRE,GRE,CAR,Ashley Ward,3.5,,0,23,6.00,0
7,3rd,CAR vs GRE,GRE,CAR,Leo Dench,3,,0,12,4.00,2
7,3rd,CAR vs GRE,GRE,CAR,Garry Bhour,4,,0,14,3.50,1
7,3rd,CAR vs GRE,GRE,CAR,Kanhai Patel,2,,0,17,8.50,1
7,3rd,CAR vs GRE,GRE,CAR,Aussie McIlwaine,1,,0,6,6.00,0
7,3rd,CAS vs PRA,CAS,PRA,Nigel K Munasinghe,3,,0,19,6.33,0
7,3rd,CAS vs PRA,CAS,PRA,Fred Sainsbury,3,,0,22,7.33,0
7,3rd,CAS vs PRA,CAS,PRA,Parth Rath,4,,0,14,3.50,1
7,3rd,CAS vs PRA,CAS,PRA,Liam McGain,4,,0,21,5.25,0
7,3rd,CAS vs PRA,CAS,PRA,Jack Hope-Bell,4,,0,17,4.25,1
7,3rd,CAS vs PRA,CAS,PRA,Sash Yuvaraj,2,,0,13,6.50,0
7,3rd,CAS vs PRA,PRA,CAS,Rohan Mathew,3,,0,18,6.00,1
7,3rd,CAS vs PRA,PRA,CAS,Matthew Blanch,3,,0,30,10.00,0
7,3rd,CAS vs PRA,PRA,CAS,Tristan Booth,3.5,,0,10,2.60,0
7,3rd,CAS vs PRA,PRA,CAS,Neville Avari,3,,0,18,6.00,0
7,3rd,CAS vs PRA,PRA,CAS,Rison Wickramasurendra,3,,0,20,6.66,0
7,3rd,CAS vs PRA,PRA,CAS,Aaron Blanch,3,,0,10,3.33,0
7,3rd,ST vs ESS,ST,ESS,Paramvir Singh,4,,0,28,7.00,0
7,3rd,ST vs ESS,ST,ESS,Heath doherty,3,,0,14,4.66,0
7,3rd,ST vs ESS,ST,ESS,Arin Mishra,3,,0,23,7.66,1
7,3rd,ST vs ESS,ST,ESS,Muhammad Abdul Wasay,4,,0,22,5.50,0
7,3rd,ST vs ESS,ST,ESS,Henry Robertson,2,,0,15,7.50,0
7,3rd,ST vs ESS,ST,ESS,Agamjot Sandhu,2,,0,17,8.50,0
7,3rd,ST vs ESS,ST,ESS,Aaron Cornish,2,,0,9,4.50,1
7,3rd,ST vs ESS,ESS,ST,Orlando Pender,3,,0,19,6.33,0
7,3rd,ST vs ESS,ESS,ST,Yuvraj Lidder,4,,0,35,8.75,0
7,3rd,ST vs ESS,ESS,ST,Aga Danish Hussain,4,,1,16,4.00,3
7,3rd,ST vs ESS,ESS,ST,Rishikesh Talwar,1,,0,7,7.00,3
7,3rd,ST vs ESS,ESS,ST,Tom Deighton,2,,0,16,8.00,0
7,3rd,ST vs ESS,ESS,ST,Dinuk de Silva,3,,0,37,12.33,1
8,3rd,NOR vs FIT,NOR,FIT,Rahul Surendran,3,,0,28,9.33,4
8,3rd,NOR vs FIT,NOR,FIT,Harry Smith,4,,0,31,7.75,2
8,3rd,NOR vs FIT,NOR,FIT,Joseph Dossor,3,,0,17,5.66,0
8,3rd,NOR vs FIT,NOR,FIT,Addison Forbes,2,,0,7,3.50,0
8,3rd,NOR vs FIT,NOR,FIT,Lachlan Rees,4,,0,23,5.75,1
8,3rd,NOR vs FIT,NOR,FIT,Joel Maaskant,4,,0,16,4.00,0
8,3rd,NOR vs FIT,FIT,NOR,Zac Mills,2,,0,16,8.00,3
8,3rd,NOR vs FIT,FIT,NOR,Connor Burchall,3,,0,31,10.33,6
8,3rd,NOR vs FIT,FIT,NOR,Mandiv Ruwanpathirana,3,,0,13,4.33,1
8,3rd,NOR vs FIT,FIT,NOR,Qasim Khan,4,,0,20,5.00,1
8,3rd,NOR vs FIT,FIT,NOR,Thomas Lambert,2.3,,0,17,6.80,0
8,3rd,NOR vs FIT,FIT,NOR,Tremayne Ryder,3,,0,29,9.66,0
8,3rd,ST vs MEL,ST,MEL,Hunter Kremer-Slevin,2,,0,25,12.50,1
8,3rd,ST vs MEL,ST,MEL,Jacob Stevenson,4,,0,38,9.50,0
8,3rd,ST vs MEL,ST,MEL,Alex Ingpen,4,,1,28,7.00,1
8,3rd,ST vs MEL,ST,MEL,Brodie O'Donnell,4,,0,21,5.25,0
8,3rd,ST vs MEL,ST,MEL,Will Waters,2,,0,16,8.00,1
8,3rd,ST vs MEL,ST,MEL,Harshit Takkar,4,,0,28,7.00,0
8,3rd,ST vs MEL,MEL,ST,Aga Danish Hussain,4,,0,27,6.75,1
8,3rd,ST vs MEL,MEL,ST,Walter Jackson,3.4,,0,37,10.09,0
8,3rd,ST vs MEL,MEL,ST,Dinuk de Silva,4,,0,26,6.50,0
8,3rd,ST vs MEL,MEL,ST,Yuvraj Lidder,4,,0,34,8.50,1
8,3rd,ST vs MEL,MEL,ST,Tom Deighton,3,,0,25,8.33,0
8,3rd,ST vs MEL,MEL,ST,Barnaby Smith,1,,0,10,10.00,0
8,3rd,CAR vs CAS,CAR,CAS,Rohan Mathew,4,,0,42,10.50,6
8,3rd,CAR vs CAS,CAR,CAS,Tristan Booth,4,,0,34,8.50,1
8,3rd,CAR vs CAS,CAR,CAS,Matthew Blanch,4,,0,27,6.75,1
8,3rd,CAR vs CAS,CAR,CAS,Neville Avari,4,,0,28,7.00,0
8,3rd,CAR vs CAS,CAR,CAS,Rison Wickramasurendra,4,,0,24,6.00,0
8,3rd,CAR vs CAS,CAS,CAR,Leo Dench,1,,0,11,11.00,0
8,3rd,CAR vs CAS,CAS,CAR,Vincent Bush,4,,0,39,9.75,1
8,3rd,CAR vs CAS,CAS,CAR,Todd Marchant,4,,0,20,5.00,0
8,3rd,CAR vs CAS,CAS,CAR,Kanhai Patel,4,,0,18,4.50,0
8,3rd,CAR vs CAS,CAS,CAR,Jack Beer,3,,0,22,7.33,0
8,3rd,CAR vs CAS,CAS,CAR,Garry Bhour,4,,0,21,5.25,2
8,3rd,RIC vs DAN,RIC,DAN,Rikhil Bharadwaj,4,,0,45,11.25,6
8,3rd,RIC vs DAN,RIC,DAN,Rohan Chandel,2,,0,6,3.00,0
8,3rd,RIC vs DAN,RIC,DAN,Advit Sharma,4,,0,19,4.75,1
8,3rd,RIC vs DAN,RIC,DAN,Nathan Giove,3,,0,15,5.00,1
8,3rd,RIC vs DAN,RIC,DAN,Thenuka Perera,3,,0,21,7.00,1
8,3rd,RIC vs DAN,RIC,DAN,Nisith Amarasinghe,4,,0,21,5.25,1
8,3rd,RIC vs DAN,DAN,RIC,Charlie Wigney,1,,0,18,18.00,2
8,3rd,RIC vs DAN,DAN,RIC,Ethan Lovell,3.4,,0,21,5.72,1
8,3rd,RIC vs DAN,DAN,RIC,Chris Hall,4,,0,27,6.75,0
8,3rd,RIC vs DAN,DAN,RIC,Ethan Loy-Abrahams,3,,0,26,8.66,0
8,3rd,RIC vs DAN,DAN,RIC,Jackson Reed,4,,0,28,7.00,3
8,3rd,RIC vs DAN,DAN,RIC,Ethan Kolaritsch,4,,0,10,2.50,0
8,3rd,MEL vs KIN,MEL,KIN,Bradley Stow,4,,0,23,5.75,0
8,3rd,MEL vs KIN,MEL,KIN,Arunkarthik Mannarsamy,2,,0,26,13.00,0
8,3rd,MEL vs KIN,MEL,KIN,Abhishek Jain,4,,0,32,8.00,1
8,3rd,MEL vs KIN,MEL,KIN,Kovid Katta,4,,0,19,4.75,0
8,3rd,MEL vs KIN,MEL,KIN,Gurdarshan Kaushik,4,,0,32,8.00,1
8,3rd,MEL vs KIN,MEL,KIN,Anurag Thakur,2,,0,18,9.00,0
8,3rd,MEL vs KIN,KIN,MEL,Josh Finkelstein,4,,0,19,4.75,1
8,3rd,MEL vs KIN,KIN,MEL,Thomas Cesaro,4,,0,23,5.75,0
8,3rd,MEL vs KIN,KIN,MEL,Sam Anderson,1,,0,9,9.00,0
8,3rd,MEL vs KIN,KIN,MEL,Nicholas Xavier,2,,0,13,6.50,0
8,3rd,MEL vs KIN,KIN,MEL,Fletcher Good,4,,0,27,6.75,1
8,3rd,MEL vs KIN,KIN,MEL,Max Parrott,0,,0,0,0.00,0
8,3rd,MEL vs KIN,KIN,MEL,Kyle Parrott,2,,0,16,8.00,1
8,3rd,MEL vs KIN,KIN,MEL,Samuel Field,1,,0,10,10.00,0
8,3rd,MEL vs KIN,KIN,MEL,Kyle Williamson,2,,0,10,5.00,0
8,3rd,CAM vs ESS,CAM,ESS,Heath doherty,2,,0,12,6.00,0
8,3rd,CAM vs ESS,CAM,ESS,Agamjot Sandhu,4,,0,28,7.00,2
8,3rd,CAM vs ESS,CAM,ESS,Aaron Cornish,4,,0,10,2.50,0
8,3rd,CAM vs ESS,CAM,ESS,Krishna Chandak,3,,0,19,6.33,1
8,3rd,CAM vs ESS,CAM,ESS,Paramvir Singh,4,,0,25,6.25,0
8,3rd,CAM vs ESS,CAM,ESS,George Martindale,2,,0,17,8.50,0
8,3rd,CAM vs ESS,CAM,ESS,Jessraj Badhaan,1,,0,7,7.00,1
8,3rd,CAM vs ESS,ESS,CAM,Andrew Procopiou,3,,0,15,5.00,1
8,3rd,CAM vs ESS,ESS,CAM,Christopher Gorman,4,,1,30,7.50,0
8,3rd,CAM vs ESS,ESS,CAM,Thomas Vanderslik,3.2,,0,18,5.40,0
8,3rd,CAM vs ESS,ESS,CAM,Adam Rixon,2,,0,18,9.00,0
8,3rd,CAM vs ESS,ESS,CAM,Lucas Jones,2,,0,23,11.50,1
8,3rd,CAM vs ESS,ESS,CAM,Ed Winneke,2,,0,20,10.00,0
8,3rd,RIN vs FRA,RIN,FRA,Aaron McIlroy,3,,0,27,9.00,1
8,3rd,RIN vs FRA,RIN,FRA,Jared Gibbs,2,,0,32,16.00,1
8,3rd,RIN vs FRA,RIN,FRA,Talal Shahzad,4,,0,20,5.00,0
8,3rd,RIN vs FRA,RIN,FRA,Aryandeep Singh,4,,0,21,5.25,0
8,3rd,RIN vs FRA,RIN,FRA,Tanush Nandini,4,,0,26,6.50,0
8,3rd,RIN vs FRA,RIN,FRA,Jack Hay,3,,0,29,9.66,1
8,3rd,RIN vs FRA,FRA,RIN,Jarryd Cameron,4,,1,23,5.75,0
8,3rd,RIN vs FRA,FRA,RIN,Darcy Noonan,2,,0,17,8.50,0
8,3rd,RIN vs FRA,FRA,RIN,Isaac Macklin,4,,0,23,5.75,3
8,3rd,RIN vs FRA,FRA,RIN,Zachary Seal,3,,0,19,6.33,4
8,3rd,RIN vs FRA,FRA,RIN,Xavier Noonan,4,,0,25,6.25,0
8,3rd,RIN vs FRA,FRA,RIN,Charlie Moore,1,,0,13,13.00,1
8,3rd,RIN vs FRA,FRA,RIN,Prabhav Mishra,2,,0,19,9.50,0
8,3rd,FOO vs GEE,FOO,GEE,Lachlan Watson,4,,0,26,6.50,1
8,3rd,FOO vs GEE,FOO,GEE,Thomas Neate,4,,0,32,8.00,3
8,3rd,FOO vs GEE,FOO,GEE,Kyle Bienefelt,4,,0,28,7.00,3
8,3rd,FOO vs GEE,FOO,GEE,oskar granberg,4,,0,17,4.25,0
8,3rd,FOO vs GEE,FOO,GEE,Liam Biddiscombe,2,,0,17,8.50,0
8,3rd,FOO vs GEE,FOO,GEE,Toby Cunningham,2,,0,9,4.50,0
8,3rd,FOO vs GEE,GEE,FOO,Stewart Wilson,4,,0,28,7.00,2
8,3rd,FOO vs GEE,GEE,FOO,Karthikeya Rallapalli,2.2,,0,22,9.42,2
8,3rd,FOO vs GEE,GEE,FOO,William Pizaro,3,,0,19,6.33,1
8,3rd,FOO vs GEE,GEE,FOO,Harshal S Suresh,4,,0,27,6.75,3
8,3rd,FOO vs GEE,GEE,FOO,Riyan Bhasin,2,,0,22,11.00,0
8,3rd,FOO vs GEE,GEE,FOO,Tanish Taneja,2,,0,11,5.50,0
8,3rd,GRE vs PRA,GRE,PRA,Nigel K Munasinghe,4,,2,4,1.00,1
8,3rd,GRE vs PRA,GRE,PRA,Fred Sainsbury,4,,0,23,5.75,6
8,3rd,GRE vs PRA,GRE,PRA,Rushil Ravi,4,,0,30,7.50,4
8,3rd,GRE vs PRA,GRE,PRA,Liam McGain,4,,0,20,5.00,0
8,3rd,GRE vs PRA,GRE,PRA,Jack Hope-Bell,4,,0,21,5.25,0
8,3rd,GRE vs PRA,PRA,GRE,Samuel Clark,3,,0,26,8.66,2
8,3rd,GRE vs PRA,PRA,GRE,Mitch Clark,2,,0,18,9.00,0
8,3rd,GRE vs PRA,PRA,GRE,Lueder de Podolinsky,3,,0,17,5.66,1
8,3rd,GRE vs PRA,PRA,GRE,Xavier Cooknell,3,,0,20,6.66,0
8,3rd,GRE vs PRA,PRA,GRE,Charlie Karaluwinne,2,,0,17,8.50,1
8,3rd,GRE vs PRA,PRA,GRE,Ashley Fernando,0.4,,0,6,9.00,0
9,3rd,NOR vs KIN,NOR,KIN,Bradley Stow,7,,0,26,3.71,3
9,3rd,NOR vs KIN,NOR,KIN,Kovid Katta,8,,0,51,6.37,2
9,3rd,NOR vs KIN,NOR,KIN,Keiran Mant,4,,0,20,5.00,0
9,3rd,NOR vs KIN,NOR,KIN,Gurdarshan Kaushik,9,,3,19,2.11,1
9,3rd,NOR vs KIN,NOR,KIN,Abhishek Jain,3,,0,21,7.00,3
9,3rd,NOR vs KIN,NOR,KIN,Arunkarthik Mannarsamy,8,,0,40,5.00,1
9,3rd,NOR vs KIN,NOR,KIN,Arish Surani,6,,0,30,5.00,4
9,3rd,NOR vs KIN,KIN,NOR,Ryan Siede,9,,0,29,3.22,6
9,3rd,NOR vs KIN,KIN,NOR,Zac Mills,4,,0,27,6.75,8
9,3rd,NOR vs KIN,KIN,NOR,Connor Burchall,9,,0,41,4.55,3
9,3rd,NOR vs KIN,KIN,NOR,Mandiv Ruwanpathirana,9,,1,40,4.44,4
9,3rd,NOR vs KIN,KIN,NOR,Thomas Cuthbert,1,,0,6,6.00,0
9,3rd,NOR vs KIN,KIN,NOR,Qasim Khan,9,,0,37,4.11,4
9,3rd,NOR vs KIN,KIN,NOR,James Shadbolt,2,,0,17,8.50,1
9,3rd,NOR vs KIN,KIN,NOR,Tremayne Ryder,0.3,,0,11,22.00,1
9,3rd,FOO vs RIC,FOO,RIC,Ethan Lovell,4,,0,36,9.00,1
9,3rd,FOO vs RIC,FOO,RIC,Charlie Wigney,3,,0,10,3.33,0
9,3rd,FOO vs RIC,FOO,RIC,Jackson Reed,7,,0,32,4.57,6
9,3rd,FOO vs RIC,FOO,RIC,Caiden Dobson,9,,4,21,2.33,0
9,3rd,FOO vs RIC,FOO,RIC,Ethan Kolaritsch,5,,1,35,7.00,0
9,3rd,FOO vs RIC,FOO,RIC,John Conway,9,,0,40,4.44,2
9,3rd,FOO vs RIC,FOO,RIC,Thomas Purcell,8,,0,56,7.00,5
9,3rd,FOO vs RIC,RIC,FOO,Stewart Wilson,7.2,,1,29,3.95,11
9,3rd,FOO vs RIC,RIC,FOO,Liam Sutton,7,,1,37,5.28,0
9,3rd,FOO vs RIC,RIC,FOO,Harshal S Suresh,7,,0,42,6.00,0
9,3rd,FOO vs RIC,RIC,FOO,William Pizaro,9,,0,42,4.66,0
9,3rd,FOO vs RIC,RIC,FOO,Tanish Taneja,9,,0,48,5.33,1
9,3rd,FOO vs RIC,RIC,FOO,Ryder obrien,2,,0,16,8.00,0
9,3rd,FOO vs RIC,RIC,FOO,Riyan Bhasin,1,,0,15,15.00,0
9,3rd,RIN vs CAM,RIN,CAM,Ronit Rehal,9,,0,72,8.00,4
9,3rd,RIN vs CAM,RIN,CAM,Andrew Procopiou,6,,0,41,6.83,1
9,3rd,RIN vs CAM,RIN,CAM,Ed Winneke,6,,0,36,6.00,3
9,3rd,RIN vs CAM,RIN,CAM,Simarjit Pawar,7,,0,30,4.28,0
9,3rd,RIN vs CAM,RIN,CAM,Thomas Vanderslik,8,,0,34,4.25,1
9,3rd,RIN vs CAM,RIN,CAM,Adam Rixon,9,,0,32,3.55,0
9,3rd,RIN vs CAM,RIN,CAM,Finlay McGrotty,0,,0,0,0.00,0
9,3rd,RIN vs CAM,RIN,CAM,Yuvin De Silva,0,,0,0,0.00,0
9,3rd,RIN vs CAM,RIN,CAM,Anthony Stubbs,0,,0,0,0.00,0
9,3rd,RIN vs CAM,CAM,RIN,Jack Martin,8.5,,0,54,6.11,4
9,3rd,RIN vs CAM,CAM,RIN,Jarryd Cameron,9,,1,32,3.55,1
9,3rd,RIN vs CAM,CAM,RIN,Darcy Noonan,5,,0,21,4.20,2
9,3rd,RIN vs CAM,CAM,RIN,Isaac Macklin,8,,1,41,5.12,7
9,3rd,RIN vs CAM,CAM,RIN,Xavier Noonan,3,,0,19,6.33,0
9,3rd,RIN vs CAM,CAM,RIN,Zachary Seal,4,,0,19,4.75,2
9,3rd,RIN vs CAM,CAM,RIN,Charlie Moore,6,,0,27,4.50,0
9,3rd,RIN vs CAM,CAM,RIN,Luke Ivanovic,0,,0,0,0.00,0
9,3rd,RIN vs CAM,CAM,RIN,Trent Wynne,0,,0,0,0.00,0
9,3rd,RIN vs CAM,CAM,RIN,Will Banfield,0,,0,0,0.00,0
9,3rd,RIN vs CAM,CAM,RIN,Rohan Ervine,0,,0,0,0.00,0
9,3rd,MEL vs FIT,MEL,FIT,Rahul Surendran,5.3,,1,10,1.81,0
9,3rd,MEL vs FIT,MEL,FIT,Addison Forbes,6,,1,17,2.83,2
9,3rd,MEL vs FIT,MEL,FIT,Lachlan Rees,7,,0,27,3.85,0
9,3rd,MEL vs FIT,MEL,FIT,Joel Maaskant,4,,0,22,5.50,2
9,3rd,MEL vs FIT,MEL,FIT,Edison Waghorn,8,,0,39,4.87,1
9,3rd,MEL vs FIT,MEL,FIT,Lachlan Green,6,,0,33,5.50,6
9,3rd,MEL vs FIT,MEL,FIT,Angus Roach,5,,0,22,4.40,1
9,3rd,MEL vs FIT,FIT,MEL,Jacob Stevenson,6.4,,0,28,4.20,2
9,3rd,MEL vs FIT,FIT,MEL,Hunter Kremer-Slevin,4,,0,15,3.75,3
9,3rd,MEL vs FIT,FIT,MEL,Alex Ingpen,3,,0,13,4.33,0
9,3rd,MEL vs FIT,FIT,MEL,Leo Hatzoglou,4,,0,29,7.25,7
9,3rd,MEL vs FIT,FIT,MEL,Brodie O'Donnell,9,,0,29,3.22,0
9,3rd,MEL vs FIT,FIT,MEL,Harshit Takkar,6,,0,31,5.16,3
9,3rd,MEL vs FIT,FIT,MEL,Will Waters,7,,0,34,4.85,0
9,3rd,CAR vs ESS,CAR,ESS,Noah Guida,6,,0,43,7.16,6
9,3rd,CAR vs ESS,CAR,ESS,Agamjot Sandhu,5,,0,49,9.80,3
9,3rd,CAR vs ESS,CAR,ESS,Heath doherty,9,,2,16,1.77,3
9,3rd,CAR vs ESS,CAR,ESS,Aaron Cornish,9,,1,28,3.11,0
9,3rd,CAR vs ESS,CAR,ESS,Vanshjot Sandhu,1,,0,7,7.00,0
9,3rd,CAR vs ESS,CAR,ESS,Sean Phillips-Williams,1,,0,8,8.00,0
9,3rd,CAR vs ESS,CAR,ESS,Zachary Beniwal,1,,0,8,8.00,5
9,3rd,CAR vs ESS,CAR,ESS,Paramvir Singh,9,,0,22,2.44,2
9,3rd,CAR vs ESS,CAR,ESS,George Martindale,4,,0,28,7.00,0
9,3rd,CAR vs ESS,ESS,CAR,Vincent Bush,8.2,,0,54,6.48,3
9,3rd,CAR vs ESS,ESS,CAR,Leo Dench,4,,0,26,6.50,0
9,3rd,CAR vs ESS,ESS,CAR,Todd Marchant,9,,2,31,3.44,8
9,3rd,CAR vs ESS,ESS,CAR,Garry Bhour,9,,1,36,4.00,1
9,3rd,CAR vs ESS,ESS,CAR,Kanhai Patel,3,,0,11,3.66,0
9,3rd,CAR vs ESS,ESS,CAR,Jujhar Singh Tamber,9,,0,36,4.00,3
9,3rd,CAR vs ESS,ESS,CAR,Harry Simpson,2,,0,18,9.00,0
9,3rd,GRE vs CAS,GRE,CAS,Matthew Blanch,9,,1,20,2.22,2
9,3rd,GRE vs CAS,GRE,CAS,Rohan Mathew,9,,0,54,6.00,5
9,3rd,GRE vs CAS,GRE,CAS,Tristan Booth,8,,0,23,2.87,0
9,3rd,GRE vs CAS,GRE,CAS,Krishna Sridhar,7,,0,29,4.14,0
9,3rd,GRE vs CAS,GRE,CAS,Rison Wickramasurendra,9,,1,21,2.33,1
9,3rd,GRE vs CAS,GRE,CAS,Aaron Blanch,3,,0,12,4.00,0
9,3rd,GRE vs CAS,CAS,GRE,Mitch Clark,4,,0,16,4.00,0
9,3rd,GRE vs CAS,CAS,GRE,Samuel Clark,7,,1,37,5.28,2
9,3rd,GRE vs CAS,CAS,GRE,Trent Waring,4,,0,22,5.50,1
9,3rd,GRE vs CAS,CAS,GRE,Aidan McConnell,6,,1,28,4.66,5
9,3rd,GRE vs CAS,CAS,GRE,Charlie Karaluwinne,5,,1,25,5.00,0
9,3rd,GRE vs CAS,CAS,GRE,Rikard Friedrich,2,,0,20,10.00,0
9,3rd,GRE vs CAS,CAS,GRE,Connor Brisbane,2,,0,13,6.50,1
9,3rd,DAN vs FRA,DAN,FRA,Jye Dignan,9,,0,49,5.44,0
9,3rd,DAN vs FRA,DAN,FRA,Aaron McIlroy,9,,0,27,3.00,5
9,3rd,DAN vs FRA,DAN,FRA,Talal Shahzad,9,,0,44,4.88,0
9,3rd,DAN vs FRA,DAN,FRA,Jack Hay,9,,0,42,4.66,0
9,3rd,DAN vs FRA,DAN,FRA,Tanush Nandini,9,,1,49,5.44,0
9,3rd,DAN vs FRA,FRA,DAN,Advit Sharma,8.2,,0,26,3.12,0
9,3rd,DAN vs FRA,FRA,DAN,Rohan Chandel,9,,3,17,1.88,0
9,3rd,DAN vs FRA,FRA,DAN,Rikhil Bharadwaj,8,,0,38,4.75,5
9,3rd,DAN vs FRA,FRA,DAN,Nathan Giove,4,,0,28,7.00,1
9,3rd,DAN vs FRA,FRA,DAN,Thenuka Perera,8,,1,44,5.50,1
9,3rd,DAN vs FRA,FRA,DAN,Nick Thurgood,2,,0,7,3.50,0
9,3rd,DAN vs FRA,FRA,DAN,Nisith Amarasinghe,3,,1,26,8.66,1
9,3rd,ST vs GEE,ST,GEE,Thomas Neate,9,,0,48,5.33,0
9,3rd,ST vs GEE,ST,GEE,Lachlan Watson,9,,0,41,4.55,1
9,3rd,ST vs GEE,ST,GEE,Will Rodda,9,,0,54,6.00,2
9,3rd,ST vs GEE,ST,GEE,Toby Cunningham,9,,0,47,5.22,0
9,3rd,ST vs GEE,ST,GEE,Joshua Mastin,2,,0,25,12.50,0
9,3rd,ST vs GEE,ST,GEE,oskar granberg,7,,0,35,5.00,2
9,3rd,ST vs GEE,GEE,ST,Walter Jackson,8,,1,42,5.25,1
9,3rd,ST vs GEE,GEE,ST,Orlando Pender,7,,0,39,5.57,2
9,3rd,ST vs GEE,GEE,ST,Yuvraj Lidder,6,,1,40,6.66,1
9,3rd,ST vs GEE,GEE,ST,Dinuk de Silva,6,,1,31,5.16,0
9,3rd,ST vs GEE,GEE,ST,Tom Deighton,9,,0,39,4.33,0
9,3rd,ST vs GEE,GEE,ST,Aga Danish Hussain,9,,1,41,4.55,2
9,3rd,PRA vs MEL,PRA,MEL,Josh Finkelstein,4,,0,22,5.50,5
9,3rd,PRA vs MEL,PRA,MEL,Thomas Cesaro,4,,0,12,3.00,0
9,3rd,PRA vs MEL,PRA,MEL,Nicholas Xavier,3,,0,17,5.66,1
9,3rd,PRA vs MEL,PRA,MEL,Kyle Williamson,6,,2,7,1.16,0
9,3rd,PRA vs MEL,PRA,MEL,Fletcher Good,9,,1,24,2.66,2
9,3rd,PRA vs MEL,PRA,MEL,Sam Anderson,3.3,,3,1,0.28,0
9,3rd,PRA vs MEL,MEL,PRA,Nigel K Munasinghe,2,,0,20,10.00,1
9,3rd,PRA vs MEL,MEL,PRA,Logan Collins,2,,1,6,3.00,0
9,3rd,PRA vs MEL,MEL,PRA,Hamish Braden,3,,0,7,2.33,0
9,3rd,PRA vs MEL,MEL,PRA,Sash Yuvaraj,2,,0,14,7.00,0
9,3rd,PRA vs MEL,MEL,PRA,Charlie Graham,2,,0,18,9.00,0
9,3rd,PRA vs MEL,MEL,PRA,Jack Hope-Bell,3,,1,8,2.66,0
9,3rd,PRA vs MEL,MEL,PRA,Rushil Ravi,1,,0,9,9.00,0
10,3rd,ESS vs RIC,ESS,RIC,Ethan Lovell,5,,0,20,4.00,4
10,3rd,ESS vs RIC,ESS,RIC,Navnith Satyan,5,,0,22,4.40,1
10,3rd,ESS vs RIC,ESS,RIC,Caiden Dobson,9,,0,27,3.00,1
10,3rd,ESS vs RIC,ESS,RIC,Jackson Reed,7,,0,38,5.42,1
10,3rd,ESS vs RIC,ESS,RIC,Thomas Purcell,4,,0,20,5.00,2
10,3rd,ESS vs RIC,ESS,RIC,Ethan Kolaritsch,9,,1,28,3.11,1
10,3rd,ESS vs RIC,ESS,RIC,Ethan Loy-Abrahams,6,,0,15,2.50,0
10,3rd,ESS vs RIC,RIC,ESS,Muhammad Abdul Wasay,9,,1,32,3.55,3
10,3rd,ESS vs RIC,RIC,ESS,Paramvir Singh,8,,0,35,4.37,1
10,3rd,ESS vs RIC,RIC,ESS,Heath doherty,9,,0,35,3.88,3
10,3rd,ESS vs RIC,RIC,ESS,Aaron Cornish,9,,1,25,2.77,0
10,3rd,ESS vs RIC,RIC,ESS,Jessraj Badhaan,2,,0,13,6.50,0
10,3rd,ESS vs RIC,RIC,ESS,Agamjot Sandhu,4,,0,15,3.75,0
10,3rd,ESS vs RIC,RIC,ESS,Krishna Chandak,3,,0,19,6.33,0
10,3rd,GRE vs DAN,GRE,DAN,Advit Sharma,9,,0,36,4.00,7
10,3rd,GRE vs DAN,GRE,DAN,Rohan Chandel,9,,1,33,3.66,2
10,3rd,GRE vs DAN,GRE,DAN,Nathan Giove,9,,0,33,3.66,0
10,3rd,GRE vs DAN,GRE,DAN,Nisith Amarasinghe,7,,1,31,4.42,2
10,3rd,GRE vs DAN,GRE,DAN,Muhammad Ayaz,4,,0,11,2.75,0
10,3rd,GRE vs DAN,GRE,DAN,Thenuka Perera,4,,0,18,4.50,4
10,3rd,GRE vs DAN,GRE,DAN,Kartikay Sharma,3,,1,11,3.66,0
10,3rd,GRE vs DAN,DAN,GRE,Samuel Clark,9,,3,30,3.33,0
10,3rd,GRE vs DAN,DAN,GRE,Aidan McConnell,6,,0,34,5.66,4
10,3rd,GRE vs DAN,DAN,GRE,Eshann Singh,9,,0,24,2.66,0
10,3rd,GRE vs DAN,DAN,GRE,Trent Waring,6,,0,28,4.66,1
10,3rd,GRE vs DAN,DAN,GRE,Xavier Cooknell,5.1,,0,35,6.77,0
10,3rd,GRE vs DAN,DAN,GRE,Ashley Fernando,2,,0,17,8.50,0
10,3rd,MEL vs RIN,MEL,RIN,Jarryd Cameron,7.2,,1,32,4.36,3
10,3rd,MEL vs RIN,MEL,RIN,Isaac Macklin,8,,2,14,1.75,2
10,3rd,MEL vs RIN,MEL,RIN,Zachary Seal,9,,1,39,4.33,7
10,3rd,MEL vs RIN,MEL,RIN,Xavier Noonan,1,,0,22,22.00,0
10,3rd,MEL vs RIN,MEL,RIN,Ansh Sharma,9,,0,48,5.33,2
10,3rd,MEL vs RIN,MEL,RIN,Trent Wynne,1,,0,12,12.00,0
10,3rd,MEL vs RIN,MEL,RIN,Aiyaan Ariketty,1,,0,14,14.00,0
10,3rd,MEL vs RIN,MEL,RIN,Luke Ivanovic,5,,0,30,6.00,1
10,3rd,MEL vs RIN,MEL,RIN,Will Banfield,1,,0,2,2.00,0
10,3rd,MEL vs RIN,RIN,MEL,Harshit Takkar,7,,2,12,1.71,1
10,3rd,MEL vs RIN,RIN,MEL,Jacob Stevenson,8,,2,14,1.75,2
10,3rd,MEL vs RIN,RIN,MEL,Leo Hatzoglou,7.2,,1,34,4.63,3
10,3rd,MEL vs RIN,RIN,MEL,Alex Ingpen,4,,1,10,2.50,2
10,3rd,MEL vs RIN,RIN,MEL,Brodie O'Donnell,9,,0,26,2.88,0
10,3rd,MEL vs RIN,RIN,MEL,Will Waters,8,,1,38,4.75,0
10,3rd,GEE vs CAS,GEE,CAS,Matthew Blanch,9,,2,37,4.11,0
10,3rd,GEE vs CAS,GEE,CAS,Rohan Mathew,2,,0,13,6.50,0
10,3rd,GEE vs CAS,GEE,CAS,Tristan Booth,9,,2,13,1.44,1
10,3rd,GEE vs CAS,GEE,CAS,Krishna Sridhar,7,,0,35,5.00,1
10,3rd,GEE vs CAS,GEE,CAS,Rison Wickramasurendra,9,,0,55,6.11,1
10,3rd,GEE vs CAS,GEE,CAS,Max Heffernan,6,,0,19,3.16,2
10,3rd,GEE vs CAS,GEE,CAS,Aaron Blanch,2,,0,19,9.50,0
10,3rd,GEE vs CAS,GEE,CAS,Enrique Sidhu,1,,0,10,10.00,0
10,3rd,GEE vs CAS,CAS,GEE,Lachlan Watson,9,,0,47,5.22,3
10,3rd,GEE vs CAS,CAS,GEE,Will Rodda,9,,1,37,4.11,3
10,3rd,GEE vs CAS,CAS,GEE,Monty Maloney,9,,0,49,5.44,2
10,3rd,GEE vs CAS,CAS,GEE,Paawan Sharma,9,,0,36,4.00,0
10,3rd,GEE vs CAS,CAS,GEE,Toby Cunningham,9,,0,28,3.11,4
10,3rd,CAM vs FRA,CAM,FRA,Aaron McIlroy,9,,1,28,3.11,1
10,3rd,CAM vs FRA,CAM,FRA,Jack Hay,8,,0,27,3.37,2
10,3rd,CAM vs FRA,CAM,FRA,Matthew Stone,5,,0,26,5.20,5
10,3rd,CAM vs FRA,CAM,FRA,Talal Shahzad,5,,1,13,2.60,0
10,3rd,CAM vs FRA,CAM,FRA,Harish Salwathura,9,,0,33,3.66,0
10,3rd,CAM vs FRA,CAM,FRA,Tanush Nandini,9,,1,23,2.55,0
10,3rd,CAM vs FRA,FRA,CAM,Simarjit Pawar,3,,0,21,7.00,0
10,3rd,CAM vs FRA,FRA,CAM,Ronit Rehal,6,,0,25,4.16,0
10,3rd,CAM vs FRA,FRA,CAM,Max Burn,9,,2,20,2.22,0
10,3rd,CAM vs FRA,FRA,CAM,Thomas Vanderslik,9,,1,24,2.66,3
10,3rd,CAM vs FRA,FRA,CAM,Adam Rixon,4,,0,11,2.75,1
10,3rd,CAM vs FRA,FRA,CAM,Lucas Jones,7.4,,2,12,1.56,1
10,3rd,NOR vs MEL,NOR,MEL,Josh Finkelstein,6,,0,35,5.83,8
10,3rd,NOR vs MEL,NOR,MEL,Thomas Cesaro,7,,1,35,5.00,3
10,3rd,NOR vs MEL,NOR,MEL,Tom Reid,7,,0,32,4.57,2
10,3rd,NOR vs MEL,NOR,MEL,Nicholas Xavier,5,,0,14,2.80,0
10,3rd,NOR vs MEL,NOR,MEL,Fletcher Good,7,,0,32,4.57,2
10,3rd,NOR vs MEL,NOR,MEL,Kyle Williamson,9,,0,41,4.55,1
10,3rd,NOR vs MEL,NOR,MEL,Sam Anderson,2,,0,16,8.00,2
10,3rd,NOR vs MEL,NOR,MEL,Kyle Parrott,2,,0,14,7.00,0
10,3rd,NOR vs MEL,MEL,NOR,Ryan Siede,3,,0,19,6.33,2
10,3rd,NOR vs MEL,MEL,NOR,Mandiv Ruwanpathirana,8,,0,42,5.25,4
10,3rd,NOR vs MEL,MEL,NOR,Tremayne Ryder,7,,0,34,4.85,0
10,3rd,NOR vs MEL,MEL,NOR,Zac Mills,9,,0,35,3.88,1
10,3rd,NOR vs MEL,MEL,NOR,Qasim Khan,8,,0,56,7.00,1
10,3rd,NOR vs MEL,MEL,NOR,Nicholas Pereara,2,,0,15,7.50,3
10,3rd,NOR vs MEL,MEL,NOR,Thomas Cuthbert,2,,0,15,7.50,0
10,3rd,NOR vs MEL,MEL,NOR,Aryaman Bhardwaj,1,,0,9,9.00,1
10,3rd,PRA vs CAR,PRA,CAR,Julian Pollard,7,,0,43,6.14,4
10,3rd,PRA vs CAR,PRA,CAR,Vincent Bush,7,,1,26,3.71,3
10,3rd,PRA vs CAR,PRA,CAR,Jujhar Singh Tamber,9,,0,46,5.11,0
10,3rd,PRA vs CAR,PRA,CAR,Abraham Thomas,8,,0,38,4.75,1
10,3rd,PRA vs CAR,PRA,CAR,Garry Bhour,9,,0,29,3.22,3
10,3rd,PRA vs CAR,PRA,CAR,Jack Beer,4,,0,24,6.00,1
10,3rd,PRA vs CAR,PRA,CAR,Kanhai Patel,1,,0,13,13.00,1
10,3rd,PRA vs CAR,PRA,CAR,Rory Edwards,0,,0,0,0.00,0
10,3rd,PRA vs CAR,PRA,CAR,Izan Shaikh,0,,0,0,0.00,0
10,3rd,PRA vs CAR,CAR,PRA,Sash Yuvaraj,5,,0,22,4.40,0
10,3rd,PRA vs CAR,CAR,PRA,Sam Dutton,5,,0,17,3.40,4
10,3rd,PRA vs CAR,CAR,PRA,Fred Sainsbury,5,,1,16,3.20,0
10,3rd,PRA vs CAR,CAR,PRA,Liam McGain,9,,0,38,4.22,3
10,3rd,PRA vs CAR,CAR,PRA,Saksham Kapoor,8,,1,36,4.50,4
10,3rd,PRA vs CAR,CAR,PRA,Nathan A Munasinghe,3.5,,0,14,3.65,0
10,3rd,PRA vs CAR,CAR,PRA,Kane Scott,0,,0,0,0.00,0
10,3rd,PRA vs CAR,CAR,PRA,Rushil Ravi,0,,0,0,0.00,0
10,3rd,PRA vs CAR,CAR,PRA,Luke Pearse,0,,0,0,0.00,0
10,3rd,PRA vs CAR,CAR,PRA,Charlie Graham,0,,0,0,0.00,0
10,3rd,FOO vs FIT,FOO,FIT,Rahul Surendran,6,,0,26,4.33,2
10,3rd,FOO vs FIT,FOO,FIT,Addison Forbes,5,,0,20,4.00,0
10,3rd,FOO vs FIT,FOO,FIT,Joel Maaskant,6,,0,30,5.00,4
10,3rd,FOO vs FIT,FOO,FIT,Edison Waghorn,9,,1,25,2.77,1
10,3rd,FOO vs FIT,FOO,FIT,Angus Roach,9,,1,24,2.66,1
10,3rd,FOO vs FIT,FOO,FIT,Lachlan Rees,3,,0,4,1.33,0
10,3rd,FOO vs FIT,FOO,FIT,Lachlan Green,1.1,,0,1,0.85,0
10,3rd,FOO vs FIT,FIT,FOO,William Pizaro,3,,0,18,6.00,0
10,3rd,FOO vs FIT,FIT,FOO,Stewart Wilson,4,,0,14,3.50,0
10,3rd,FOO vs FIT,FIT,FOO,Luke Gilham,6,,0,30,5.00,3
10,3rd,FOO vs FIT,FIT,FOO,Lachlan Campbell,6,,0,33,5.50,0
10,3rd,FOO vs FIT,FIT,FOO,Harshal S Suresh,4,,0,25,6.25,2
10,3rd,FOO vs FIT,FIT,FOO,Tanish Taneja,2,,0,10,5.00,1
10,3rd,ST vs KIN,ST,KIN,Kyle Scott,8,,1,70,8.75,0
10,3rd,ST vs KIN,ST,KIN,Bradley Stow,8,,0,65,8.12,0
10,3rd,ST vs KIN,ST,KIN,Arunkarthik Mannarsamy,8,,0,48,6.00,2
10,3rd,ST vs KIN,ST,KIN,Kovid Katta,4,,0,32,8.00,0
10,3rd,ST vs KIN,ST,KIN,Arish Surani,6,,0,48,8.00,3
10,3rd,ST vs KIN,ST,KIN,Gurdarshan Kaushik,8,,0,73,9.12,2
10,3rd,ST vs KIN,ST,KIN,Keiran Mant,3,,0,13,4.33,0
10,3rd,ST vs KIN,KIN,ST,Aaron Harding,4,,0,18,4.50,1
10,3rd,ST vs KIN,KIN,ST,Orlando Pender,5,,0,27,5.40,1
10,3rd,ST vs KIN,KIN,ST,Walter Jackson,7,,0,29,4.14,7
10,3rd,ST vs KIN,KIN,ST,Yuvraj Lidder,5,,0,19,3.80,2
10,3rd,ST vs KIN,KIN,ST,Tom Deighton,9,,1,32,3.55,0
10,3rd,ST vs KIN,KIN,ST,Dinuk de Silva,6,,2,15,2.50,0
11,3rd,GRE vs FOO,GRE,FOO,Tanish Patankar,7,,0,33,4.71,4
11,3rd,GRE vs FOO,GRE,FOO,Stewart Wilson,8,,2,11,1.37,0
11,3rd,GRE vs FOO,GRE,FOO,William Pizaro,5,,1,25,5.00,0
11,3rd,GRE vs FOO,GRE,FOO,Harshal S Suresh,7,,0,30,4.28,2
11,3rd,GRE vs FOO,GRE,FOO,Joshua Norsetter,4,,0,23,5.75,0
11,3rd,GRE vs FOO,GRE,FOO,Tanish Taneja,6,,0,37,6.16,0
11,3rd,GRE vs FOO,GRE,FOO,Daksh Kumar,8,,0,32,4.00,0
11,3rd,GRE vs FOO,FOO,GRE,Tobias Sutherland,9,,0,42,4.66,1
11,3rd,GRE vs FOO,FOO,GRE,Trent Waring,4,,0,36,9.00,1
11,3rd,GRE vs FOO,FOO,GRE,Aidan McConnell,6,,0,18,3.00,0
11,3rd,GRE vs FOO,FOO,GRE,Xavier Cooknell,5,,0,38,7.60,11
11,3rd,GRE vs FOO,FOO,GRE,Connor Brisbane,5.1,,0,40,7.74,2
11,3rd,GRE vs FOO,FOO,GRE,Ashley Fernando,5,,0,23,4.60,0
11,3rd,FIT vs GEE,FIT,GEE,Lachlan Watson,4,,0,51,12.75,4
11,3rd,FIT vs GEE,FIT,GEE,Kyle Bienefelt,8,,2,56,7.00,0
11,3rd,FIT vs GEE,FIT,GEE,Will Rodda,9,,0,47,5.22,1
11,3rd,FIT vs GEE,FIT,GEE,Paawan Sharma,9,,0,47,5.22,1
11,3rd,FIT vs GEE,FIT,GEE,Toby Cunningham,9,,0,32,3.55,1
11,3rd,FIT vs GEE,FIT,GEE,Monty Maloney,6,,0,50,8.33,1
11,3rd,FIT vs GEE,GEE,FIT,Addison Forbes,7,,0,64,9.14,2
11,3rd,FIT vs GEE,GEE,FIT,Joel Maaskant,8,,0,46,5.75,2
11,3rd,FIT vs GEE,GEE,FIT,Lachlan Green,5,,0,43,8.60,1
11,3rd,FIT vs GEE,GEE,FIT,Edison Waghorn,9,,0,39,4.33,0
11,3rd,FIT vs GEE,GEE,FIT,Joseph Dossor,9,,0,36,4.00,0
11,3rd,FIT vs GEE,GEE,FIT,Lachlan Rees,7,,0,49,7.00,1
11,3rd,PRA vs RIC,PRA,RIC,Ethan Lovell,8,,2,35,4.37,5
11,3rd,PRA vs RIC,PRA,RIC,Ethan Kolaritsch,9,,0,55,6.11,2
11,3rd,PRA vs RIC,PRA,RIC,Chris Hall,9,,0,51,5.66,2
11,3rd,PRA vs RIC,PRA,RIC,Jackson Reed,9,,0,38,4.22,2
11,3rd,PRA vs RIC,PRA,RIC,Thomas Purcell,8,,0,57,7.12,2
11,3rd,PRA vs RIC,PRA,RIC,Tom Cashman,2,,0,10,5.00,1
11,3rd,PRA vs RIC,RIC,PRA,Sam Beer,9,,0,41,4.55,2
11,3rd,PRA vs RIC,RIC,PRA,Hamish Braden,9,,1,36,4.00,0
11,3rd,PRA vs RIC,RIC,PRA,Nigel K Munasinghe,4,,0,14,3.50,2
11,3rd,PRA vs RIC,RIC,PRA,Sash Yuvaraj,9,,0,34,3.77,1
11,3rd,PRA vs RIC,RIC,PRA,Saksham Kapoor,5,,0,37,7.40,1
11,3rd,PRA vs RIC,RIC,PRA,Nathan A Munasinghe,8,,0,64,8.00,2
11,3rd,PRA vs RIC,RIC,PRA,Liam McGain,0.4,,0,2,3.00,0
11,3rd,KIN vs CAS,KIN,CAS,Aaron Blanch,0,,0,0,0.00,0
11,3rd,KIN vs CAS,KIN,CAS,Matthew Blanch,8,,0,50,6.25,1
11,3rd,KIN vs CAS,KIN,CAS,Nate Murphy,9,,0,48,5.33,1
11,3rd,KIN vs CAS,KIN,CAS,Tristan Booth,8,,0,64,8.00,0
11,3rd,KIN vs CAS,KIN,CAS,Krishna Sridhar,9,,2,36,4.00,0
11,3rd,KIN vs CAS,KIN,CAS,Rison Wickramasurendra,6,,0,38,6.33,0
11,3rd,KIN vs CAS,KIN,CAS,Max Heffernan,5,,1,32,6.40,7
11,3rd,KIN vs CAS,CAS,KIN,Bradley Stow,7,,0,40,5.71,0
11,3rd,KIN vs CAS,CAS,KIN,Kovid Katta,9,,0,37,4.11,2
11,3rd,KIN vs CAS,CAS,KIN,Arunkarthik Mannarsamy,9,,0,31,3.44,0
11,3rd,KIN vs CAS,CAS,KIN,Gurdarshan Kaushik,9,,0,34,3.77,6
11,3rd,KIN vs CAS,CAS,KIN,Roshan Gunatilake,4,,0,10,2.50,1
11,3rd,KIN vs CAS,CAS,KIN,Arish Surani,6,,1,21,3.50,0
11,3rd,KIN vs CAS,CAS,KIN,Rohith Chapalamadugu,1,,0,4,4.00,0
11,3rd,CAR vs RIN,CAR,RIN,Jarryd Cameron,9,,1,60,6.66,1
11,3rd,CAR vs RIN,CAR,RIN,Isaac Macklin,7,,0,41,5.85,11
11,3rd,CAR vs RIN,CAR,RIN,Zachary Seal,6,,0,25,4.16,4
11,3rd,CAR vs RIN,CAR,RIN,Gabe Lawson,9,,0,53,5.88,1
11,3rd,CAR vs RIN,CAR,RIN,Charlie Moore,9,,1,44,4.88,0
11,3rd,CAR vs RIN,CAR,RIN,Lachlan Payne,5,,0,30,6.00,0
11,3rd,CAR vs RIN,CAR,RIN,Rohan Ervine,0,,0,0,0.00,0
11,3rd,CAR vs RIN,CAR,RIN,Luke Ivanovic,0,,0,0,0.00,0
11,3rd,CAR vs RIN,CAR,RIN,Trent Wynne,0,,0,0,0.00,0
11,3rd,CAR vs RIN,CAR,RIN,Will Banfield,0,,0,0,0.00,0
11,3rd,CAR vs RIN,CAR,RIN,Ranen Gandhi,0,,0,0,0.00,0
11,3rd,CAR vs RIN,RIN,CAR,Seth McGinty,8,,0,43,5.37,4
11,3rd,CAR vs RIN,RIN,CAR,Abraham Thomas,8,,0,50,6.25,3
11,3rd,CAR vs RIN,RIN,CAR,Jack Beer,9,,0,54,6.00,5
11,3rd,CAR vs RIN,RIN,CAR,Garry Bhour,3,,0,30,10.00,0
11,3rd,CAR vs RIN,RIN,CAR,Kanhai Patel,6,,0,31,5.16,1
11,3rd,CAR vs RIN,RIN,CAR,Jujhar Singh Tamber,9,,0,55,6.11,1
11,3rd,CAR vs RIN,RIN,CAR,Harry Simpson,0,,0,0,0.00,0
11,3rd,CAR vs RIN,RIN,CAR,Lewis Bouckley,0,,0,0,0.00,0
11,3rd,CAR vs RIN,RIN,CAR,Rory Edwards,0,,0,0,0.00,0
11,3rd,CAR vs RIN,RIN,CAR,James Pettitt,0,,0,0,0.00,0
11,3rd,CAR vs RIN,RIN,CAR,Dhanush Dahiya,0,,0,0,0.00,0
11,3rd,NOR vs ST,NOR,ST,Aaron Harding,7.3,,1,26,3.46,0
11,3rd,NOR vs ST,NOR,ST,Orlando Pender,4,,0,31,7.75,5
11,3rd,NOR vs ST,NOR,ST,Yuvraj Lidder,5,,0,28,5.60,3
11,3rd,NOR vs ST,NOR,ST,Walter Jackson,8,,1,20,2.50,2
11,3rd,NOR vs ST,NOR,ST,Dinuk de Silva,9,,0,31,3.44,1
11,3rd,NOR vs ST,NOR,ST,Tom Deighton,8,,0,39,4.87,0
11,3rd,NOR vs ST,ST,NOR,Jimmy Anderson,0,,0,0,0.00,0
11,3rd,NOR vs ST,ST,NOR,Leonardo Manteit,8,,0,40,5.00,2
11,3rd,NOR vs ST,ST,NOR,Mandiv Ruwanpathirana,4,,0,27,6.75,3
11,3rd,NOR vs ST,ST,NOR,Earl Dicesare,9,,1,23,2.55,3
11,3rd,NOR vs ST,ST,NOR,Zac Mills,4,,0,26,6.50,0
11,3rd,NOR vs ST,ST,NOR,Akshay Khabarwal,5,,0,15,3.00,0
11,3rd,NOR vs ST,ST,NOR,Qasim Khan,3,,0,28,9.33,5
11,3rd,NOR vs ST,ST,NOR,Liam Rowley,2.5,,0,16,5.64,0
11,3rd,MEL vs ESS,MEL,ESS,Luay Miraz,6,,0,37,6.16,11
11,3rd,MEL vs ESS,MEL,ESS,Paramvir Singh,9,,2,43,4.77,2
11,3rd,MEL vs ESS,MEL,ESS,Agamjot Sandhu,7,,0,43,6.14,1
11,3rd,MEL vs ESS,MEL,ESS,Jessraj Badhaan,5,,0,17,3.40,1
11,3rd,MEL vs ESS,MEL,ESS,Aaron Cornish,9,,1,35,3.88,2
11,3rd,MEL vs ESS,MEL,ESS,Heath doherty,9,,0,37,4.11,2
11,3rd,MEL vs ESS,ESS,MEL,Jacob Stevenson,6,,1,18,3.00,0
11,3rd,MEL vs ESS,ESS,MEL,Hunter Kremer-Slevin,5.4,,0,17,3.00,4
11,3rd,MEL vs ESS,ESS,MEL,Leo Hatzoglou,3,,0,17,5.66,2
11,3rd,MEL vs ESS,ESS,MEL,Alex Ingpen,5,,0,20,4.00,1
11,3rd,MEL vs ESS,ESS,MEL,Raj Nand,9,,0,28,3.11,1
11,3rd,MEL vs ESS,ESS,MEL,Will Waters,7,,2,18,2.57,0
11,3rd,MEL vs FRA,MEL,FRA,Aaron McIlroy,9,,0,42,4.66,2
11,3rd,MEL vs FRA,MEL,FRA,Jye Dignan,9,,0,38,4.22,0
11,3rd,MEL vs FRA,MEL,FRA,Talal Shahzad,9,,0,51,5.66,0
11,3rd,MEL vs FRA,MEL,FRA,Matthew Stone,9,,0,42,4.66,0
11,3rd,MEL vs FRA,MEL,FRA,Tanush Nandini,9,,0,48,5.33,1
11,3rd,MEL vs FRA,FRA,MEL,Josh Finkelstein,6,,1,22,3.66,0
11,3rd,MEL vs FRA,FRA,MEL,Charlie Wolf,8,,1,27,3.37,3
11,3rd,MEL vs FRA,FRA,MEL,Simon O’Brien,6,,1,26,4.33,2
11,3rd,MEL vs FRA,FRA,MEL,Sam Anderson,5,,1,17,3.40,4
11,3rd,MEL vs FRA,FRA,MEL,Nicholas Critchley,3,,0,9,3.00,2
11,3rd,MEL vs FRA,FRA,MEL,Fletcher Good,4,,0,28,7.00,0
11,3rd,MEL vs FRA,FRA,MEL,Kyle Williamson,7.4,,0,29,3.78,1
11,3rd,CAM vs DAN,CAM,DAN,Advit Sharma,8,,0,31,3.87,1
11,3rd,CAM vs DAN,CAM,DAN,Rohan Chandel,9,,2,27,3.00,2
11,3rd,CAM vs DAN,CAM,DAN,Rikhil Bharadwaj,7,,0,33,4.71,2
11,3rd,CAM vs DAN,CAM,DAN,Nathan Giove,9,,0,44,4.88,2
11,3rd,CAM vs DAN,CAM,DAN,Nisith Amarasinghe,7,,1,39,5.57,1
11,3rd,CAM vs DAN,CAM,DAN,Thenuka Perera,5,,0,15,3.00,1
11,3rd,CAM vs DAN,DAN,CAM,Andrew Procopiou,5.1,,1,18,3.48,3
11,3rd,CAM vs DAN,DAN,CAM,Ronit Rehal,5,,0,21,4.20,0
11,3rd,CAM vs DAN,DAN,CAM,Max Burn,9,,0,44,4.88,9
11,3rd,CAM vs DAN,DAN,CAM,Lucas Jones,4,,0,30,7.50,2
11,3rd,CAM vs DAN,DAN,CAM,DAKSH SAINI,5,,0,25,5.00,6
11,3rd,CAM vs DAN,DAN,CAM,Thomas Vanderslik,9,,1,18,2.00,1
11,3rd,CAM vs DAN,DAN,CAM,Adam Rixon,6,,0,31,5.16,0
12,3rd,1st RIC vs 1st RIN,1st RIC,1st RIN,Darcy Noonan,13.3,,2,46,3.40,0
12,3rd,1st RIC vs 1st RIN,1st RIC,1st RIN,Isaac Macklin,10,,5,18,1.80,0
12,3rd,1st RIC vs 1st RIN,1st RIC,1st RIN,Zachary Seal,6,,1,10,1.66,0
12,3rd,1st RIC vs 1st RIN,1st RIC,1st RIN,Lachlan Payne,4,,1,19,4.75,0
12,3rd,1st RIC vs 1st RIN,1st RIC,1st RIN,Gabe Lawson,8,,1,37,4.62,0
12,3rd,1st RIC vs 1st RIN,1st RIC,1st RIN,Bailey O’Riley,9,,0,30,3.33,0
12,3rd,1st RIC vs 1st RIN,1st RIC,1st RIN,Prabhav Mishra,4,,0,16,4.00,0
12,3rd,1st RIC vs 1st RIN,1st RIN,1st RIC,Ethan Lovell,13,,1,37,2.84,1
12,3rd,1st RIC vs 1st RIN,1st RIN,1st RIC,Charlie Wigney,19,,5,44,2.31,0
12,3rd,1st RIC vs 1st RIN,1st RIN,1st RIC,Jackson Reed,12,,4,35,2.91,1
12,3rd,1st RIC vs 1st RIN,1st RIN,1st RIC,Caiden Dobson,26,,6,54,2.07,0
12,3rd,1st RIC vs 1st RIN,1st RIN,1st RIC,Ethan Kolaritsch,11.5,,5,27,2.28,0
12,3rd,1st RIC vs 1st RIN,1st RIN,1st RIC,Chris Hall,5,,0,17,3.40,0
12,3rd,1st RIC vs 1st RIN,2nd RIC,1st RIC,Gabe Lawson,2,,1,4,2.00,0
12,3rd,1st RIC vs 1st RIN,2nd RIC,1st RIC,Prabhav Mishra,1,,0,2,2.00,0
12,3rd,1st NOR vs 1st ESS,1st NOR,1st ESS,Muhammad Abdul Wasay,10,,2,40,4.00,0
12,3rd,1st NOR vs 1st ESS,1st NOR,1st ESS,Agamjot Sandhu,12,,0,53,4.41,0
12,3rd,1st NOR vs 1st ESS,1st NOR,1st ESS,Paramvir Singh,20,,4,60,3.00,0
12,3rd,1st NOR vs 1st ESS,1st NOR,1st ESS,Aaron Cornish,25,,2,75,3.00,0
12,3rd,1st NOR vs 1st ESS,1st NOR,1st ESS,Heath doherty,20,,2,57,2.85,0
12,3rd,1st NOR vs 1st ESS,1st NOR,1st ESS,Jessraj Badhaan,3,,0,15,5.00,0
12,3rd,1st NOR vs 1st ESS,1st ESS,1st NOR,Connor Burchall,9,,0,44,4.88,1
12,3rd,1st NOR vs 1st ESS,1st ESS,1st NOR,Zac Mills,12.5,,1,53,4.12,0
12,3rd,1st NOR vs 1st ESS,1st ESS,1st NOR,Ryan Siede,4,,1,20,5.00,0
12,3rd,1st NOR vs 1st ESS,1st ESS,1st NOR,Thomas Lambert,6,,1,25,4.16,0
12,3rd,1st NOR vs 1st ESS,1st ESS,1st NOR,Earl Dicesare,11,,2,57,5.18,0
12,3rd,1st NOR vs 1st ESS,1st ESS,1st NOR,Akshay Khabarwal,7,,1,30,4.28,0
12,3rd,1st DAN vs 1st GEE,1st DAN,1st GEE,Kyle Bienefelt,14,,5,17,1.21,0
12,3rd,1st DAN vs 1st GEE,1st DAN,1st GEE,Lachlan Watson,6,,2,15,2.50,0
12,3rd,1st DAN vs 1st GEE,1st DAN,1st GEE,Will Rodda,5,,0,16,3.20,0
12,3rd,1st DAN vs 1st GEE,1st DAN,1st GEE,Paawan Sharma,12,,0,54,4.50,0
12,3rd,1st DAN vs 1st GEE,1st DAN,1st GEE,Toby Cunningham,12,,2,33,2.75,0
12,3rd,1st DAN vs 1st GEE,1st GEE,1st DAN,Advit Sharma,18,,8,31,1.72,0
12,3rd,1st DAN vs 1st GEE,1st GEE,1st DAN,Rikhil Bharadwaj,10,,4,11,1.10,0
12,3rd,1st DAN vs 1st GEE,1st GEE,1st DAN,Neil D'Souza,10,,0,35,3.50,0
12,3rd,1st DAN vs 1st GEE,1st GEE,1st DAN,Nisith Amarasinghe,15,,1,61,4.06,0
12,3rd,1st DAN vs 1st GEE,1st GEE,1st DAN,Kartikay Sharma,11,,2,38,3.45,0
12,3rd,1st DAN vs 1st GEE,1st GEE,1st DAN,Thenuka Perera,8.3,,2,51,6.00,0
12,3rd,1st DAN vs 1st GEE,1st GEE,1st DAN,Jett Kelly,10,,1,36,3.60,0
12,3rd,1st DAN vs 1st GEE,1st GEE,1st DAN,Nick Thurgood,3,,0,14,4.66,0
12,3rd,1st DAN vs 1st GEE,1st GEE,1st DAN,Darcy Freeman,3,,0,24,8.00,0
12,3rd,1st DAN vs 1st GEE,1st GEE,1st DAN,Shehzad Singh,1,,0,2,2.00,0
12,3rd,1st FRA vs 1st FIT,1st FRA,1st FIT,Addison Forbes,9,,5,16,1.77,0
12,3rd,1st FRA vs 1st FIT,1st FRA,1st FIT,Edison Waghorn,16,,5,58,3.62,0
12,3rd,1st FRA vs 1st FIT,1st FRA,1st FIT,Rahul Surendran,12,,7,18,1.50,0
12,3rd,1st FRA vs 1st FIT,1st FRA,1st FIT,Joel Maaskant,10.5,,2,38,3.50,0
12,3rd,1st FRA vs 1st FIT,1st FRA,1st FIT,Blake Podesta,5,,2,9,1.80,1
12,3rd,1st FRA vs 1st FIT,1st FRA,1st FIT,Joseph Dossor,21,,8,46,2.19,0
12,3rd,1st FRA vs 1st FIT,1st FIT,1st FRA,Aaron McIlroy,23.2,,7,42,1.80,0
12,3rd,1st FRA vs 1st FIT,1st FIT,1st FRA,Matthew Kennedy,7,,1,19,2.71,0
12,3rd,1st FRA vs 1st FIT,1st FIT,1st FRA,Talal Shahzad,5,,0,27,5.40,0
12,3rd,1st FRA vs 1st FIT,1st FIT,1st FRA,Lachlan Curtis,20,,2,60,3.00,0
12,3rd,1st FRA vs 1st FIT,1st FIT,1st FRA,Jerome George,7,,1,22,3.14,0
12,3rd,1st FRA vs 1st FIT,2nd FRA,1st FRA,Rahul Surendran,3,,1,5,1.66,0
12,3rd,1st FRA vs 1st FIT,2nd FRA,1st FRA,Addison Forbes,2,,0,2,1.00,0
12,3rd,1st KIN vs 1st GRE,1st KIN,1st GRE,Samuel Clark,14.2,,4,41,2.86,0
12,3rd,1st KIN vs 1st GRE,1st KIN,1st GRE,Aidan McConnell,8,,0,44,5.50,0
12,3rd,1st KIN vs 1st GRE,1st KIN,1st GRE,Kyle Mawer,8,,0,35,4.37,8
12,3rd,1st KIN vs 1st GRE,1st KIN,1st GRE,Trent Waring,10,,4,28,2.80,0
12,3rd,1st KIN vs 1st GRE,1st KIN,1st GRE,Kanishk Bollu,21,,3,68,3.23,0
12,3rd,1st KIN vs 1st GRE,1st KIN,1st GRE,Connor Brisbane,19,,7,43,2.26,0
12,3rd,1st KIN vs 1st GRE,1st KIN,1st GRE,Muhammad Taha Rabbani,3,,0,17,5.66,0
12,3rd,1st KIN vs 1st GRE,1st GRE,1st KIN,Kovid Katta,13.5,,2,41,2.96,1
12,3rd,1st KIN vs 1st GRE,1st GRE,1st KIN,Max Ralph,10,,2,34,3.40,0
12,3rd,1st KIN vs 1st GRE,1st GRE,1st KIN,Gurdarshan Kaushik,10,,4,31,3.10,0
12,3rd,1st KIN vs 1st GRE,1st GRE,1st KIN,Arunkarthik Mannarsamy,8,,4,20,2.50,0
12,3rd,1st KIN vs 1st GRE,1st GRE,1st KIN,Arish Surani,7,,2,39,5.57,0
12,3rd,1st KIN vs 1st GRE,1st GRE,1st KIN,Roshan Gunatilake,4,,0,9,2.25,0
12,3rd,1st FOO vs 1st CAS,1st FOO,1st CAS,Matthew Blanch,20,,5,47,2.35,0
12,3rd,1st FOO vs 1st CAS,1st FOO,1st CAS,Nate Murphy,11.4,,5,20,1.71,0
12,3rd,1st FOO vs 1st CAS,1st FOO,1st CAS,Max Heffernan,2,,0,14,7.00,0
12,3rd,1st FOO vs 1st CAS,1st FOO,1st CAS,Tristan Booth,15,,5,55,3.66,0
12,3rd,1st FOO vs 1st CAS,1st FOO,1st CAS,Rison Wickramasurendra,11,,1,56,5.09,0
12,3rd,1st FOO vs 1st CAS,1st FOO,1st CAS,Charlie Johnson,17,,4,50,2.94,0
12,3rd,1st FOO vs 1st CAS,1st CAS,1st FOO,Liam Sutton,12,,2,35,2.91,0
12,3rd,1st FOO vs 1st CAS,1st CAS,1st FOO,Stewart Wilson,11,,3,27,2.45,0
12,3rd,1st FOO vs 1st CAS,1st CAS,1st FOO,William Pizaro,11,,1,53,4.81,0
12,3rd,1st FOO vs 1st CAS,1st CAS,1st FOO,Ryder Mclean,6,,4,9,1.50,0
12,3rd,1st FOO vs 1st CAS,1st CAS,1st FOO,Harshal S Suresh,14.2,,5,25,1.74,0
12,3rd,1st FOO vs 1st CAS,1st CAS,1st FOO,Tanish Taneja,11,,5,12,1.09,0
12,3rd,1st FOO vs 1st CAS,1st CAS,1st FOO,Phoenix Hopper,8,,0,31,3.87,0
12,3rd,1st PRA vs 1st MEL,1st PRA,1st MEL,Hunter Kremer-Slevin,23.4,,7,52,2.19,0
12,3rd,1st PRA vs 1st MEL,1st PRA,1st MEL,Alex Ingpen,23,,6,57,2.47,0
12,3rd,1st PRA vs 1st MEL,1st PRA,1st MEL,Angus Harms,13,,1,36,2.76,2
12,3rd,1st PRA vs 1st MEL,1st PRA,1st MEL,Leo Hatzoglou,13,,1,29,2.23,0
12,3rd,1st PRA vs 1st MEL,1st PRA,1st MEL,Raj Nand,2,,0,21,10.50,0
12,3rd,1st PRA vs 1st MEL,1st PRA,1st MEL,Will Waters,10,,2,56,5.60,0
12,3rd,1st PRA vs 1st MEL,1st PRA,1st MEL,Hugo Bienvenu,0,,0,0,0.00,0
12,3rd,1st PRA vs 1st MEL,1st PRA,1st MEL,Andrew Young,0,,0,0,0.00,0
12,3rd,1st PRA vs 1st MEL,1st PRA,1st MEL,Benjamin Rolfs,0,,0,0,0.00,0
12,3rd,1st PRA vs 1st MEL,1st PRA,1st MEL,Connor Hastings,0,,0,0,0.00,0
12,3rd,1st PRA vs 1st MEL,1st MEL,1st PRA,Nigel K Munasinghe,16,,2,62,3.87,2
12,3rd,1st PRA vs 1st MEL,1st MEL,1st PRA,Nicholas Graves,6,,1,16,2.66,0
12,3rd,1st PRA vs 1st MEL,1st MEL,1st PRA,Henry Nicholls,13,,2,53,4.07,0
12,3rd,1st PRA vs 1st MEL,1st MEL,1st PRA,Parth Rath,25.3,,6,68,2.66,0
12,3rd,1st PRA vs 1st MEL,1st MEL,1st PRA,Saksham Kapoor,11,,0,54,4.90,0
12,3rd,1st CAM vs 1st ST,1st CAM,1st ST,Angus Robson,12,,1,36,3.00,0
12,3rd,1st CAM vs 1st ST,1st CAM,1st ST,Walter Jackson,10,,0,49,4.90,0
12,3rd,1st CAM vs 1st ST,1st CAM,1st ST,Yuvraj Lidder,13,,3,37,2.84,2
12,3rd,1st CAM vs 1st ST,1st CAM,1st ST,Rishikesh Talwar,4,,2,12,3.00,0
12,3rd,1st CAM vs 1st ST,1st CAM,1st ST,Dinuk de Silva,21,,8,35,1.66,0
12,3rd,1st CAM vs 1st ST,1st CAM,1st ST,Tom Deighton,19,,4,63,3.31,0
12,3rd,1st CAM vs 1st ST,1st CAM,1st ST,Jobe Kennedy,11,,3,40,3.63,0
12,3rd,1st CAM vs 1st ST,1st ST,1st CAM,Andrew Procopiou,7,,0,54,7.71,0
12,3rd,1st CAM vs 1st ST,1st ST,1st CAM,Ronit Rehal,7,,1,39,5.57,0
12,3rd,1st CAM vs 1st ST,1st ST,1st CAM,Simarjit Pawar,5,,0,34,6.80,0
12,3rd,1st CAM vs 1st ST,1st ST,1st CAM,Lucas Jones,19.3,,6,49,2.51,0
12,3rd,1st CAM vs 1st ST,1st ST,1st CAM,Adam Rixon,14,,2,65,4.64,0
12,3rd,1st CAM vs 1st ST,1st ST,1st CAM,Thomas Vanderslik,13,,7,24,1.84,0
12,3rd,1st CAM vs 1st ST,1st ST,1st CAM,Max Burn,4,,1,26,6.50,0
12,3rd,1st CAR vs 1st MEL,1st CAR,1st MEL,Isaac Bepey,14.2,,6,31,2.16,0
12,3rd,1st CAR vs 1st MEL,1st CAR,1st MEL,Josh Finkelstein,6,,2,20,3.33,0
12,3rd,1st CAR vs 1st MEL,1st CAR,1st MEL,Thomas Cesaro,4,,0,19,4.75,0
12,3rd,1st CAR vs 1st MEL,1st CAR,1st MEL,Kyle Parrott,14,,2,52,3.71,0
12,3rd,1st CAR vs 1st MEL,1st CAR,1st MEL,Fletcher Good,17,,3,65,3.82,0
12,3rd,1st CAR vs 1st MEL,1st CAR,1st MEL,Sam Anderson,5,,0,12,2.40,0
12,3rd,1st CAR vs 1st MEL,1st CAR,1st MEL,Kyle Williamson,20,,9,28,1.40,0
12,3rd,1st CAR vs 1st MEL,1st MEL,1st CAR,Seth McGinty,14,,0,63,4.50,0
12,3rd,1st CAR vs 1st MEL,1st MEL,1st CAR,Abraham Thomas,10,,0,69,6.90,1
12,3rd,1st CAR vs 1st MEL,1st MEL,1st CAR,Leo Dench,5,,0,31,6.20,0
12,3rd,1st CAR vs 1st MEL,1st MEL,1st CAR,Kanhai Patel,5,,1,26,5.20,1
12,3rd,1st CAR vs 1st MEL,1st MEL,1st CAR,Jujhar Singh Tamber,13,,2,61,4.69,0
12,3rd,1st CAR vs 1st MEL,1st MEL,1st CAR,Garry Bhour,9,,0,49,5.44,0
13,3rd,1st PRA vs 1st NOR,1st PRA,1st NOR,Connor Burchall,12,,3,46,3.83,2
13,3rd,1st PRA vs 1st NOR,1st PRA,1st NOR,Ryan Siede,14,,3,48,3.42,0
13,3rd,1st PRA vs 1st NOR,1st PRA,1st NOR,Zac Mills,16,,3,87,5.43,0
13,3rd,1st PRA vs 1st NOR,1st PRA,1st NOR,Samson Storey,10,,2,66,6.60,0
13,3rd,1st PRA vs 1st NOR,1st PRA,1st NOR,Earl Dicesare,21,,2,75,3.57,0
13,3rd,1st PRA vs 1st NOR,1st PRA,1st NOR,Mandiv Ruwanpathirana,7,,1,29,4.14,0
13,3rd,1st PRA vs 1st NOR,1st NOR,1st PRA,Nigel K Munasinghe,14,,3,46,3.28,1
13,3rd,1st PRA vs 1st NOR,1st NOR,1st PRA,Nicholas Graves,13,,4,30,2.30,0
13,3rd,1st PRA vs 1st NOR,1st NOR,1st PRA,Hamish Braden,10,,1,27,2.70,0
13,3rd,1st PRA vs 1st NOR,1st NOR,1st PRA,Parth Rath,23,,5,59,2.56,0
13,3rd,1st PRA vs 1st NOR,1st NOR,1st PRA,Saksham Kapoor,11,,2,55,5.00,0
13,3rd,1st PRA vs 1st NOR,1st NOR,1st PRA,Nathan A Munasinghe,6,,0,23,3.83,0
13,3rd,1st PRA vs 1st NOR,1st NOR,1st PRA,Henry Nicholls,3,,0,20,6.66,0
13,3rd,1st GRE vs 1st MEL,1st GRE,1st MEL,Alex Ingpen,12,,4,23,1.91,0
13,3rd,1st GRE vs 1st MEL,1st GRE,1st MEL,Hunter Kremer-Slevin,7,,1,23,3.28,0
13,3rd,1st GRE vs 1st MEL,1st GRE,1st MEL,Angus Harms,11,,2,19,1.72,0
13,3rd,1st GRE vs 1st MEL,1st GRE,1st MEL,Leo Hatzoglou,6,,4,12,2.00,0
13,3rd,1st GRE vs 1st MEL,1st GRE,1st MEL,Will Waters,9,,2,19,2.11,0
13,3rd,1st GRE vs 1st MEL,1st GRE,1st MEL,Aanlin Cheeran,19.4,,5,43,2.18,0
13,3rd,1st GRE vs 1st MEL,1st GRE,1st MEL,Elliott Durrant,19,,4,31,1.63,0
13,3rd,1st GRE vs 1st MEL,1st MEL,1st GRE,Trent Waring,8,,1,41,5.12,0
13,3rd,1st GRE vs 1st MEL,1st MEL,1st GRE,Aidan McConnell,13,,1,54,4.15,0
13,3rd,1st GRE vs 1st MEL,1st MEL,1st GRE,Kyle Mawer,8,,0,32,4.00,0
13,3rd,1st GRE vs 1st MEL,1st MEL,1st GRE,Nirmana Fernando,15,,5,48,3.20,0
13,3rd,1st GRE vs 1st MEL,1st MEL,1st GRE,Connor Brisbane,11,,1,59,5.36,0
13,3rd,1st GRE vs 1st MEL,1st MEL,1st GRE,Muhammad Taha Rabbani,2,,0,17,8.50,0
13,3rd,1st GRE vs 1st MEL,1st MEL,1st GRE,Anthony Grobler,1,,0,4,4.00,0
13,3rd,1st RIN vs 1st CAS,1st RIN,1st CAS,Josh Guinea,16,,2,67,4.18,0
13,3rd,1st RIN vs 1st CAS,1st RIN,1st CAS,Nate Murphy,11,,2,48,4.36,0
13,3rd,1st RIN vs 1st CAS,1st RIN,1st CAS,Matthew Blanch,13,,1,67,5.15,1
13,3rd,1st RIN vs 1st CAS,1st RIN,1st CAS,Charlie Johnson,13,,0,95,7.30,0
13,3rd,1st RIN vs 1st CAS,1st RIN,1st CAS,Max Heffernan,8,,0,38,4.75,0
13,3rd,1st RIN vs 1st CAS,1st RIN,1st CAS,Rison Wickramasurendra,14,,1,64,4.57,0
13,3rd,1st RIN vs 1st CAS,1st RIN,1st CAS,Dale Christie,1,,0,5,5.00,0
13,3rd,1st RIN vs 1st CAS,1st RIN,1st CAS,Aryan Ghanekar,3,,0,20,6.66,0
13,3rd,1st RIN vs 1st CAS,1st RIN,1st CAS,Aaron D'souza,1,,0,8,8.00,0
13,3rd,1st RIN vs 1st CAS,1st CAS,1st RIN,Isaac Macklin,21,,4,57,2.71,2
13,3rd,1st RIN vs 1st CAS,1st CAS,1st RIN,Zachary Seal,15,,4,45,3.00,8
13,3rd,1st RIN vs 1st CAS,1st CAS,1st RIN,Lachlan Payne,9,,0,61,6.77,0
13,3rd,1st RIN vs 1st CAS,1st CAS,1st RIN,Gabe Lawson,18,,3,84,4.66,2
13,3rd,1st RIN vs 1st CAS,1st CAS,1st RIN,Bailey O’Riley,11,,3,47,4.27,0
13,3rd,1st RIN vs 1st CAS,1st CAS,1st RIN,Prabhav Mishra,5,,1,14,2.80,0
13,3rd,1st RIN vs 1st CAS,1st CAS,1st RIN,Will Banfield,1,,0,5,5.00,0
13,3rd,1st FOO vs 1st ESS,1st FOO,1st ESS,Luay Miraz,12,,2,44,3.66,4
13,3rd,1st FOO vs 1st ESS,1st FOO,1st ESS,Agamjot Sandhu,9,,0,45,5.00,1
13,3rd,1st FOO vs 1st ESS,1st FOO,1st ESS,Paramvir Singh,12,,4,27,2.25,3
13,3rd,1st FOO vs 1st ESS,1st FOO,1st ESS,Jacob Pawlowicz,16,,2,63,3.93,0
13,3rd,1st FOO vs 1st ESS,1st FOO,1st ESS,Krit Darji,13,,5,28,2.15,0
13,3rd,1st FOO vs 1st ESS,1st FOO,1st ESS,Heath doherty,12.4,,1,23,1.81,0
13,3rd,1st FOO vs 1st ESS,1st FOO,1st ESS,Simrth Singh Gill,4,,0,7,1.75,0
13,3rd,1st FOO vs 1st ESS,1st ESS,1st FOO,Shriram Rangaraju,13,,4,35,2.69,0
13,3rd,1st FOO vs 1st ESS,1st ESS,1st FOO,Stewart Wilson,12,,3,67,5.58,0
13,3rd,1st FOO vs 1st ESS,1st ESS,1st FOO,Xavier Marazita,6,,1,25,4.16,1
13,3rd,1st FOO vs 1st ESS,1st ESS,1st FOO,Tanish Taneja,8,,0,45,5.62,0
13,3rd,1st FOO vs 1st ESS,1st ESS,1st FOO,Harshal S Suresh,6,,0,58,9.66,0
13,3rd,1st FOO vs 1st ESS,1st ESS,1st FOO,Phoenix Hopper,12,,3,47,3.91,0
13,3rd,1st FOO vs 1st ESS,2nd FOO,1st FOO,Luay Miraz,3,,0,25,8.33,5
13,3rd,1st FOO vs 1st ESS,2nd FOO,1st FOO,Agamjot Sandhu,2,,0,11,5.50,0
13,3rd,1st DAN vs 1st MEL,1st DAN,1st MEL,Simon O’Brien,8,,4,14,1.75,0
13,3rd,1st DAN vs 1st MEL,1st DAN,1st MEL,Nicholas Xavier,11,,7,15,1.36,0
13,3rd,1st DAN vs 1st MEL,1st DAN,1st MEL,Thomas Kenny,8,,2,21,2.62,0
13,3rd,1st DAN vs 1st MEL,1st DAN,1st MEL,Charlie Wolf,15,,8,28,1.86,0
13,3rd,1st DAN vs 1st MEL,1st DAN,1st MEL,Fletcher Good,5,,2,6,1.20,0
13,3rd,1st DAN vs 1st MEL,1st DAN,1st MEL,Kyle Williamson,8.2,,5,6,0.72,0
13,3rd,1st DAN vs 1st MEL,1st DAN,1st MEL,Kyle Parrott,4,,1,11,2.75,0
13,3rd,1st DAN vs 1st MEL,1st MEL,1st DAN,Advit Sharma,10,,2,55,5.50,0
13,3rd,1st DAN vs 1st MEL,1st MEL,1st DAN,Rikhil Bharadwaj,9.1,,1,57,6.21,0
13,3rd,1st DAN vs 1st MEL,1st MEL,1st DAN,Jett Kelly,7,,3,27,3.85,0
13,3rd,1st DAN vs 1st MEL,1st MEL,1st DAN,Thenuka Perera,8,,0,39,4.87,0
13,3rd,1st DAN vs 1st MEL,1st MEL,1st DAN,Nisith Amarasinghe,8,,1,41,5.12,0
13,3rd,1st DAN vs 1st MEL,2nd DAN,1st DAN,Nicholas Xavier,11,,1,29,2.63,0
13,3rd,1st DAN vs 1st MEL,2nd DAN,1st DAN,Thomas Kenny,6,,2,21,3.50,0
13,3rd,1st DAN vs 1st MEL,2nd DAN,1st DAN,Charlie Wolf,4,,1,13,3.25,0
13,3rd,1st DAN vs 1st MEL,2nd DAN,1st DAN,Kyle Williamson,21,,8,39,1.85,0
13,3rd,1st DAN vs 1st MEL,2nd DAN,1st DAN,Fletcher Good,9,,3,26,2.88,0
13,3rd,1st DAN vs 1st MEL,2nd DAN,1st DAN,Simon O’Brien,4,,0,16,4.00,0
13,3rd,1st CAM vs 1st CAR,1st CAM,1st CAR,Todd Marchant,21,,6,49,2.33,0
13,3rd,1st CAM vs 1st CAR,1st CAM,1st CAR,Abraham Thomas,11,,5,24,2.18,0
13,3rd,1st CAM vs 1st CAR,1st CAM,1st CAR,Leo Dench,11,,5,25,2.27,0
13,3rd,1st CAM vs 1st CAR,1st CAM,1st CAR,Kanhai Patel,11,,2,43,3.90,0
13,3rd,1st CAM vs 1st CAR,1st CAM,1st CAR,Jujhar Singh Tamber,22,,4,60,2.72,0
13,3rd,1st CAM vs 1st CAR,1st CAM,1st CAR,Jack Campbell,10,,0,35,3.50,0
13,3rd,1st CAM vs 1st CAR,1st CAM,1st CAR,Alessandro Belci,1,,0,8,8.00,0
13,3rd,1st CAM vs 1st CAR,1st CAM,1st CAR,Aussie McIlwaine,2.1,,0,16,7.38,0
13,3rd,1st CAM vs 1st CAR,1st CAM,1st CAR,Harry Simpson,0,,0,0,0.00,0
13,3rd,1st CAM vs 1st CAR,1st CAM,1st CAR,Rory Edwards,0,,0,0,0.00,0
13,3rd,1st CAM vs 1st CAR,1st CAR,1st CAM,Simarjit Pawar,13,,1,42,3.23,0
13,3rd,1st CAM vs 1st CAR,1st CAR,1st CAM,Andrew Procopiou,11,,2,43,3.90,0
13,3rd,1st CAM vs 1st CAR,1st CAR,1st CAM,Ronit Rehal,12.3,,2,53,4.24,0
13,3rd,1st CAM vs 1st CAR,1st CAR,1st CAM,DAKSH SAINI,13,,1,44,3.38,1
13,3rd,1st CAM vs 1st CAR,1st CAR,1st CAM,Max Burn,7,,0,24,3.42,0
13,3rd,1st CAM vs 1st CAR,1st CAR,1st CAM,Lucas Jones,5,,1,23,4.60,0
13,3rd,1st CAM vs 1st CAR,1st CAR,1st CAM,Thomas Vanderslik,8,,0,34,4.25,0
13,3rd,1st CAM vs 1st CAR,1st CAR,1st CAM,Jack Di Stefano,0,,0,0,0.00,0
13,3rd,1st CAM vs 1st CAR,1st CAR,1st CAM,Aarav Iyer,0,,0,0,0.00,0
13,3rd,1st CAM vs 1st CAR,1st CAR,1st CAM,Jack Evans,0,,0,0,0.00,0
13,3rd,1st GEE vs 1st FRA,1st GEE,1st FRA,Harrison Wallace,18,,5,39,2.16,0
13,3rd,1st GEE vs 1st FRA,1st GEE,1st FRA,Luke Kranzbuhler,10,,4,19,1.90,0
13,3rd,1st GEE vs 1st FRA,1st GEE,1st FRA,Jamie Matheson,28,,5,71,2.53,0
13,3rd,1st GEE vs 1st FRA,1st GEE,1st FRA,Matthew Kennedy,10.2,,2,41,3.96,0
13,3rd,1st GEE vs 1st FRA,1st GEE,1st FRA,Jerome George,21,,5,34,1.61,0
13,3rd,1st GEE vs 1st FRA,1st GEE,1st FRA,Matthew Stone,2,,1,4,2.00,0
13,3rd,1st GEE vs 1st FRA,1st FRA,1st GEE,Lachlan Watson,9,,1,31,3.44,1
13,3rd,1st GEE vs 1st FRA,1st FRA,1st GEE,Will Rodda,7,,3,16,2.28,1
13,3rd,1st GEE vs 1st FRA,1st FRA,1st GEE,Paawan Sharma,23,,7,61,2.65,0
13,3rd,1st GEE vs 1st FRA,1st FRA,1st GEE,Joshua Mastin,9,,3,30,3.33,0
13,3rd,1st GEE vs 1st FRA,1st FRA,1st GEE,Toby Cunningham,8,,3,15,1.87,0
13,3rd,1st GEE vs 1st FRA,1st FRA,1st GEE,Ted Bain,6.4,,1,15,2.25,0
13,3rd,1st FIT vs 1st KIN,1st FIT,1st KIN,Kovid Katta,15,,1,69,4.60,0
13,3rd,1st FIT vs 1st KIN,1st FIT,1st KIN,Max Ralph,17,,1,56,3.29,0
13,3rd,1st FIT vs 1st KIN,1st FIT,1st KIN,Gurdarshan Kaushik,13.3,,0,58,4.29,0
13,3rd,1st FIT vs 1st KIN,1st FIT,1st KIN,Arish Surani,2,,0,26,13.00,0
13,3rd,1st FIT vs 1st KIN,1st FIT,1st KIN,********,11.1,,0,44,3.94,0
13,3rd,1st FIT vs 1st KIN,1st FIT,1st KIN,Arunkarthik Mannarsamy,12.5,,0,67,5.22,0
13,3rd,1st FIT vs 1st KIN,1st FIT,1st KIN,Andrew Johnson,4,,1,13,3.25,0
13,3rd,1st FIT vs 1st KIN,1st KIN,1st FIT,Addison Forbes,15,,6,31,2.06,0
13,3rd,1st FIT vs 1st KIN,1st KIN,1st FIT,Joel Maaskant,14.1,,5,30,2.11,0
13,3rd,1st FIT vs 1st KIN,1st KIN,1st FIT,Xavier Mitchell,7,,2,18,2.57,0
13,3rd,1st FIT vs 1st KIN,1st KIN,1st FIT,Joseph Dossor,11,,2,31,2.81,0
13,3rd,1st FIT vs 1st KIN,1st KIN,1st FIT,Edison Waghorn,19,,7,38,2.00,0
13,3rd,1st FIT vs 1st KIN,1st KIN,1st FIT,Blake Podesta,2,,0,10,5.00,0
13,3rd,1st RIC vs 1st ST,1st RIC,1st ST,Angus Robson,12,,2,31,2.58,0
13,3rd,1st RIC vs 1st ST,1st RIC,1st ST,Luke Gandy,11,,3,45,4.09,1
13,3rd,1st RIC vs 1st ST,1st RIC,1st ST,Dinuk de Silva,24,,2,94,3.91,0
13,3rd,1st RIC vs 1st ST,1st RIC,1st ST,Walter Jackson,6,,3,4,0.66,0
13,3rd,1st RIC vs 1st ST,1st RIC,1st ST,Jobe Kennedy,9.2,,0,40,4.28,0
13,3rd,1st RIC vs 1st ST,1st RIC,1st ST,Yuvraj Lidder,6,,2,14,2.33,0
13,3rd,1st RIC vs 1st ST,1st RIC,1st ST,Aga Danish Hussain,6,,0,36,6.00,0
13,3rd,1st RIC vs 1st ST,1st ST,1st RIC,Ethan Lovell,13,,3,37,2.84,0
13,3rd,1st RIC vs 1st ST,1st ST,1st RIC,Jackson Reed,17,,6,42,2.47,1
13,3rd,1st RIC vs 1st ST,1st ST,1st RIC,Luke McCann,8,,2,41,5.12,0
13,3rd,1st RIC vs 1st ST,1st ST,1st RIC,Caiden Dobson,9,,1,59,6.55,0
13,3rd,1st RIC vs 1st ST,1st ST,1st RIC,Thomas Purcell,6,,0,41,6.83,1
13,3rd,1st RIC vs 1st ST,1st ST,1st RIC,Dulith Mihiripenna,6,,0,37,6.16,0
13,3rd,1st RIC vs 1st ST,1st ST,1st RIC,Jaskaran Ghotra,8,,2,29,3.62,0
14,3rd,1st GEE vs 1st GRE,1st GEE,1st GRE,Trent Waring,14,,2,42,3.00,0
14,3rd,1st GEE vs 1st GRE,1st GEE,1st GRE,Aidan McConnell,10,,1,49,4.90,0
14,3rd,1st GEE vs 1st GRE,1st GEE,1st GRE,Xavier Cooknell,6,,1,27,4.50,0
14,3rd,1st GEE vs 1st GRE,1st GEE,1st GRE,Kyle Mawer,8,,1,30,3.75,1
14,3rd,1st GEE vs 1st GRE,1st GEE,1st GRE,Nirmana Fernando,18,,3,51,2.83,0
14,3rd,1st GEE vs 1st GRE,1st GEE,1st GRE,Connor Brisbane,18,,1,48,2.66,0
14,3rd,1st GEE vs 1st GRE,1st GEE,1st GRE,Muhammad Taha Rabbani,6,,0,31,5.16,0
14,3rd,1st GEE vs 1st GRE,1st GRE,1st GEE,Kyle Bienefelt,10,,1,42,4.20,1
14,3rd,1st GEE vs 1st GRE,1st GRE,1st GEE,Lachlan Watson,4,,0,9,2.25,0
14,3rd,1st GEE vs 1st GRE,1st GRE,1st GEE,Will Rodda,9,,4,16,1.77,0
14,3rd,1st GEE vs 1st GRE,1st GRE,1st GEE,Paawan Sharma,27.1,,4,55,2.02,0
14,3rd,1st GEE vs 1st GRE,1st GRE,1st GEE,Toby Cunningham,12,,1,38,3.16,0
14,3rd,1st GEE vs 1st GRE,1st GRE,1st GEE,Ted Bain,11,,1,31,2.81,0
14,3rd,1st CAS vs 1st RIC,1st CAS,1st RIC,Ethan Lovell,19,,7,47,2.47,2
14,3rd,1st CAS vs 1st RIC,1st CAS,1st RIC,Charlie Wigney,18,,8,31,1.72,1
14,3rd,1st CAS vs 1st RIC,1st CAS,1st RIC,Ethan Loy-Abrahams,8,,2,30,3.75,0
14,3rd,1st CAS vs 1st RIC,1st CAS,1st RIC,Caiden Dobson,22,,6,59,2.68,0
14,3rd,1st CAS vs 1st RIC,1st CAS,1st RIC,Callum Power,9,,4,18,2.00,0
14,3rd,1st CAS vs 1st RIC,1st CAS,1st RIC,Ethan Kolaritsch,8.5,,0,25,2.83,0
14,3rd,1st CAS vs 1st RIC,1st CAS,1st RIC,Lachlan Giblett,0,,0,0,0.00,0
14,3rd,1st CAS vs 1st RIC,1st CAS,1st RIC,Harry Gell,0,,0,0,0.00,0
14,3rd,1st CAS vs 1st RIC,1st CAS,1st RIC,Charlie Morris,0,,0,0,0.00,0
14,3rd,1st CAS vs 1st RIC,1st CAS,1st RIC,Clancy McCormick,0,,0,0,0.00,0
14,3rd,1st CAS vs 1st RIC,1st CAS,1st RIC,Jackson Reed,0,,0,0,0.00,0
14,3rd,1st CAS vs 1st RIC,1st RIC,1st CAS,Nate Murphy,9,,1,30,3.33,0
14,3rd,1st CAS vs 1st RIC,1st RIC,1st CAS,Matthew Blanch,5,,0,24,4.80,0
14,3rd,1st CAS vs 1st RIC,1st RIC,1st CAS,Tristan Booth,9,,1,22,2.44,0
14,3rd,1st CAS vs 1st RIC,1st RIC,1st CAS,Josh Guinea,13,,5,39,3.00,0
14,3rd,1st CAS vs 1st RIC,1st RIC,1st CAS,Charlie Johnson,12,,0,49,4.08,0
14,3rd,1st CAS vs 1st RIC,1st RIC,1st CAS,Rison Wickramasurendra,6.3,,1,44,6.76,0
14,3rd,1st CAS vs 1st RIC,1st RIC,1st CAS,Max Heffernan,2,,0,9,4.50,0
14,3rd,1st CAS vs 1st RIC,1st RIC,1st CAS,Aaron D'souza,0,,0,0,0.00,0
14,3rd,1st CAS vs 1st RIC,1st RIC,1st CAS,Akith Abeywickrama,0,,0,0,0.00,0
14,3rd,1st CAS vs 1st RIC,1st RIC,1st CAS,Aryan Ghanekar,0,,0,0,0.00,0
14,3rd,1st CAS vs 1st RIC,1st RIC,1st CAS,Dale Christie,0,,0,0,0.00,0
14,3rd,1st FIT vs 1st ESS,1st FIT,1st ESS,Nicholas Markovski,0,,0,0,0.00,0
14,3rd,1st FIT vs 1st ESS,1st FIT,1st ESS,Luay Miraz,17,,2,65,3.82,1
14,3rd,1st FIT vs 1st ESS,1st FIT,1st ESS,Muhammad Abdul Wasay,17,,3,74,4.35,0
14,3rd,1st FIT vs 1st ESS,1st FIT,1st ESS,Heath doherty,23,,3,86,3.73,0
14,3rd,1st FIT vs 1st ESS,1st FIT,1st ESS,Henry Robertson,16,,3,74,4.62,0
14,3rd,1st FIT vs 1st ESS,1st FIT,1st ESS,Paramvir Singh,3,,0,7,2.33,0
14,3rd,1st FIT vs 1st ESS,1st FIT,1st ESS,Jessraj Badhaan,1,,0,4,4.00,0
14,3rd,1st FIT vs 1st ESS,1st FIT,1st ESS,Krit Darji,11,,1,32,2.90,0
14,3rd,1st FIT vs 1st ESS,1st FIT,1st ESS,Zachary Beniwal,2,,0,9,4.50,0
14,3rd,1st FIT vs 1st ESS,1st ESS,1st FIT,Addison Forbes,9,,2,42,4.66,0
14,3rd,1st FIT vs 1st ESS,1st ESS,1st FIT,Miller Childs,7,,2,15,2.14,0
14,3rd,1st FIT vs 1st ESS,1st ESS,1st FIT,Joel Maaskant,10,,1,22,2.20,0
14,3rd,1st FIT vs 1st ESS,1st ESS,1st FIT,Xavier Mitchell,4,,1,16,4.00,0
14,3rd,1st FIT vs 1st ESS,1st ESS,1st FIT,Edison Waghorn,16,,3,50,3.12,0
14,3rd,1st FIT vs 1st ESS,1st ESS,1st FIT,Kepler Lukies,17,,7,22,1.29,0
14,3rd,1st FIT vs 1st ESS,1st ESS,1st FIT,Billy Rayner,2,,0,3,1.50,0
14,3rd,1st FIT vs 1st ESS,1st ESS,1st FIT,James Heaney,2,,1,8,4.00,0
14,3rd,1st MEL vs 1st NOR,1st MEL,1st NOR,Connor Burchall,6,,0,27,4.50,0
14,3rd,1st MEL vs 1st NOR,1st MEL,1st NOR,Mandiv Ruwanpathirana,8,,4,6,0.75,0
14,3rd,1st MEL vs 1st NOR,1st MEL,1st NOR,Tremayne Ryder,10,,4,20,2.00,0
14,3rd,1st MEL vs 1st NOR,1st MEL,1st NOR,Zac Mills,13,,4,34,2.61,0
14,3rd,1st MEL vs 1st NOR,1st MEL,1st NOR,Earl Dicesare,5,,1,12,2.40,0
14,3rd,1st MEL vs 1st NOR,1st NOR,1st MEL,Alex Ingpen,9,,3,17,1.88,1
14,3rd,1st MEL vs 1st NOR,1st NOR,1st MEL,Hunter Kremer-Slevin,5,,1,27,5.40,0
14,3rd,1st MEL vs 1st NOR,1st NOR,1st MEL,Angus Harms,4,,1,16,4.00,0
14,3rd,1st MEL vs 1st NOR,1st NOR,1st MEL,Leo Hatzoglou,3,,0,9,3.00,0
14,3rd,1st MEL vs 1st NOR,1st NOR,1st MEL,Will Waters,9,,1,26,2.88,0
14,3rd,1st MEL vs 1st NOR,1st NOR,1st MEL,Elliott Durrant,5,,4,4,0.80,0
14,3rd,1st MEL vs 1st NOR,2nd MEL,1st MEL,Connor Burchall,7,,2,24,3.42,0
14,3rd,1st MEL vs 1st NOR,2nd MEL,1st MEL,Mandiv Ruwanpathirana,5,,1,16,3.20,0
14,3rd,1st MEL vs 1st NOR,2nd MEL,1st MEL,Tremayne Ryder,8,,0,40,5.00,0
14,3rd,1st MEL vs 1st NOR,2nd MEL,1st MEL,Zac Mills,11,,1,53,4.81,0
14,3rd,1st MEL vs 1st NOR,2nd MEL,1st MEL,Earl Dicesare,11,,0,72,6.54,0
14,3rd,1st MEL vs 1st NOR,2nd MEL,1st MEL,Qasim Khan,4,,0,27,6.75,0
14,3rd,1st MEL vs 1st NOR,2nd NOR,1st MEL,Alex Ingpen,7,,0,41,5.85,1
14,3rd,1st MEL vs 1st NOR,2nd NOR,1st MEL,Hunter Kremer-Slevin,2,,0,16,8.00,0
14,3rd,1st MEL vs 1st NOR,2nd NOR,1st MEL,Leo Hatzoglou,5,,1,26,5.20,0
14,3rd,1st MEL vs 1st NOR,2nd NOR,1st MEL,Angus Harms,0.5,,0,8,9.60,0
14,3rd,1st CAM vs 1st MEL,1st CAM,1st MEL,Isaac Bepey,13,,7,27,2.07,0
14,3rd,1st CAM vs 1st MEL,1st CAM,1st MEL,Thomas Kenny,7,,2,13,1.85,0
14,3rd,1st CAM vs 1st MEL,1st CAM,1st MEL,Thomas Cesaro,8,,4,16,2.00,0
14,3rd,1st CAM vs 1st MEL,1st CAM,1st MEL,Sam Anderson,5,,1,11,2.20,0
14,3rd,1st CAM vs 1st MEL,1st CAM,1st MEL,Fletcher Good,10,,3,34,3.40,0
14,3rd,1st CAM vs 1st MEL,1st CAM,1st MEL,Kyle Williamson,14,,2,42,3.00,0
14,3rd,1st CAM vs 1st MEL,1st CAM,1st MEL,Charlie Wolf,3.1,,1,8,2.52,0
14,3rd,1st CAM vs 1st MEL,1st MEL,1st CAM,Simarjit Pawar,7,,0,34,4.85,2
14,3rd,1st CAM vs 1st MEL,1st MEL,1st CAM,Andrew Procopiou,5,,0,22,4.40,0
14,3rd,1st CAM vs 1st MEL,1st MEL,1st CAM,Max Burn,2,,0,12,6.00,0
14,3rd,1st CAM vs 1st MEL,1st MEL,1st CAM,Adam Rixon,11,,1,48,4.36,0
14,3rd,1st CAM vs 1st MEL,1st MEL,1st CAM,Ronit Rehal,5,,3,26,5.20,0
14,3rd,1st CAM vs 1st MEL,1st MEL,1st CAM,DAKSH SAINI,5,,1,42,8.40,0
14,3rd,1st CAM vs 1st MEL,1st MEL,1st CAM,Thomas Vanderslik,12,,3,34,2.83,0
14,3rd,1st CAR vs 1st DAN,1st CAR,1st DAN,Rikhil Bharadwaj,16,,3,85,5.31,0
14,3rd,1st CAR vs 1st DAN,1st CAR,1st DAN,Advit Sharma,17.1,,2,54,3.14,0
14,3rd,1st CAR vs 1st DAN,1st CAR,1st DAN,Thenuka Perera,9,,0,40,4.44,1
14,3rd,1st CAR vs 1st DAN,1st CAR,1st DAN,Rohan Chandel,19,,2,83,4.36,0
14,3rd,1st CAR vs 1st DAN,1st CAR,1st DAN,Nick Thurgood,3,,0,13,4.33,0
14,3rd,1st CAR vs 1st DAN,1st CAR,1st DAN,Nisith Amarasinghe,7,,2,39,5.57,0
14,3rd,1st CAR vs 1st DAN,1st CAR,1st DAN,Jett Kelly,11,,0,63,5.72,0
14,3rd,1st CAR vs 1st DAN,1st CAR,1st DAN,Finley Corrie,6,,1,20,3.33,0
14,3rd,1st CAR vs 1st DAN,1st CAR,1st DAN,Nathan Giove,0,,0,0,0.00,0
14,3rd,1st CAR vs 1st DAN,1st CAR,1st DAN,Matthew Pearson,0,,0,0,0.00,0
14,3rd,1st CAR vs 1st DAN,1st DAN,1st CAR,Vincent Bush,5,,1,26,5.20,0
14,3rd,1st CAR vs 1st DAN,1st DAN,1st CAR,Abraham Thomas,8,,0,32,4.00,0
14,3rd,1st CAR vs 1st DAN,1st DAN,1st CAR,Todd Marchant,12,,4,19,1.58,0
14,3rd,1st CAR vs 1st DAN,1st DAN,1st CAR,Kanhai Patel,5,,1,14,2.80,0
14,3rd,1st CAR vs 1st DAN,1st DAN,1st CAR,Jujhar Singh Tamber,7.3,,1,18,2.40,0
14,3rd,1st CAR vs 1st DAN,1st DAN,1st CAR,Jack Atkinson,0,,0,0,0.00,0
14,3rd,1st CAR vs 1st DAN,1st DAN,1st CAR,Harry Simpson,0,,0,0,0.00,0
14,3rd,1st CAR vs 1st DAN,1st DAN,1st CAR,Jack Campbell,0,,0,0,0.00,0
14,3rd,1st CAR vs 1st DAN,1st DAN,1st CAR,Lucas Cavigan,0,,0,0,0.00,0
14,3rd,1st FRA vs 1st KIN,1st FRA,1st KIN,Max Ralph,19,,3,85,4.47,0
14,3rd,1st FRA vs 1st KIN,1st FRA,1st KIN,Joel Ajani,10,,0,57,5.70,1
14,3rd,1st FRA vs 1st KIN,1st FRA,1st KIN,Gurdarshan Kaushik,22,,4,100,4.54,0
14,3rd,1st FRA vs 1st KIN,1st FRA,1st KIN,Sanithu Rajapaksha,16,,3,81,5.06,0
14,3rd,1st FRA vs 1st KIN,1st FRA,1st KIN,Arunkarthik Mannarsamy,10,,2,29,2.90,0
14,3rd,1st FRA vs 1st KIN,1st FRA,1st KIN,Andrew Johnson,6,,0,37,6.16,0
14,3rd,1st FRA vs 1st KIN,1st KIN,1st FRA,Aaron McIlroy,11,,5,15,1.36,0
14,3rd,1st FRA vs 1st KIN,1st KIN,1st FRA,Matthew Kennedy,13,,4,33,2.53,0
14,3rd,1st FRA vs 1st KIN,1st KIN,1st FRA,Talal Shahzad,9,,3,21,2.33,0
14,3rd,1st FRA vs 1st KIN,1st KIN,1st FRA,Jamie Matheson,9,,4,21,2.33,0
14,3rd,1st FRA vs 1st KIN,1st KIN,1st FRA,Tanush Nandini,9,,4,22,2.44,0
14,3rd,1st FRA vs 1st KIN,1st KIN,1st FRA,Joshua Edwards,1,,0,5,5.00,0
14,3rd,1st FRA vs 1st KIN,1st KIN,1st FRA,Matthew Stone,5.2,,1,13,2.43,0
14,3rd,1st RIN vs 1st ST,1st RIN,1st ST,Luke Gandy,16,,2,48,3.00,5
14,3rd,1st RIN vs 1st ST,1st RIN,1st ST,Walter Jackson,10,,3,23,2.30,0
14,3rd,1st RIN vs 1st ST,1st RIN,1st ST,Aga Danish Hussain,11,,1,32,2.90,0
14,3rd,1st RIN vs 1st ST,1st RIN,1st ST,Yuvraj Lidder,8,,1,40,5.00,0
14,3rd,1st RIN vs 1st ST,1st RIN,1st ST,Dinuk de Silva,24.3,,6,48,1.95,0
14,3rd,1st RIN vs 1st ST,1st RIN,1st ST,Jobe Kennedy,14,,1,43,3.07,0
14,3rd,1st RIN vs 1st ST,1st ST,1st RIN,Jack Martin,15.3,,4,56,3.61,1
14,3rd,1st RIN vs 1st ST,1st ST,1st RIN,Isaac Macklin,13,,2,42,3.23,1
14,3rd,1st RIN vs 1st ST,1st ST,1st RIN,Zachary Seal,5,,2,11,2.20,0
14,3rd,1st RIN vs 1st ST,1st ST,1st RIN,Gabe Lawson,4,,0,30,7.50,0
14,3rd,1st RIN vs 1st ST,1st ST,1st RIN,Bailey O’Riley,14,,2,39,2.78,0
14,3rd,1st RIN vs 1st ST,1st ST,1st RIN,Prabhav Mishra,4,,0,16,4.00,0
14,3rd,1st RIN vs 1st ST,1st ST,1st RIN,Trent Wynne,1,,0,8,8.00,0
14,3rd,1st PRA vs 1st FOO,1st PRA,1st FOO,Aadi Patel,12,,3,36,3.00,0
14,3rd,1st PRA vs 1st FOO,1st PRA,1st FOO,Stewart Wilson,11,,6,10,0.90,0
14,3rd,1st PRA vs 1st FOO,1st PRA,1st FOO,Xavier Marazita,11,,4,31,2.81,2
14,3rd,1st PRA vs 1st FOO,1st PRA,1st FOO,Ryder Mclean,6,,1,10,1.66,0
14,3rd,1st PRA vs 1st FOO,1st PRA,1st FOO,Harshal S Suresh,9.1,,1,20,2.18,0
14,3rd,1st PRA vs 1st FOO,1st PRA,1st FOO,Phoenix Hopper,7,,2,17,2.42,0
14,3rd,1st PRA vs 1st FOO,1st PRA,1st FOO,Daksh Kumar,11,,3,21,1.90,0
14,3rd,1st PRA vs 1st FOO,1st FOO,1st PRA,Nigel K Munasinghe,15.3,,6,38,2.45,1
14,3rd,1st PRA vs 1st FOO,1st FOO,1st PRA,Nicholas Graves,15,,5,38,2.53,0
14,3rd,1st PRA vs 1st FOO,1st FOO,1st PRA,Parth Rath,17,,6,34,2.00,0
14,3rd,1st PRA vs 1st FOO,1st FOO,1st PRA,Hamish Braden,2,,0,16,8.00,0
14,3rd,1st PRA vs 1st FOO,1st FOO,1st PRA,Saksham Kapoor,4,,0,24,6.00,0
1,4th,1st FRA vs 1st RIC,1st FRA,1st RIC,Tom Cashman,21,,5,50,2.38,0
1,4th,1st FRA vs 1st RIC,1st FRA,1st RIC,Jaskaran Ghotra,12,,0,54,4.50,0
1,4th,1st FRA vs 1st RIC,1st FRA,1st RIC,Navnith Satyan,16,,6,37,2.31,0
1,4th,1st FRA vs 1st RIC,1st FRA,1st RIC,James Sajeba,15,,1,43,2.86,0
1,4th,1st FRA vs 1st RIC,1st FRA,1st RIC,Dulith Mihiripenna,14,,1,49,3.50,0
1,4th,1st FRA vs 1st RIC,1st FRA,1st RIC,Callum Power,9,,1,31,3.44,0
1,4th,1st FRA vs 1st RIC,1st FRA,1st RIC,Lincoln Nicholls,9,,4,28,3.11,0
1,4th,1st FRA vs 1st RIC,1st RIC,1st FRA,Matthew Kennedy,17,,6,33,1.94,0
1,4th,1st FRA vs 1st RIC,1st RIC,1st FRA,Aryandeep Singh,18,,3,50,2.77,2
1,4th,1st FRA vs 1st RIC,1st RIC,1st FRA,Jake O’Brien,12,,3,25,2.08,0
1,4th,1st FRA vs 1st RIC,1st RIC,1st FRA,Mitchell Gill-Furness,14,,9,20,1.42,0
1,4th,1st FRA vs 1st RIC,1st RIC,1st FRA,Jerome George,15,,5,47,3.13,0
1,4th,1st FRA vs 1st RIC,1st RIC,1st FRA,Joe Paulas,18,,4,65,3.61,0
1,4th,1st FRA vs 1st RIC,1st RIC,1st FRA,Tom Bath,1,,0,13,13.00,0
1,4th,1st FRA vs 1st RIC,1st RIC,1st FRA,Max McLean,1,,1,0,0.00,0
1,4th,1st FOO vs 1st ST,1st FOO,1st ST,Avneet Ghuman,13.1,,1,46,3.49,0
1,4th,1st FOO vs 1st ST,1st FOO,1st ST,Rishikesh Talwar,4.5,,0,14,2.89,0
1,4th,1st FOO vs 1st ST,1st FOO,1st ST,Harrison Tegg,18,,4,48,2.66,0
1,4th,1st FOO vs 1st ST,1st FOO,1st ST,Orlando Pender,13.4,,4,32,2.34,0
1,4th,1st FOO vs 1st ST,1st FOO,1st ST,Gurshan Khehra,17,,6,28,1.64,0
1,4th,1st FOO vs 1st ST,1st FOO,1st ST,Tom Morris,10,,1,30,3.00,0
1,4th,1st FOO vs 1st ST,1st ST,1st FOO,Liam Sutton,8,,2,28,3.50,0
1,4th,1st FOO vs 1st ST,1st ST,1st FOO,Joshua Norsetter,10.1,,1,37,3.63,0
1,4th,1st FOO vs 1st ST,1st ST,1st FOO,Andrew Pizaro,11,,2,20,1.81,0
1,4th,1st FOO vs 1st ST,1st ST,1st FOO,William Pizaro,9,,2,38,4.22,0
1,4th,1st FOO vs 1st ST,1st ST,1st FOO,Shlok Shanbhag,12,,0,24,2.00,0
1,4th,1st FOO vs 1st ST,1st ST,1st FOO,Abhishek Beniwal,5,,0,13,2.60,0
1,4th,1st FOO vs 1st ST,1st ST,1st FOO,Matthew Netto,6,,0,25,4.16,0
1,4th,1st FOO vs 1st ST,1st ST,1st FOO,Bayden Hutchins,4,,0,14,3.50,0
1,4th,1st CAR vs 1st MEL,1st CAR,1st MEL,Mitchell Laurie,10,,1,35,3.50,0
1,4th,1st CAR vs 1st MEL,1st CAR,1st MEL,Matthew Richings,13.1,,2,40,3.03,0
1,4th,1st CAR vs 1st MEL,1st CAR,1st MEL,Henry Steele,10,,2,24,2.40,0
1,4th,1st CAR vs 1st MEL,1st CAR,1st MEL,Harvey Redpath,1,,0,12,12.00,0
1,4th,1st CAR vs 1st MEL,1st CAR,1st MEL,Ethan Yates,21,,4,73,3.47,0
1,4th,1st CAR vs 1st MEL,1st CAR,1st MEL,Aryan Arora,8,,2,30,3.75,0
1,4th,1st CAR vs 1st MEL,1st MEL,1st CAR,Zack Richardson,25.3,,11,36,1.41,1
1,4th,1st CAR vs 1st MEL,1st MEL,1st CAR,Kyan Brasher,14,,2,44,3.14,0
1,4th,1st CAR vs 1st MEL,1st MEL,1st CAR,Ashley Ward,6,,0,28,4.66,0
1,4th,1st CAR vs 1st MEL,1st MEL,1st CAR,Abraham Thomas,13,,3,34,2.61,0
1,4th,1st CAR vs 1st MEL,1st MEL,1st CAR,Aussie McIlwaine,17,,4,52,3.05,1
1,4th,1st CAR vs 1st MEL,1st MEL,1st CAR,Garry Bhour,2,,0,5,2.50,0
1,4th,1st CAR vs 1st MEL,1st MEL,1st CAR,Mubasheeruddin Jamal Mohammed,5,,0,18,3.60,0
1,4th,1st CAR vs 1st MEL,1st MEL,1st CAR,Maximilian Dias,0,,0,0,0.00,0
1,4th,1st CAR vs 1st MEL,1st MEL,1st CAR,Brayden Tracey,0,,0,0,0.00,0
1,4th,1st CAR vs 1st MEL,1st MEL,1st CAR,Jack Campbell,0,,0,0,0.00,0
1,4th,1st CAR vs 1st MEL,1st MEL,1st CAR,Alessandro Belci,0,,0,0,0.00,0
1,4th,1st FIT vs 1st MEL,1st FIT,1st MEL,Johnathon Aikins,0,,0,0,0.00,0
1,4th,1st FIT vs 1st MEL,1st FIT,1st MEL,Josh Benson,0,,0,0,0.00,0
1,4th,1st FIT vs 1st MEL,1st FIT,1st MEL,Josh Finkelstein,11,,0,51,4.63,0
1,4th,1st FIT vs 1st MEL,1st FIT,1st MEL,Trent Thompson,14,,4,26,1.85,1
1,4th,1st FIT vs 1st MEL,1st FIT,1st MEL,Thomas Kenny,12,,1,36,3.00,1
1,4th,1st FIT vs 1st MEL,1st FIT,1st MEL,Fletcher Good,18,,2,68,3.77,0
1,4th,1st FIT vs 1st MEL,1st FIT,1st MEL,Ben Griffin,10,,4,26,2.60,0
1,4th,1st FIT vs 1st MEL,1st FIT,1st MEL,Andrew Reid Dick,20,,5,43,2.15,0
1,4th,1st FIT vs 1st MEL,1st FIT,1st MEL,LEITH SALWATHURA,4,,0,16,4.00,1
1,4th,1st FIT vs 1st MEL,1st MEL,1st FIT,Samuel Hoyne,18.3,,6,34,1.83,0
1,4th,1st FIT vs 1st MEL,1st MEL,1st FIT,Neel Malangi,0,,0,0,0.00,0
1,4th,1st FIT vs 1st MEL,1st MEL,1st FIT,Nicholas Sheridan,8.3,,1,24,2.82,0
1,4th,1st FIT vs 1st MEL,1st MEL,1st FIT,Xavier Mitchell,8,,2,22,2.75,0
1,4th,1st FIT vs 1st MEL,1st MEL,1st FIT,Lachlan Rees,19.1,,6,36,1.87,0
1,4th,1st FIT vs 1st MEL,1st MEL,1st FIT,Yannick Dobson,2,,1,5,2.50,0
1,4th,1st FIT vs 1st MEL,1st MEL,1st FIT,Lachlan Green,5,,3,14,2.80,0
1,4th,1st FIT vs 1st MEL,1st MEL,1st FIT,Alex Cole,7,,3,8,1.14,0
1,4th,1st FIT vs 1st MEL,1st MEL,1st FIT,Harrison Sheers,1,,1,0,0.00,0
2,4th,1st RIC vs 1st ST,1st RIC,1st ST,Avneet Ghuman,45.2,,11,107,2.36,0
2,4th,1st RIC vs 1st ST,1st RIC,1st ST,Orlando Pender,21,,9,38,1.80,0
2,4th,1st RIC vs 1st ST,1st RIC,1st ST,Harrison Tegg,13,,1,37,2.84,0
2,4th,1st RIC vs 1st ST,1st RIC,1st ST,Dylan Young,10,,0,26,2.60,0
2,4th,1st RIC vs 1st ST,1st RIC,1st ST,Callum Chasemore,4,,1,13,3.25,0
2,4th,1st RIC vs 1st ST,1st RIC,1st ST,Tom Morris,12,,2,28,2.33,0
2,4th,1st RIC vs 1st ST,1st ST,1st RIC,Tom Cashman,7,,1,20,2.85,0
2,4th,1st RIC vs 1st ST,1st ST,1st RIC,Jaskaran Ghotra,12,,6,20,1.66,0
2,4th,1st RIC vs 1st ST,1st ST,1st RIC,James Sajeba,14,,3,27,1.92,0
2,4th,1st RIC vs 1st ST,1st ST,1st RIC,Navnith Satyan,9,,1,20,2.22,0
2,4th,1st RIC vs 1st ST,1st ST,1st RIC,Dulith Mihiripenna,25,,0,88,3.52,1
2,4th,1st RIC vs 1st ST,1st ST,1st RIC,Callum Power,16,,1,48,3.00,0
2,4th,1st RIC vs 1st ST,1st ST,1st RIC,Lincoln Nicholls,3,,0,14,4.66,0
2,4th,1st MEL vs 1st FIT,1st MEL,1st FIT,Samuel Hoyne,27,,6,83,3.07,0
2,4th,1st MEL vs 1st FIT,1st MEL,1st FIT,Xavier Mitchell,19,,2,81,4.26,0
2,4th,1st MEL vs 1st FIT,1st MEL,1st FIT,Joel Maaskant,15,,7,46,3.06,0
2,4th,1st MEL vs 1st FIT,1st MEL,1st FIT,Lachlan Rees,20.4,,5,63,3.04,0
2,4th,1st MEL vs 1st FIT,1st MEL,1st FIT,Alex Cole,14,,2,43,3.07,0
2,4th,1st MEL vs 1st FIT,1st MEL,1st FIT,Harrison Sheers,7,,0,31,4.42,0
2,4th,1st MEL vs 1st FIT,1st MEL,1st FIT,Lucas Hales,3,,0,12,4.00,0
2,4th,1st MEL vs 1st FIT,1st FIT,1st MEL,Angus Harms,10,,2,24,2.40,2
2,4th,1st MEL vs 1st FIT,1st FIT,1st MEL,Tharindu Perera,10,,2,38,3.80,0
2,4th,1st MEL vs 1st FIT,1st FIT,1st MEL,Mitchell Laurie,6,,0,30,5.00,0
2,4th,1st MEL vs 1st FIT,1st FIT,1st MEL,Matthew Richings,8,,0,20,2.50,0
2,4th,1st MEL vs 1st FIT,1st FIT,1st MEL,Aanlin Cheeran,8,,1,15,1.87,0
2,4th,1st MEL vs 1st FIT,1st FIT,1st MEL,Torren Arthur,3,,2,1,0.33,0
2,4th,1st MEL vs 1st FIT,1st FIT,1st MEL,Hayden Lim,0.3,,0,0,0.00,0
3,4th,1st MEL vs 1st RIC,1st MEL,1st RIC,Tom Cashman,14,,2,55,3.92,0
3,4th,1st MEL vs 1st RIC,1st MEL,1st RIC,Jaskaran Ghotra,12,,5,23,1.91,0
3,4th,1st MEL vs 1st RIC,1st MEL,1st RIC,Navnith Satyan,16,,7,21,1.31,2
3,4th,1st MEL vs 1st RIC,1st MEL,1st RIC,James Sajeba,22,,4,74,3.36,0
3,4th,1st MEL vs 1st RIC,1st MEL,1st RIC,Dulith Mihiripenna,21.3,,4,73,3.39,0
3,4th,1st MEL vs 1st RIC,1st MEL,1st RIC,Callum Power,13,,2,46,3.53,0
3,4th,1st MEL vs 1st RIC,1st MEL,1st RIC,Lincoln Nicholls,4,,0,18,4.50,0
3,4th,1st MEL vs 1st RIC,1st MEL,1st RIC,Fabian Di Domenico,0,,0,0,0.00,0
3,4th,1st MEL vs 1st RIC,1st MEL,1st RIC,Gishain Fernando,0,,0,0,0.00,0
3,4th,1st MEL vs 1st RIC,1st MEL,1st RIC,Clancy McCormick,0,,0,0,0.00,0
3,4th,1st MEL vs 1st RIC,1st MEL,1st RIC,Ethan Stones,0,,0,0,0.00,0
3,4th,1st MEL vs 1st RIC,1st RIC,1st MEL,Angus Harms,6,,2,29,4.83,1
3,4th,1st MEL vs 1st RIC,1st RIC,1st MEL,Tharindu Perera,12,,1,42,3.50,2
3,4th,1st MEL vs 1st RIC,1st RIC,1st MEL,Mitchell Laurie,10,,2,30,3.00,0
3,4th,1st MEL vs 1st RIC,1st RIC,1st MEL,Matthew Richings,3,,0,17,5.66,0
3,4th,1st MEL vs 1st RIC,1st RIC,1st MEL,Torren Arthur,12,,2,37,3.08,0
3,4th,1st MEL vs 1st RIC,1st RIC,1st MEL,Aanlin Cheeran,10.3,,1,28,2.66,0
3,4th,1st MEL vs 1st RIC,1st RIC,1st MEL,Hayden Lim,2,,0,9,4.50,0
3,4th,1st MEL vs 1st RIC,1st RIC,1st MEL,Shenan Dias,0,,0,0,0.00,0
3,4th,1st MEL vs 1st RIC,1st RIC,1st MEL,Harvey Redpath,0,,0,0,0.00,0
3,4th,1st MEL vs 1st RIC,1st RIC,1st MEL,Gavinu Devpura,0,,0,0,0.00,0
3,4th,1st MEL vs 1st RIC,1st RIC,1st MEL,Raph Cramb,0,,0,0,0.00,0
3,4th,1st MEL vs 1st RIC,1st RIC,1st MEL,Henri du Toit,0,,0,0,0.00,0
4,4th,GRE vs FRA,GRE,FRA,Aryandeep Singh,8,,0,28,3.50,3
4,4th,GRE vs FRA,GRE,FRA,Tenzin Drenpa,8,,0,38,4.75,2
4,4th,GRE vs FRA,GRE,FRA,Mitchell Gill-Furness,8,,0,34,4.25,1
4,4th,GRE vs FRA,GRE,FRA,Joe Paulas,9,,0,26,2.88,1
4,4th,GRE vs FRA,GRE,FRA,Jerome George,9,,0,30,3.33,0
4,4th,GRE vs FRA,FRA,GRE,Kyle Mawer,3,,0,33,11.00,2
4,4th,GRE vs FRA,FRA,GRE,Kobey Hunter,6,,2,19,3.16,0
4,4th,GRE vs FRA,FRA,GRE,Chandramauli Sridev,6.1,,1,27,4.37,0
4,4th,GRE vs FRA,FRA,GRE,Connor Brisbane,4,,0,38,9.50,1
4,4th,GRE vs FRA,FRA,GRE,Ollie Melville,2,,0,15,7.50,0
4,4th,GRE vs FRA,FRA,GRE,Dunitha Kalupahana,4,,0,26,6.50,1
4,4th,FIT vs RIN,FIT,RIN,Zachary Seal,8.4,,0,45,5.19,1
4,4th,FIT vs RIN,FIT,RIN,Michain Premaratne,9,,2,38,4.22,2
4,4th,FIT vs RIN,FIT,RIN,Luke O`Brien,9,,0,41,4.55,2
4,4th,FIT vs RIN,FIT,RIN,Sam Montgomery,3,,0,27,9.00,0
4,4th,FIT vs RIN,FIT,RIN,Sam Wade,5,,0,36,7.20,0
4,4th,FIT vs RIN,FIT,RIN,Aiyaan Ariketty,7,,0,34,4.85,1
4,4th,FIT vs RIN,FIT,RIN,Samaksh Gosain,3,,0,24,8.00,2
4,4th,FIT vs RIN,RIN,FIT,Xavier Mitchell,8,,0,25,3.12,1
4,4th,FIT vs RIN,RIN,FIT,Ned Reid,8,,1,30,3.75,3
4,4th,FIT vs RIN,RIN,FIT,Hasnain Khalid,7,,0,31,4.42,5
4,4th,FIT vs RIN,RIN,FIT,Jamie Blacker,6,,0,26,4.33,1
4,4th,FIT vs RIN,RIN,FIT,Lachlan Rees,7,,0,43,6.14,4
4,4th,FIT vs RIN,RIN,FIT,Edison Waghorn,7,,0,46,6.57,2
4,4th,CAM vs KIN,CAM,KIN,Max Ralph,9,,3,16,1.77,0
4,4th,CAM vs KIN,CAM,KIN,Ryan Schonewille,6,,0,33,5.50,0
4,4th,CAM vs KIN,CAM,KIN,Joel Ajani,6,,1,32,5.33,2
4,4th,CAM vs KIN,CAM,KIN,Andrew Johnson,6,,0,36,6.00,1
4,4th,CAM vs KIN,CAM,KIN,Sanithu Rajapaksha,8,,0,40,5.00,1
4,4th,CAM vs KIN,CAM,KIN,Arish Surani,6,,0,34,5.66,4
4,4th,CAM vs KIN,CAM,KIN,Dihein Fernando,4,,0,21,5.25,0
4,4th,CAM vs KIN,KIN,CAM,Robert Capstick,9,,1,37,4.11,0
4,4th,CAM vs KIN,KIN,CAM,Armaan Bedi,5,,1,26,5.20,2
4,4th,CAM vs KIN,KIN,CAM,Max Burn,6,,0,27,4.50,2
4,4th,CAM vs KIN,KIN,CAM,Benjamin Excell,8,,0,58,7.25,8
4,4th,CAM vs KIN,KIN,CAM,Anton Ponnamperuma,7,,1,27,3.85,2
4,4th,CAM vs KIN,KIN,CAM,Karan Jacob,3,,0,34,11.33,2
4,4th,FOO vs NOR,FOO,NOR,Thomas Lambert,9,,0,45,5.00,5
4,4th,FOO vs NOR,FOO,NOR,Caedon Lane,8,,0,56,7.00,11
4,4th,FOO vs NOR,FOO,NOR,Japjeet Khaira,8,,0,58,7.25,1
4,4th,FOO vs NOR,FOO,NOR,Akshay Khabarwal,9,,0,44,4.88,0
4,4th,FOO vs NOR,FOO,NOR,Cameron FitzGerald,9,,0,51,5.66,1
4,4th,FOO vs NOR,FOO,NOR,Joshua Alonso,2,,0,25,12.50,0
4,4th,FOO vs NOR,NOR,FOO,Abhishek Beniwal,1,,0,13,13.00,2
4,4th,FOO vs NOR,NOR,FOO,Aadi Patel,6,,1,23,3.83,3
4,4th,FOO vs NOR,NOR,FOO,William Pizaro,8,,0,35,4.37,3
4,4th,FOO vs NOR,NOR,FOO,Matthew Netto,3,,0,27,9.00,0
4,4th,FOO vs NOR,NOR,FOO,Joshua Norsetter,5,,0,24,4.80,3
4,4th,FOO vs NOR,NOR,FOO,Shlok Shanbhag,9,,0,35,3.88,3
4,4th,FOO vs NOR,NOR,FOO,Tanish Taneja,9,,0,44,4.88,4
4,4th,FOO vs NOR,NOR,FOO,Andrew Pizaro,4,,0,14,3.50,1
4,4th,MEL vs GEE,MEL,GEE,Jaryd Antonenko,9,,2,27,3.00,4
4,4th,MEL vs GEE,MEL,GEE,Parth Patel,7,,0,48,6.85,3
4,4th,MEL vs GEE,MEL,GEE,Oscar Agg,9,,1,22,2.44,1
4,4th,MEL vs GEE,MEL,GEE,Fletch Grimsey-Cook,8,,0,40,5.00,2
4,4th,MEL vs GEE,MEL,GEE,Josh Atkinson,5,,0,19,3.80,2
4,4th,MEL vs GEE,MEL,GEE,Zachary Coull,7,,0,32,4.57,1
4,4th,MEL vs GEE,GEE,MEL,Thomas Kenny,4,,0,19,4.75,7
4,4th,MEL vs GEE,GEE,MEL,Charlie Wolf,6,,0,22,3.66,1
4,4th,MEL vs GEE,GEE,MEL,Ben Griffin,7,,0,31,4.42,1
4,4th,MEL vs GEE,GEE,MEL,Andrew Reid Dick,9,,0,34,3.77,1
4,4th,MEL vs GEE,GEE,MEL,Charlie Jackson,4,,0,24,6.00,1
4,4th,MEL vs GEE,GEE,MEL,Fletcher Good,2,,0,22,11.00,4
4,4th,MEL vs GEE,GEE,MEL,Samuel Field,7.4,,0,40,5.21,0
4,4th,ST vs CAS,ST,CAS,Thomas Purcell,8,,0,64,8.00,3
4,4th,ST vs CAS,ST,CAS,Mohammad NAJIBI,6,,1,32,5.33,5
4,4th,ST vs CAS,ST,CAS,Josh Guinea,7,,1,25,3.57,4
4,4th,ST vs CAS,ST,CAS,Anujan Vijayarajan,7,,0,16,2.28,1
4,4th,ST vs CAS,ST,CAS,Tristan Booth,8,,1,26,3.25,0
4,4th,ST vs CAS,ST,CAS,Charlie Johnson,9,,0,55,6.11,3
4,4th,ST vs CAS,CAS,ST,Charlie Skinner,5,,0,13,2.60,5
4,4th,ST vs CAS,CAS,ST,Avneet Ghuman,9,,0,31,3.44,6
4,4th,ST vs CAS,CAS,ST,Harrison Tegg,7,,0,24,3.42,2
4,4th,ST vs CAS,CAS,ST,Arham Farooq,9,,0,32,3.55,0
4,4th,ST vs CAS,CAS,ST,Dinuk de Silva,9,,2,34,3.77,0
4,4th,ST vs CAS,CAS,ST,Jyothiryaditya Raju REDDYCHARLA,3,,0,18,6.00,0
4,4th,ST vs CAS,CAS,ST,Callum Chasemore,3,,0,8,2.66,0
4,4th,PRA vs ESS,PRA,ESS,Zorawar Singh Chohan,5,,0,26,5.20,4
4,4th,PRA vs ESS,PRA,ESS,George Martindale,5,,0,37,7.40,2
4,4th,PRA vs ESS,PRA,ESS,Prageeth Edirisinghe,7,,1,28,4.00,1
4,4th,PRA vs ESS,PRA,ESS,Muhammad Abdul Wasay,6,,0,30,5.00,0
4,4th,PRA vs ESS,PRA,ESS,Heath doherty,5,,0,32,6.40,1
4,4th,PRA vs ESS,PRA,ESS,Aaron Cornish,6,,0,26,4.33,0
4,4th,PRA vs ESS,PRA,ESS,Krishna Chandak,1,,0,9,9.00,0
4,4th,PRA vs ESS,ESS,PRA,Will Sharpin,3,,0,17,5.66,0
4,4th,PRA vs ESS,ESS,PRA,Sash Yuvaraj,7,,0,23,3.28,0
4,4th,PRA vs ESS,ESS,PRA,Jack Massey,2,,0,15,7.50,0
4,4th,PRA vs ESS,ESS,PRA,Charlie Graham,7,,1,23,3.28,0
4,4th,PRA vs ESS,ESS,PRA,Parth Rath,6,,0,16,2.66,0
4,4th,PRA vs ESS,ESS,PRA,Rushil Ravi,3,,0,33,11.00,1
4,4th,PRA vs ESS,ESS,PRA,Neil SCHLITTLER,3.1,,0,12,3.79,0
5,4th,DAN vs CAS,DAN,CAS,Crandel Siegelwin,8,,0,46,5.75,1
5,4th,DAN vs CAS,DAN,CAS,Mohammad NAJIBI,5,,0,24,4.80,3
5,4th,DAN vs CAS,DAN,CAS,Thomas Purcell,5,,0,27,5.40,2
5,4th,DAN vs CAS,DAN,CAS,Josh Guinea,6,,0,34,5.66,2
5,4th,DAN vs CAS,DAN,CAS,Tristan Booth,9,,1,36,4.00,0
5,4th,DAN vs CAS,DAN,CAS,Anujan Vijayarajan,6,,1,22,3.66,0
5,4th,DAN vs CAS,DAN,CAS,Charlie Johnson,4.5,,0,32,6.62,1
5,4th,DAN vs CAS,CAS,DAN,Jaikar Singh Araich,0,,0,0,0.00,0
5,4th,DAN vs CAS,CAS,DAN,Prathik Balachandhar,5,,1,19,3.80,5
5,4th,DAN vs CAS,CAS,DAN,Kartikay Sharma,9,,2,24,2.66,2
5,4th,DAN vs CAS,CAS,DAN,Finley Corrie,3,,0,18,6.00,0
5,4th,DAN vs CAS,CAS,DAN,Advit Sharma,5.5,,0,24,4.11,0
5,4th,DAN vs CAS,CAS,DAN,Mohammed Abedi,9,,0,32,3.55,6
5,4th,DAN vs CAS,CAS,DAN,Sultan Syed,4,,0,30,7.50,4
5,4th,RIN vs GRE,RIN,GRE,Kyle Mawer,6,,0,20,3.33,2
5,4th,RIN vs GRE,RIN,GRE,Kobey Hunter,7,,0,29,4.14,2
5,4th,RIN vs GRE,RIN,GRE,Vindiya Bandara,4,,0,15,3.75,0
5,4th,RIN vs GRE,RIN,GRE,Trent Waring,5,,0,19,3.80,0
5,4th,RIN vs GRE,RIN,GRE,Rikard Friedrich,9,,0,39,4.33,1
5,4th,RIN vs GRE,RIN,GRE,Steve Bhagat,9,,0,41,4.55,0
5,4th,RIN vs GRE,RIN,GRE,Connor Brisbane,4,,0,23,5.75,0
5,4th,RIN vs GRE,RIN,GRE,Jashan Jaura,0,,0,0,0.00,0
5,4th,RIN vs GRE,RIN,GRE,Ollie Melville,0,,0,0,0.00,0
5,4th,RIN vs GRE,RIN,GRE,Thisura Sooriyaaratchi,0,,0,0,0.00,0
5,4th,RIN vs GRE,GRE,RIN,Lachlan Payne,6,,0,9,1.50,1
5,4th,RIN vs GRE,GRE,RIN,Michain Premaratne,4,,1,21,5.25,4
5,4th,RIN vs GRE,GRE,RIN,Luke O`Brien,3,,0,18,6.00,0
5,4th,RIN vs GRE,GRE,RIN,Aiyaan Ariketty,6,,0,27,4.50,1
5,4th,RIN vs GRE,GRE,RIN,Samaksh Gosain,4,,1,21,5.25,2
5,4th,RIN vs GRE,GRE,RIN,Sam Wade,8,,0,19,2.37,2
5,4th,RIN vs GRE,GRE,RIN,Ansh Sharma,6,,0,18,3.00,0
5,4th,RIN vs GRE,GRE,RIN,Kenul Edirisinghe,0,,0,0,0.00,0
5,4th,RIN vs GRE,GRE,RIN,Jayden Rebeiro,0,,0,0,0.00,0
5,4th,RIN vs GRE,GRE,RIN,Sam Montgomery,0,,0,0,0.00,0
5,4th,FOO vs MEL,FOO,MEL,Maxwell Tucker,9,,1,37,4.11,4
5,4th,FOO vs MEL,FOO,MEL,Stewart McCooke,9,,1,37,4.11,1
5,4th,FOO vs MEL,FOO,MEL,Ben Griffin,8,,1,43,5.37,1
5,4th,FOO vs MEL,FOO,MEL,Taran Singh,5,,0,21,4.20,1
5,4th,FOO vs MEL,FOO,MEL,Fletcher Good,9,,0,42,4.66,5
5,4th,FOO vs MEL,FOO,MEL,Lucas Woolfe,2,,0,26,13.00,2
5,4th,FOO vs MEL,FOO,MEL,Hayden Kenny,3,,0,28,9.33,1
5,4th,FOO vs MEL,MEL,FOO,Aadi Patel,2,,0,17,8.50,3
5,4th,FOO vs MEL,MEL,FOO,William Pizaro,8,,0,37,4.62,0
5,4th,FOO vs MEL,MEL,FOO,Matthew Netto,4,,0,31,7.75,0
5,4th,FOO vs MEL,MEL,FOO,Joshua Norsetter,6,,1,42,7.00,1
5,4th,FOO vs MEL,MEL,FOO,Shlok Shanbhag,9,,0,35,3.88,2
5,4th,FOO vs MEL,MEL,FOO,Riyan Bhasin,8,,1,35,4.37,1
5,4th,FOO vs MEL,MEL,FOO,Andrew Pizaro,8,,0,40,5.00,2
5,4th,CAM vs NOR,CAM,NOR,Thomas Lambert,8,,0,42,5.25,1
5,4th,CAM vs NOR,CAM,NOR,Mandiv Ruwanpathirana,7,,2,31,4.42,5
5,4th,CAM vs NOR,CAM,NOR,Caedon Lane,2,,0,15,7.50,0
5,4th,CAM vs NOR,CAM,NOR,Liam Rowley,9,,0,45,5.00,4
5,4th,CAM vs NOR,CAM,NOR,Akshay Khabarwal,9,,2,16,1.77,1
5,4th,CAM vs NOR,CAM,NOR,Cameron FitzGerald,10,,0,39,3.90,1
5,4th,CAM vs NOR,NOR,CAM,Robert Capstick,8.3,,0,27,3.17,0
5,4th,CAM vs NOR,NOR,CAM,Armaan Bedi,5,,0,27,5.40,6
5,4th,CAM vs NOR,NOR,CAM,James Webb,9,,0,38,4.22,2
5,4th,CAM vs NOR,NOR,CAM,Max Burn,9,,1,38,4.22,1
5,4th,CAM vs NOR,NOR,CAM,Joshua Nevett,9,,4,28,3.11,6
5,4th,CAM vs NOR,NOR,CAM,Laxman Appu,4,,0,37,9.25,5
5,4th,ESS vs KIN,ESS,KIN,Max Ralph,9,,2,33,3.66,2
5,4th,ESS vs KIN,ESS,KIN,Ryan Schonewille,5,,0,32,6.40,0
5,4th,ESS vs KIN,ESS,KIN,Sanithu Rajapaksha,3,,0,25,8.33,0
5,4th,ESS vs KIN,ESS,KIN,Dihein Fernando,6,,1,30,5.00,1
5,4th,ESS vs KIN,ESS,KIN,Joel Ajani,5,,0,33,6.60,2
5,4th,ESS vs KIN,ESS,KIN,Andrew Johnson,5,,0,25,5.00,2
5,4th,ESS vs KIN,ESS,KIN,Aditya Chowdhary,2,,0,12,6.00,1
5,4th,ESS vs KIN,ESS,KIN,Steve Ralph,4,,1,12,3.00,0
5,4th,ESS vs KIN,ESS,KIN,Arish Surani,1.5,,1,9,4.90,0
5,4th,ESS vs KIN,KIN,ESS,Zorawar Singh Chohan,9,,2,30,3.33,2
5,4th,ESS vs KIN,KIN,ESS,George Martindale,7,,1,40,5.71,3
5,4th,ESS vs KIN,KIN,ESS,Pahul Singh Sodhi,1,,0,14,14.00,1
5,4th,ESS vs KIN,KIN,ESS,Heath doherty,6,,0,24,4.00,0
5,4th,ESS vs KIN,KIN,ESS,Samin Shafquat,4,,0,24,6.00,0
5,4th,ESS vs KIN,KIN,ESS,Prageeth Edirisinghe,9,,1,40,4.44,0
5,4th,ESS vs KIN,KIN,ESS,Stephen Buhagiar,9,,1,43,4.77,3
5,4th,ST vs FIT,ST,FIT,Xavier Mitchell,9,,1,28,3.11,1
5,4th,ST vs FIT,ST,FIT,Ned Reid,9,,1,35,3.88,3
5,4th,ST vs FIT,ST,FIT,Jamie Blacker,9,,1,24,2.66,2
5,4th,ST vs FIT,ST,FIT,Edison Waghorn,6,,0,28,4.66,1
5,4th,ST vs FIT,ST,FIT,Alex Cole,6,,0,35,5.83,1
5,4th,ST vs FIT,ST,FIT,Hasnain Khalid,4,,0,30,7.50,9
5,4th,ST vs FIT,ST,FIT,James Heaney,2,,0,14,7.00,0
5,4th,ST vs FIT,FIT,ST,Oliver Entwisle,8,,0,44,5.50,11
5,4th,ST vs FIT,FIT,ST,Avneet Ghuman,9,,0,42,4.66,1
5,4th,ST vs FIT,FIT,ST,Arham Farooq,9,,0,31,3.44,0
5,4th,ST vs FIT,FIT,ST,Callum Chasemore,6,,0,39,6.50,0
5,4th,ST vs FIT,FIT,ST,Harrison Tegg,7.4,,0,42,5.47,4
5,4th,GEE vs RIC,GEE,RIC,James Sajeba,9,,1,39,4.33,2
5,4th,GEE vs RIC,GEE,RIC,Elliot Samuel,1,,0,9,9.00,1
5,4th,GEE vs RIC,GEE,RIC,Navnith Satyan,9,,0,34,3.77,3
5,4th,GEE vs RIC,GEE,RIC,Callum Power,9,,0,39,4.33,0
5,4th,GEE vs RIC,GEE,RIC,Tom Cashman,8,,0,52,6.50,2
5,4th,GEE vs RIC,GEE,RIC,Dulith Mihiripenna,9,,0,29,3.22,1
5,4th,GEE vs RIC,RIC,GEE,Parth Patel,9,,1,34,3.77,2
5,4th,GEE vs RIC,RIC,GEE,Jaryd Antonenko,9,,1,40,4.44,4
5,4th,GEE vs RIC,RIC,GEE,Zachary Coull,2,,0,24,12.00,1
5,4th,GEE vs RIC,RIC,GEE,Oscar Agg,8.3,,1,33,3.88,1
5,4th,GEE vs RIC,RIC,GEE,Josh Atkinson,9,,0,37,4.11,2
5,4th,GEE vs RIC,RIC,GEE,Fletch Grimsey-Cook,4,,0,38,9.50,3
5,4th,PRA vs FRA,PRA,FRA,Matthew Kennedy,5,,2,13,2.60,1
5,4th,PRA vs FRA,PRA,FRA,Aryandeep Singh,6,,0,19,3.16,2
5,4th,PRA vs FRA,PRA,FRA,Mitchell Gill-Furness,6,,2,24,4.00,0
5,4th,PRA vs FRA,PRA,FRA,Tanush Nandini,6.5,,0,44,6.43,3
5,4th,PRA vs FRA,PRA,FRA,Jerome George,2,,0,9,4.50,0
5,4th,PRA vs FRA,FRA,PRA,Fred Sainsbury,6,,1,30,5.00,1
5,4th,PRA vs FRA,FRA,PRA,Neil SCHLITTLER,2,,0,9,4.50,2
5,4th,PRA vs FRA,FRA,PRA,Charlie Graham,9,,2,34,3.77,1
5,4th,PRA vs FRA,FRA,PRA,Rushil Ravi,8,,1,24,3.00,2
5,4th,PRA vs FRA,FRA,PRA,Angus Schlittler,2.3,,0,14,5.60,0
5,4th,CAR vs MEL,CAR,MEL,Angus Harms,7,,0,43,6.14,0
5,4th,CAR vs MEL,CAR,MEL,Tharindu Perera,6,,0,44,7.33,0
5,4th,CAR vs MEL,CAR,MEL,Matthew Richings,7,,0,29,4.14,0
5,4th,CAR vs MEL,CAR,MEL,Torren Arthur,7,,0,21,3.00,0
5,4th,CAR vs MEL,CAR,MEL,Ethan Yates,9,,0,39,4.33,0
5,4th,CAR vs MEL,CAR,MEL,Aanlin Cheeran,5,,0,32,6.40,0
5,4th,CAR vs MEL,CAR,MEL,Harvey Redpath,4,,0,31,7.75,0
5,4th,CAR vs MEL,MEL,CAR,Kyan Brasher,7,,0,67,9.57,0
5,4th,CAR vs MEL,MEL,CAR,Kanhai Patel,7,,0,38,5.42,0
5,4th,CAR vs MEL,MEL,CAR,Maximilian Dias,8,,0,36,4.50,0
5,4th,CAR vs MEL,MEL,CAR,Abraham Thomas,4,,0,12,3.00,0
5,4th,CAR vs MEL,MEL,CAR,Aussie McIlwaine,6,,0,24,4.00,0
5,4th,CAR vs MEL,MEL,CAR,Garry Bhour,4,,0,26,6.50,0
5,4th,CAR vs MEL,MEL,CAR,Jacob Davidson,4,,0,30,7.50,0
6,4th,NOR vs FRA,NOR,FRA,Tenzin Drenpa,9,,1,24,2.66,0
6,4th,NOR vs FRA,NOR,FRA,Jake O’Brien,7,,1,20,2.85,0
6,4th,NOR vs FRA,NOR,FRA,Mitchell Gill-Furness,9,,0,30,3.33,0
6,4th,NOR vs FRA,NOR,FRA,Tanush Nandini,9,,1,25,2.77,0
6,4th,NOR vs FRA,NOR,FRA,Jerome George,9,,0,24,2.66,3
6,4th,NOR vs FRA,NOR,FRA,Harish Salwathura,2,,0,4,2.00,0
6,4th,NOR vs FRA,FRA,NOR,Cameron FitzGerald,6,,1,12,2.00,0
6,4th,NOR vs FRA,FRA,NOR,Thomas Lambert,9,,1,15,1.66,1
6,4th,NOR vs FRA,FRA,NOR,Liam Rowley,4,,0,20,5.00,2
6,4th,NOR vs FRA,FRA,NOR,Akshay Khabarwal,9,,3,30,3.33,3
6,4th,NOR vs FRA,FRA,NOR,Caedon Lane,3,,0,22,7.33,0
6,4th,NOR vs FRA,FRA,NOR,Joshua Alonso,2,,0,15,7.50,1
6,4th,NOR vs FRA,FRA,NOR,Japjeet Khaira,1.2,,0,15,11.25,0
6,4th,GRE vs CAM,GRE,CAM,Joshua Nevett,5,,1,16,3.20,2
6,4th,GRE vs CAM,GRE,CAM,Rahul Bharadwaj,5,,1,23,4.60,2
6,4th,GRE vs CAM,GRE,CAM,Max Burn,9,,2,36,4.00,2
6,4th,GRE vs CAM,GRE,CAM,Benjamin Excell,8,,1,32,4.00,0
6,4th,GRE vs CAM,GRE,CAM,Kye Davidson,5,,0,32,6.40,1
6,4th,GRE vs CAM,GRE,CAM,Thomas Vanderslik,9,,1,44,4.88,0
6,4th,GRE vs CAM,GRE,CAM,Sanjeev Tadepalli,4,,0,18,4.50,1
6,4th,GRE vs CAM,GRE,CAM,Jack Evans,0,,0,0,0.00,0
6,4th,GRE vs CAM,GRE,CAM,Daniel Walker,0,,0,0,0.00,0
6,4th,GRE vs CAM,CAM,GRE,Kyle Mawer,9,,2,33,3.66,2
6,4th,GRE vs CAM,CAM,GRE,Vindiya Bandara,5,,0,31,6.20,10
6,4th,GRE vs CAM,CAM,GRE,Henry Paulson,6,,0,25,4.16,8
6,4th,GRE vs CAM,CAM,GRE,Trent Waring,7,,1,25,3.57,2
6,4th,GRE vs CAM,CAM,GRE,Ollie Melville,8,,0,37,4.62,1
6,4th,GRE vs CAM,CAM,GRE,Rikard Friedrich,9,,0,33,3.66,0
6,4th,GRE vs CAM,CAM,GRE,Connor Brisbane,0,,0,0,0.00,0
6,4th,GRE vs CAM,CAM,GRE,Rivi De Alwis,0,,0,0,0.00,0
6,4th,GRE vs CAM,CAM,GRE,Jashan Jaura,0,,0,0,0.00,0
6,4th,GRE vs CAM,CAM,GRE,Thisura Sooriyaaratchi,0,,0,0,0.00,0
6,4th,GRE vs CAM,CAM,GRE,Joel Reid,0,,0,0,0.00,0
6,4th,MEL vs ST,MEL,ST,Thomas Paddington,0,,0,0,0.00,0
6,4th,MEL vs ST,MEL,ST,Avneet Ghuman,9,,0,45,5.00,0
6,4th,MEL vs ST,MEL,ST,Harrison Tegg,9,,1,37,4.11,5
6,4th,MEL vs ST,MEL,ST,Dylan Young,9,,1,24,2.66,2
6,4th,MEL vs ST,MEL,ST,Arham Farooq,9,,0,45,5.00,0
6,4th,MEL vs ST,MEL,ST,Callum Chasemore,9,,1,34,3.77,0
6,4th,MEL vs ST,ST,MEL,Trent Thompson,9,,1,37,4.11,1
6,4th,MEL vs ST,ST,MEL,Thomas Kenny,9,,2,29,3.22,4
6,4th,MEL vs ST,ST,MEL,Ben Griffin,9,,1,36,4.00,1
6,4th,MEL vs ST,ST,MEL,Taran Singh,5,,0,24,4.80,0
6,4th,MEL vs ST,ST,MEL,Andrew Reid Dick,8.4,,0,46,5.30,1
6,4th,MEL vs ST,ST,MEL,Kyle Sweetlove,1,,0,8,8.00,1
6,4th,MEL vs ST,ST,MEL,Nicholas Critchley,2,,0,13,6.50,0
6,4th,PRA vs DAN,PRA,DAN,Advit Sharma,8,,0,35,4.37,0
6,4th,PRA vs DAN,PRA,DAN,Finley Corrie,8,,0,64,8.00,2
6,4th,PRA vs DAN,PRA,DAN,Mohammed Abedi,8,,0,40,5.00,1
6,4th,PRA vs DAN,PRA,DAN,Prathik Balachandhar,3,,0,24,8.00,0
6,4th,PRA vs DAN,PRA,DAN,Paarth Pandey,5,,0,27,5.40,4
6,4th,PRA vs DAN,PRA,DAN,Darcy Freeman,3,,0,16,5.33,2
6,4th,PRA vs DAN,PRA,DAN,Sultan Syed,3,,0,17,5.66,1
6,4th,PRA vs DAN,DAN,PRA,Adam Bull,0,,0,0,0.00,0
6,4th,PRA vs DAN,DAN,PRA,Hamish Braden,0,,0,0,0.00,0
6,4th,PRA vs DAN,DAN,PRA,Sam Dutton,7,,1,22,3.14,1
6,4th,PRA vs DAN,DAN,PRA,Daniel Parkinson,7.1,,0,41,5.72,2
6,4th,PRA vs DAN,DAN,PRA,Rushil Ravi,4,,0,31,7.75,0
6,4th,PRA vs DAN,DAN,PRA,Steve Seymour,4,,0,31,7.75,2
6,4th,PRA vs DAN,DAN,PRA,Charlie Graham,8,,1,47,5.87,1
6,4th,PRA vs DAN,DAN,PRA,Neil SCHLITTLER,7,,0,23,3.28,6
6,4th,KIN vs GEE,KIN,GEE,Will Rodda,9,,3,27,3.00,1
6,4th,KIN vs GEE,KIN,GEE,Jaryd Antonenko,8.4,,1,33,3.80,6
6,4th,KIN vs GEE,KIN,GEE,Zachary Coull,9,,0,46,5.11,0
6,4th,KIN vs GEE,KIN,GEE,Nate Johnson,6,,0,30,5.00,1
6,4th,KIN vs GEE,KIN,GEE,Fletch Grimsey-Cook,2,,0,19,9.50,0
6,4th,KIN vs GEE,KIN,GEE,Josh Atkinson,9,,1,24,2.66,1
6,4th,KIN vs GEE,GEE,KIN,Max Ralph,5,,0,37,7.40,0
6,4th,KIN vs GEE,GEE,KIN,Ryan Schonewille,6.1,,1,19,3.08,2
6,4th,KIN vs GEE,GEE,KIN,Joel Ajani,6,,0,21,3.50,1
6,4th,KIN vs GEE,GEE,KIN,Andrew Johnson,8,,1,37,4.62,0
6,4th,KIN vs GEE,GEE,KIN,Dihein Fernando,3,,1,18,6.00,0
6,4th,KIN vs GEE,GEE,KIN,Sanithu Rajapaksha,4,,1,24,6.00,0
6,4th,KIN vs GEE,GEE,KIN,Arish Surani,5,,1,6,1.20,0
6,4th,KIN vs GEE,GEE,KIN,Aditya Chowdhary,1,,0,15,15.00,0
6,4th,CAS vs FIT,CAS,FIT,Nicholas Sheridan,8,,0,31,3.87,2
6,4th,CAS vs FIT,CAS,FIT,Xavier Mitchell,7,,1,25,3.57,0
6,4th,CAS vs FIT,CAS,FIT,Jamie Blacker,7,,1,24,3.42,1
6,4th,CAS vs FIT,CAS,FIT,Edison Waghorn,9,,0,37,4.11,6
6,4th,CAS vs FIT,CAS,FIT,Ronan Culloty,6,,0,23,3.83,0
6,4th,CAS vs FIT,CAS,FIT,Alex Cole,4,,0,15,3.75,2
6,4th,CAS vs FIT,FIT,CAS,Crandel Siegelwin,5,,0,19,3.80,1
6,4th,CAS vs FIT,FIT,CAS,Mohammad NAJIBI,6,,0,28,4.66,4
6,4th,CAS vs FIT,FIT,CAS,Josh Guinea,7,,0,32,4.57,10
6,4th,CAS vs FIT,FIT,CAS,Anujan Vijayarajan,8,,0,30,3.75,2
6,4th,CAS vs FIT,FIT,CAS,Charlie Johnson,5.3,,0,27,4.90,0
6,4th,CAS vs FIT,FIT,CAS,Thomas Purcell,3,,0,21,7.00,1
6,4th,FOO vs CAR,FOO,CAR,Ashley Ward,6,,0,33,5.50,2
6,4th,FOO vs CAR,FOO,CAR,Kyan Brasher,8,,2,34,4.25,5
6,4th,FOO vs CAR,FOO,CAR,Garry Bhour,8,,1,10,1.25,1
6,4th,FOO vs CAR,FOO,CAR,Abraham Thomas,6,,0,15,2.50,1
6,4th,FOO vs CAR,FOO,CAR,Aussie McIlwaine,6,,0,32,5.33,4
6,4th,FOO vs CAR,FOO,CAR,Maximilian Dias,5,,0,34,6.80,1
6,4th,FOO vs CAR,FOO,CAR,Brayden Tracey,0,,0,0,0.00,0
6,4th,FOO vs CAR,FOO,CAR,Alessandro Belci,0,,0,0,0.00,0
6,4th,FOO vs CAR,FOO,CAR,Seth McGinty,0,,0,0,0.00,0
6,4th,FOO vs CAR,FOO,CAR,Jack Campbell,0,,0,0,0.00,0
6,4th,FOO vs CAR,CAR,FOO,Joshua Norsetter,7,,1,27,3.85,3
6,4th,FOO vs CAR,CAR,FOO,Aadi Patel,5,,0,23,4.60,2
6,4th,FOO vs CAR,CAR,FOO,Matthew Netto,3,,0,21,7.00,0
6,4th,FOO vs CAR,CAR,FOO,Liam Sutton,4,,0,11,2.75,0
6,4th,FOO vs CAR,CAR,FOO,Bayden Hutchins,5,,0,31,6.20,0
6,4th,FOO vs CAR,CAR,FOO,Samuel Wood,0,,0,0,0.00,0
6,4th,FOO vs CAR,CAR,FOO,Aryan Mehra,6,,0,40,6.66,1
6,4th,FOO vs CAR,CAR,FOO,Andrew Pizaro,3,,0,10,3.33,0
6,4th,FOO vs CAR,CAR,FOO,Oscar Florentine,0,,0,0,0.00,0
6,4th,FOO vs CAR,CAR,FOO,Rhyan Bidur S,0,,0,0,0.00,0
6,4th,FOO vs CAR,CAR,FOO,Kai O’Hehir,0,,0,0,0.00,0
7,4th,FOO vs DAN,FOO,DAN,Finley Corrie,3,,0,18,6.00,0
7,4th,FOO vs DAN,FOO,DAN,Sayed Masroor,1,,0,10,10.00,0
7,4th,FOO vs DAN,FOO,DAN,Sultan Syed,2,,0,15,7.50,0
7,4th,FOO vs DAN,FOO,DAN,Paarth Pandey,1,,0,16,16.00,0
7,4th,FOO vs DAN,FOO,DAN,Prathik Balachandhar,1.1,,0,5,4.28,0
7,4th,FOO vs DAN,FOO,DAN,Deep Jhajj,1,,0,4,4.00,0
7,4th,FOO vs DAN,DAN,FOO,Liam Sutton,1,,0,2,2.00,0
7,4th,FOO vs DAN,DAN,FOO,Andrew Pizaro,1,,0,3,3.00,0
7,4th,FOO vs DAN,DAN,FOO,Fynn Raco,1,,0,4,4.00,0
7,4th,FOO vs DAN,DAN,FOO,Matthew Netto,1,,0,4,4.00,0
7,4th,FOO vs DAN,DAN,FOO,Aryan Mehra,1,,0,7,7.00,0
7,4th,ESS vs ST,ESS,ST,Avneet Ghuman,2,,0,6,3.00,0
7,4th,ESS vs ST,ESS,ST,Gurshan Khehra,2,,0,25,12.50,0
7,4th,ESS vs ST,ESS,ST,Harrison Tegg,1,,0,3,3.00,0
7,4th,ESS vs ST,ESS,ST,Dylan Young,1,,0,6,6.00,0
7,4th,ESS vs ST,ST,ESS,Zorawar Singh Chohan,1,,0,17,17.00,3
7,4th,ESS vs ST,ST,ESS,Prageeth Edirisinghe,1,,0,7,7.00,0
7,4th,ESS vs ST,ST,ESS,George Martindale,2,,0,21,10.50,0
7,4th,ESS vs ST,ST,ESS,Krishna Chandak,1,,0,16,16.00,0
7,4th,ESS vs ST,ST,ESS,Stephen Buhagiar,0.2,,0,14,42.04,0
7,4th,RIN vs KIN,RIN,KIN,Max Ralph,4,,0,28,7.00,2
7,4th,RIN vs KIN,RIN,KIN,Arish Surani,3,,0,38,12.66,1
7,4th,RIN vs KIN,RIN,KIN,Ryan Schonewille,4,,0,38,9.50,6
7,4th,RIN vs KIN,RIN,KIN,Sanithu Rajapaksha,4,,0,26,6.50,0
7,4th,RIN vs KIN,RIN,KIN,Steve Ralph,4,,0,16,4.00,0
7,4th,RIN vs KIN,RIN,KIN,Dihein Fernando,1,,0,7,7.00,1
7,4th,RIN vs KIN,KIN,RIN,Ansh Sharma,4,,0,19,4.75,1
7,4th,RIN vs KIN,KIN,RIN,Sam Wade,3,,0,15,5.00,0
7,4th,RIN vs KIN,KIN,RIN,Zachary Seal,4,,0,17,4.25,1
7,4th,RIN vs KIN,KIN,RIN,Samaksh Gosain,4,,0,23,5.75,3
7,4th,RIN vs KIN,KIN,RIN,Michain Premaratne,3,,0,29,9.66,0
7,4th,RIN vs KIN,KIN,RIN,Luke O`Brien,2,,0,26,13.00,0
7,4th,GEE vs NOR,GEE,NOR,Thomas Lambert,4,,1,18,4.50,0
7,4th,GEE vs NOR,GEE,NOR,Akshay Khabarwal,4,,0,29,7.25,6
7,4th,GEE vs NOR,GEE,NOR,Liam Rowley,4,,0,20,5.00,3
7,4th,GEE vs NOR,GEE,NOR,Cameron FitzGerald,4,,0,19,4.75,3
7,4th,GEE vs NOR,GEE,NOR,Caedon Lane,4,,0,21,5.25,1
7,4th,GEE vs NOR,NOR,GEE,Parth Patel,2,,0,3,1.50,1
7,4th,GEE vs NOR,NOR,GEE,Jaryd Antonenko,4,,0,36,9.00,1
7,4th,GEE vs NOR,NOR,GEE,Oscar Agg,3,,0,13,4.33,0
7,4th,GEE vs NOR,NOR,GEE,Zachary Coull,3,,0,22,7.33,2
7,4th,GEE vs NOR,NOR,GEE,Nate Johnson,4,,0,20,5.00,1
7,4th,GEE vs NOR,NOR,GEE,Josh Atkinson,4,,0,17,4.25,0
7,4th,FRA vs MEL,FRA,MEL,Aanlin Cheeran,2,,0,4,2.00,1
7,4th,FRA vs MEL,FRA,MEL,Angus Harms,4,,0,23,5.75,2
7,4th,FRA vs MEL,FRA,MEL,Ethan Yates,4,,0,23,5.75,0
7,4th,FRA vs MEL,FRA,MEL,Matthew Richings,3,,0,17,5.66,0
7,4th,FRA vs MEL,FRA,MEL,Torren Arthur,3,,0,20,6.66,0
7,4th,FRA vs MEL,FRA,MEL,Tharindu Perera,4,,0,38,9.50,2
7,4th,FRA vs MEL,MEL,FRA,Jerome George,4,,0,13,3.25,3
7,4th,FRA vs MEL,MEL,FRA,Matthew Kennedy,4,,0,35,8.75,2
7,4th,FRA vs MEL,MEL,FRA,Tenzin Drenpa,3,,0,17,5.66,1
7,4th,FRA vs MEL,MEL,FRA,Joe Paulas,4,,0,20,5.00,2
7,4th,FRA vs MEL,MEL,FRA,Mitchell Gill-Furness,3.4,,0,37,10.09,0
7,4th,FRA vs MEL,MEL,FRA,Max McLean,1,,0,8,8.00,2
7,4th,PRA vs CAS,PRA,CAS,Crandel Siegelwin,1,,0,5,5.00,0
7,4th,PRA vs CAS,PRA,CAS,Mohammad NAJIBI,2,,0,11,5.50,0
7,4th,PRA vs CAS,PRA,CAS,Thomas Purcell,1,,0,6,6.00,0
7,4th,PRA vs CAS,PRA,CAS,Anujan Vijayarajan,2,,0,10,5.00,1
7,4th,PRA vs CAS,PRA,CAS,Charlie Johnson,2,,0,21,10.50,0
7,4th,PRA vs CAS,PRA,CAS,Josh Guinea,1,,0,9,9.00,0
7,4th,PRA vs CAS,CAS,PRA,Neil SCHLITTLER,1,,0,7,7.00,1
7,4th,PRA vs CAS,CAS,PRA,Sam Dutton,2,,0,9,4.50,1
7,4th,PRA vs CAS,CAS,PRA,Daniel Parkinson,1,,0,13,13.00,1
7,4th,PRA vs CAS,CAS,PRA,Thomas Purcell,2,,0,17,8.50,2
7,4th,PRA vs CAS,CAS,PRA,Charlie Graham,2,,0,13,6.50,3
8,4th,KIN vs MEL,KIN,MEL,Hayden Kenny,0,,0,0,0.00,0
8,4th,KIN vs MEL,KIN,MEL,Trent Thompson,4,,0,21,5.25,0
8,4th,KIN vs MEL,KIN,MEL,Thomas Kenny,4,,0,25,6.25,1
8,4th,KIN vs MEL,KIN,MEL,Andrew Reid Dick,4,,0,10,2.50,1
8,4th,KIN vs MEL,KIN,MEL,Ben Griffin,4,,0,21,5.25,0
8,4th,KIN vs MEL,KIN,MEL,Nicholas Critchley,2,,0,12,6.00,0
8,4th,KIN vs MEL,KIN,MEL,Alistair McCooke,1,,0,4,4.00,1
8,4th,KIN vs MEL,KIN,MEL,Yash Goel,1,,0,4,4.00,0
8,4th,KIN vs MEL,MEL,KIN,Max Ralph,2,,0,29,14.50,1
8,4th,KIN vs MEL,MEL,KIN,Ryan Schonewille,2,,0,18,9.00,0
8,4th,KIN vs MEL,MEL,KIN,Andrew Johnson,3.5,,0,28,7.30,1
8,4th,KIN vs MEL,MEL,KIN,Sanithu Rajapaksha,3,,0,24,8.00,2
8,4th,DAN vs RIC,DAN,RIC,James Sajeba,3,,0,6,2.00,0
8,4th,DAN vs RIC,DAN,RIC,Navnith Satyan,3,,0,7,2.33,2
8,4th,DAN vs RIC,DAN,RIC,Lincoln Nicholls,4,,0,10,2.50,2
8,4th,DAN vs RIC,DAN,RIC,Jaskaran Ghotra,2,,0,15,7.50,0
8,4th,DAN vs RIC,DAN,RIC,Dulith Mihiripenna,4,,1,14,3.50,1
8,4th,DAN vs RIC,DAN,RIC,Callum Power,3.3,,0,10,2.85,0
8,4th,DAN vs RIC,RIC,DAN,Finley Corrie,2,,0,12,6.00,2
8,4th,DAN vs RIC,RIC,DAN,Neil D'Souza,1,,0,6,6.00,1
8,4th,DAN vs RIC,RIC,DAN,Sayed Masroor,1,,0,11,11.00,0
8,4th,DAN vs RIC,RIC,DAN,Mohammed Abedi,1,,0,20,20.00,0
8,4th,DAN vs RIC,RIC,DAN,Prathik Balachandhar,1,,0,4,4.00,0
8,4th,DAN vs RIC,RIC,DAN,Deep Jhajj,0.1,,0,7,42.16,1
8,4th,CAM vs ESS,CAM,ESS,Prageeth Edirisinghe,4,,0,19,4.75,0
8,4th,CAM vs ESS,CAM,ESS,George Dikeos,4,,0,20,5.00,1
8,4th,CAM vs ESS,CAM,ESS,Pahul Singh Sodhi,4,,1,10,2.50,1
8,4th,CAM vs ESS,CAM,ESS,Samin Shafquat,3,,0,13,4.33,2
8,4th,CAM vs ESS,CAM,ESS,Zayaan Tabish,2,,0,15,7.50,0
8,4th,CAM vs ESS,CAM,ESS,Stephen Buhagiar,3,,0,20,6.66,3
8,4th,CAM vs ESS,ESS,CAM,Robert Capstick,2.4,,0,14,5.25,0
8,4th,CAM vs ESS,ESS,CAM,Ronit Rehal,3,,0,17,5.66,2
8,4th,CAM vs ESS,ESS,CAM,Oliver Schleiger,4,,0,26,6.50,2
8,4th,CAM vs ESS,ESS,CAM,Benjamin Excell,2,,0,10,5.00,2
8,4th,CAM vs ESS,ESS,CAM,Oliver Lacey,2,,0,15,7.50,1
8,4th,CAM vs ESS,ESS,CAM,Max Burn,3,,0,24,8.00,0
8,4th,ST vs MEL,ST,MEL,Angus Harms,4,,0,26,6.50,0
8,4th,ST vs MEL,ST,MEL,Aanlin Cheeran,4,,0,23,5.75,1
8,4th,ST vs MEL,ST,MEL,Tharindu Perera,2,,0,14,7.00,0
8,4th,ST vs MEL,ST,MEL,Ethan Yates,4,,0,23,5.75,1
8,4th,ST vs MEL,ST,MEL,Matthew Richings,4,,0,23,5.75,0
8,4th,ST vs MEL,ST,MEL,Torren Arthur,2,,0,11,5.50,1
8,4th,ST vs MEL,MEL,ST,Avneet Ghuman,4,,0,18,4.50,0
8,4th,ST vs MEL,MEL,ST,Harrison Tegg,4,,0,28,7.00,3
8,4th,ST vs MEL,MEL,ST,Charlie Skinner,4,,0,27,6.75,1
8,4th,ST vs MEL,MEL,ST,Gurshan Khehra,4,,0,15,3.75,0
8,4th,ST vs MEL,MEL,ST,Dylan Young,3,,0,17,5.66,0
8,4th,ST vs MEL,MEL,ST,Arham Farooq,1,,0,7,7.00,0
8,4th,GRE vs PRA,GRE,PRA,Angus Schlittler,4,,0,11,2.75,1
8,4th,GRE vs PRA,GRE,PRA,Daniel Parkinson,3,,1,14,4.66,4
8,4th,GRE vs PRA,GRE,PRA,Matthew Esposito,4,,0,18,4.50,1
8,4th,GRE vs PRA,GRE,PRA,Neil SCHLITTLER,3.5,,0,18,4.69,0
8,4th,GRE vs PRA,GRE,PRA,Charlie Graham,4,,0,20,5.00,0
8,4th,GRE vs PRA,PRA,GRE,Rivi De Alwis,2,,0,17,8.50,0
8,4th,GRE vs PRA,PRA,GRE,Kyle Mawer,3,,0,25,8.33,0
8,4th,GRE vs PRA,PRA,GRE,Henry Paulson,3,,0,18,6.00,2
8,4th,GRE vs PRA,PRA,GRE,Vindiya Bandara,2,,0,16,8.00,0
8,4th,GRE vs PRA,PRA,GRE,Kobey Hunter,1,,0,7,7.00,0
8,4th,RIN vs FRA,RIN,FRA,Matthew Kennedy,4,,0,28,7.00,0
8,4th,RIN vs FRA,RIN,FRA,Jerome George,4,,0,32,8.00,0
8,4th,RIN vs FRA,RIN,FRA,Mitchell Gill-Furness,4,,0,24,6.00,0
8,4th,RIN vs FRA,RIN,FRA,Tenzin Drenpa,4,,0,27,6.75,1
8,4th,RIN vs FRA,RIN,FRA,Joe Paulas,3,,0,24,8.00,0
8,4th,RIN vs FRA,RIN,FRA,Harish Salwathura,1,,0,11,11.00,0
8,4th,RIN vs FRA,FRA,RIN,Lachlan Payne,3,,0,35,11.66,1
8,4th,RIN vs FRA,FRA,RIN,Michain Premaratne,1,,0,18,18.00,1
8,4th,RIN vs FRA,FRA,RIN,Luke O`Brien,1,,0,18,18.00,0
8,4th,RIN vs FRA,FRA,RIN,Aiyaan Ariketty,2,,0,21,10.50,1
8,4th,RIN vs FRA,FRA,RIN,Ansh Sharma,1,,0,12,12.00,0
8,4th,RIN vs FRA,FRA,RIN,Sam Montgomery,2,,0,25,12.50,0
8,4th,RIN vs FRA,FRA,RIN,Sam Wade,3,,0,17,5.66,2
8,4th,RIN vs FRA,FRA,RIN,Paawan Dave,2.2,,0,11,4.71,0
8,4th,NOR vs FIT,NOR,FIT,Xavier Mitchell,4,,0,29,7.25,2
8,4th,NOR vs FIT,NOR,FIT,Nicholas Sheridan,4,,0,38,9.50,9
8,4th,NOR vs FIT,NOR,FIT,Alex Cole,4,,0,18,4.50,1
8,4th,NOR vs FIT,NOR,FIT,Jamie Blacker,4,,0,22,5.50,7
8,4th,NOR vs FIT,NOR,FIT,Edison Waghorn,3,,0,22,7.33,0
8,4th,NOR vs FIT,NOR,FIT,James Heaney,1,,0,9,9.00,0
8,4th,NOR vs FIT,FIT,NOR,Akshay Khabarwal,4,,0,23,5.75,0
8,4th,NOR vs FIT,FIT,NOR,Liam Rowley,4,,0,36,9.00,3
8,4th,NOR vs FIT,FIT,NOR,Caedon Lane,4,,0,22,5.50,0
8,4th,NOR vs FIT,FIT,NOR,Cameron FitzGerald,3,,0,19,6.33,2
8,4th,NOR vs FIT,FIT,NOR,Japjeet Khaira,3,,0,19,6.33,2
8,4th,NOR vs FIT,FIT,NOR,James Elliott,2,,0,13,6.50,0
8,4th,FOO vs GEE,FOO,GEE,Will Rodda,4,,0,22,5.50,2
8,4th,FOO vs GEE,FOO,GEE,Jaryd Antonenko,4,,0,15,3.75,1
8,4th,FOO vs GEE,FOO,GEE,Harry Emerson,4,,0,17,4.25,1
8,4th,FOO vs GEE,FOO,GEE,Oscar Agg,4,,0,15,3.75,2
8,4th,FOO vs GEE,FOO,GEE,Josh Atkinson,4,,0,35,8.75,1
8,4th,FOO vs GEE,GEE,FOO,Liam Sutton,4,,0,14,3.50,1
8,4th,FOO vs GEE,GEE,FOO,Fynn Raco,2,,0,18,9.00,0
8,4th,FOO vs GEE,GEE,FOO,Aryan Mehra,2,,0,8,4.00,1
8,4th,FOO vs GEE,GEE,FOO,Joshua Norsetter,4,,0,17,4.25,0
8,4th,FOO vs GEE,GEE,FOO,Shlok Shanbhag,4,,0,11,2.75,1
8,4th,FOO vs GEE,GEE,FOO,Andrew Pizaro,3,,0,18,6.00,1
8,4th,FOO vs GEE,GEE,FOO,Matthew Netto,1,,0,5,5.00,0
8,4th,CAS vs CAR,CAS,CAR,Abraham Thomas,4,,0,24,6.00,1
8,4th,CAS vs CAR,CAS,CAR,Kyan Brasher,4,,0,19,4.75,1
8,4th,CAS vs CAR,CAS,CAR,Ashley Ward,3,,0,11,3.66,1
8,4th,CAS vs CAR,CAS,CAR,Salil Gudup,3,,0,29,9.66,0
8,4th,CAS vs CAR,CAS,CAR,Aussie McIlwaine,2,,0,13,6.50,0
8,4th,CAS vs CAR,CAS,CAR,Sid Nayak,2,,0,5,2.50,0
8,4th,CAS vs CAR,CAS,CAR,Maximilian Dias,2,,0,12,6.00,0
8,4th,CAS vs CAR,CAR,CAS,Felix Howard,0,,0,0,0.00,0
8,4th,CAS vs CAR,CAR,CAS,Crandel Siegelwin,3,,0,19,6.33,0
8,4th,CAS vs CAR,CAR,CAS,Nate Murphy,3,,0,17,5.66,0
8,4th,CAS vs CAR,CAR,CAS,Anujan Vijayarajan,4,,0,24,6.00,1
8,4th,CAS vs CAR,CAR,CAS,Mohammad NAJIBI,2,,0,22,11.00,0
8,4th,CAS vs CAR,CAR,CAS,Josh Guinea,4,,0,13,3.25,0
8,4th,CAS vs CAR,CAR,CAS,Thomas Purcell,1.3,,0,19,12.66,0
9,4th,ST vs GEE,ST,GEE,Jaryd Antonenko,6,,0,21,3.50,1
9,4th,ST vs GEE,ST,GEE,Harry Emerson,7,,0,27,3.85,1
9,4th,ST vs GEE,ST,GEE,Oscar Agg,9,,0,35,3.88,1
9,4th,ST vs GEE,ST,GEE,Zachary Coull,6,,0,19,3.16,0
9,4th,ST vs GEE,ST,GEE,Josh Atkinson,8,,0,51,6.37,3
9,4th,ST vs GEE,ST,GEE,Fletch Grimsey-Cook,3,,0,22,7.33,7
9,4th,ST vs GEE,ST,GEE,Charlie Peake,6,,0,32,5.33,0
9,4th,ST vs GEE,GEE,ST,Avneet Ghuman,8.1,,0,25,3.06,4
9,4th,ST vs GEE,GEE,ST,Gurshan Khehra,9,,0,39,4.33,0
9,4th,ST vs GEE,GEE,ST,Harrison Tegg,9,,1,31,3.44,1
9,4th,ST vs GEE,GEE,ST,Dylan Young,9,,0,35,3.88,1
9,4th,ST vs GEE,GEE,ST,Arham Farooq,9,,0,49,5.44,1
9,4th,RIC vs FOO,RIC,FOO,Tanish Patankar,6,,0,36,6.00,1
9,4th,RIC vs FOO,RIC,FOO,Joshua Norsetter,5,,0,18,3.60,0
9,4th,RIC vs FOO,RIC,FOO,Fynn Raco,5,,0,23,4.60,3
9,4th,RIC vs FOO,RIC,FOO,Matthew Netto,5,,1,20,4.00,0
9,4th,RIC vs FOO,RIC,FOO,Shlok Shanbhag,7,,0,30,4.28,2
9,4th,RIC vs FOO,RIC,FOO,Bayden Hutchins,4,,0,22,5.50,0
9,4th,RIC vs FOO,RIC,FOO,Andrew Pizaro,3,,0,11,3.66,0
9,4th,RIC vs FOO,FOO,RIC,Navnith Satyan,8,,0,36,4.50,6
9,4th,RIC vs FOO,FOO,RIC,Ethan Loy-Abrahams,4.5,,0,33,6.82,1
9,4th,RIC vs FOO,FOO,RIC,James Sajeba,6,,2,16,2.66,1
9,4th,RIC vs FOO,FOO,RIC,Dulith Mihiripenna,7,,0,30,4.28,2
9,4th,RIC vs FOO,FOO,RIC,Lincoln Nicholls,6,,1,18,3.00,0
9,4th,RIC vs FOO,FOO,RIC,Callum Power,3,,0,18,6.00,0
9,4th,RIC vs FOO,FOO,RIC,Gishain Fernando,2,,0,9,4.50,0
9,4th,FRA vs DAN,FRA,DAN,Sayed Masroor,7,,0,49,7.00,1
9,4th,FRA vs DAN,FRA,DAN,Prathik Balachandhar,8,,0,60,7.50,9
9,4th,FRA vs DAN,FRA,DAN,Jethri Perera,9,,0,39,4.33,4
9,4th,FRA vs DAN,FRA,DAN,Muhammad Ayaz,9,,3,26,2.88,2
9,4th,FRA vs DAN,FRA,DAN,Deep Jhajj,5,,0,19,3.80,5
9,4th,FRA vs DAN,FRA,DAN,Mohammed Abedi,3,,0,29,9.66,2
9,4th,FRA vs DAN,FRA,DAN,Archish Awasthi,4,,1,26,6.50,0
9,4th,FRA vs DAN,DAN,FRA,Matthew Kennedy,4,,1,10,2.50,1
9,4th,FRA vs DAN,DAN,FRA,Jake O’Brien,7,,1,18,2.57,3
9,4th,FRA vs DAN,DAN,FRA,Tenzin Drenpa,6,,0,33,5.50,2
9,4th,FRA vs DAN,DAN,FRA,Mitchell Gill-Furness,5,,1,15,3.00,1
9,4th,FRA vs DAN,DAN,FRA,Tom Bath,1,,0,11,11.00,0
9,4th,FRA vs DAN,DAN,FRA,Joe Paulas,9,,1,36,4.00,1
9,4th,FRA vs DAN,DAN,FRA,Jerome George,9,,3,15,1.66,2
9,4th,FRA vs DAN,DAN,FRA,Nigel Stone,4,,0,20,5.00,3
9,4th,PRA vs MEL,PRA,MEL,Thomas Kenny,8.3,,0,37,4.35,10
9,4th,PRA vs MEL,PRA,MEL,Trent Thompson,9,,1,29,3.22,0
9,4th,PRA vs MEL,PRA,MEL,Ben Griffin,7,,1,22,3.14,2
9,4th,PRA vs MEL,PRA,MEL,Andrew Reid Dick,6,,0,30,5.00,3
9,4th,PRA vs MEL,PRA,MEL,Nicholas Critchley,6,,0,21,3.50,1
9,4th,PRA vs MEL,PRA,MEL,Alistair McCooke,4,,0,17,4.25,2
9,4th,PRA vs MEL,MEL,PRA,Sam Dutton,7,,4,12,1.71,1
9,4th,PRA vs MEL,MEL,PRA,Fred Sainsbury,6.5,,0,48,7.02,2
9,4th,PRA vs MEL,MEL,PRA,Matthew Esposito,6,,0,37,6.16,2
9,4th,PRA vs MEL,MEL,PRA,Neil SCHLITTLER,5,,0,18,3.60,2
9,4th,PRA vs MEL,MEL,PRA,Angus Schlittler,5,,0,22,4.40,1
9,4th,PRA vs MEL,MEL,PRA,Rex Macalister,2,,0,6,3.00,0
9,4th,PRA vs MEL,MEL,PRA,Will Sharpin,4,,0,20,5.00,1
9,4th,NOR vs KIN,NOR,KIN,Max Ralph,9,,2,38,4.22,2
9,4th,NOR vs KIN,NOR,KIN,Anurag Thakur,8,,0,40,5.00,3
9,4th,NOR vs KIN,NOR,KIN,Ryan Schonewille,3,,0,27,9.00,0
9,4th,NOR vs KIN,NOR,KIN,Steve Ralph,2,,0,4,2.00,2
9,4th,NOR vs KIN,NOR,KIN,Joel Ajani,8,,1,39,4.87,1
9,4th,NOR vs KIN,NOR,KIN,Sanithu Rajapaksha,8,,2,19,2.37,0
9,4th,NOR vs KIN,NOR,KIN,Andrew Johnson,7,,0,34,4.85,6
9,4th,NOR vs KIN,NOR,KIN,Jack Chamberlain,0,,0,0,0.00,0
9,4th,NOR vs KIN,NOR,KIN,Noah Mccolough,0,,0,0,0.00,0
9,4th,NOR vs KIN,NOR,KIN,Gyan Weerasiri,0,,0,0,0.00,0
9,4th,NOR vs KIN,KIN,NOR,Liam Rowley,7,,0,23,3.28,2
9,4th,NOR vs KIN,KIN,NOR,Caedon Lane,7,,1,20,2.85,0
9,4th,NOR vs KIN,KIN,NOR,Japjeet Khaira,4,,0,21,5.25,0
9,4th,NOR vs KIN,KIN,NOR,Akshay Khabarwal,9,,1,26,2.88,0
9,4th,NOR vs KIN,KIN,NOR,Cameron FitzGerald,6.3,,0,23,3.53,0
9,4th,NOR vs KIN,KIN,NOR,James Elliott,1,,0,18,18.00,0
9,4th,NOR vs KIN,KIN,NOR,Imran Khan,0,,0,0,0.00,0
9,4th,NOR vs KIN,KIN,NOR,Aarav Laxman,0,,0,0,0.00,0
9,4th,NOR vs KIN,KIN,NOR,Yashen Sharma,0,,0,0,0.00,0
9,4th,NOR vs KIN,KIN,NOR,Nathaniel Reichman,0,,0,0,0.00,0
9,4th,CAM vs RIN,CAM,RIN,Lachlan Payne,5,,0,24,4.80,2
9,4th,CAM vs RIN,CAM,RIN,Michain Premaratne,4,,0,39,9.75,1
9,4th,CAM vs RIN,CAM,RIN,Luke O`Brien,5,,0,12,2.40,0
9,4th,CAM vs RIN,CAM,RIN,Aiyaan Ariketty,5,,0,23,4.60,1
9,4th,CAM vs RIN,CAM,RIN,Paawan Dave,4,,1,11,2.75,0
9,4th,CAM vs RIN,CAM,RIN,Sam Wade,8,,0,35,4.37,2
9,4th,CAM vs RIN,CAM,RIN,Sam Montgomery,4,,0,16,4.00,0
9,4th,CAM vs RIN,CAM,RIN,Ansh Sharma,3,,0,22,7.33,0
9,4th,CAM vs RIN,RIN,CAM,Joshua Nevett,5,,1,19,3.80,4
9,4th,CAM vs RIN,RIN,CAM,Robert Capstick,7.5,,0,37,4.72,2
9,4th,CAM vs RIN,RIN,CAM,Benjamin Excell,7,,0,42,6.00,1
9,4th,CAM vs RIN,RIN,CAM,Max Burn,3,,0,13,4.33,0
9,4th,CAM vs RIN,RIN,CAM,Kye Davidson,8,,0,38,4.75,0
9,4th,CAM vs RIN,RIN,CAM,Lucas Jones,7,,0,34,4.85,0
9,4th,MEL vs FIT,MEL,FIT,Xavier Mitchell,9,,2,42,4.66,3
9,4th,MEL vs FIT,MEL,FIT,Nicholas Sheridan,9,,1,37,4.11,3
9,4th,MEL vs FIT,MEL,FIT,Alex Cole,9,,0,35,3.88,3
9,4th,MEL vs FIT,MEL,FIT,Jamie Blacker,9,,0,37,4.11,6
9,4th,MEL vs FIT,MEL,FIT,Haochen Zhang,2,,1,15,7.50,0
9,4th,MEL vs FIT,MEL,FIT,James Heaney,5,,0,30,6.00,2
9,4th,MEL vs FIT,MEL,FIT,Mansukh Jhandi,2,,0,12,6.00,4
9,4th,MEL vs FIT,FIT,MEL,Harvey Redpath,0,,0,0,0.00,0
9,4th,MEL vs FIT,FIT,MEL,Angus Harms,9,,1,27,3.00,3
9,4th,MEL vs FIT,FIT,MEL,Matthew Richings,3,,0,32,10.66,3
9,4th,MEL vs FIT,FIT,MEL,Torren Arthur,6,,0,27,4.50,0
9,4th,MEL vs FIT,FIT,MEL,Aanlin Cheeran,6,,1,14,2.33,1
9,4th,MEL vs FIT,FIT,MEL,Tharindu Perera,4.2,,0,11,2.53,1
9,4th,MEL vs FIT,FIT,MEL,Ethan Yates,9,,0,37,4.11,1
9,4th,CAS vs GRE,CAS,GRE,Lueder de Podolinsky,7,,1,29,4.14,0
9,4th,CAS vs GRE,CAS,GRE,Kyle Mawer,7,,1,33,4.71,3
9,4th,CAS vs GRE,CAS,GRE,Kobey Hunter,6,,1,25,4.16,0
9,4th,CAS vs GRE,CAS,GRE,Xavier Cooknell,6,,0,39,6.50,0
9,4th,CAS vs GRE,CAS,GRE,Henry Paulson,7,,0,29,4.14,6
9,4th,CAS vs GRE,CAS,GRE,Ollie Melville,7,,0,42,6.00,0
9,4th,CAS vs GRE,CAS,GRE,********,5,,0,42,8.40,4
9,4th,CAS vs GRE,CAS,GRE,Vindiya Bandara,0,,0,0,0.00,0
9,4th,CAS vs GRE,CAS,GRE,Arshnoor Singh Mann,0,,0,0,0.00,0
9,4th,CAS vs GRE,CAS,GRE,Thisura Sooriyaaratchi,0,,0,0,0.00,0
9,4th,CAS vs GRE,CAS,GRE,Joel Reid,0,,0,0,0.00,0
9,4th,CAS vs GRE,GRE,CAS,Crandel Siegelwin,5,,0,15,3.00,2
9,4th,CAS vs GRE,GRE,CAS,Nate Murphy,5,,0,23,4.60,2
9,4th,CAS vs GRE,GRE,CAS,Josh Guinea,9,,0,28,3.11,3
9,4th,CAS vs GRE,GRE,CAS,Mohammad NAJIBI,2,,0,12,6.00,1
9,4th,CAS vs GRE,GRE,CAS,Anujan Vijayarajan,9,,0,45,5.00,0
9,4th,CAS vs GRE,GRE,CAS,Charlie Johnson,9,,0,40,4.44,6
9,4th,CAS vs GRE,GRE,CAS,Thomas Purcell,6,,1,21,3.50,1
9,4th,CAS vs GRE,GRE,CAS,Akith Abeywickrama,0,,0,0,0.00,0
9,4th,CAS vs GRE,GRE,CAS,Rayaan Kochhar,0,,0,0,0.00,0
9,4th,CAS vs GRE,GRE,CAS,Lachlan Paul,0,,0,0,0.00,0
9,4th,CAS vs GRE,GRE,CAS,Ian Perera,0,,0,0,0.00,0
9,4th,ESS vs CAR,ESS,CAR,Kyan Brasher,6,,1,18,3.00,1
9,4th,ESS vs CAR,ESS,CAR,Abraham Thomas,5.5,,1,16,2.74,2
9,4th,ESS vs CAR,ESS,CAR,Ashley Ward,7,,0,28,4.00,3
9,4th,ESS vs CAR,ESS,CAR,Maximilian Dias,3,,0,22,7.33,0
9,4th,ESS vs CAR,ESS,CAR,Sid Nayak,9,,1,51,5.66,1
9,4th,ESS vs CAR,ESS,CAR,Aussie McIlwaine,8,,0,29,3.62,2
9,4th,ESS vs CAR,ESS,CAR,Salil Gudup,2,,0,6,3.00,2
9,4th,ESS vs CAR,ESS,CAR,Jacob Davidson,0,,0,0,0.00,0
9,4th,ESS vs CAR,ESS,CAR,Jack Campbell,0,,0,0,0.00,0
9,4th,ESS vs CAR,CAR,ESS,George Dikeos,7,,0,21,3.00,3
9,4th,ESS vs CAR,CAR,ESS,Prageeth Edirisinghe,9,,1,21,2.33,4
9,4th,ESS vs CAR,CAR,ESS,Pahul Singh Sodhi,6,,2,18,3.00,0
9,4th,ESS vs CAR,CAR,ESS,Zayaan Tabish,3,,0,24,8.00,0
9,4th,ESS vs CAR,CAR,ESS,Stephen Buhagiar,5.1,,0,33,6.38,7
9,4th,ESS vs CAR,CAR,ESS,Krishna Chandak,1,,0,1,1.00,1
9,4th,ESS vs CAR,CAR,ESS,Luay Miraz,0,,0,0,0.00,0
9,4th,ESS vs CAR,CAR,ESS,Dilawar Ali,0,,0,0,0.00,0
9,4th,ESS vs CAR,CAR,ESS,Samin Shafquat,0,,0,0,0.00,0
10,4th,PRA vs CAR,PRA,CAR,Ashley Ward,8,,0,48,6.00,2
10,4th,PRA vs CAR,PRA,CAR,Kyan Brasher,6,,0,35,5.83,2
10,4th,PRA vs CAR,PRA,CAR,Dhanush Dahiya,4,,0,27,6.75,0
10,4th,PRA vs CAR,PRA,CAR,Seth McGinty,6,,0,16,2.66,0
10,4th,PRA vs CAR,PRA,CAR,Aussie McIlwaine,8,,0,33,4.12,1
10,4th,PRA vs CAR,PRA,CAR,Sid Nayak,9,,0,51,5.66,2
10,4th,PRA vs CAR,PRA,CAR,Maximilian Dias,3,,0,15,5.00,0
10,4th,PRA vs CAR,CAR,PRA,Angus Schlittler,9,,1,28,3.11,1
10,4th,PRA vs CAR,CAR,PRA,Rex Macalister,8.1,,0,55,6.73,8
10,4th,PRA vs CAR,CAR,PRA,Matthew Esposito,5,,0,25,5.00,2
10,4th,PRA vs CAR,CAR,PRA,Will Sharpin,8,,1,30,3.75,1
10,4th,PRA vs CAR,CAR,PRA,Nicholas Graves,5,,0,33,6.60,2
10,4th,PRA vs CAR,CAR,PRA,Daniel Parkinson,7,,0,50,7.14,1
10,4th,CAS vs GEE,CAS,GEE,Zachary Coull,7,,0,47,6.71,3
10,4th,CAS vs GEE,CAS,GEE,Jaryd Antonenko,6,,1,38,6.33,1
10,4th,CAS vs GEE,CAS,GEE,Charlie Peake,9,,0,36,4.00,2
10,4th,CAS vs GEE,CAS,GEE,Parth Patel,8,,0,27,3.37,1
10,4th,CAS vs GEE,CAS,GEE,Oscar Agg,9,,1,47,5.22,0
10,4th,CAS vs GEE,CAS,GEE,Josh Atkinson,6,,0,33,5.50,0
10,4th,CAS vs GEE,GEE,CAS,Nate Murphy,6,,1,36,6.00,1
10,4th,CAS vs GEE,GEE,CAS,Mohammad NAJIBI,6,,0,14,2.33,2
10,4th,CAS vs GEE,GEE,CAS,Crandel Siegelwin,6,,0,42,7.00,4
10,4th,CAS vs GEE,GEE,CAS,Anujan Vijayarajan,9,,0,31,3.44,0
10,4th,CAS vs GEE,GEE,CAS,Josh Guinea,4,,0,25,6.25,2
10,4th,CAS vs GEE,GEE,CAS,Charlie Johnson,8,,0,53,6.62,3
10,4th,CAS vs GEE,GEE,CAS,Thomas Purcell,3,,0,26,8.66,2
10,4th,FRA vs CAM,FRA,CAM,Joshua Nevett,8.3,,1,27,3.17,4
10,4th,FRA vs CAM,FRA,CAM,Armaan Bedi,4,,0,34,8.50,1
10,4th,FRA vs CAM,FRA,CAM,Kye Davidson,9,,2,18,2.00,1
10,4th,FRA vs CAM,FRA,CAM,James Webb,8,,0,33,4.12,2
10,4th,FRA vs CAM,FRA,CAM,Robert Capstick,7,,0,30,4.28,2
10,4th,FRA vs CAM,FRA,CAM,Aryan Verma,6,,0,36,6.00,0
10,4th,FRA vs CAM,CAM,FRA,Jared Gibbs,8.3,,0,50,5.88,3
10,4th,FRA vs CAM,CAM,FRA,Matthew Kennedy,8,,0,33,4.12,3
10,4th,FRA vs CAM,CAM,FRA,Tenzin Drenpa,9,,1,30,3.33,0
10,4th,FRA vs CAM,CAM,FRA,Eli Halliday,9,,0,32,3.55,0
10,4th,FRA vs CAM,CAM,FRA,Joe Paulas,8,,1,23,2.87,0
10,4th,FRA vs CAM,CAM,FRA,Max McLean,2,,0,9,4.50,0
10,4th,GRE vs DAN,GRE,DAN,Finley Corrie,5,,0,14,2.80,0
10,4th,GRE vs DAN,GRE,DAN,Prathik Balachandhar,6,,0,31,5.16,2
10,4th,GRE vs DAN,GRE,DAN,Sayed Masroor,6,,3,9,1.50,0
10,4th,GRE vs DAN,GRE,DAN,Anagh Wadhwa,6,,0,22,3.66,2
10,4th,GRE vs DAN,GRE,DAN,Deep Jhajj,3,,0,4,1.33,1
10,4th,GRE vs DAN,GRE,DAN,Mohammed Abedi,1,,0,9,9.00,0
10,4th,GRE vs DAN,GRE,DAN,Archish Awasthi,1,,0,2,2.00,0
10,4th,GRE vs DAN,DAN,GRE,Connor Brisbane,0,,0,0,0.00,0
10,4th,GRE vs DAN,DAN,GRE,Dev Narayan Brijesh,0,,0,0,0.00,0
10,4th,GRE vs DAN,DAN,GRE,Lueder de Podolinsky,6,,1,31,5.16,4
10,4th,GRE vs DAN,DAN,GRE,Kyle Mawer,6,,2,9,1.50,3
10,4th,GRE vs DAN,DAN,GRE,Muhammad Taha Rabbani,5,,1,13,2.60,2
10,4th,GRE vs DAN,DAN,GRE,Henry Paulson,4,,0,25,6.25,3
10,4th,GRE vs DAN,DAN,GRE,Rikard Friedrich,1,,0,5,5.00,0
10,4th,GRE vs DAN,DAN,GRE,Arshnoor Singh Mann,0.1,,0,1,6.02,0
10,4th,KIN vs ST,KIN,ST,Avneet Ghuman,5,,0,17,3.40,0
10,4th,KIN vs ST,KIN,ST,Charlie Skinner,4,,1,20,5.00,0
10,4th,KIN vs ST,KIN,ST,Arham Farooq,7,,0,17,2.42,0
10,4th,KIN vs ST,KIN,ST,Gurshan Khehra,7,,2,12,1.71,0
10,4th,KIN vs ST,KIN,ST,Tom Morris,1,,0,0,0.00,0
10,4th,KIN vs ST,KIN,ST,Charlie Atkins,0,,0,0,0.00,0
10,4th,KIN vs ST,KIN,ST,Jackson Martin,0,,0,0,0.00,0
10,4th,KIN vs ST,KIN,ST,Callum Chasemore,0,,0,0,0.00,0
10,4th,KIN vs ST,KIN,ST,Douglas Beckett,0,,0,0,0.00,0
10,4th,KIN vs ST,KIN,ST,Harrison Tegg,0,,0,0,0.00,0
10,4th,KIN vs ST,ST,KIN,Max Ralph,4,,0,17,4.25,5
10,4th,KIN vs ST,ST,KIN,Gyan Weerasiri,4,,0,16,4.00,1
10,4th,KIN vs ST,ST,KIN,Anurag Thakur,1,,0,7,7.00,0
10,4th,KIN vs ST,ST,KIN,Dihein Fernando,1.5,,0,23,12.54,0
10,4th,KIN vs ST,ST,KIN,Andrew Johnson,1,,0,1,1.00,0
10,4th,KIN vs ST,ST,KIN,Aditya Chowdhary,0,,0,0,0.00,0
10,4th,KIN vs ST,ST,KIN,Dan Lambert,0,,0,0,0.00,0
10,4th,KIN vs ST,ST,KIN,Sanithu Rajapaksha,0,,0,0,0.00,0
10,4th,KIN vs ST,ST,KIN,Steve Ralph,0,,0,0,0.00,0
10,4th,KIN vs ST,ST,KIN,Joel Ajani,0,,0,0,0.00,0
10,4th,KIN vs ST,ST,KIN,Ryan Schonewille,0,,0,0,0.00,0
10,4th,FIT vs FOO,FIT,FOO,Tanish Patankar,7,,0,40,5.71,4
10,4th,FIT vs FOO,FIT,FOO,Joshua Norsetter,8,,1,37,4.62,1
10,4th,FIT vs FOO,FIT,FOO,Matthew Netto,5,,0,31,6.20,0
10,4th,FIT vs FOO,FIT,FOO,Fynn Raco,5,,0,32,6.40,0
10,4th,FIT vs FOO,FIT,FOO,Aryan Mehra,9,,0,45,5.00,0
10,4th,FIT vs FOO,FIT,FOO,Riyan Bhasin,9,,0,39,4.33,0
10,4th,FIT vs FOO,FIT,FOO,Andrew Pizaro,2,,0,12,6.00,0
10,4th,FIT vs FOO,FOO,FIT,Nicholas Sheridan,7.5,,2,37,4.72,0
10,4th,FIT vs FOO,FOO,FIT,Xavier Mitchell,8,,0,48,6.00,2
10,4th,FIT vs FOO,FOO,FIT,Alex Cole,9,,0,43,4.77,0
10,4th,FIT vs FOO,FOO,FIT,Jamie Blacker,4,,0,36,9.00,0
10,4th,FIT vs FOO,FOO,FIT,Yannick Dobson,9,,0,45,5.00,3
10,4th,FIT vs FOO,FOO,FIT,James Heaney,5,,0,25,5.00,2
10,4th,NOR vs MEL,NOR,MEL,Trent Thompson,9,,0,29,3.22,6
10,4th,NOR vs MEL,NOR,MEL,Blake Stove,5,,0,15,3.00,1
10,4th,NOR vs MEL,NOR,MEL,Ben Griffin,9,,1,26,2.88,2
10,4th,NOR vs MEL,NOR,MEL,Jake La Brooy,9,,0,34,3.77,3
10,4th,NOR vs MEL,NOR,MEL,Yash Goel,8,,0,22,2.75,1
10,4th,NOR vs MEL,NOR,MEL,Nicholas Critchley,5,,2,10,2.00,1
10,4th,NOR vs MEL,NOR,MEL,Johnathon Aikins,0,,0,0,0.00,0
10,4th,NOR vs MEL,NOR,MEL,James Francis,0,,0,0,0.00,0
10,4th,NOR vs MEL,NOR,MEL,Thomas Kenny,0,,0,0,0.00,0
10,4th,NOR vs MEL,NOR,MEL,William Newman,0,,0,0,0.00,0
10,4th,NOR vs MEL,MEL,NOR,Liam Rowley,4,,0,39,9.75,11
10,4th,NOR vs MEL,MEL,NOR,Caedon Lane,5.3,,1,38,6.90,2
10,4th,NOR vs MEL,MEL,NOR,Akshay Khabarwal,9,,1,22,2.44,1
10,4th,NOR vs MEL,MEL,NOR,Cameron FitzGerald,7,,0,38,5.42,3
10,4th,NOR vs MEL,MEL,NOR,James Elliott,0,,0,0,0.00,0
10,4th,NOR vs MEL,MEL,NOR,Ananya Goswami,0,,0,0,0.00,0
10,4th,NOR vs MEL,MEL,NOR,Avi Guha,0,,0,0,0.00,0
10,4th,NOR vs MEL,MEL,NOR,Imran Khan,0,,0,0,0.00,0
10,4th,NOR vs MEL,MEL,NOR,Yashen Sharma,0,,0,0,0.00,0
10,4th,NOR vs MEL,MEL,NOR,Parvan Singh,0,,0,0,0.00,0
10,4th,NOR vs MEL,MEL,NOR,Nathaniel Reichman,0,,0,0,0.00,0
10,4th,RIN vs MEL,RIN,MEL,Angus Harms,9,,1,38,4.22,1
10,4th,RIN vs MEL,RIN,MEL,Hunter Kremer-Slevin,9,,0,53,5.88,3
10,4th,RIN vs MEL,RIN,MEL,Matthew Richings,9,,1,23,2.55,2
10,4th,RIN vs MEL,RIN,MEL,Torren Arthur,5,,0,26,5.20,0
10,4th,RIN vs MEL,RIN,MEL,Aanlin Cheeran,9,,1,29,3.22,1
10,4th,RIN vs MEL,RIN,MEL,Ethan Yates,4,,0,23,5.75,3
10,4th,RIN vs MEL,MEL,RIN,Lachlan Payne,7,,0,33,4.71,4
10,4th,RIN vs MEL,MEL,RIN,Luke O`Brien,8,,0,38,4.75,7
10,4th,RIN vs MEL,MEL,RIN,Michain Premaratne,7.4,,1,44,5.73,5
10,4th,RIN vs MEL,MEL,RIN,Sam Wade,9,,0,45,5.00,0
10,4th,RIN vs MEL,MEL,RIN,Sam Montgomery,1,,0,19,19.00,0
10,4th,RIN vs MEL,MEL,RIN,Paawan Dave,9,,2,17,1.88,2
10,4th,ESS vs RIC,ESS,RIC,Jaskaran Ghotra,3,,0,21,7.00,0
10,4th,ESS vs RIC,ESS,RIC,James Sajeba,4,,0,22,5.50,0
10,4th,ESS vs RIC,ESS,RIC,Lincoln Nicholls,7,,1,20,2.85,2
10,4th,ESS vs RIC,ESS,RIC,Dulith Mihiripenna,6,,0,20,3.33,4
10,4th,ESS vs RIC,ESS,RIC,Callum Power,6.2,,2,12,1.89,0
10,4th,ESS vs RIC,ESS,RIC,Sharad Kulkarni,6,,1,23,3.83,0
10,4th,ESS vs RIC,RIC,ESS,Prageeth Edirisinghe,3,,1,15,5.00,5
10,4th,ESS vs RIC,RIC,ESS,George Dikeos,3,,0,23,7.66,2
10,4th,ESS vs RIC,RIC,ESS,George Martindale,3.2,,0,33,9.90,0
10,4th,ESS vs RIC,RIC,ESS,Zorawar Singh Chohan,2,,0,21,10.50,1
10,4th,ESS vs RIC,RIC,ESS,Stephen Buhagiar,3,,0,17,5.66,1
10,4th,ESS vs RIC,RIC,ESS,Sandula Edirisinghe,4,,0,11,2.75,0
11,4th,FIT vs GEE,FIT,GEE,Jaryd Antonenko,9,,0,58,6.44,6
11,4th,FIT vs GEE,FIT,GEE,Harry Emerson,8,,1,42,5.25,1
11,4th,FIT vs GEE,FIT,GEE,Oscar Agg,9,,0,53,5.88,1
11,4th,FIT vs GEE,FIT,GEE,Parth Patel,6,,0,24,4.00,0
11,4th,FIT vs GEE,FIT,GEE,Josh Atkinson,4,,1,15,3.75,4
11,4th,FIT vs GEE,FIT,GEE,Jake Klein,7,,0,57,8.14,4
11,4th,FIT vs GEE,FIT,GEE,Fletch Grimsey-Cook,2,,0,12,6.00,0
11,4th,FIT vs GEE,GEE,FIT,Nicholas Sheridan,7,,1,23,3.28,3
11,4th,FIT vs GEE,GEE,FIT,Xavier Mitchell,7,,0,21,3.00,0
11,4th,FIT vs GEE,GEE,FIT,Jamie Blacker,7,,0,30,4.28,0
11,4th,FIT vs GEE,GEE,FIT,Alex Cole,9,,0,47,5.22,0
11,4th,FIT vs GEE,GEE,FIT,Yannick Dobson,9,,0,40,4.44,3
11,4th,FIT vs GEE,GEE,FIT,James Heaney,6,,0,29,4.83,0
11,4th,MEL vs ESS,MEL,ESS,Muhammad Abdul Wasay,9,,2,31,3.44,3
11,4th,MEL vs ESS,MEL,ESS,George Dikeos,4,,0,24,6.00,3
11,4th,MEL vs ESS,MEL,ESS,Jacob Pawlowicz,8,,1,16,2.00,0
11,4th,MEL vs ESS,MEL,ESS,Prageeth Edirisinghe,7.1,,0,21,2.93,0
11,4th,MEL vs ESS,MEL,ESS,Sandula Edirisinghe,9,,1,17,1.88,0
11,4th,MEL vs ESS,MEL,ESS,George Martindale,6,,1,25,4.16,0
11,4th,MEL vs ESS,ESS,MEL,Angus Harms,6,,0,28,4.66,4
11,4th,MEL vs ESS,ESS,MEL,Mitchell Laurie,4,,1,18,4.50,0
11,4th,MEL vs ESS,ESS,MEL,Matthew Richings,3,,0,21,7.00,4
11,4th,MEL vs ESS,ESS,MEL,Torren Arthur,4.3,,0,19,4.22,1
11,4th,MEL vs ESS,ESS,MEL,Ethan Yates,9,,0,36,4.00,1
11,4th,MEL vs ESS,ESS,MEL,Aanlin Cheeran,9,,3,18,2.00,1
11,4th,FRA vs MEL,FRA,MEL,Trent Thompson,9,,0,43,4.77,2
11,4th,FRA vs MEL,FRA,MEL,Thomas Kenny,9,,1,43,4.77,0
11,4th,FRA vs MEL,FRA,MEL,Blake Stove,8,,1,23,2.87,0
11,4th,FRA vs MEL,FRA,MEL,Jake La Brooy,4,,0,26,6.50,1
11,4th,FRA vs MEL,FRA,MEL,LEITH SALWATHURA,9,,0,23,2.55,0
11,4th,FRA vs MEL,FRA,MEL,Alistair McCooke,6,,0,24,4.00,1
11,4th,FRA vs MEL,FRA,MEL,Johnathon Aikins,0,,0,0,0.00,0
11,4th,FRA vs MEL,FRA,MEL,James Francis,0,,0,0,0.00,0
11,4th,FRA vs MEL,FRA,MEL,Hayden Kenny,0,,0,0,0.00,0
11,4th,FRA vs MEL,MEL,FRA,Jared Gibbs,8.1,,1,31,3.79,0
11,4th,FRA vs MEL,MEL,FRA,Matthew Kennedy,7,,1,41,5.85,2
11,4th,FRA vs MEL,MEL,FRA,Mitchell Gill-Furness,6,,0,26,4.33,0
11,4th,FRA vs MEL,MEL,FRA,Jake O’Brien,5,,1,16,3.20,1
11,4th,FRA vs MEL,MEL,FRA,Jerome George,9,,0,30,3.33,2
11,4th,FRA vs MEL,MEL,FRA,Joe Paulas,9,,0,33,3.66,0
11,4th,FRA vs MEL,MEL,FRA,ALEX CHANDLER,0,,0,0,0.00,0
11,4th,FRA vs MEL,MEL,FRA,Cooper Kennedy,0,,0,0,0.00,0
11,4th,FRA vs MEL,MEL,FRA,Harish Salwathura,0,,0,0,0.00,0
11,4th,FRA vs MEL,MEL,FRA,Charlie Costa,0,,0,0,0.00,0
11,4th,FRA vs MEL,MEL,FRA,Nigel Stone,0,,0,0,0.00,0
11,4th,ST vs NOR,ST,NOR,Joshua Alonso,9,,1,59,6.55,3
11,4th,ST vs NOR,ST,NOR,Japjeet Khaira,9,,0,48,5.33,2
11,4th,ST vs NOR,ST,NOR,James Elliott,9,,0,51,5.66,3
11,4th,ST vs NOR,ST,NOR,Justin John,2,,0,15,7.50,0
11,4th,ST vs NOR,ST,NOR,Cameron FitzGerald,9,,0,66,7.33,0
11,4th,ST vs NOR,ST,NOR,Aarav Laxman,7,,0,47,6.71,2
11,4th,ST vs NOR,ST,NOR,Ananya Goswami,0,,0,0,0.00,0
11,4th,ST vs NOR,ST,NOR,Avi Guha,0,,0,0,0.00,0
11,4th,ST vs NOR,ST,NOR,Imran Khan,0,,0,0,0.00,0
11,4th,ST vs NOR,ST,NOR,Parvan Singh,0,,0,0,0.00,0
11,4th,ST vs NOR,NOR,ST,Avneet Ghuman,6,,0,29,4.83,1
11,4th,ST vs NOR,NOR,ST,Gurshan Khehra,8.2,,1,33,3.96,1
11,4th,ST vs NOR,NOR,ST,Dylan Young,6,,0,27,4.50,4
11,4th,ST vs NOR,NOR,ST,Arham Farooq,6,,0,32,5.33,0
11,4th,ST vs NOR,NOR,ST,Callum Chasemore,7,,1,31,4.42,0
11,4th,ST vs NOR,NOR,ST,Rishikesh Talwar,4,,0,26,6.50,4
11,4th,ST vs NOR,NOR,ST,Billy Reid,0,,0,0,0.00,0
11,4th,ST vs NOR,NOR,ST,Jackson Martin,0,,0,0,0.00,0
11,4th,ST vs NOR,NOR,ST,Harrison Tegg,0,,0,0,0.00,0
11,4th,ST vs NOR,NOR,ST,Steve Zayler,0,,0,0,0.00,0
11,4th,CAR vs RIN,CAR,RIN,Luke O`Brien,8,,0,44,5.50,7
11,4th,CAR vs RIN,CAR,RIN,Michain Premaratne,7,,0,33,4.71,4
11,4th,CAR vs RIN,CAR,RIN,Paawan Dave,9,,0,39,4.33,0
11,4th,CAR vs RIN,CAR,RIN,Lucas Clausen,2,,0,25,12.50,1
11,4th,CAR vs RIN,CAR,RIN,Xavier Noonan,4,,0,29,7.25,2
11,4th,CAR vs RIN,CAR,RIN,Aiyaan Ariketty,6,,1,31,5.16,0
11,4th,CAR vs RIN,CAR,RIN,Ansh Sharma,2,,0,12,6.00,0
11,4th,CAR vs RIN,CAR,RIN,Sam Wade,7,,0,37,5.28,3
11,4th,CAR vs RIN,RIN,CAR,Ashley Ward,7.2,,1,34,4.63,2
11,4th,CAR vs RIN,RIN,CAR,Kyan Brasher,6,,0,22,3.66,2
11,4th,CAR vs RIN,RIN,CAR,Aussie McIlwaine,9,,0,45,5.00,8
11,4th,CAR vs RIN,RIN,CAR,Maximilian Dias,6,,0,49,8.16,4
11,4th,CAR vs RIN,RIN,CAR,Sid Nayak,7,,1,33,4.71,6
11,4th,CAR vs RIN,RIN,CAR,Mubasheeruddin Jamal Mohammed,6,,0,41,6.83,1
11,4th,CAR vs RIN,RIN,CAR,Salil Gudup,3,,0,27,9.00,0
11,4th,DAN vs CAM,DAN,CAM,Joshua Nevett,9,,0,27,3.00,0
11,4th,DAN vs CAM,DAN,CAM,Armaan Bedi,8,,0,29,3.62,2
11,4th,DAN vs CAM,DAN,CAM,James Webb,8,,1,29,3.62,2
11,4th,DAN vs CAM,DAN,CAM,Kye Davidson,9,,1,30,3.33,3
11,4th,DAN vs CAM,DAN,CAM,Anton Ponnamperuma,9,,1,36,4.00,0
11,4th,DAN vs CAM,DAN,CAM,Robert Capstick,2,,0,6,3.00,0
11,4th,DAN vs CAM,CAM,DAN,Finley Corrie,5,,0,20,4.00,0
11,4th,DAN vs CAM,CAM,DAN,Prathik Balachandhar,3,,0,12,4.00,1
11,4th,DAN vs CAM,CAM,DAN,Muhammad Ayaz,3.2,,0,25,7.50,0
11,4th,DAN vs CAM,CAM,DAN,Neil D'Souza,5,,1,14,2.80,1
11,4th,DAN vs CAM,CAM,DAN,Sayed Masroor,4,,0,23,5.75,2
11,4th,DAN vs CAM,CAM,DAN,Anagh Wadhwa,3,,0,24,8.00,2
11,4th,DAN vs CAM,CAM,DAN,Matthew Pearson,4,,1,8,2.00,0
11,4th,DAN vs CAM,CAM,DAN,Deep Jhajj,3,,0,13,4.33,1
11,4th,DAN vs CAM,CAM,DAN,Mohammed Abedi,3,,0,20,6.66,1
11,4th,FOO vs GRE,FOO,GRE,Lueder de Podolinsky,8,,0,39,4.87,7
11,4th,FOO vs GRE,FOO,GRE,Kyle Mawer,8,,1,26,3.25,3
11,4th,FOO vs GRE,FOO,GRE,Ansh Shah,4,,0,27,6.75,0
11,4th,FOO vs GRE,FOO,GRE,Rikard Friedrich,9,,0,24,2.66,0
11,4th,FOO vs GRE,FOO,GRE,Arshnoor Singh Mann,9,,0,35,3.88,2
11,4th,FOO vs GRE,FOO,GRE,Henry Paulson,7,,0,23,3.28,1
11,4th,FOO vs GRE,FOO,GRE,Vindiya Bandara,0,,0,0,0.00,0
11,4th,FOO vs GRE,FOO,GRE,Thisura Sooriyaaratchi,0,,0,0,0.00,0
11,4th,FOO vs GRE,FOO,GRE,Ollie Melville,0,,0,0,0.00,0
11,4th,FOO vs GRE,GRE,FOO,Liam Sutton,7,,0,25,3.57,3
11,4th,FOO vs GRE,GRE,FOO,Matthew Netto,6,,0,31,5.16,10
11,4th,FOO vs GRE,GRE,FOO,Xavier Marazita,5,,1,16,3.20,3
11,4th,FOO vs GRE,GRE,FOO,Fynn Raco,6,,0,18,3.00,1
11,4th,FOO vs GRE,GRE,FOO,Andrew Pizaro,7.3,,0,27,3.60,0
11,4th,FOO vs GRE,GRE,FOO,Shlok Shanbhag,3,,0,9,3.00,0
11,4th,FOO vs GRE,GRE,FOO,Bayden Hutchins,9,,0,33,3.66,0
11,4th,FOO vs GRE,GRE,FOO,Rhyan Bidur S,0,,0,0,0.00,0
11,4th,FOO vs GRE,GRE,FOO,Ryan Coonan,0,,0,0,0.00,0
11,4th,FOO vs GRE,GRE,FOO,Oscar Florentine,0,,0,0,0.00,0
11,4th,CAS vs KIN,CAS,KIN,Max Ralph,8,,1,21,2.62,0
11,4th,CAS vs KIN,CAS,KIN,Anurag Thakur,5,,2,16,3.20,2
11,4th,CAS vs KIN,CAS,KIN,Ryan Schonewille,4,,0,22,5.50,0
11,4th,CAS vs KIN,CAS,KIN,Sanithu Rajapaksha,7,,0,31,4.42,4
11,4th,CAS vs KIN,CAS,KIN,Joel Ajani,5,,0,17,3.40,0
11,4th,CAS vs KIN,CAS,KIN,Steve Ralph,5,,2,9,1.80,0
11,4th,CAS vs KIN,CAS,KIN,Andrew Johnson,7.3,,0,25,3.33,5
11,4th,CAS vs KIN,CAS,KIN,Dihein Fernando,2,,0,12,6.00,0
11,4th,CAS vs KIN,KIN,CAS,Crandel Siegelwin,4,,0,18,4.50,6
11,4th,CAS vs KIN,KIN,CAS,Mohammad NAJIBI,5,,0,18,3.60,0
11,4th,CAS vs KIN,KIN,CAS,Thomas Purcell,3,,0,23,7.66,0
11,4th,CAS vs KIN,KIN,CAS,Anujan Vijayarajan,9,,0,38,4.22,2
11,4th,CAS vs KIN,KIN,CAS,Charlie Johnson,9,,0,42,4.66,5
11,4th,CAS vs KIN,KIN,CAS,Mohammad Mikail Farooqi,2,,1,14,7.00,0
11,4th,CAS vs KIN,KIN,CAS,Aryan Ghanekar,1,,0,8,8.00,1
11,4th,PRA vs RIC,PRA,RIC,Jaskaran Ghotra,8,,0,31,3.87,4
11,4th,PRA vs RIC,PRA,RIC,James Sajeba,9,,2,23,2.55,0
11,4th,PRA vs RIC,PRA,RIC,Lincoln Nicholls,9,,0,39,4.33,0
11,4th,PRA vs RIC,PRA,RIC,Dulith Mihiripenna,7.3,,0,44,5.86,0
11,4th,PRA vs RIC,PRA,RIC,Callum Power,8,,1,30,3.75,0
11,4th,PRA vs RIC,PRA,RIC,Gishain Fernando,1,,0,11,11.00,0
11,4th,PRA vs RIC,RIC,PRA,Sam Dutton,4,,1,21,5.25,0
11,4th,PRA vs RIC,RIC,PRA,Nicholas Graves,6,,0,19,3.16,3
11,4th,PRA vs RIC,RIC,PRA,Matthew Esposito,1,,0,9,9.00,0
11,4th,PRA vs RIC,RIC,PRA,Fred Sainsbury,4.3,,0,26,5.77,1
11,4th,PRA vs RIC,RIC,PRA,Angus Schlittler,5,,0,37,7.40,1
11,4th,PRA vs RIC,RIC,PRA,Rushil Ravi,9,,0,38,4.22,3
11,4th,PRA vs RIC,RIC,PRA,Rex Macalister,4,,0,32,8.00,0
12,4th,1st DAN vs 1st GEE,1st DAN,1st GEE,Jaryd Antonenko,12,,2,35,2.91,1
12,4th,1st DAN vs 1st GEE,1st DAN,1st GEE,Harry Emerson,13,,3,45,3.46,1
12,4th,1st DAN vs 1st GEE,1st DAN,1st GEE,Josh Atkinson,13,,3,28,2.15,0
12,4th,1st DAN vs 1st GEE,1st DAN,1st GEE,Zachary Coull,14,,4,32,2.28,0
12,4th,1st DAN vs 1st GEE,1st DAN,1st GEE,Oscar Agg,17,,7,35,2.05,0
12,4th,1st DAN vs 1st GEE,1st DAN,1st GEE,Fletch Grimsey-Cook,11,,1,46,4.18,0
12,4th,1st DAN vs 1st GEE,1st DAN,1st GEE,Xavier Fanning,9,,1,28,3.11,0
12,4th,1st DAN vs 1st GEE,1st DAN,1st GEE,Mark Freijah,1,,0,4,4.00,0
12,4th,1st DAN vs 1st GEE,1st GEE,1st DAN,Finley Corrie,9,,0,46,5.11,0
12,4th,1st DAN vs 1st GEE,1st GEE,1st DAN,Muhammad Ayaz,7,,2,16,2.28,0
12,4th,1st DAN vs 1st GEE,1st GEE,1st DAN,Prathik Balachandhar,11,,2,38,3.45,1
12,4th,1st DAN vs 1st GEE,1st GEE,1st DAN,Sayed Masroor,5,,2,19,3.80,0
12,4th,1st DAN vs 1st GEE,1st GEE,1st DAN,Matthew Pearson,9,,0,34,3.77,0
12,4th,1st DAN vs 1st GEE,1st GEE,1st DAN,Deep Jhajj,3,,1,6,2.00,0
12,4th,1st DAN vs 1st GEE,1st GEE,1st DAN,Mohammed Abedi,10,,0,45,4.50,0
12,4th,1st DAN vs 1st GEE,1st GEE,1st DAN,Anagh Wadhwa,11,,2,34,3.09,2
12,4th,1st DAN vs 1st GEE,1st GEE,1st DAN,Sultan Syed,2,,0,19,9.50,0
12,4th,1st MEL vs 1st CAR,1st MEL,1st CAR,Ashley Ward,5,,2,10,2.00,0
12,4th,1st MEL vs 1st CAR,1st MEL,1st CAR,Kyan Brasher,9,,2,30,3.33,0
12,4th,1st MEL vs 1st CAR,1st MEL,1st CAR,Maximilian Dias,7,,2,17,2.42,0
12,4th,1st MEL vs 1st CAR,1st MEL,1st CAR,David Caldow,9,,2,32,3.55,0
12,4th,1st MEL vs 1st CAR,1st MEL,1st CAR,Aussie McIlwaine,14,,2,37,2.64,0
12,4th,1st MEL vs 1st CAR,1st MEL,1st CAR,Salil Gudup,7,,3,10,1.42,0
12,4th,1st MEL vs 1st CAR,1st MEL,1st CAR,Jack Campbell,9,,3,22,2.44,0
12,4th,1st MEL vs 1st CAR,1st MEL,1st CAR,Sid Nayak,14,,1,44,3.14,0
12,4th,1st MEL vs 1st CAR,1st MEL,1st CAR,Mubasheeruddin Jamal Mohammed,13,,4,30,2.30,0
12,4th,1st MEL vs 1st CAR,1st CAR,1st MEL,Thomas Kenny,16.5,,6,18,1.06,0
12,4th,1st MEL vs 1st CAR,1st CAR,1st MEL,Jake La Brooy,4,,0,21,5.25,0
12,4th,1st MEL vs 1st CAR,1st CAR,1st MEL,Ben Griffin,12,,3,25,2.08,0
12,4th,1st MEL vs 1st CAR,1st CAR,1st MEL,Charlie Wolf,9,,2,21,2.33,0
12,4th,1st MEL vs 1st CAR,1st CAR,1st MEL,Alistair McCooke,4,,0,27,6.75,0
12,4th,1st MEL vs 1st CAR,1st CAR,1st MEL,Andrew Reid Dick,10,,1,18,1.80,0
12,4th,1st MEL vs 1st CAR,1st CAR,1st MEL,Yash Goel,5,,1,15,3.00,0
12,4th,1st MEL vs 1st CAR,1st CAR,1st MEL,LEITH SALWATHURA,3,,1,7,2.33,0
12,4th,1st RIN vs 1st RIC,1st RIN,1st RIC,Jaskaran Ghotra,11,,3,32,2.90,0
12,4th,1st RIN vs 1st RIC,1st RIN,1st RIC,Rayyan Mirza,8,,1,39,4.87,0
12,4th,1st RIN vs 1st RIC,1st RIN,1st RIC,Gishain Fernando,4,,0,29,7.25,0
12,4th,1st RIN vs 1st RIC,1st RIN,1st RIC,James Sajeba,11.5,,3,27,2.28,0
12,4th,1st RIN vs 1st RIC,1st RIN,1st RIC,Dulith Mihiripenna,16,,3,47,2.93,0
12,4th,1st RIN vs 1st RIC,1st RIN,1st RIC,Lincoln Nicholls,7,,2,21,3.00,0
12,4th,1st RIN vs 1st RIC,1st RIN,1st RIC,Callum Power,12,,1,30,2.50,1
12,4th,1st RIN vs 1st RIC,1st RIC,1st RIN,Kenul Edirisinghe,0,,0,0,0.00,0
12,4th,1st RIN vs 1st RIC,1st RIC,1st RIN,Luke O`Brien,12,,3,51,4.25,0
12,4th,1st RIN vs 1st RIC,1st RIC,1st RIN,Michain Premaratne,19,,2,80,4.21,0
12,4th,1st RIN vs 1st RIC,1st RIC,1st RIN,Xavier Noonan,11,,2,61,5.54,0
12,4th,1st RIN vs 1st RIC,1st RIC,1st RIN,Paawan Dave,3,,0,15,5.00,0
12,4th,1st RIN vs 1st RIC,1st RIC,1st RIN,Aiyaan Ariketty,6,,0,38,6.33,0
12,4th,1st RIN vs 1st RIC,1st RIC,1st RIN,Sam Wade,7,,0,37,5.28,0
12,4th,1st RIN vs 1st RIC,1st RIC,1st RIN,Ansh Sharma,1,,0,3,3.00,0
12,4th,1st RIN vs 1st RIC,1st RIC,1st RIN,Sam Montgomery,3,,0,37,12.33,1
12,4th,1st CAM vs 1st ST,1st CAM,1st ST,Avneet Ghuman,12,,1,46,3.83,1
12,4th,1st CAM vs 1st ST,1st CAM,1st ST,Aga Danish Hussain,20,,5,56,2.80,0
12,4th,1st CAM vs 1st ST,1st CAM,1st ST,Gurshan Khehra,5,,0,23,4.60,0
12,4th,1st CAM vs 1st ST,1st CAM,1st ST,Arham Farooq,3,,0,8,2.66,0
12,4th,1st CAM vs 1st ST,1st CAM,1st ST,Dylan Young,5,,1,15,3.00,0
12,4th,1st CAM vs 1st ST,1st ST,1st CAM,Joshua Nevett,9,,1,28,3.11,0
12,4th,1st CAM vs 1st ST,1st ST,1st CAM,Robert Capstick,9,,1,36,4.00,0
12,4th,1st CAM vs 1st ST,1st ST,1st CAM,James Webb,4,,1,14,3.50,0
12,4th,1st CAM vs 1st ST,1st ST,1st CAM,********,6,,0,36,6.00,0
12,4th,1st CAM vs 1st ST,1st ST,1st CAM,Kye Davidson,7,,1,19,2.71,0
12,4th,1st FIT vs 1st FRA,1st FIT,1st FRA,Jared Gibbs,14,,3,37,2.64,0
12,4th,1st FIT vs 1st FRA,1st FIT,1st FRA,Jake O’Brien,18,,4,56,3.11,1
12,4th,1st FIT vs 1st FRA,1st FIT,1st FRA,Mitchell Gill-Furness,5.4,,0,40,7.05,0
12,4th,1st FIT vs 1st FRA,1st FIT,1st FRA,Joe Paulas,12,,0,58,4.83,0
12,4th,1st FIT vs 1st FRA,1st FIT,1st FRA,Harish Salwathura,12,,2,42,3.50,1
12,4th,1st FIT vs 1st FRA,1st FIT,1st FRA,Thinuk Maduwa Guruge,15,,3,43,2.86,0
12,4th,1st FIT vs 1st FRA,1st FIT,1st FRA,Charlie Costa,3.2,,0,4,1.20,0
12,4th,1st FIT vs 1st FRA,1st FIT,1st FRA,ALEX CHANDLER,0,,0,0,0.00,0
12,4th,1st FIT vs 1st FRA,1st FIT,1st FRA,Cooper Kennedy,0,,0,0,0.00,0
12,4th,1st FIT vs 1st FRA,1st FIT,1st FRA,Max McLean,0,,0,0,0.00,0
12,4th,1st FIT vs 1st FRA,1st FIT,1st FRA,Luke Perry,0,,0,0,0.00,0
12,4th,1st FIT vs 1st FRA,1st FRA,1st FIT,Nicholas Sheridan,9,,2,29,3.22,0
12,4th,1st FIT vs 1st FRA,1st FRA,1st FIT,Xavier Mitchell,13,,6,19,1.46,0
12,4th,1st FIT vs 1st FRA,1st FRA,1st FIT,Jamie Blacker,6,,1,21,3.50,0
12,4th,1st FIT vs 1st FRA,1st FRA,1st FIT,Harrison Sheers,3,,0,21,7.00,0
12,4th,1st FIT vs 1st FRA,1st FRA,1st FIT,Lachlan Rees,19,,8,52,2.73,0
12,4th,1st FIT vs 1st FRA,1st FRA,1st FIT,Alex Cole,10.4,,3,34,3.18,0
12,4th,1st FIT vs 1st FRA,1st FRA,1st FIT,Yannick Dobson,1,,1,0,0.00,0
12,4th,1st FIT vs 1st FRA,1st FRA,1st FIT,Armaan Datta,0,,0,0,0.00,0
12,4th,1st FIT vs 1st FRA,1st FRA,1st FIT,Keshav Kaushik,0,,0,0,0.00,0
12,4th,1st FIT vs 1st FRA,1st FRA,1st FIT,Lucas Hales,0,,0,0,0.00,0
12,4th,1st PRA vs 1st MEL,1st PRA,1st MEL,Tharindu Perera,16,,10,15,0.93,0
12,4th,1st PRA vs 1st MEL,1st PRA,1st MEL,Mitchell Laurie,10,,2,26,2.60,4
12,4th,1st PRA vs 1st MEL,1st PRA,1st MEL,Matthew Richings,11,,3,28,2.54,0
12,4th,1st PRA vs 1st MEL,1st PRA,1st MEL,Ethan Yates,21.3,,8,51,2.37,1
12,4th,1st PRA vs 1st MEL,1st PRA,1st MEL,Aanlin Cheeran,11,,5,19,1.72,0
12,4th,1st PRA vs 1st MEL,1st PRA,1st MEL,Aryan Arora,9,,2,18,2.00,0
12,4th,1st PRA vs 1st MEL,1st MEL,1st PRA,Thomas Purcell,16,,5,39,2.43,1
12,4th,1st PRA vs 1st MEL,1st MEL,1st PRA,Jack Oborne,7,,1,28,4.00,0
12,4th,1st PRA vs 1st MEL,1st MEL,1st PRA,Charlie Graham,22,,2,73,3.31,0
12,4th,1st PRA vs 1st MEL,1st MEL,1st PRA,Liam McGain,21,,3,47,2.23,0
12,4th,1st PRA vs 1st MEL,1st MEL,1st PRA,Rushil Ravi,3,,1,7,2.33,0
12,4th,1st GRE vs 1st KIN,1st GRE,1st KIN,Ryan Schonewille,10,,3,25,2.50,0
12,4th,1st GRE vs 1st KIN,1st GRE,1st KIN,Joel Ajani,13,,2,37,2.84,1
12,4th,1st GRE vs 1st KIN,1st GRE,1st KIN,Sanithu Rajapaksha,11,,2,23,2.09,0
12,4th,1st GRE vs 1st KIN,1st GRE,1st KIN,Dihein Fernando,9,,1,38,4.22,0
12,4th,1st GRE vs 1st KIN,1st GRE,1st KIN,Josh McInerney,3,,0,15,5.00,0
12,4th,1st GRE vs 1st KIN,1st GRE,1st KIN,Andrew Johnson,10,,3,24,2.40,0
12,4th,1st GRE vs 1st KIN,1st GRE,1st KIN,Steve Ralph,3,,1,3,1.00,0
12,4th,1st GRE vs 1st KIN,1st GRE,1st KIN,Cooper White,10,,1,40,4.00,0
12,4th,1st GRE vs 1st KIN,1st KIN,1st GRE,Lueder de Podolinsky,10,,0,63,6.30,0
12,4th,1st GRE vs 1st KIN,1st KIN,1st GRE,Xavier Cooknell,13,,1,65,5.00,1
12,4th,1st GRE vs 1st KIN,1st KIN,1st GRE,Henry Paulson,13,,1,60,4.61,0
12,4th,1st GRE vs 1st KIN,1st KIN,1st GRE,Ollie Melville,9,,3,35,3.88,0
12,4th,1st GRE vs 1st KIN,1st KIN,1st GRE,Kobey Hunter,9,,4,28,3.11,0
12,4th,1st GRE vs 1st KIN,1st KIN,1st GRE,Vindiya Bandara,5,,0,18,3.60,0
12,4th,1st GRE vs 1st KIN,1st KIN,1st GRE,Joel Reid,6,,0,22,3.66,0
12,4th,1st GRE vs 1st KIN,1st KIN,1st GRE,James Gray,8,,1,22,2.75,0
12,4th,1st GRE vs 1st KIN,1st KIN,1st GRE,Steve Bhagat,1,,1,0,0.00,0
12,4th,1st GRE vs 1st KIN,1st KIN,1st GRE,Manuda Koku Hennedige,1,,1,0,0.00,0
12,4th,1st CAS vs 1st FOO,1st CAS,1st FOO,Joshua Norsetter,11,,5,30,2.72,1
12,4th,1st CAS vs 1st FOO,1st CAS,1st FOO,Matthew Netto,12,,6,17,1.41,1
12,4th,1st CAS vs 1st FOO,1st CAS,1st FOO,Andrew Pizaro,21,,4,90,4.28,1
12,4th,1st CAS vs 1st FOO,1st CAS,1st FOO,Xavier Marazita,10,,2,20,2.00,1
12,4th,1st CAS vs 1st FOO,1st CAS,1st FOO,Shlok Shanbhag,18,,5,62,3.44,0
12,4th,1st CAS vs 1st FOO,1st CAS,1st FOO,Ryan Coonan,3,,0,9,3.00,0
12,4th,1st CAS vs 1st FOO,1st CAS,1st FOO,Bayden Hutchins,4,,2,16,4.00,0
12,4th,1st CAS vs 1st FOO,1st CAS,1st FOO,Abhishek Beniwal,11,,1,45,4.09,0
12,4th,1st CAS vs 1st FOO,1st CAS,1st FOO,Kai O’Hehir,0,,0,0,0.00,0
12,4th,1st CAS vs 1st FOO,1st CAS,1st FOO,Rhyan Bidur S,0,,0,0,0.00,0
12,4th,1st CAS vs 1st FOO,1st FOO,1st CAS,Crandel Siegelwin,9,,5,13,1.44,0
12,4th,1st CAS vs 1st FOO,1st FOO,1st CAS,Mohammad NAJIBI,11,,1,35,3.18,0
12,4th,1st CAS vs 1st FOO,1st FOO,1st CAS,Josh Guinea,11.1,,4,25,2.23,0
12,4th,1st CAS vs 1st FOO,1st FOO,1st CAS,Anujan Vijayarajan,14,,1,43,3.07,0
12,4th,1st CAS vs 1st FOO,1st FOO,1st CAS,Mohammad Mikail Farooqi,3,,1,13,4.33,0
12,4th,1st CAS vs 1st FOO,1st FOO,1st CAS,Thomas Purcell,8,,1,25,3.12,2
12,4th,1st CAS vs 1st FOO,1st FOO,1st CAS,Aryan Ghanekar,2,,0,10,5.00,0
12,4th,1st CAS vs 1st FOO,1st FOO,1st CAS,Lachlan Paul,0,,0,0,0.00,0
12,4th,1st CAS vs 1st FOO,1st FOO,1st CAS,Siddharth Neelakantan,0,,0,0,0.00,0
12,4th,1st CAS vs 1st FOO,1st FOO,1st CAS,Ayaan Thareja,0,,0,0,0.00,0
12,4th,1st NOR vs 1st ESS,1st NOR,1st ESS,Luay Miraz,7,,2,15,2.14,0
12,4th,1st NOR vs 1st ESS,1st NOR,1st ESS,Prageeth Edirisinghe,16,,2,35,2.18,1
12,4th,1st NOR vs 1st ESS,1st NOR,1st ESS,George Dikeos,6,,2,20,3.33,0
12,4th,1st NOR vs 1st ESS,1st NOR,1st ESS,Hady Hegazy,3,,1,9,3.00,0
12,4th,1st NOR vs 1st ESS,1st NOR,1st ESS,Krishna Chandak,5,,0,22,4.40,0
12,4th,1st NOR vs 1st ESS,1st NOR,1st ESS,George Martindale,7,,2,13,1.85,0
12,4th,1st NOR vs 1st ESS,1st NOR,1st ESS,Sandula Edirisinghe,11,,4,19,1.72,0
12,4th,1st NOR vs 1st ESS,1st ESS,1st NOR,Caedon Lane,2,,1,10,5.00,0
12,4th,1st NOR vs 1st ESS,1st ESS,1st NOR,Mandiv Ruwanpathirana,9,,0,44,4.88,0
12,4th,1st NOR vs 1st ESS,1st ESS,1st NOR,Liam Rowley,5,,2,13,2.60,0
12,4th,1st NOR vs 1st ESS,1st ESS,1st NOR,Qasim Khan,8.2,,1,45,5.40,1
12,4th,1st NOR vs 1st ESS,1st ESS,1st NOR,Cameron FitzGerald,4,,0,20,5.00,0
12,4th,1st NOR vs 1st ESS,1st ESS,1st NOR,Joshua Alonso,1,,1,0,0.00,0
12,4th,1st NOR vs 1st ESS,2nd NOR,1st NOR,Luay Miraz,8,,0,39,4.87,0
12,4th,1st NOR vs 1st ESS,2nd NOR,1st NOR,Prageeth Edirisinghe,9,,4,30,3.33,0
12,4th,1st NOR vs 1st ESS,2nd NOR,1st NOR,George Martindale,7,,1,21,3.00,0
12,4th,1st NOR vs 1st ESS,2nd NOR,1st NOR,George Dikeos,3,,0,19,6.33,0
12,4th,1st NOR vs 1st ESS,2nd NOR,1st NOR,Krishna Chandak,5,,0,21,4.20,0
12,4th,1st NOR vs 1st ESS,2nd NOR,1st NOR,Sandula Edirisinghe,8,,1,22,2.75,0
12,4th,1st NOR vs 1st ESS,2nd ESS,1st NOR,Mandiv Ruwanpathirana,8,,0,39,4.87,0
12,4th,1st NOR vs 1st ESS,2nd ESS,1st NOR,Liam Rowley,4.5,,1,29,6.00,0
12,4th,1st NOR vs 1st ESS,2nd ESS,1st NOR,Qasim Khan,7,,0,47,6.71,0
12,4th,1st NOR vs 1st ESS,2nd ESS,1st NOR,Caedon Lane,2,,0,21,10.50,0
12,4th,1st NOR vs 1st ESS,2nd ESS,1st NOR,Cameron FitzGerald,2,,0,13,6.50,0
13,4th,1st RIC vs 1st ST,1st RIC,1st ST,Avneet Ghuman,12.2,,3,25,2.02,0
13,4th,1st RIC vs 1st ST,1st RIC,1st ST,Rishikesh Talwar,9,,0,48,5.33,1
13,4th,1st RIC vs 1st ST,1st RIC,1st ST,Douglas Beckett,5,,1,12,2.40,0
13,4th,1st RIC vs 1st ST,1st RIC,1st ST,Dylan Young,4,,0,22,5.50,0
13,4th,1st RIC vs 1st ST,1st RIC,1st ST,Harrison Tegg,6,,1,18,3.00,0
13,4th,1st RIC vs 1st ST,1st RIC,1st ST,Arham Farooq,4,,0,14,3.50,0
13,4th,1st RIC vs 1st ST,1st ST,1st RIC,Navnith Satyan,10,,3,26,2.60,0
13,4th,1st RIC vs 1st ST,1st ST,1st RIC,Tom Cashman,9,,2,15,1.66,0
13,4th,1st RIC vs 1st ST,1st ST,1st RIC,James Sajeba,5.1,,1,17,3.29,0
13,4th,1st RIC vs 1st ST,1st ST,1st RIC,Callum Power,12,,2,23,1.91,0
13,4th,1st RIC vs 1st ST,1st ST,1st RIC,Lincoln Nicholls,2,,0,11,5.50,0
13,4th,1st RIC vs 1st ST,2nd RIC,1st RIC,Avneet Ghuman,20,,3,58,2.90,0
13,4th,1st RIC vs 1st ST,2nd RIC,1st RIC,Harrison Tegg,0.2,,0,0,0.00,0
13,4th,1st RIC vs 1st ST,2nd RIC,1st RIC,Douglas Beckett,5.4,,2,7,1.23,0
13,4th,1st RIC vs 1st ST,2nd RIC,1st RIC,Rishikesh Talwar,12,,0,38,3.16,2
13,4th,1st RIC vs 1st ST,2nd RIC,1st RIC,Dylan Young,12,,3,19,1.58,0
13,4th,1st RIC vs 1st ST,2nd RIC,1st RIC,Callum Chasemore,9,,2,26,2.88,0
13,4th,1st RIC vs 1st ST,2nd RIC,1st RIC,Arham Farooq,8,,0,57,7.12,0
13,4th,1st FOO vs 1st ESS,1st FOO,1st ESS,Muhammad Abdul Wasay,16,,3,61,3.81,1
13,4th,1st FOO vs 1st ESS,1st FOO,1st ESS,Prageeth Edirisinghe,24,,5,75,3.12,0
13,4th,1st FOO vs 1st ESS,1st FOO,1st ESS,George Martindale,12,,1,48,4.00,1
13,4th,1st FOO vs 1st ESS,1st FOO,1st ESS,George Dikeos,2,,0,18,9.00,0
13,4th,1st FOO vs 1st ESS,1st FOO,1st ESS,Sandula Edirisinghe,3,,0,17,5.66,0
13,4th,1st FOO vs 1st ESS,1st FOO,1st ESS,Samin Shafquat,13,,3,46,3.53,0
13,4th,1st FOO vs 1st ESS,1st FOO,1st ESS,Hady Hegazy,10,,1,41,4.10,0
13,4th,1st FOO vs 1st ESS,1st FOO,1st ESS,Pahul Singh Sodhi,0,,0,0,0.00,0
13,4th,1st FOO vs 1st ESS,1st FOO,1st ESS,Viraaj Aulakh,0,,0,0,0.00,0
13,4th,1st FOO vs 1st ESS,1st FOO,1st ESS,Dilawar Ali,0,,0,0,0.00,0
13,4th,1st FOO vs 1st ESS,1st FOO,1st ESS,Krishna Chandak,0,,0,0,0.00,0
13,4th,1st FOO vs 1st ESS,1st ESS,1st FOO,Liam Sutton,13,,2,40,3.07,0
13,4th,1st FOO vs 1st ESS,1st ESS,1st FOO,William Pizaro,13.2,,1,57,4.27,1
13,4th,1st FOO vs 1st ESS,1st ESS,1st FOO,Matthew Netto,14,,0,30,2.14,0
13,4th,1st FOO vs 1st ESS,1st ESS,1st FOO,Joshua Norsetter,12,,2,29,2.41,0
13,4th,1st FOO vs 1st ESS,1st ESS,1st FOO,Andrew Pizaro,11,,1,44,4.00,0
13,4th,1st FOO vs 1st ESS,1st ESS,1st FOO,Abhishek Beniwal,8,,1,32,4.00,0
13,4th,1st FOO vs 1st ESS,1st ESS,1st FOO,Bayden Hutchins,2,,0,12,6.00,0
13,4th,1st FOO vs 1st ESS,1st ESS,1st FOO,Ryan Coonan,0,,0,0,0.00,0
13,4th,1st FOO vs 1st ESS,1st ESS,1st FOO,Kai O’Hehir,0,,0,0,0.00,0
13,4th,1st FOO vs 1st ESS,1st ESS,1st FOO,Rhyan Bidur S,0,,0,0,0.00,0
13,4th,1st FOO vs 1st ESS,1st ESS,1st FOO,Lachlan Campbell,0,,0,0,0.00,0
13,4th,1st KIN vs 1st FIT,1st KIN,1st FIT,Nicholas Sheridan,7,,3,13,1.85,0
13,4th,1st KIN vs 1st FIT,1st KIN,1st FIT,Jamie Blacker,10,,4,19,1.90,0
13,4th,1st KIN vs 1st FIT,1st KIN,1st FIT,Samuel Hoyne,8,,1,20,2.50,0
13,4th,1st KIN vs 1st FIT,1st KIN,1st FIT,Lachlan Rees,9.2,,0,37,3.96,0
13,4th,1st KIN vs 1st FIT,1st KIN,1st FIT,Harrison Sheers,5,,1,12,2.40,0
13,4th,1st KIN vs 1st FIT,1st KIN,1st FIT,Alex Cole,9,,3,14,1.55,0
13,4th,1st KIN vs 1st FIT,1st KIN,1st FIT,Levi Templeton,4,,3,1,0.25,0
13,4th,1st KIN vs 1st FIT,1st FIT,1st KIN,Ryan Schonewille,8,,0,37,4.62,0
13,4th,1st KIN vs 1st FIT,1st FIT,1st KIN,Joel Ajani,8,,3,19,2.37,1
13,4th,1st KIN vs 1st FIT,1st FIT,1st KIN,Anurag Thakur,9.1,,1,30,3.27,0
13,4th,1st KIN vs 1st FIT,1st FIT,1st KIN,Josh McInerney,3,,0,22,7.33,0
13,4th,1st KIN vs 1st FIT,1st FIT,1st KIN,Dihein Fernando,3,,0,16,5.33,0
13,4th,1st KIN vs 1st FIT,1st FIT,1st KIN,Cooper White,1,,0,1,1.00,0
13,4th,1st KIN vs 1st FIT,2nd KIN,1st KIN,Samuel Hoyne,9,,3,18,2.00,0
13,4th,1st KIN vs 1st FIT,2nd KIN,1st KIN,Nicholas Sheridan,11,,4,19,1.72,0
13,4th,1st KIN vs 1st FIT,2nd KIN,1st KIN,Jamie Blacker,10,,3,15,1.50,0
13,4th,1st KIN vs 1st FIT,2nd KIN,1st KIN,Lachlan Rees,10,,2,37,3.70,0
13,4th,1st KIN vs 1st FIT,2nd KIN,1st KIN,Alex Cole,4,,3,6,1.50,0
13,4th,1st KIN vs 1st FIT,2nd KIN,1st KIN,Lucas Hales,0,,0,0,0.00,0
13,4th,1st KIN vs 1st FIT,2nd KIN,1st KIN,Harrison Sheers,2,,0,9,4.50,0
13,4th,1st KIN vs 1st FIT,2nd KIN,1st KIN,Levi Templeton,3,,2,1,0.33,0
13,4th,1st KIN vs 1st FIT,2nd FIT,1st KIN,Anurag Thakur,4,,0,25,6.25,0
13,4th,1st KIN vs 1st FIT,2nd FIT,1st KIN,Joel Ajani,4.2,,0,21,4.84,0
13,4th,1st KIN vs 1st FIT,2nd FIT,1st KIN,Ryan Schonewille,4,,0,34,8.50,0
13,4th,1st KIN vs 1st FIT,2nd FIT,1st KIN,Steve Ralph,2,,0,15,7.50,0
13,4th,1st KIN vs 1st FIT,2nd FIT,1st KIN,Dihein Fernando,1,,0,12,12.00,0
13,4th,1st DAN vs 1st MEL,1st DAN,1st MEL,Trent Thompson,7,,0,34,4.85,2
13,4th,1st DAN vs 1st MEL,1st DAN,1st MEL,Jake La Brooy,7,,0,24,3.42,2
13,4th,1st DAN vs 1st MEL,1st DAN,1st MEL,Ben Griffin,11,,5,12,1.09,0
13,4th,1st DAN vs 1st MEL,1st DAN,1st MEL,Andrew Reid Dick,14,,8,19,1.35,1
13,4th,1st DAN vs 1st MEL,1st DAN,1st MEL,Charlie Jackson,3,,1,5,1.66,0
13,4th,1st DAN vs 1st MEL,1st MEL,1st DAN,Prathik Balachandhar,9,,0,48,5.33,1
13,4th,1st DAN vs 1st MEL,1st MEL,1st DAN,Muhammad Ayaz,3,,0,15,5.00,0
13,4th,1st DAN vs 1st MEL,1st MEL,1st DAN,Sultan Syed,6,,0,40,6.66,0
13,4th,1st DAN vs 1st MEL,1st MEL,1st DAN,Sayed Masroor,6,,1,37,6.16,0
13,4th,1st DAN vs 1st MEL,1st MEL,1st DAN,Mohammed Abedi,4,,0,31,7.75,0
13,4th,1st DAN vs 1st MEL,1st MEL,1st DAN,Anagh Wadhwa,4,,0,26,6.50,0
13,4th,1st DAN vs 1st MEL,1st MEL,1st DAN,Paarth Pandey,3,,0,20,6.66,0
13,4th,1st DAN vs 1st MEL,2nd DAN,1st DAN,Trent Thompson,12,,1,37,3.08,1
13,4th,1st DAN vs 1st MEL,2nd DAN,1st DAN,Ben Griffin,8,,2,18,2.25,0
13,4th,1st DAN vs 1st MEL,2nd DAN,1st DAN,Jake La Brooy,5,,1,14,2.80,2
13,4th,1st DAN vs 1st MEL,2nd DAN,1st DAN,Andrew Reid Dick,11.2,,1,33,2.91,0
13,4th,1st DAN vs 1st MEL,2nd DAN,1st DAN,Charlie Jackson,15,,5,31,2.06,0
13,4th,1st DAN vs 1st MEL,2nd DAN,1st DAN,LEITH SALWATHURA,3,,1,8,2.66,0
13,4th,1st DAN vs 1st MEL,2nd DAN,1st DAN,Frederick Imhoff,3,,1,12,4.00,0
13,4th,1st DAN vs 1st MEL,2nd MEL,1st DAN,Prathik Balachandhar,2,,0,17,8.50,0
13,4th,1st DAN vs 1st MEL,2nd MEL,1st DAN,Sultan Syed,3,,1,9,3.00,0
13,4th,1st DAN vs 1st MEL,2nd MEL,1st DAN,Deep Jhajj,2,,0,9,4.50,0
13,4th,1st DAN vs 1st MEL,2nd MEL,1st DAN,Muhammad Ayaz,1,,0,1,1.00,1
13,4th,1st DAN vs 1st MEL,2nd MEL,1st DAN,Mohammed Abedi,1,,0,8,8.00,1
13,4th,1st CAR vs 1st CAM,1st CAR,1st CAM,Robert Capstick,16,,4,55,3.43,0
13,4th,1st CAR vs 1st CAM,1st CAR,1st CAM,Armaan Bedi,9,,2,23,2.55,0
13,4th,1st CAR vs 1st CAM,1st CAR,1st CAM,Daniel Walker,6,,2,15,2.50,0
13,4th,1st CAR vs 1st CAM,1st CAR,1st CAM,James Webb,12,,1,45,3.75,0
13,4th,1st CAR vs 1st CAM,1st CAR,1st CAM,Anton Ponnamperuma,22,,3,75,3.40,0
13,4th,1st CAR vs 1st CAM,1st CAR,1st CAM,Adam Rixon,12,,1,84,7.00,0
13,4th,1st CAR vs 1st CAM,1st CAR,1st CAM,Arush Chopra,7,,0,48,6.85,0
13,4th,1st CAR vs 1st CAM,1st CAM,1st CAR,Kyan Brasher,14,,6,27,1.92,0
13,4th,1st CAR vs 1st CAM,1st CAM,1st CAR,Zack Richardson,18,,4,42,2.33,0
13,4th,1st CAR vs 1st CAM,1st CAM,1st CAR,Ashley Ward,6,,0,26,4.33,0
13,4th,1st CAR vs 1st CAM,1st CAM,1st CAR,Garry Bhour,16,,5,52,3.25,0
13,4th,1st CAR vs 1st CAM,1st CAM,1st CAR,Sid Nayak,11,,3,33,3.00,1
13,4th,1st CAR vs 1st CAM,1st CAM,1st CAR,Mubasheeruddin Jamal Mohammed,3,,0,13,4.33,0
13,4th,1st CAR vs 1st CAM,1st CAM,1st CAR,Maximilian Dias,7,,1,27,3.85,0
13,4th,1st NOR vs 1st PRA,1st NOR,1st PRA,Alexander Pillay,0,,0,0,0.00,0
13,4th,1st NOR vs 1st PRA,1st NOR,1st PRA,Thomas Purcell,11,,3,34,3.09,1
13,4th,1st NOR vs 1st PRA,1st NOR,1st PRA,Benjamin Sexton,3,,1,5,1.66,0
13,4th,1st NOR vs 1st PRA,1st NOR,1st PRA,Neil SCHLITTLER,4,,1,12,3.00,0
13,4th,1st NOR vs 1st PRA,1st NOR,1st PRA,Charlie Graham,12,,3,30,2.50,0
13,4th,1st NOR vs 1st PRA,1st NOR,1st PRA,Liam McGain,28,,9,52,1.85,0
13,4th,1st NOR vs 1st PRA,1st NOR,1st PRA,Rex Macalister,2,,0,12,6.00,0
13,4th,1st NOR vs 1st PRA,1st NOR,1st PRA,Rushil Ravi,14.1,,5,31,2.18,0
13,4th,1st NOR vs 1st PRA,1st NOR,1st PRA,Angus Schlittler,2,,0,9,4.50,0
13,4th,1st NOR vs 1st PRA,1st PRA,1st NOR,Liam Rowley,22,,10,28,1.27,0
13,4th,1st NOR vs 1st PRA,1st PRA,1st NOR,Japjeet Khaira,11.2,,6,12,1.05,0
13,4th,1st NOR vs 1st PRA,1st PRA,1st NOR,Qasim Khan,27,,13,65,2.40,1
13,4th,1st NOR vs 1st PRA,1st PRA,1st NOR,Cameron FitzGerald,6,,3,15,2.50,0
13,4th,1st NOR vs 1st PRA,1st PRA,1st NOR,Joshua Alonso,6,,2,8,1.33,0
13,4th,1st CAS vs 1st RIN,1st CAS,1st RIN,Michain Premaratne,12,,2,39,3.25,0
13,4th,1st CAS vs 1st RIN,1st CAS,1st RIN,Luke O`Brien,10,,4,22,2.20,0
13,4th,1st CAS vs 1st RIN,1st CAS,1st RIN,Jayden Rebeiro,3,,0,13,4.33,0
13,4th,1st CAS vs 1st RIN,1st CAS,1st RIN,Xavier Noonan,9,,2,30,3.33,0
13,4th,1st CAS vs 1st RIN,1st CAS,1st RIN,Aiyaan Ariketty,15.1,,7,16,1.05,0
13,4th,1st CAS vs 1st RIN,1st CAS,1st RIN,Sam Wade,14,,2,38,2.71,1
13,4th,1st CAS vs 1st RIN,1st CAS,1st RIN,Sam Montgomery,3,,0,21,7.00,0
13,4th,1st CAS vs 1st RIN,1st CAS,1st RIN,Ansh Sharma,2,,0,9,4.50,0
13,4th,1st CAS vs 1st RIN,1st CAS,1st RIN,Ezra Horneman,0,,0,0,0.00,0
13,4th,1st CAS vs 1st RIN,1st CAS,1st RIN,Phoenix Beck,0,,0,0,0.00,0
13,4th,1st CAS vs 1st RIN,1st CAS,1st RIN,Ranen Gandhi,0,,0,0,0.00,0
13,4th,1st CAS vs 1st RIN,1st RIN,1st CAS,Crandel Siegelwin,15,,4,35,2.33,0
13,4th,1st CAS vs 1st RIN,1st RIN,1st CAS,Mohammad NAJIBI,16,,2,58,3.62,0
13,4th,1st CAS vs 1st RIN,1st RIN,1st CAS,Thomas Purcell,11.5,,2,52,4.39,0
13,4th,1st CAS vs 1st RIN,1st RIN,1st CAS,Anujan Vijayarajan,9,,1,57,6.33,0
13,4th,1st CAS vs 1st RIN,1st RIN,1st CAS,Mohammad Mikail Farooqi,11,,3,48,4.36,0
13,4th,1st CAS vs 1st RIN,1st RIN,1st CAS,Siddharth Neelakantan,4,,1,26,6.50,0
13,4th,1st CAS vs 1st RIN,1st RIN,1st CAS,Lachlan Paul,0,,0,0,0.00,0
13,4th,1st CAS vs 1st RIN,1st RIN,1st CAS,Ayaan Thareja,0,,0,0,0.00,0
13,4th,1st CAS vs 1st RIN,1st RIN,1st CAS,Rayaan Kochhar,0,,0,0,0.00,0
13,4th,1st CAS vs 1st RIN,1st RIN,1st CAS,Ryan Gusain,0,,0,0,0.00,0
13,4th,1st FRA vs 1st GEE,1st FRA,1st GEE,Jaryd Antonenko,6,,2,12,2.00,0
13,4th,1st FRA vs 1st GEE,1st FRA,1st GEE,Zachary Coull,9,,2,29,3.22,0
13,4th,1st FRA vs 1st GEE,1st FRA,1st GEE,Izabella Storrar,6,,0,25,4.16,0
13,4th,1st FRA vs 1st GEE,1st FRA,1st GEE,Josh Atkinson,3,,0,29,9.66,0
13,4th,1st FRA vs 1st GEE,1st FRA,1st GEE,Xavier Fanning,18,,1,61,3.38,1
13,4th,1st FRA vs 1st GEE,1st FRA,1st GEE,Fletch Grimsey-Cook,24.4,,6,60,2.43,0
13,4th,1st FRA vs 1st GEE,1st FRA,1st GEE,Brodie Craig,3,,0,17,5.66,0
13,4th,1st FRA vs 1st GEE,1st FRA,1st GEE,Mark Freijah,5,,0,23,4.60,0
13,4th,1st FRA vs 1st GEE,1st GEE,1st FRA,Aryandeep Singh,7,,3,24,3.42,0
13,4th,1st FRA vs 1st GEE,1st GEE,1st FRA,Jared Gibbs,13,,6,23,1.76,0
13,4th,1st FRA vs 1st GEE,1st GEE,1st FRA,Talal Shahzad,6,,0,37,6.16,0
13,4th,1st FRA vs 1st GEE,1st GEE,1st FRA,Joe Paulas,12,,3,31,2.58,0
13,4th,1st FRA vs 1st GEE,1st GEE,1st FRA,Mitchell Gill-Furness,9,,1,40,4.44,0
13,4th,1st FRA vs 1st GEE,2nd FRA,1st FRA,Jaryd Antonenko,6,,3,6,1.00,0
13,4th,1st FRA vs 1st GEE,2nd FRA,1st FRA,Zachary Coull,6,,1,21,3.50,0
13,4th,1st FRA vs 1st GEE,2nd FRA,1st FRA,Fletch Grimsey-Cook,4,,1,19,4.75,0
13,4th,1st FRA vs 1st GEE,2nd FRA,1st FRA,Xavier Fanning,3,,1,9,3.00,0
13,4th,1st FRA vs 1st GEE,2nd FRA,1st FRA,Mark Freijah,1,,0,6,6.00,0
13,4th,1st GRE vs 1st MEL,1st GRE,1st MEL,Tharindu Perera,9.4,,3,14,1.44,1
13,4th,1st GRE vs 1st MEL,1st GRE,1st MEL,Mitchell Laurie,9,,2,24,2.66,0
13,4th,1st GRE vs 1st MEL,1st GRE,1st MEL,Matthew Richings,7,,3,13,1.85,0
13,4th,1st GRE vs 1st MEL,1st GRE,1st MEL,Torren Arthur,6,,3,9,1.50,0
13,4th,1st GRE vs 1st MEL,1st GRE,1st MEL,Ethan Yates,12,,2,19,1.58,0
13,4th,1st GRE vs 1st MEL,1st GRE,1st MEL,Aryan Arora,7,,4,9,1.28,0
13,4th,1st GRE vs 1st MEL,1st MEL,1st GRE,Lueder de Podolinsky,5,,1,16,3.20,0
13,4th,1st GRE vs 1st MEL,1st MEL,1st GRE,Xavier Cooknell,2,,0,20,10.00,0
13,4th,1st GRE vs 1st MEL,1st MEL,1st GRE,James Gray,5,,0,26,5.20,0
13,4th,1st GRE vs 1st MEL,1st MEL,1st GRE,Kobey Hunter,9,,1,46,5.11,0
13,4th,1st GRE vs 1st MEL,1st MEL,1st GRE,Ollie Melville,6,,0,27,4.50,0
13,4th,1st GRE vs 1st MEL,1st MEL,1st GRE,Joel Reid,10,,2,46,4.60,0
13,4th,1st GRE vs 1st MEL,2nd GRE,1st GRE,Mitchell Laurie,6,,2,13,2.16,0
13,4th,1st GRE vs 1st MEL,2nd GRE,1st GRE,Tharindu Perera,8,,5,9,1.12,2
13,4th,1st GRE vs 1st MEL,2nd GRE,1st GRE,Matthew Richings,9,,3,16,1.77,0
13,4th,1st GRE vs 1st MEL,2nd GRE,1st GRE,Ethan Yates,18.3,,8,30,1.62,0
13,4th,1st GRE vs 1st MEL,2nd GRE,1st GRE,Aryan Arora,8,,1,30,3.75,0
13,4th,1st GRE vs 1st MEL,2nd MEL,1st GRE,Xavier Cooknell,0.1,,0,4,24.09,0
14,4th,1st CAS vs 1st RIC,1st CAS,1st RIC,Tom Cashman,7,,6,2,0.28,0
14,4th,1st CAS vs 1st RIC,1st CAS,1st RIC,Jaskaran Ghotra,7.3,,4,3,0.40,0
14,4th,1st CAS vs 1st RIC,1st CAS,1st RIC,Navnith Satyan,6,,1,30,5.00,1
14,4th,1st CAS vs 1st RIC,1st CAS,1st RIC,Sajad Rahman Ahmadzai,3,,2,9,3.00,0
14,4th,1st CAS vs 1st RIC,1st CAS,1st RIC,James Sajeba,9,,2,23,2.55,0
14,4th,1st CAS vs 1st RIC,1st CAS,1st RIC,Dulith Mihiripenna,7,,2,18,2.57,0
14,4th,1st CAS vs 1st RIC,1st CAS,1st RIC,Omid Rahman Ahmadzai,3,,0,14,4.66,0
14,4th,1st CAS vs 1st RIC,1st RIC,1st CAS,Crandel Siegelwin,6,,1,27,4.50,1
14,4th,1st CAS vs 1st RIC,1st RIC,1st CAS,Thomas Purcell,5,,1,12,2.40,1
14,4th,1st CAS vs 1st RIC,1st RIC,1st CAS,Mohammad NAJIBI,2,,0,9,4.50,0
14,4th,1st CAS vs 1st RIC,1st RIC,1st CAS,Siddharth Neelakantan,5,,1,26,5.20,0
14,4th,1st CAS vs 1st RIC,1st RIC,1st CAS,Mohammad Mikail Farooqi,5.2,,2,10,1.87,0
14,4th,1st CAS vs 1st RIC,1st RIC,1st CAS,Anujan Vijayarajan,3,,1,18,6.00,0
14,4th,1st CAS vs 1st RIC,2nd CAS,1st CAS,Jaskaran Ghotra,9,,1,39,4.33,0
14,4th,1st CAS vs 1st RIC,2nd CAS,1st CAS,Tom Cashman,7,,3,13,1.85,0
14,4th,1st CAS vs 1st RIC,2nd CAS,1st CAS,Dulith Mihiripenna,8,,1,34,4.25,0
14,4th,1st CAS vs 1st RIC,2nd CAS,1st CAS,Navnith Satyan,6,,2,13,2.16,0
14,4th,1st CAS vs 1st RIC,2nd CAS,1st CAS,James Sajeba,6,,2,9,1.50,0
14,4th,1st CAS vs 1st RIC,2nd CAS,1st CAS,Callum Power,3,,0,31,10.33,0
14,4th,1st CAS vs 1st RIC,2nd RIC,1st CAS,Crandel Siegelwin,7.3,,0,29,3.86,0
14,4th,1st CAS vs 1st RIC,2nd RIC,1st CAS,Thomas Purcell,6,,1,32,5.33,0
14,4th,1st CAS vs 1st RIC,2nd RIC,1st CAS,Anujan Vijayarajan,5,,1,23,4.60,0
14,4th,1st CAS vs 1st RIC,2nd RIC,1st CAS,Siddharth Neelakantan,3,,0,18,6.00,0
14,4th,1st CAS vs 1st RIC,2nd RIC,1st CAS,Mohammad Mikail Farooqi,3,,0,21,7.00,0
14,4th,1st NOR vs 1st MEL,1st NOR,1st MEL,Mitchell Laurie,9.2,,5,12,1.28,0
14,4th,1st NOR vs 1st MEL,1st NOR,1st MEL,Tharindu Perera,8,,4,18,2.25,0
14,4th,1st NOR vs 1st MEL,1st NOR,1st MEL,Matthew Richings,9,,4,12,1.33,0
14,4th,1st NOR vs 1st MEL,1st NOR,1st MEL,Torren Arthur,6,,3,5,0.83,0
14,4th,1st NOR vs 1st MEL,1st NOR,1st MEL,Ethan Yates,4,,1,4,1.00,0
14,4th,1st NOR vs 1st MEL,1st NOR,1st MEL,Aryan Arora,0,,0,0,0.00,0
14,4th,1st NOR vs 1st MEL,1st NOR,1st MEL,Toby Rawlings,0,,0,0,0.00,0
14,4th,1st NOR vs 1st MEL,1st MEL,1st NOR,Liam Rowley,21,,8,43,2.04,1
14,4th,1st NOR vs 1st MEL,1st MEL,1st NOR,Japjeet Khaira,13,,2,34,2.61,0
14,4th,1st NOR vs 1st MEL,1st MEL,1st NOR,Akshay Khabarwal,10,,2,25,2.50,0
14,4th,1st NOR vs 1st MEL,1st MEL,1st NOR,Cameron FitzGerald,3.5,,0,28,7.30,0
14,4th,1st NOR vs 1st MEL,1st MEL,1st NOR,Joshua Alonso,4,,0,24,6.00,1
14,4th,1st NOR vs 1st MEL,1st MEL,1st NOR,James Elliott,6,,3,12,2.00,0
14,4th,1st NOR vs 1st MEL,1st MEL,1st NOR,Justin John,0,,0,0,0.00,0
14,4th,1st NOR vs 1st MEL,1st MEL,1st NOR,Imran Khan,0,,0,0,0.00,0
14,4th,1st NOR vs 1st MEL,1st MEL,1st NOR,Parvan Singh,0,,0,0,0.00,0
14,4th,1st NOR vs 1st MEL,1st MEL,1st NOR,Aryaman Bhardwaj,0,,0,0,0.00,0
14,4th,1st NOR vs 1st MEL,2nd NOR,1st NOR,Mitchell Laurie,6,,1,10,1.66,0
14,4th,1st NOR vs 1st MEL,2nd NOR,1st NOR,Matthew Richings,4,,2,3,0.75,0
14,4th,1st NOR vs 1st MEL,2nd NOR,1st NOR,Ethan Yates,5,,2,10,2.00,0
14,4th,1st NOR vs 1st MEL,2nd NOR,1st NOR,Aryan Arora,4,,2,4,1.00,0
14,4th,1st NOR vs 1st MEL,2nd NOR,1st NOR,Toby Rawlings,1,,1,0,0.00,0
14,4th,1st FIT vs 1st ESS,1st FIT,1st ESS,Prageeth Edirisinghe,20,,2,81,4.05,0
14,4th,1st FIT vs 1st ESS,1st FIT,1st ESS,George Martindale,16,,4,60,3.75,0
14,4th,1st FIT vs 1st ESS,1st FIT,1st ESS,Abhayveer Uppal,5,,1,19,3.80,1
14,4th,1st FIT vs 1st ESS,1st FIT,1st ESS,George Dikeos,6,,2,16,2.66,0
14,4th,1st FIT vs 1st ESS,1st FIT,1st ESS,Sandula Edirisinghe,5,,0,32,6.40,0
14,4th,1st FIT vs 1st ESS,1st FIT,1st ESS,Krishna Chandak,14,,1,52,3.71,2
14,4th,1st FIT vs 1st ESS,1st FIT,1st ESS,Samin Shafquat,10,,3,41,4.10,0
14,4th,1st FIT vs 1st ESS,1st FIT,1st ESS,Hady Hegazy,4,,0,21,5.25,1
14,4th,1st FIT vs 1st ESS,1st ESS,1st FIT,Samuel Hoyne,15.2,,4,43,2.80,0
14,4th,1st FIT vs 1st ESS,1st ESS,1st FIT,Nicholas Sheridan,9,,2,19,2.11,0
14,4th,1st FIT vs 1st ESS,1st ESS,1st FIT,Joseph Dossor,21,,5,51,2.42,0
14,4th,1st FIT vs 1st ESS,1st ESS,1st FIT,Jamie Blacker,9,,2,33,3.66,1
14,4th,1st FIT vs 1st ESS,1st ESS,1st FIT,Lachlan Rees,9,,1,36,4.00,0
14,4th,1st FIT vs 1st ESS,1st ESS,1st FIT,Alex Cole,7,,1,26,3.71,0
14,4th,1st KIN vs 1st FRA,1st KIN,1st FRA,Aryandeep Singh,12.2,,5,30,2.43,0
14,4th,1st KIN vs 1st FRA,1st KIN,1st FRA,Jared Gibbs,8,,4,19,2.37,0
14,4th,1st KIN vs 1st FRA,1st KIN,1st FRA,Mitchell Gill-Furness,6,,1,19,3.16,0
14,4th,1st KIN vs 1st FRA,1st KIN,1st FRA,Jerome George,16,,6,29,1.81,0
14,4th,1st KIN vs 1st FRA,1st KIN,1st FRA,Joe Paulas,10,,3,20,2.00,0
14,4th,1st KIN vs 1st FRA,1st FRA,1st KIN,Ryan Schonewille,7,,1,19,2.71,0
14,4th,1st KIN vs 1st FRA,1st FRA,1st KIN,Fisher O’Brien,6,,0,29,4.83,0
14,4th,1st KIN vs 1st FRA,1st FRA,1st KIN,Caleb Kurzke,5,,0,28,5.60,0
14,4th,1st KIN vs 1st FRA,1st FRA,1st KIN,Steve Ralph,3,,1,10,3.33,0
14,4th,1st KIN vs 1st FRA,1st FRA,1st KIN,Dihein Fernando,3,,0,16,5.33,0
14,4th,1st KIN vs 1st FRA,1st FRA,1st KIN,Cooper White,2,,0,19,9.50,0
14,4th,1st KIN vs 1st FRA,2nd KIN,1st KIN,Aryandeep Singh,9,,4,15,1.66,0
14,4th,1st KIN vs 1st FRA,2nd KIN,1st KIN,Jared Gibbs,10,,4,11,1.10,0
14,4th,1st KIN vs 1st FRA,2nd KIN,1st KIN,Mitchell Gill-Furness,5,,3,9,1.80,0
14,4th,1st KIN vs 1st FRA,2nd KIN,1st KIN,Jerome George,7,,4,7,1.00,0
14,4th,1st KIN vs 1st FRA,2nd KIN,1st KIN,Joe Paulas,3.3,,3,0,0.00,0
14,4th,1st KIN vs 1st FRA,2nd FRA,1st KIN,Ryan Schonewille,4,,1,12,3.00,0
14,4th,1st KIN vs 1st FRA,2nd FRA,1st KIN,Fisher O’Brien,4,,0,26,6.50,0
14,4th,1st KIN vs 1st FRA,2nd FRA,1st KIN,Caleb Kurzke,2,,1,5,2.50,0
14,4th,1st KIN vs 1st FRA,2nd FRA,1st KIN,Cooper White,1,,0,2,2.00,0
14,4th,1st DAN vs 1st CAR,1st DAN,1st CAR,Zack Richardson,18,,11,23,1.27,0
14,4th,1st DAN vs 1st CAR,1st DAN,1st CAR,Kyan Brasher,8,,4,10,1.25,0
14,4th,1st DAN vs 1st CAR,1st DAN,1st CAR,Leo Dench,11,,3,36,3.27,1
14,4th,1st DAN vs 1st CAR,1st DAN,1st CAR,Ashley Ward,3,,1,13,4.33,0
14,4th,1st DAN vs 1st CAR,1st DAN,1st CAR,Aussie McIlwaine,6,,0,32,5.33,1
14,4th,1st DAN vs 1st CAR,1st DAN,1st CAR,Garry Bhour,4,,1,8,2.00,0
14,4th,1st DAN vs 1st CAR,1st DAN,1st CAR,Mubasheeruddin Jamal Mohammed,4.4,,1,9,1.92,0
14,4th,1st DAN vs 1st CAR,1st CAR,1st DAN,Muhammad Ayaz,6,,0,27,4.50,0
14,4th,1st DAN vs 1st CAR,1st CAR,1st DAN,Sayed Masroor,6,,1,24,4.00,2
14,4th,1st DAN vs 1st CAR,1st CAR,1st DAN,Anagh Wadhwa,2,,0,32,16.00,0
14,4th,1st DAN vs 1st CAR,1st CAR,1st DAN,Deep Jhajj,2,,0,18,9.00,0
14,4th,1st DAN vs 1st CAR,1st CAR,1st DAN,Sultan Syed,2,,0,32,16.00,0
14,4th,1st DAN vs 1st CAR,1st CAR,1st DAN,Mohammed Abedi,3,,0,25,8.33,1
14,4th,1st DAN vs 1st CAR,1st CAR,1st DAN,Flynn Dexter,1,,0,8,8.00,0
14,4th,1st DAN vs 1st CAR,2nd DAN,1st DAN,Zack Richardson,18.3,,7,37,2.00,0
14,4th,1st DAN vs 1st CAR,2nd DAN,1st DAN,Kyan Brasher,6,,2,11,1.83,0
14,4th,1st DAN vs 1st CAR,2nd DAN,1st DAN,Ashley Ward,6,,0,20,3.33,0
14,4th,1st DAN vs 1st CAR,2nd DAN,1st DAN,Leo Dench,4,,0,22,5.50,0
14,4th,1st DAN vs 1st CAR,2nd DAN,1st DAN,Garry Bhour,14,,3,32,2.28,0
14,4th,1st DAN vs 1st CAR,2nd DAN,1st DAN,Mubasheeruddin Jamal Mohammed,1,,1,0,0.00,0
14,4th,1st DAN vs 1st CAR,2nd CAR,1st DAN,Muhammad Ayaz,2,,0,17,8.50,0
14,4th,1st DAN vs 1st CAR,2nd CAR,1st DAN,Sayed Masroor,2,,2,0,0.00,0
14,4th,1st DAN vs 1st CAR,2nd CAR,1st DAN,Sultan Syed,4,,0,19,4.75,0
14,4th,1st DAN vs 1st CAR,2nd CAR,1st DAN,Flynn Dexter,4.4,,1,25,5.35,0
14,4th,1st DAN vs 1st CAR,2nd CAR,1st DAN,Mohammed Abedi,1,,0,24,24.00,0
14,4th,1st MEL vs 1st CAM,1st MEL,1st CAM,Robert Capstick,14,,2,55,3.92,0
14,4th,1st MEL vs 1st CAM,1st MEL,1st CAM,Armaan Bedi,9,,4,21,2.33,0
14,4th,1st MEL vs 1st CAM,1st MEL,1st CAM,Joshua Nevett,13,,4,37,2.84,0
14,4th,1st MEL vs 1st CAM,1st MEL,1st CAM,James Webb,12,,2,52,4.33,2
14,4th,1st MEL vs 1st CAM,1st MEL,1st CAM,Anton Ponnamperuma,25,,7,66,2.64,0
14,4th,1st MEL vs 1st CAM,1st MEL,1st CAM,Arush Chopra,7,,0,36,5.14,0
14,4th,1st MEL vs 1st CAM,1st CAM,1st MEL,Trent Thompson,11,,4,24,2.18,1
14,4th,1st MEL vs 1st CAM,1st CAM,1st MEL,Jake La Brooy,5.4,,2,13,2.29,0
14,4th,1st MEL vs 1st CAM,1st CAM,1st MEL,Ben Griffin,9,,3,12,1.33,1
14,4th,1st MEL vs 1st CAM,1st CAM,1st MEL,Charlie Jackson,9,,5,13,1.44,1
14,4th,1st MEL vs 1st CAM,2nd CAM,1st MEL,Trent Thompson,7,,2,15,2.14,0
14,4th,1st MEL vs 1st CAM,2nd CAM,1st MEL,Andrew Reid Dick,10,,1,27,2.70,0
14,4th,1st MEL vs 1st CAM,2nd CAM,1st MEL,Jake La Brooy,8,,0,61,7.62,2
14,4th,1st MEL vs 1st CAM,2nd CAM,1st MEL,Ben Griffin,4,,0,7,1.75,0
14,4th,1st MEL vs 1st CAM,2nd CAM,1st MEL,Charlie Wolf,6,,4,2,0.33,0
14,4th,1st MEL vs 1st CAM,2nd CAM,1st MEL,LEITH SALWATHURA,4,,1,4,1.00,0
14,4th,1st MEL vs 1st CAM,2nd CAM,1st MEL,Charlie Jackson,4,,1,13,3.25,0
14,4th,1st MEL vs 1st CAM,2nd CAM,1st MEL,Alistair McCooke,1,,0,11,11.00,0
14,4th,1st MEL vs 1st CAM,2nd CAM,1st MEL,Hayden Kenny,1,,1,0,0.00,0
14,4th,1st PRA vs 1st FOO,1st PRA,1st FOO,Liam Sutton,11,,3,29,2.63,0
14,4th,1st PRA vs 1st FOO,1st PRA,1st FOO,William Pizaro,11,,0,37,3.36,0
14,4th,1st PRA vs 1st FOO,1st PRA,1st FOO,Matthew Netto,7,,6,8,1.14,0
14,4th,1st PRA vs 1st FOO,1st PRA,1st FOO,Joshua Norsetter,12,,4,24,2.00,0
14,4th,1st PRA vs 1st FOO,1st PRA,1st FOO,Shlok Shanbhag,18.4,,6,22,1.17,0
14,4th,1st PRA vs 1st FOO,1st PRA,1st FOO,Andrew Pizaro,18,,9,24,1.33,0
14,4th,1st PRA vs 1st FOO,1st PRA,1st FOO,Abhishek Beniwal,6,,1,10,1.66,0
14,4th,1st PRA vs 1st FOO,1st FOO,1st PRA,Benjamin Sexton,6,,4,9,1.50,0
14,4th,1st PRA vs 1st FOO,1st FOO,1st PRA,Liam McGain,22,,5,67,3.04,0
14,4th,1st PRA vs 1st FOO,1st FOO,1st PRA,Thomas Purcell,10,,1,36,3.60,0
14,4th,1st PRA vs 1st FOO,1st FOO,1st PRA,Charlie Graham,14,,0,45,3.21,0
14,4th,1st PRA vs 1st FOO,1st FOO,1st PRA,Angus Schlittler,4,,1,12,3.00,0
14,4th,1st PRA vs 1st FOO,1st FOO,1st PRA,Neil SCHLITTLER,1,,0,2,2.00,0
14,4th,1st PRA vs 1st FOO,1st FOO,1st PRA,Jack Oborne,4,,0,25,6.25,0
14,4th,1st PRA vs 1st FOO,2nd PRA,1st PRA,Liam Sutton,3,,0,14,4.66,0
14,4th,1st PRA vs 1st FOO,2nd PRA,1st PRA,William Pizaro,5,,2,15,3.00,1
14,4th,1st PRA vs 1st FOO,2nd PRA,1st PRA,Shlok Shanbhag,6,,1,30,5.00,0
14,4th,1st PRA vs 1st FOO,2nd PRA,1st PRA,Joshua Norsetter,3,,1,4,1.33,0
14,4th,1st ST vs 1st RIN,1st ST,1st RIN,Michain Premaratne,13,,5,30,2.30,0
14,4th,1st ST vs 1st RIN,1st ST,1st RIN,Lachlan Payne,13,,1,62,4.76,0
14,4th,1st ST vs 1st RIN,1st ST,1st RIN,Luke O`Brien,12,,5,29,2.41,2
14,4th,1st ST vs 1st RIN,1st ST,1st RIN,Sam Howell,8,,2,14,1.75,0
14,4th,1st ST vs 1st RIN,1st ST,1st RIN,Aiyaan Ariketty,10,,0,42,4.20,0
14,4th,1st ST vs 1st RIN,1st ST,1st RIN,Sam Wade,12.2,,1,43,3.48,0
14,4th,1st ST vs 1st RIN,1st ST,1st RIN,Sam Montgomery,4,,0,21,5.25,0
14,4th,1st ST vs 1st RIN,1st RIN,1st ST,Douglas Beckett,7,,0,24,3.42,0
14,4th,1st ST vs 1st RIN,1st RIN,1st ST,Oliver Entwisle,2,,0,3,1.50,0
14,4th,1st ST vs 1st RIN,1st RIN,1st ST,Rishikesh Talwar,14,,2,49,3.50,0
14,4th,1st ST vs 1st RIN,1st RIN,1st ST,Avneet Ghuman,24.5,,8,79,3.18,0
14,4th,1st ST vs 1st RIN,1st RIN,1st ST,Dylan Young,6,,0,27,4.50,0
14,4th,1st GEE vs 1st GRE,1st GEE,1st GRE,Kobey Hunter,8,,3,19,2.37,0
14,4th,1st GEE vs 1st GRE,1st GEE,1st GRE,James Gray,9,,0,45,5.00,0
14,4th,1st GEE vs 1st GRE,1st GEE,1st GRE,Dunitha Kalupahana,10,,4,18,1.80,0
14,4th,1st GEE vs 1st GRE,1st GEE,1st GRE,Vindiya Bandara,6,,1,14,2.33,0
14,4th,1st GEE vs 1st GRE,1st GEE,1st GRE,Ollie Melville,14,,0,38,2.71,0
14,4th,1st GEE vs 1st GRE,1st GEE,1st GRE,Joel Reid,7,,1,16,2.28,0
14,4th,1st GEE vs 1st GRE,1st GEE,1st GRE,Rivi De Alwis,3,,0,18,6.00,0
14,4th,1st GEE vs 1st GRE,1st GEE,1st GRE,Steve Bhagat,7,,0,18,2.57,0
14,4th,1st GEE vs 1st GRE,1st GRE,1st GEE,Jaryd Antonenko,11,,9,3,0.27,0
14,4th,1st GEE vs 1st GRE,1st GRE,1st GEE,Zachary Coull,13.4,,6,32,2.34,0
14,4th,1st GEE vs 1st GRE,1st GRE,1st GEE,Jarvis Holland,4,,2,7,1.75,0
14,4th,1st GEE vs 1st GRE,1st GRE,1st GEE,oskar granberg,7,,1,32,4.57,0
14,4th,1st GEE vs 1st GRE,1st GRE,1st GEE,Josh Atkinson,4,,2,7,1.75,0
14,4th,1st GEE vs 1st GRE,1st GRE,1st GEE,Fletch Grimsey-Cook,2,,0,9,4.50,0
14,4th,1st GEE vs 1st GRE,1st GRE,1st GEE,Oscar Agg,3,,1,12,4.00,0
14,4th,1st GEE vs 1st GRE,2nd GEE,1st GEE,Kobey Hunter,6,,0,29,4.83,0
14,4th,1st GEE vs 1st GRE,2nd GEE,1st GEE,James Gray,6,,0,24,4.00,0
14,4th,1st GEE vs 1st GRE,2nd GEE,1st GEE,Dunitha Kalupahana,3,,0,14,4.66,0
14,4th,1st GEE vs 1st GRE,2nd GEE,1st GEE,Ansh Shah,2,,0,23,11.50,0
14,4th,1st GEE vs 1st GRE,2nd GRE,1st GEE,Jaryd Antonenko,7,,0,9,1.28,0
14,4th,1st GEE vs 1st GRE,2nd GRE,1st GEE,Zachary Coull,11,,0,38,3.45,0
14,4th,1st GEE vs 1st GRE,2nd GRE,1st GEE,Oscar Agg,5,,0,19,3.80,0
14,4th,1st GEE vs 1st GRE,2nd GRE,1st GEE,Fletch Grimsey-Cook,2,,0,7,3.50,0
14,4th,1st GEE vs 1st GRE,2nd GRE,1st GEE,Jarvis Holland,2,,0,4,2.00,0
